wordform,fst_analyses
mawadisigosiiwaanen,"['mawadish+VTA+Cnj+Neg+Dub+0PlSubj+1SgObj', 'mawadish+VTA+Cnj+Neg+Dub+0SgSubj+1SgObj']"
miinigosiiwaanen,"['miizh+VTA+Cnj+Neg+Dub+0PlSubj+1SgObj', 'miizh+VTA+Cnj+Neg+Dub+0SgSubj+1SgObj']"
mikaagosiiwaanen,"['mikaw+VTA+Cnj+Neg+Dub+0PlSubj+1SgObj', 'mikaw+VTA+Cnj+Neg+Dub+0SgSubj+1SgObj']"
mizhogosiiwaanen,"['mizhwi+VTA+Cnj+Neg+Dub+0PlSubj+1SgObj', 'mizho+VTA+Cnj+Neg+Dub+0PlSubj+1SgObj', 'mizhwi+VTA+Cnj+Neg+Dub+0SgSubj+1SgObj', 'mizho+VTA+Cnj+Neg+Dub+0SgSubj+1SgObj']"
waabamigosiiwaanen,"['waabam+VTA+Cnj+Neg+Dub+0PlSubj+1SgObj', 'waabam+VTA+Cnj+Neg+Dub+0SgSubj+1SgObj']"
mawadisigowaanen,"['mawadish+VTA+Cnj+Pos+Dub+0PlSubj+1SgObj', 'mawadish+VTA+Cnj+Pos+Dub+0SgSubj+1SgObj']"
miinigowaanen,"['miizh+VTA+Cnj+Pos+Dub+0PlSubj+1SgObj', 'miizh+VTA+Cnj+Pos+Dub+0SgSubj+1SgObj']"
mikaagowaanen,"['mikaw+VTA+Cnj+Pos+Dub+0PlSubj+1SgObj', 'mikaw+VTA+Cnj+Pos+Dub+0SgSubj+1SgObj']"
mizhogowaanen,"['mizhwi+VTA+Cnj+Pos+Dub+0PlSubj+1SgObj', 'mizho+VTA+Cnj+Pos+Dub+0PlSubj+1SgObj', 'mizhwi+VTA+Cnj+Pos+Dub+0SgSubj+1SgObj', 'mizho+VTA+Cnj+Pos+Dub+0SgSubj+1SgObj']"
waabamigowaanen,"['waabam+VTA+Cnj+Pos+Dub+0PlSubj+1SgObj', 'waabam+VTA+Cnj+Pos+Dub+0SgSubj+1SgObj']"
mawadisigosiiwegwen,"['mawadish+VTA+Cnj+Neg+Dub+0PlSubj+2PlObj', 'mawadish+VTA+Cnj+Neg+Dub+0SgSubj+2PlObj']"
miinigosiiwegwen,"['miizh+VTA+Cnj+Neg+Dub+0PlSubj+2PlObj', 'miizh+VTA+Cnj+Neg+Dub+0SgSubj+2PlObj']"
mikaagosiiwegwen,"['mikaw+VTA+Cnj+Neg+Dub+0PlSubj+2PlObj', 'mikaw+VTA+Cnj+Neg+Dub+0SgSubj+2PlObj']"
mizhogosiiwegwen,"['mizhwi+VTA+Cnj+Neg+Dub+0PlSubj+2PlObj', 'mizho+VTA+Cnj+Neg+Dub+0PlSubj+2PlObj', 'mizhwi+VTA+Cnj+Neg+Dub+0SgSubj+2PlObj', 'mizho+VTA+Cnj+Neg+Dub+0SgSubj+2PlObj']"
waabamigosiiwegwen,"['waabam+VTA+Cnj+Neg+Dub+0PlSubj+2PlObj', 'waabam+VTA+Cnj+Neg+Dub+0SgSubj+2PlObj']"
mawadisigowegwen,"['mawadish+VTA+Cnj+Pos+Dub+0PlSubj+2PlObj', 'mawadish+VTA+Cnj+Pos+Dub+0SgSubj+2PlObj']"
miinigowegwen,"['miizh+VTA+Cnj+Pos+Dub+0PlSubj+2PlObj', 'miizh+VTA+Cnj+Pos+Dub+0SgSubj+2PlObj']"
mikaagowegwen,"['mikaw+VTA+Cnj+Pos+Dub+0PlSubj+2PlObj', 'mikaw+VTA+Cnj+Pos+Dub+0SgSubj+2PlObj']"
mizhogowegwen,"['mizhwi+VTA+Cnj+Pos+Dub+0PlSubj+2PlObj', 'mizho+VTA+Cnj+Pos+Dub+0PlSubj+2PlObj', 'mizhwi+VTA+Cnj+Pos+Dub+0SgSubj+2PlObj', 'mizho+VTA+Cnj+Pos+Dub+0SgSubj+2PlObj']"
waabamigowegwen,"['waabam+VTA+Cnj+Pos+Dub+0PlSubj+2PlObj', 'waabam+VTA+Cnj+Pos+Dub+0SgSubj+2PlObj']"
mawadisigosiiwanen,"['mawadish+VTA+Cnj+Neg+Dub+0PlSubj+2SgObj', 'mawadish+VTA+Cnj+Neg+Dub+0SgSubj+2SgObj']"
miinigosiiwanen,"['miizh+VTA+Cnj+Neg+Dub+0PlSubj+2SgObj', 'miizh+VTA+Cnj+Neg+Dub+0SgSubj+2SgObj']"
mikaagosiiwanen,"['mikaw+VTA+Cnj+Neg+Dub+0PlSubj+2SgObj', 'mikaw+VTA+Cnj+Neg+Dub+0SgSubj+2SgObj']"
mizhogosiiwanen,"['mizhwi+VTA+Cnj+Neg+Dub+0PlSubj+2SgObj', 'mizho+VTA+Cnj+Neg+Dub+0PlSubj+2SgObj', 'mizhwi+VTA+Cnj+Neg+Dub+0SgSubj+2SgObj', 'mizho+VTA+Cnj+Neg+Dub+0SgSubj+2SgObj']"
waabamigosiiwanen,"['waabam+VTA+Cnj+Neg+Dub+0PlSubj+2SgObj', 'waabam+VTA+Cnj+Neg+Dub+0SgSubj+2SgObj']"
mawadisigowanen,"['mawadish+VTA+Cnj+Pos+Dub+0PlSubj+2SgObj', 'mawadish+VTA+Cnj+Pos+Dub+0SgSubj+2SgObj']"
miinigowanen,"['miizh+VTA+Cnj+Pos+Dub+0PlSubj+2SgObj', 'miizh+VTA+Cnj+Pos+Dub+0SgSubj+2SgObj']"
mikaagowanen,"['mikaw+VTA+Cnj+Pos+Dub+0PlSubj+2SgObj', 'mikaw+VTA+Cnj+Pos+Dub+0SgSubj+2SgObj']"
mizhogowanen,"['mizhwi+VTA+Cnj+Pos+Dub+0PlSubj+2SgObj', 'mizho+VTA+Cnj+Pos+Dub+0PlSubj+2SgObj', 'mizhwi+VTA+Cnj+Pos+Dub+0SgSubj+2SgObj', 'mizho+VTA+Cnj+Pos+Dub+0SgSubj+2SgObj']"
waabamigowanen,"['waabam+VTA+Cnj+Pos+Dub+0PlSubj+2SgObj', 'waabam+VTA+Cnj+Pos+Dub+0SgSubj+2SgObj']"
mawadisigosiinigwen,"['mawadish+VTA+Cnj+Neg+Dub+0PlSubj+3PlObvObj', 'mawadish+VTA+Cnj+Neg+Dub+0SgSubj+3PlObvObj', 'mawadish+VTA+Cnj+Neg+Dub+0PlSubj+3SgObvObj', 'mawadish+VTA+Cnj+Neg+Dub+0SgSubj+3SgObvObj']"
miinigosiinigwen,"['miizh+VTA+Cnj+Neg+Dub+0PlSubj+3PlObvObj', 'miizh+VTA+Cnj+Neg+Dub+0SgSubj+3PlObvObj', 'miizh+VTA+Cnj+Neg+Dub+0PlSubj+3SgObvObj', 'miizh+VTA+Cnj+Neg+Dub+0SgSubj+3SgObvObj']"
mikaagosiinigwen,"['mikaw+VTA+Cnj+Neg+Dub+0PlSubj+3PlObvObj', 'mikaw+VTA+Cnj+Neg+Dub+0SgSubj+3PlObvObj', 'mikaw+VTA+Cnj+Neg+Dub+0PlSubj+3SgObvObj', 'mikaw+VTA+Cnj+Neg+Dub+0SgSubj+3SgObvObj']"
mizhogosiinigwen,"['mizhwi+VTA+Cnj+Neg+Dub+0PlSubj+3PlObvObj', 'mizho+VTA+Cnj+Neg+Dub+0PlSubj+3PlObvObj', 'mizhwi+VTA+Cnj+Neg+Dub+0SgSubj+3PlObvObj', 'mizho+VTA+Cnj+Neg+Dub+0SgSubj+3PlObvObj', 'mizhwi+VTA+Cnj+Neg+Dub+0PlSubj+3SgObvObj', 'mizho+VTA+Cnj+Neg+Dub+0PlSubj+3SgObvObj', 'mizhwi+VTA+Cnj+Neg+Dub+0SgSubj+3SgObvObj', 'mizho+VTA+Cnj+Neg+Dub+0SgSubj+3SgObvObj']"
waabamigosiinigwen,"['waabam+VTA+Cnj+Neg+Dub+0PlSubj+3PlObvObj', 'waabam+VTA+Cnj+Neg+Dub+0SgSubj+3PlObvObj', 'waabam+VTA+Cnj+Neg+Dub+0PlSubj+3SgObvObj', 'waabam+VTA+Cnj+Neg+Dub+0SgSubj+3SgObvObj']"
mawadisigonigwen,"['mawadish+VTA+Cnj+Pos+Dub+0PlSubj+3SgObvObj', 'mawadish+VTA+Cnj+Pos+Dub+0SgSubj+3SgObvObj', 'mawadish+VTA+Cnj+Pos+Dub+0PlSubj+3PlObvObj', 'mawadish+VTA+Cnj+Pos+Dub+0SgSubj+3PlObvObj']"
miinigonigwen,"['miizh+VTA+Cnj+Pos+Dub+0PlSubj+3SgObvObj', 'miizh+VTA+Cnj+Pos+Dub+0SgSubj+3SgObvObj', 'miizh+VTA+Cnj+Pos+Dub+0PlSubj+3PlObvObj', 'miizh+VTA+Cnj+Pos+Dub+0SgSubj+3PlObvObj']"
mikaagonigwen,"['mikaw+VTA+Cnj+Pos+Dub+0PlSubj+3PlObvObj', 'mikaw+VTA+Cnj+Pos+Dub+0SgSubj+3PlObvObj', 'mikaw+VTA+Cnj+Pos+Dub+0PlSubj+3SgObvObj', 'mikaw+VTA+Cnj+Pos+Dub+0SgSubj+3SgObvObj']"
mizhogonigwen,"['mizhwi+VTA+Cnj+Pos+Dub+0PlSubj+3SgObvObj', 'mizho+VTA+Cnj+Pos+Dub+0PlSubj+3SgObvObj', 'mizhwi+VTA+Cnj+Pos+Dub+0SgSubj+3SgObvObj', 'mizho+VTA+Cnj+Pos+Dub+0SgSubj+3SgObvObj', 'mizhwi+VTA+Cnj+Pos+Dub+0PlSubj+3PlObvObj', 'mizho+VTA+Cnj+Pos+Dub+0PlSubj+3PlObvObj', 'mizhwi+VTA+Cnj+Pos+Dub+0SgSubj+3PlObvObj', 'mizho+VTA+Cnj+Pos+Dub+0SgSubj+3PlObvObj']"
waabamigonigwen,"['waabam+VTA+Cnj+Pos+Dub+0PlSubj+3SgObvObj', 'waabam+VTA+Cnj+Pos+Dub+0SgSubj+3SgObvObj', 'waabam+VTA+Cnj+Pos+Dub+0PlSubj+3PlObvObj', 'waabam+VTA+Cnj+Pos+Dub+0SgSubj+3PlObvObj']"
mawadisigosiiwaagwen,"['mawadish+VTA+Cnj+Neg+Dub+3PlObvSubj+3PlProxObj', 'mawadish+VTA+Cnj+Neg+Dub+3SgObvSubj+3PlProxObj', 'mawadish+VTA+Cnj+Neg+Dub+0PlSubj+3PlProxObj', 'mawadish+VTA+Cnj+Neg+Dub+0SgSubj+3PlProxObj']"
miinigosiiwaagwen,"['miizh+VTA+Cnj+Neg+Dub+3PlObvSubj+3PlProxObj', 'miizh+VTA+Cnj+Neg+Dub+3SgObvSubj+3PlProxObj', 'miizh+VTA+Cnj+Neg+Dub+0PlSubj+3PlProxObj', 'miizh+VTA+Cnj+Neg+Dub+0SgSubj+3PlProxObj']"
mikaagosiiwaagwen,"['mikaw+VTA+Cnj+Neg+Dub+3PlObvSubj+3PlProxObj', 'mikaw+VTA+Cnj+Neg+Dub+3SgObvSubj+3PlProxObj', 'mikaw+VTA+Cnj+Neg+Dub+0PlSubj+3PlProxObj', 'mikaw+VTA+Cnj+Neg+Dub+0SgSubj+3PlProxObj']"
mizhogosiiwaagwen,"['mizhwi+VTA+Cnj+Neg+Dub+3PlObvSubj+3PlProxObj', 'mizho+VTA+Cnj+Neg+Dub+3PlObvSubj+3PlProxObj', 'mizhwi+VTA+Cnj+Neg+Dub+3SgObvSubj+3PlProxObj', 'mizho+VTA+Cnj+Neg+Dub+3SgObvSubj+3PlProxObj', 'mizhwi+VTA+Cnj+Neg+Dub+0PlSubj+3PlProxObj', 'mizho+VTA+Cnj+Neg+Dub+0PlSubj+3PlProxObj', 'mizhwi+VTA+Cnj+Neg+Dub+0SgSubj+3PlProxObj', 'mizho+VTA+Cnj+Neg+Dub+0SgSubj+3PlProxObj']"
waabamigosiiwaagwen,"['waabam+VTA+Cnj+Neg+Dub+3PlObvSubj+3PlProxObj', 'waabam+VTA+Cnj+Neg+Dub+3SgObvSubj+3PlProxObj', 'waabam+VTA+Cnj+Neg+Dub+0PlSubj+3PlProxObj', 'waabam+VTA+Cnj+Neg+Dub+0SgSubj+3PlProxObj']"
mawadisigowaagwen,"['mawadish+VTA+Cnj+Pos+Dub+3PlObvSubj+3PlProxObj', 'mawadish+VTA+Cnj+Pos+Dub+3SgObvSubj+3PlProxObj', 'mawadish+VTA+Cnj+Pos+Dub+0PlSubj+3PlProxObj', 'mawadish+VTA+Cnj+Pos+Dub+0SgSubj+3PlProxObj']"
miinigowaagwen,"['miizh+VTA+Cnj+Pos+Dub+3PlObvSubj+3PlProxObj', 'miizh+VTA+Cnj+Pos+Dub+3SgObvSubj+3PlProxObj', 'miizh+VTA+Cnj+Pos+Dub+0PlSubj+3PlProxObj', 'miizh+VTA+Cnj+Pos+Dub+0SgSubj+3PlProxObj']"
mikaagowaagwen,"['mikaw+VTA+Cnj+Pos+Dub+3PlObvSubj+3PlProxObj', 'mikaw+VTA+Cnj+Pos+Dub+3SgObvSubj+3PlProxObj', 'mikaw+VTA+Cnj+Pos+Dub+0PlSubj+3PlProxObj', 'mikaw+VTA+Cnj+Pos+Dub+0SgSubj+3PlProxObj']"
mizhogowaagwen,"['mizhwi+VTA+Cnj+Pos+Dub+3PlObvSubj+3PlProxObj', 'mizho+VTA+Cnj+Pos+Dub+3PlObvSubj+3PlProxObj', 'mizhwi+VTA+Cnj+Pos+Dub+3SgObvSubj+3PlProxObj', 'mizho+VTA+Cnj+Pos+Dub+3SgObvSubj+3PlProxObj', 'mizhwi+VTA+Cnj+Pos+Dub+0PlSubj+3PlProxObj', 'mizho+VTA+Cnj+Pos+Dub+0PlSubj+3PlProxObj', 'mizhwi+VTA+Cnj+Pos+Dub+0SgSubj+3PlProxObj', 'mizho+VTA+Cnj+Pos+Dub+0SgSubj+3PlProxObj']"
waabamigowaagwen,"['waabam+VTA+Cnj+Pos+Dub+3PlObvSubj+3PlProxObj', 'waabam+VTA+Cnj+Pos+Dub+3SgObvSubj+3PlProxObj', 'waabam+VTA+Cnj+Pos+Dub+0PlSubj+3PlProxObj', 'waabam+VTA+Cnj+Pos+Dub+0SgSubj+3PlProxObj']"
mawadisigosiigwen,"['mawadish+VTA+Cnj+Neg+Dub+3PlObvSubj+3SgProxObj', 'mawadish+VTA+Cnj+Neg+Dub+3SgObvSubj+3SgProxObj', 'mawadish+VTA+Cnj+Neg+Dub+0PlSubj+3SgProxObj', 'mawadish+VTA+Cnj+Neg+Dub+0SgSubj+3SgProxObj']"
miinigosiigwen,"['miizh+VTA+Cnj+Neg+Dub+3PlObvSubj+3SgProxObj', 'miizh+VTA+Cnj+Neg+Dub+3SgObvSubj+3SgProxObj', 'miizh+VTA+Cnj+Neg+Dub+0PlSubj+3SgProxObj', 'miizh+VTA+Cnj+Neg+Dub+0SgSubj+3SgProxObj']"
mikaagosiigwen,"['mikaw+VTA+Cnj+Neg+Dub+3PlObvSubj+3SgProxObj', 'mikaw+VTA+Cnj+Neg+Dub+3SgObvSubj+3SgProxObj', 'mikaw+VTA+Cnj+Neg+Dub+0PlSubj+3SgProxObj', 'mikaw+VTA+Cnj+Neg+Dub+0SgSubj+3SgProxObj']"
mizhogosiigwen,"['mizhwi+VTA+Cnj+Neg+Dub+3PlObvSubj+3SgProxObj', 'mizho+VTA+Cnj+Neg+Dub+3PlObvSubj+3SgProxObj', 'mizhwi+VTA+Cnj+Neg+Dub+3SgObvSubj+3SgProxObj', 'mizho+VTA+Cnj+Neg+Dub+3SgObvSubj+3SgProxObj', 'mizhwi+VTA+Cnj+Neg+Dub+0PlSubj+3SgProxObj', 'mizho+VTA+Cnj+Neg+Dub+0PlSubj+3SgProxObj', 'mizhwi+VTA+Cnj+Neg+Dub+0SgSubj+3SgProxObj', 'mizho+VTA+Cnj+Neg+Dub+0SgSubj+3SgProxObj']"
waabamigosiigwen,"['waabam+VTA+Cnj+Neg+Dub+3PlObvSubj+3SgProxObj', 'waabam+VTA+Cnj+Neg+Dub+3SgObvSubj+3SgProxObj', 'waabam+VTA+Cnj+Neg+Dub+0PlSubj+3SgProxObj', 'waabam+VTA+Cnj+Neg+Dub+0SgSubj+3SgProxObj']"
mawadisigogwen,"['mawadish+VTA+Cnj+Pos+Dub+0PlSubj+3SgProxObj', 'mawadish+VTA+Cnj+Pos+Dub+0SgSubj+3SgProxObj', 'mawadish+VTA+Cnj+Pos+Dub+3PlObvSubj+3SgProxObj', 'mawadish+VTA+Cnj+Pos+Dub+3SgObvSubj+3SgProxObj']"
miinigogwen,"['miizh+VTA+Cnj+Pos+Dub+0PlSubj+3SgProxObj', 'miizh+VTA+Cnj+Pos+Dub+0SgSubj+3SgProxObj', 'miizh+VTA+Cnj+Pos+Dub+3PlObvSubj+3SgProxObj', 'miizh+VTA+Cnj+Pos+Dub+3SgObvSubj+3SgProxObj']"
mikaagogwen,"['mikaw+VTA+Cnj+Pos+Dub+3PlObvSubj+3SgProxObj', 'mikaw+VTA+Cnj+Pos+Dub+3SgObvSubj+3SgProxObj', 'mikaw+VTA+Cnj+Pos+Dub+0PlSubj+3SgProxObj', 'mikaw+VTA+Cnj+Pos+Dub+0SgSubj+3SgProxObj']"
mizhogogwen,"['mizhwi+VTA+Cnj+Pos+Dub+0PlSubj+3SgProxObj', 'mizho+VTA+Cnj+Pos+Dub+0PlSubj+3SgProxObj', 'mizhwi+VTA+Cnj+Pos+Dub+0SgSubj+3SgProxObj', 'mizho+VTA+Cnj+Pos+Dub+0SgSubj+3SgProxObj', 'mizhwi+VTA+Cnj+Pos+Dub+3PlObvSubj+3SgProxObj', 'mizho+VTA+Cnj+Pos+Dub+3PlObvSubj+3SgProxObj', 'mizhwi+VTA+Cnj+Pos+Dub+3SgObvSubj+3SgProxObj', 'mizho+VTA+Cnj+Pos+Dub+3SgObvSubj+3SgProxObj']"
waabamigogwen,"['waabam+VTA+Cnj+Pos+Dub+0PlSubj+3SgProxObj', 'waabam+VTA+Cnj+Pos+Dub+0SgSubj+3SgProxObj', 'waabam+VTA+Cnj+Pos+Dub+3PlObvSubj+3SgProxObj', 'waabam+VTA+Cnj+Pos+Dub+3SgObvSubj+3SgProxObj']"
mawadisigosiiwaangen,"['mawadish+VTA+Cnj+Neg+Dub+0PlSubj+ExclObj', 'mawadish+VTA+Cnj+Neg+Dub+0SgSubj+ExclObj']"
miinigosiiwaangen,"['miizh+VTA+Cnj+Neg+Dub+0PlSubj+ExclObj', 'miizh+VTA+Cnj+Neg+Dub+0SgSubj+ExclObj']"
mikaagosiiwaangen,"['mikaw+VTA+Cnj+Neg+Dub+0PlSubj+ExclObj', 'mikaw+VTA+Cnj+Neg+Dub+0SgSubj+ExclObj']"
mizhogosiiwaangen,"['mizhwi+VTA+Cnj+Neg+Dub+0PlSubj+ExclObj', 'mizho+VTA+Cnj+Neg+Dub+0PlSubj+ExclObj', 'mizhwi+VTA+Cnj+Neg+Dub+0SgSubj+ExclObj', 'mizho+VTA+Cnj+Neg+Dub+0SgSubj+ExclObj']"
waabamigosiiwaangen,"['waabam+VTA+Cnj+Neg+Dub+0PlSubj+ExclObj', 'waabam+VTA+Cnj+Neg+Dub+0SgSubj+ExclObj']"
mawadisigowaangen,"['mawadish+VTA+Cnj+Pos+Dub+0PlSubj+ExclObj', 'mawadish+VTA+Cnj+Pos+Dub+0SgSubj+ExclObj']"
miinigowaangen,"['miizh+VTA+Cnj+Pos+Dub+0PlSubj+ExclObj', 'miizh+VTA+Cnj+Pos+Dub+0SgSubj+ExclObj']"
mikaagowaangen,"['mikaw+VTA+Cnj+Pos+Dub+0PlSubj+ExclObj', 'mikaw+VTA+Cnj+Pos+Dub+0SgSubj+ExclObj']"
mizhogowaangen,"['mizhwi+VTA+Cnj+Pos+Dub+0PlSubj+ExclObj', 'mizho+VTA+Cnj+Pos+Dub+0PlSubj+ExclObj', 'mizhwi+VTA+Cnj+Pos+Dub+0SgSubj+ExclObj', 'mizho+VTA+Cnj+Pos+Dub+0SgSubj+ExclObj']"
waabamigowaangen,"['waabam+VTA+Cnj+Pos+Dub+0PlSubj+ExclObj', 'waabam+VTA+Cnj+Pos+Dub+0SgSubj+ExclObj']"
mawadisigosiiwangen,"['mawadish+VTA+Cnj+Neg+Dub+0PlSubj+InclObj', 'mawadish+VTA+Cnj+Neg+Dub+0SgSubj+InclObj']"
miinigosiiwangen,"['miizh+VTA+Cnj+Neg+Dub+0PlSubj+InclObj', 'miizh+VTA+Cnj+Neg+Dub+0SgSubj+InclObj']"
mikaagosiiwangen,"['mikaw+VTA+Cnj+Neg+Dub+0PlSubj+InclObj', 'mikaw+VTA+Cnj+Neg+Dub+0SgSubj+InclObj']"
mizhogosiiwangen,"['mizhwi+VTA+Cnj+Neg+Dub+0PlSubj+InclObj', 'mizho+VTA+Cnj+Neg+Dub+0PlSubj+InclObj', 'mizhwi+VTA+Cnj+Neg+Dub+0SgSubj+InclObj', 'mizho+VTA+Cnj+Neg+Dub+0SgSubj+InclObj']"
waabamigosiiwangen,"['waabam+VTA+Cnj+Neg+Dub+0PlSubj+InclObj', 'waabam+VTA+Cnj+Neg+Dub+0SgSubj+InclObj']"
mawadisigowangen,"['mawadish+VTA+Cnj+Pos+Dub+0PlSubj+InclObj', 'mawadish+VTA+Cnj+Pos+Dub+0SgSubj+InclObj']"
miinigowangen,"['miizh+VTA+Cnj+Pos+Dub+0PlSubj+InclObj', 'miizh+VTA+Cnj+Pos+Dub+0SgSubj+InclObj']"
mikaagowangen,"['mikaw+VTA+Cnj+Pos+Dub+0PlSubj+InclObj', 'mikaw+VTA+Cnj+Pos+Dub+0SgSubj+InclObj']"
mizhogowangen,"['mizhwi+VTA+Cnj+Pos+Dub+0PlSubj+InclObj', 'mizho+VTA+Cnj+Pos+Dub+0PlSubj+InclObj', 'mizhwi+VTA+Cnj+Pos+Dub+0SgSubj+InclObj', 'mizho+VTA+Cnj+Pos+Dub+0SgSubj+InclObj']"
waabamigowangen,"['waabam+VTA+Cnj+Pos+Dub+0PlSubj+InclObj', 'waabam+VTA+Cnj+Pos+Dub+0SgSubj+InclObj']"
mizhosinonagoogwen,"['mizhwi+VTA+Cnj+Neg+Dub+1SgSubj+2PlObj', 'mizho+VTA+Cnj+Neg+Dub+1SgSubj+2PlObj']"
mizhonagoogwen,"['mizhwi+VTA+Cnj+Pos+Dub+1SgSubj+2PlObj', 'mizho+VTA+Cnj+Pos+Dub+1SgSubj+2PlObj']"
mizhosiinowaanen,"['mizhwi+VTA+Cnj+Neg+Dub+1SgSubj+2SgObj', 'mizho+VTA+Cnj+Neg+Dub+1SgSubj+2SgObj']"
mizhonowaanen,"['mizhwi+VTA+Cnj+Pos+Dub+1SgSubj+2SgObj', 'mizho+VTA+Cnj+Pos+Dub+1SgSubj+2SgObj']"
mawadisimaasiwaawagen,"['mawadish+VTA+Cnj+Neg+Dub+1SgSubj+3PlObvObj', 'mawadish+VTA+Cnj+Neg+Dub+1SgSubj+3SgObvObj']"
miinimaasiwaawagen,"['miizh+VTA+Cnj+Neg+Dub+1SgSubj+3PlObvObj', 'miizh+VTA+Cnj+Neg+Dub+1SgSubj+3SgObvObj']"
mikawimaasiwaawagen,"['mikaw+VTA+Cnj+Neg+Dub+1SgSubj+3PlObvObj', 'mikaw+VTA+Cnj+Neg+Dub+1SgSubj+3SgObvObj']"
mizhomaasiwaawagen,"['mizhwi+VTA+Cnj+Neg+Dub+1SgSubj+3PlObvObj', 'mizho+VTA+Cnj+Neg+Dub+1SgSubj+3PlObvObj', 'mizhwi+VTA+Cnj+Neg+Dub+1SgSubj+3SgObvObj', 'mizho+VTA+Cnj+Neg+Dub+1SgSubj+3SgObvObj']"
waabamimaasiwaawagen,"['waabam+VTA+Cnj+Neg+Dub+1SgSubj+3PlObvObj', 'waabam+VTA+Cnj+Neg+Dub+1SgSubj+3SgObvObj']"
mawadisimaawagen,"['mawadish+VTA+Cnj+Pos+Dub+1SgSubj+3PlObvObj', 'mawadish+VTA+Cnj+Pos+Dub+1SgSubj+3SgObvObj']"
miinimaawagen,"['miizh+VTA+Cnj+Pos+Dub+1SgSubj+3PlObvObj', 'miizh+VTA+Cnj+Pos+Dub+1SgSubj+3SgObvObj']"
mikawimaawagen,"['mikaw+VTA+Cnj+Pos+Dub+1SgSubj+3PlObvObj', 'mikaw+VTA+Cnj+Pos+Dub+1SgSubj+3SgObvObj']"
mizhomaawagen,"['mizhwi+VTA+Cnj+Pos+Dub+1SgSubj+3PlObvObj', 'mizho+VTA+Cnj+Pos+Dub+1SgSubj+3PlObvObj', 'mizhwi+VTA+Cnj+Pos+Dub+1SgSubj+3SgObvObj', 'mizho+VTA+Cnj+Pos+Dub+1SgSubj+3SgObvObj']"
waabamimaawagen,"['waabam+VTA+Cnj+Pos+Dub+1SgSubj+3PlObvObj', 'waabam+VTA+Cnj+Pos+Dub+1SgSubj+3SgObvObj']"
mizhwaasiwaawagwaawen,"['mizhwi+VTA+Cnj+Neg+Dub+1SgSubj+3PlProxObj', 'mizho+VTA+Cnj+Neg+Dub+1SgSubj+3PlProxObj']"
mizhwaawagwaawen,"['mizhwi+VTA+Cnj+Pos+Dub+1SgSubj+3PlProxObj', 'mizho+VTA+Cnj+Pos+Dub+1SgSubj+3PlProxObj']"
mizhwaasiwaawagen,"['mizhwi+VTA+Cnj+Neg+Dub+1SgSubj+3SgProxObj', 'mizho+VTA+Cnj+Neg+Dub+1SgSubj+3SgProxObj']"
mizhwaawagen,"['mizhwi+VTA+Cnj+Pos+Dub+1SgSubj+3SgProxObj', 'mizho+VTA+Cnj+Pos+Dub+1SgSubj+3SgProxObj']"
mikawisiiwegwen,"['mikaw+VTA+Cnj+Neg+Dub+2PlSubj+1SgObj', 'mikawi+VAI+Cnj+Neg+Dub+2PlSubj']"
mizhosiiwegwen,"['mizhwi+VTA+Cnj+Neg+Dub+2PlSubj+1SgObj', 'mizho+VTA+Cnj+Neg+Dub+2PlSubj+1SgObj']"
mawadishiwegwen,"['mawadish+VTA+Cnj+Pos+Dub+2PlSubj+1SgObj', 'mawadishiwe+VAI+Cnj+Pos+Dub+3SgProxSubj']"
mikawiwegwen,"['mikaw+VTA+Cnj+Pos+Dub+2PlSubj+1SgObj', 'mikawi+VAI+Cnj+Pos+Dub+2PlSubj']"
mizhowegwen,"['mizhwi+VTA+Cnj+Pos+Dub+2PlSubj+1SgObj', 'mizho+VTA+Cnj+Pos+Dub+2PlSubj+1SgObj']"
mawadisimaasiwaawegwen,"['mawadish+VTA+Cnj+Neg+Dub+2PlSubj+3PlObvObj', 'mawadish+VTA+Cnj+Neg+Dub+2PlSubj+3SgObvObj']"
miinimaasiwaawegwen,"['miizh+VTA+Cnj+Neg+Dub+2PlSubj+3PlObvObj', 'miizh+VTA+Cnj+Neg+Dub+2PlSubj+3SgObvObj']"
mikawimaasiwaawegwen,"['mikaw+VTA+Cnj+Neg+Dub+2PlSubj+3PlObvObj', 'mikaw+VTA+Cnj+Neg+Dub+2PlSubj+3SgObvObj']"
mizhomaasiwaawegwen,"['mizhwi+VTA+Cnj+Neg+Dub+2PlSubj+3PlObvObj', 'mizho+VTA+Cnj+Neg+Dub+2PlSubj+3PlObvObj', 'mizhwi+VTA+Cnj+Neg+Dub+2PlSubj+3SgObvObj', 'mizho+VTA+Cnj+Neg+Dub+2PlSubj+3SgObvObj']"
waabamimaasiwaawegwen,"['waabam+VTA+Cnj+Neg+Dub+2PlSubj+3PlObvObj', 'waabam+VTA+Cnj+Neg+Dub+2PlSubj+3SgObvObj']"
mawadisimaawegwen,"['mawadish+VTA+Cnj+Pos+Dub+2PlSubj+3PlObvObj', 'mawadish+VTA+Cnj+Pos+Dub+2PlSubj+3SgObvObj']"
miinimaawegwen,"['miizh+VTA+Cnj+Pos+Dub+2PlSubj+3PlObvObj', 'miizh+VTA+Cnj+Pos+Dub+2PlSubj+3SgObvObj']"
mikawimaawegwen,"['mikaw+VTA+Cnj+Pos+Dub+2PlSubj+3PlObvObj', 'mikaw+VTA+Cnj+Pos+Dub+2PlSubj+3SgObvObj']"
mizhomaawegwen,"['mizhwi+VTA+Cnj+Pos+Dub+2PlSubj+3PlObvObj', 'mizho+VTA+Cnj+Pos+Dub+2PlSubj+3PlObvObj', 'mizhwi+VTA+Cnj+Pos+Dub+2PlSubj+3SgObvObj', 'mizho+VTA+Cnj+Pos+Dub+2PlSubj+3SgObvObj']"
waabamimaawegwen,"['waabam+VTA+Cnj+Pos+Dub+2PlSubj+3PlObvObj', 'waabam+VTA+Cnj+Pos+Dub+2PlSubj+3SgObvObj']"
mizhwaasiwaawegwaawen,"['mizhwi+VTA+Cnj+Neg+Dub+2PlSubj+3PlProxObj', 'mizho+VTA+Cnj+Neg+Dub+2PlSubj+3PlProxObj']"
mizhwaawegwaawen,"['mizhwi+VTA+Cnj+Pos+Dub+2PlSubj+3PlProxObj', 'mizho+VTA+Cnj+Pos+Dub+2PlSubj+3PlProxObj']"
mizhwaasiwaawegwen,"['mizhwi+VTA+Cnj+Neg+Dub+2PlSubj+3SgProxObj', 'mizho+VTA+Cnj+Neg+Dub+2PlSubj+3SgProxObj']"
mizhwaawegwen,"['mizhwi+VTA+Cnj+Pos+Dub+2PlSubj+3SgProxObj', 'mizho+VTA+Cnj+Pos+Dub+2PlSubj+3SgProxObj']"
mawadishisiiwaangen,"['mawadish+VTA+Cnj+Neg+Dub+2PlSubj+ExclObj', 'mawadish+VTA+Cnj+Neg+Dub+2SgSubj+ExclObj']"
miizhisiiwaangen,"['miizh+VTA+Cnj+Neg+Dub+2PlSubj+ExclObj', 'miizh+VTA+Cnj+Neg+Dub+2SgSubj+ExclObj']"
mikawisiiwaangen,"['mikaw+VTA+Cnj+Neg+Dub+2PlSubj+ExclObj', 'mikaw+VTA+Cnj+Neg+Dub+2SgSubj+ExclObj', 'mikawi+VAI+Cnj+Neg+Dub+ExclSubj']"
mizhosiiwaangen,"['mizhwi+VTA+Cnj+Neg+Dub+2PlSubj+ExclObj', 'mizho+VTA+Cnj+Neg+Dub+2PlSubj+ExclObj', 'mizhwi+VTA+Cnj+Neg+Dub+2SgSubj+ExclObj', 'mizho+VTA+Cnj+Neg+Dub+2SgSubj+ExclObj']"
waabamisiiwaangen,"['waabam+VTA+Cnj+Neg+Dub+2PlSubj+ExclObj', 'waabam+VTA+Cnj+Neg+Dub+2SgSubj+ExclObj']"
mawadishiwaangen,"['mawadish+VTA+Cnj+Pos+Dub+2SgSubj+ExclObj', 'mawadish+VTA+Cnj+Pos+Dub+2PlSubj+ExclObj']"
miizhiwaangen,"['miizh+VTA+Cnj+Pos+Dub+2SgSubj+ExclObj', 'miizh+VTA+Cnj+Pos+Dub+2PlSubj+ExclObj']"
mikawiwaangen,"['mikaw+VTA+Cnj+Pos+Dub+2SgSubj+ExclObj', 'mikaw+VTA+Cnj+Pos+Dub+2PlSubj+ExclObj', 'mikawi+VAI+Cnj+Pos+Dub+ExclSubj']"
mizhowaangen,"['mizhwi+VTA+Cnj+Pos+Dub+2SgSubj+ExclObj', 'mizho+VTA+Cnj+Pos+Dub+2SgSubj+ExclObj', 'mizhwi+VTA+Cnj+Pos+Dub+2PlSubj+ExclObj', 'mizho+VTA+Cnj+Pos+Dub+2PlSubj+ExclObj']"
waabamiwaangen,"['waabam+VTA+Cnj+Pos+Dub+2SgSubj+ExclObj', 'waabam+VTA+Cnj+Pos+Dub+2PlSubj+ExclObj']"
mikawisiiwanen,"['mikaw+VTA+Cnj+Neg+Dub+2SgSubj+1SgObj', 'mikawi+VAI+Cnj+Neg+Dub+2SgSubj']"
mizhosiiwanen,"['mizhwi+VTA+Cnj+Neg+Dub+2SgSubj+1SgObj', 'mizho+VTA+Cnj+Neg+Dub+2SgSubj+1SgObj']"
mikawiwanen,"['mikaw+VTA+Cnj+Pos+Dub+2SgSubj+1SgObj', 'mikawi+VAI+Cnj+Pos+Dub+2SgSubj']"
mizhowanen,"['mizhwi+VTA+Cnj+Pos+Dub+2SgSubj+1SgObj', 'mizho+VTA+Cnj+Pos+Dub+2SgSubj+1SgObj']"
mawadisimaasiwaawaden,"['mawadish+VTA+Cnj+Neg+Dub+2SgSubj+3PlObvObj', 'mawadish+VTA+Cnj+Neg+Dub+2SgSubj+3SgObvObj']"
miinimaasiwaawaden,"['miizh+VTA+Cnj+Neg+Dub+2SgSubj+3PlObvObj', 'miizh+VTA+Cnj+Neg+Dub+2SgSubj+3SgObvObj']"
mikawimaasiwaawaden,"['mikaw+VTA+Cnj+Neg+Dub+2SgSubj+3PlObvObj', 'mikaw+VTA+Cnj+Neg+Dub+2SgSubj+3SgObvObj']"
mizhomaasiwaawaden,"['mizhwi+VTA+Cnj+Neg+Dub+2SgSubj+3PlObvObj', 'mizho+VTA+Cnj+Neg+Dub+2SgSubj+3PlObvObj', 'mizhwi+VTA+Cnj+Neg+Dub+2SgSubj+3SgObvObj', 'mizho+VTA+Cnj+Neg+Dub+2SgSubj+3SgObvObj']"
waabamimaasiwaawaden,"['waabam+VTA+Cnj+Neg+Dub+2SgSubj+3PlObvObj', 'waabam+VTA+Cnj+Neg+Dub+2SgSubj+3SgObvObj']"
mawadisimaawaden,"['mawadish+VTA+Cnj+Pos+Dub+2SgSubj+3PlObvObj', 'mawadish+VTA+Cnj+Pos+Dub+2SgSubj+3SgObvObj']"
miinimaawaden,"['miizh+VTA+Cnj+Pos+Dub+2SgSubj+3PlObvObj', 'miizh+VTA+Cnj+Pos+Dub+2SgSubj+3SgObvObj']"
mikawimaawaden,"['mikaw+VTA+Cnj+Pos+Dub+2SgSubj+3PlObvObj', 'mikaw+VTA+Cnj+Pos+Dub+2SgSubj+3SgObvObj']"
mizhomaawaden,"['mizhwi+VTA+Cnj+Pos+Dub+2SgSubj+3PlObvObj', 'mizho+VTA+Cnj+Pos+Dub+2SgSubj+3PlObvObj', 'mizhwi+VTA+Cnj+Pos+Dub+2SgSubj+3SgObvObj', 'mizho+VTA+Cnj+Pos+Dub+2SgSubj+3SgObvObj']"
waabamimaawaden,"['waabam+VTA+Cnj+Pos+Dub+2SgSubj+3PlObvObj', 'waabam+VTA+Cnj+Pos+Dub+2SgSubj+3SgObvObj']"
mizhwaasiwaawadwaawen,"['mizhwi+VTA+Cnj+Neg+Dub+2SgSubj+3PlProxObj', 'mizho+VTA+Cnj+Neg+Dub+2SgSubj+3PlProxObj']"
mizhwaawadwaawen,"['mizhwi+VTA+Cnj+Pos+Dub+2SgSubj+3PlProxObj', 'mizho+VTA+Cnj+Pos+Dub+2SgSubj+3PlProxObj']"
mizhwaasiwaawaden,"['mizhwi+VTA+Cnj+Neg+Dub+2SgSubj+3SgProxObj', 'mizho+VTA+Cnj+Neg+Dub+2SgSubj+3SgProxObj']"
mizhwaawaden,"['mizhwi+VTA+Cnj+Pos+Dub+2SgSubj+3SgProxObj', 'mizho+VTA+Cnj+Pos+Dub+2SgSubj+3SgProxObj']"
mikawisiiwaagwen,"['mikaw+VTA+Cnj+Neg+Dub+3PlProxSubj+1SgObj', 'mikawi+VAI+Cnj+Neg+Dub+3PlProxSubj']"
mizhosiiwaagwen,"['mizhwi+VTA+Cnj+Neg+Dub+3PlProxSubj+1SgObj', 'mizho+VTA+Cnj+Neg+Dub+3PlProxSubj+1SgObj']"
mikawiwaagwen,"['mikaw+VTA+Cnj+Pos+Dub+3PlProxSubj+1SgObj', 'mikawi+VAI+Cnj+Pos+Dub+3PlProxSubj']"
mizhowaagwen,"['mizhwi+VTA+Cnj+Pos+Dub+3PlProxSubj+1SgObj', 'mizho+VTA+Cnj+Pos+Dub+3PlProxSubj+1SgObj']"
mawadisigoosiiwegwen,"['mawadish+VTA+Cnj+Neg+Dub+XSubj+2PlObj', 'mawadish+VTA+Cnj+Neg+Dub+3PlProxSubj+2PlObj']"
miinigoosiiwegwen,"['miizh+VTA+Cnj+Neg+Dub+XSubj+2PlObj', 'miizh+VTA+Cnj+Neg+Dub+3PlProxSubj+2PlObj']"
mikaagoosiiwegwen,"['mikaw+VTA+Cnj+Neg+Dub+3PlProxSubj+2PlObj', 'mikaw+VTA+Cnj+Neg+Dub+XSubj+2PlObj']"
mizhogoosiiwegwen,"['mizhwi+VTA+Cnj+Neg+Dub+XSubj+2PlObj', 'mizho+VTA+Cnj+Neg+Dub+XSubj+2PlObj', 'mizhwi+VTA+Cnj+Neg+Dub+3PlProxSubj+2PlObj', 'mizho+VTA+Cnj+Neg+Dub+3PlProxSubj+2PlObj']"
waabamigoosiiwegwen,"['waabam+VTA+Cnj+Neg+Dub+XSubj+2PlObj', 'waabam+VTA+Cnj+Neg+Dub+3PlProxSubj+2PlObj']"
mawadisigoowegwen,"['mawadish+VTA+Cnj+Pos+Dub+3PlProxSubj+2PlObj', 'mawadish+VTA+Cnj+Pos+Dub+XSubj+2PlObj']"
miinigoowegwen,"['miizh+VTA+Cnj+Pos+Dub+3PlProxSubj+2PlObj', 'miizh+VTA+Cnj+Pos+Dub+XSubj+2PlObj']"
mikaagoowegwen,"['mikaw+VTA+Cnj+Pos+Dub+XSubj+2PlObj', 'mikaw+VTA+Cnj+Pos+Dub+3PlProxSubj+2PlObj']"
mizhogoowegwen,"['mizhwi+VTA+Cnj+Pos+Dub+3PlProxSubj+2PlObj', 'mizho+VTA+Cnj+Pos+Dub+3PlProxSubj+2PlObj', 'mizhwi+VTA+Cnj+Pos+Dub+XSubj+2PlObj', 'mizho+VTA+Cnj+Pos+Dub+XSubj+2PlObj']"
waabamigoowegwen,"['waabam+VTA+Cnj+Pos+Dub+3PlProxSubj+2PlObj', 'waabam+VTA+Cnj+Pos+Dub+XSubj+2PlObj']"
mizhosiinowegwaawen,"['mizhwi+VTA+Cnj+Neg+Dub+3PlProxSubj+2SgObj', 'mizho+VTA+Cnj+Neg+Dub+3PlProxSubj+2SgObj']"
mizhonowegwaawen,"['mizhwi+VTA+Cnj+Pos+Dub+3PlProxSubj+2SgObj', 'mizho+VTA+Cnj+Pos+Dub+3PlProxSubj+2SgObj']"
mawadisaasiwaawaagwen,"['mawadish+VTA+Cnj+Neg+Dub+3PlProxSubj+3PlObvObj', 'mawadish+VTA+Cnj+Neg+Dub+3PlProxSubj+3SgObvObj']"
miinaasiwaawaagwen,"['miizh+VTA+Cnj+Neg+Dub+3PlProxSubj+3PlObvObj', 'miizh+VTA+Cnj+Neg+Dub+3PlProxSubj+3SgObvObj']"
mikawaasiwaawaagwen,"['mikaw+VTA+Cnj+Neg+Dub+3PlProxSubj+3PlObvObj', 'mikaw+VTA+Cnj+Neg+Dub+3PlProxSubj+3SgObvObj']"
mizhwaasiwaawaagwen,"['mizhwi+VTA+Cnj+Neg+Dub+3PlProxSubj+3PlObvObj', 'mizho+VTA+Cnj+Neg+Dub+3PlProxSubj+3PlObvObj', 'mizhwi+VTA+Cnj+Neg+Dub+3PlProxSubj+3SgObvObj', 'mizho+VTA+Cnj+Neg+Dub+3PlProxSubj+3SgObvObj']"
waabamaasiwaawaagwen,"['waabam+VTA+Cnj+Neg+Dub+3PlProxSubj+3PlObvObj', 'waabam+VTA+Cnj+Neg+Dub+3PlProxSubj+3SgObvObj']"
mawadisaawaagwen,"['mawadish+VTA+Cnj+Pos+Dub+3PlProxSubj+3SgObvObj', 'mawadish+VTA+Cnj+Pos+Dub+3PlProxSubj+3PlObvObj']"
miinaawaagwen,"['miizh+VTA+Cnj+Pos+Dub+3PlProxSubj+3SgObvObj', 'miizh+VTA+Cnj+Pos+Dub+3PlProxSubj+3PlObvObj']"
mikawaawaagwen,"['mikaw+VTA+Cnj+Pos+Dub+3PlProxSubj+3SgObvObj', 'mikaw+VTA+Cnj+Pos+Dub+3PlProxSubj+3PlObvObj']"
mizhwaawaagwen,"['mizhwi+VTA+Cnj+Pos+Dub+3PlProxSubj+3SgObvObj', 'mizho+VTA+Cnj+Pos+Dub+3PlProxSubj+3SgObvObj', 'mizhwi+VTA+Cnj+Pos+Dub+3PlProxSubj+3PlObvObj', 'mizho+VTA+Cnj+Pos+Dub+3PlProxSubj+3PlObvObj']"
waabamaawaagwen,"['waabam+VTA+Cnj+Pos+Dub+3PlProxSubj+3SgObvObj', 'waabam+VTA+Cnj+Pos+Dub+3PlProxSubj+3PlObvObj']"
mizhosinowangidwaagwen,"['mizhwi+VTA+Cnj+Neg+Dub+3PlProxSubj+ExclObj', 'mizho+VTA+Cnj+Neg+Dub+3PlProxSubj+ExclObj']"
mizhogooyaangwen,"['mizhwi+VTA+Cnj+Pos+Dub+3PlProxSubj+ExclObj', 'mizho+VTA+Cnj+Pos+Dub+3PlProxSubj+ExclObj']"
mizhosiinowangwaawen,"['mizhwi+VTA+Cnj+Neg+Dub+3PlProxSubj+InclObj', 'mizho+VTA+Cnj+Neg+Dub+3PlProxSubj+InclObj']"
mizhonowangwaawen,"['mizhwi+VTA+Cnj+Pos+Dub+3PlProxSubj+InclObj', 'mizho+VTA+Cnj+Pos+Dub+3PlProxSubj+InclObj']"
mikawisiigwen,"['mikaw+VTA+Cnj+Neg+Dub+3SgProxSubj+1SgObj', 'mikawi+VAI+Cnj+Neg+Dub+3SgProxSubj']"
mizhosiigwen,"['mizhwi+VTA+Cnj+Neg+Dub+3SgProxSubj+1SgObj', 'mizho+VTA+Cnj+Neg+Dub+3SgProxSubj+1SgObj']"
mikawigwen,"['mikaw+VTA+Cnj+Pos+Dub+3SgProxSubj+1SgObj', 'mikawi+VAI+Cnj+Pos+Dub+3SgProxSubj']"
mizhogwen,"['mizhwi+VTA+Cnj+Pos+Dub+3SgProxSubj+1SgObj', 'mizho+VTA+Cnj+Pos+Dub+3SgProxSubj+1SgObj']"
mawadisigoosiiwanen,"['mawadish+VTA+Cnj+Neg+Dub+XSubj+2SgObj', 'mawadish+VTA+Cnj+Neg+Dub+3SgProxSubj+2PlObj']"
miinigoosiiwanen,"['miizh+VTA+Cnj+Neg+Dub+XSubj+2SgObj', 'miizh+VTA+Cnj+Neg+Dub+3SgProxSubj+2PlObj']"
mikaagoosiiwanen,"['mikaw+VTA+Cnj+Neg+Dub+3SgProxSubj+2PlObj', 'mikaw+VTA+Cnj+Neg+Dub+XSubj+2SgObj']"
mizhogoosiiwanen,"['mizhwi+VTA+Cnj+Neg+Dub+XSubj+2SgObj', 'mizho+VTA+Cnj+Neg+Dub+XSubj+2SgObj', 'mizhwi+VTA+Cnj+Neg+Dub+3SgProxSubj+2PlObj', 'mizho+VTA+Cnj+Neg+Dub+3SgProxSubj+2PlObj']"
waabamigoosiiwanen,"['waabam+VTA+Cnj+Neg+Dub+XSubj+2SgObj', 'waabam+VTA+Cnj+Neg+Dub+3SgProxSubj+2PlObj']"
mawadisigoowanen,"['mawadish+VTA+Cnj+Pos+Dub+3SgProxSubj+2PlObj', 'mawadish+VTA+Cnj+Pos+Dub+XSubj+2SgObj']"
miinigoowanen,"['miizh+VTA+Cnj+Pos+Dub+3SgProxSubj+2PlObj', 'miizh+VTA+Cnj+Pos+Dub+XSubj+2SgObj']"
mikaagoowanen,"['mikaw+VTA+Cnj+Pos+Dub+3SgProxSubj+2PlObj', 'mikaw+VTA+Cnj+Pos+Dub+XSubj+2SgObj']"
mizhogoowanen,"['mizhwi+VTA+Cnj+Pos+Dub+3SgProxSubj+2PlObj', 'mizho+VTA+Cnj+Pos+Dub+3SgProxSubj+2PlObj', 'mizhwi+VTA+Cnj+Pos+Dub+XSubj+2SgObj', 'mizho+VTA+Cnj+Pos+Dub+XSubj+2SgObj']"
waabamigoowanen,"['waabam+VTA+Cnj+Pos+Dub+3SgProxSubj+2PlObj', 'waabam+VTA+Cnj+Pos+Dub+XSubj+2SgObj']"
mizhosiinowegwen,"['mizhwi+VTA+Cnj+Neg+Dub+3SgProxSubj+2SgObj', 'mizho+VTA+Cnj+Neg+Dub+3SgProxSubj+2SgObj']"
mizhonowegwen,"['mizhwi+VTA+Cnj+Pos+Dub+3SgProxSubj+2SgObj', 'mizho+VTA+Cnj+Pos+Dub+3SgProxSubj+2SgObj']"
mawadisaasiigwen,"['mawadish+VTA+Cnj+Neg+Dub+3SgProxSubj+3SgObvObj', 'mawadish+VTA+Cnj+Neg+Dub+3SgProxSubj+3PlObvObj']"
miinaasiigwen,"['miizh+VTA+Cnj+Neg+Dub+3SgProxSubj+3SgObvObj', 'miizh+VTA+Cnj+Neg+Dub+3SgProxSubj+3PlObvObj']"
mikawaasiigwen,"['mikaw+VTA+Cnj+Neg+Dub+3SgProxSubj+3SgObvObj', 'mikaw+VTA+Cnj+Neg+Dub+3SgProxSubj+3PlObvObj']"
mizhwaasiigwen,"['mizhwi+VTA+Cnj+Neg+Dub+3SgProxSubj+3SgObvObj', 'mizho+VTA+Cnj+Neg+Dub+3SgProxSubj+3SgObvObj', 'mizhwi+VTA+Cnj+Neg+Dub+3SgProxSubj+3PlObvObj', 'mizho+VTA+Cnj+Neg+Dub+3SgProxSubj+3PlObvObj']"
waabamaasiigwen,"['waabam+VTA+Cnj+Neg+Dub+3SgProxSubj+3SgObvObj', 'waabam+VTA+Cnj+Neg+Dub+3SgProxSubj+3PlObvObj']"
mawadisaagwen,"['mawadish+VTA+Cnj+Pos+Dub+3SgProxSubj+3PlObvObj', 'mawadish+VTA+Cnj+Pos+Dub+3SgProxSubj+3SgObvObj']"
miinaagwen,"['miizh+VTA+Cnj+Pos+Dub+3SgProxSubj+3PlObvObj', 'miizh+VTA+Cnj+Pos+Dub+3SgProxSubj+3SgObvObj']"
mikawaagwen,"['mikaw+VTA+Cnj+Pos+Dub+3SgProxSubj+3PlObvObj', 'mikaw+VTA+Cnj+Pos+Dub+3SgProxSubj+3SgObvObj']"
mizhwaagwen,"['mizhwi+VTA+Cnj+Pos+Dub+3SgProxSubj+3PlObvObj', 'mizho+VTA+Cnj+Pos+Dub+3SgProxSubj+3PlObvObj', 'mizhwi+VTA+Cnj+Pos+Dub+3SgProxSubj+3SgObvObj', 'mizho+VTA+Cnj+Pos+Dub+3SgProxSubj+3SgObvObj']"
waabamaagwen,"['waabam+VTA+Cnj+Pos+Dub+3SgProxSubj+3PlObvObj', 'waabam+VTA+Cnj+Pos+Dub+3SgProxSubj+3SgObvObj']"
mizhosinowangiden,"['mizhwi+VTA+Cnj+Neg+Dub+3SgProxSubj+ExclObj', 'mizho+VTA+Cnj+Neg+Dub+3SgProxSubj+ExclObj']"
mizhogooyaangen,"['mizhwi+VTA+Cnj+Pos+Dub+3SgProxSubj+ExclObj', 'mizho+VTA+Cnj+Pos+Dub+3SgProxSubj+ExclObj']"
mizhosiinowangen,"['mizhwi+VTA+Cnj+Neg+Dub+3SgProxSubj+InclObj', 'mizho+VTA+Cnj+Neg+Dub+3SgProxSubj+InclObj']"
mizhonowangen,"['mizhwi+VTA+Cnj+Pos+Dub+3SgProxSubj+InclObj', 'mizho+VTA+Cnj+Pos+Dub+3SgProxSubj+InclObj']"
mizhogoosiwegwen,"['mizhwi+VTA+Cnj+Neg+Dub+ExclSubj+2PlObj', 'mizho+VTA+Cnj+Neg+Dub+ExclSubj+2PlObj']"
mizhonogwaawen,"['mizhwi+VTA+Cnj+Pos+Dub+ExclSubj+2PlObj', 'mizho+VTA+Cnj+Pos+Dub+ExclSubj+2PlObj']"
mizhosiinogwen,"['mizhwi+VTA+Cnj+Neg+Dub+ExclSubj+2SgObj', 'mizho+VTA+Cnj+Neg+Dub+ExclSubj+2SgObj']"
mizhonogwen,"['mizhwi+VTA+Cnj+Pos+Dub+ExclSubj+2SgObj', 'mizho+VTA+Cnj+Pos+Dub+ExclSubj+2SgObj']"
mizhwaasiwangidwaawen,"['mizhwi+VTA+Cnj+Neg+Dub+ExclSubj+3PlObvObj', 'mizho+VTA+Cnj+Neg+Dub+ExclSubj+3PlObvObj']"
mawadisimaawangiden,"['mawadish+VTA+Cnj+Pos+Dub+ExclSubj+3PlObvObj', 'mawadish+VTA+Cnj+Pos+Dub+ExclSubj+3SgObvObj']"
miinimaawangiden,"['miizh+VTA+Cnj+Pos+Dub+ExclSubj+3PlObvObj', 'miizh+VTA+Cnj+Pos+Dub+ExclSubj+3SgObvObj']"
mikawimaawangiden,"['mikaw+VTA+Cnj+Pos+Dub+ExclSubj+3PlObvObj', 'mikaw+VTA+Cnj+Pos+Dub+ExclSubj+3SgObvObj']"
mizhomaawangiden,"['mizhwi+VTA+Cnj+Pos+Dub+ExclSubj+3PlObvObj', 'mizho+VTA+Cnj+Pos+Dub+ExclSubj+3PlObvObj', 'mizhwi+VTA+Cnj+Pos+Dub+ExclSubj+3SgObvObj', 'mizho+VTA+Cnj+Pos+Dub+ExclSubj+3SgObvObj']"
waabamimaawangiden,"['waabam+VTA+Cnj+Pos+Dub+ExclSubj+3PlObvObj', 'waabam+VTA+Cnj+Pos+Dub+ExclSubj+3SgObvObj']"
mizhwaasiwaawangidwaawen,"['mizhwi+VTA+Cnj+Neg+Dub+ExclSubj+3PlProxObj', 'mizho+VTA+Cnj+Neg+Dub+ExclSubj+3PlProxObj']"
mizhwaawangidwaawen,"['mizhwi+VTA+Cnj+Pos+Dub+ExclSubj+3PlProxObj', 'mizho+VTA+Cnj+Pos+Dub+ExclSubj+3PlProxObj']"
mawadisimaasiwaawangiden,"['mawadish+VTA+Cnj+Neg+Dub+ExclSubj+3PlObvObj', 'mawadish+VTA+Cnj+Neg+Dub+ExclSubj+3SgObvObj']"
miinimaasiwaawangiden,"['miizh+VTA+Cnj+Neg+Dub+ExclSubj+3PlObvObj', 'miizh+VTA+Cnj+Neg+Dub+ExclSubj+3SgObvObj']"
mikawimaasiwaawangiden,"['mikaw+VTA+Cnj+Neg+Dub+ExclSubj+3PlObvObj', 'mikaw+VTA+Cnj+Neg+Dub+ExclSubj+3SgObvObj']"
mizhomaasiwaawangiden,"['mizhwi+VTA+Cnj+Neg+Dub+ExclSubj+3PlObvObj', 'mizho+VTA+Cnj+Neg+Dub+ExclSubj+3PlObvObj', 'mizhwi+VTA+Cnj+Neg+Dub+ExclSubj+3SgObvObj', 'mizho+VTA+Cnj+Neg+Dub+ExclSubj+3SgObvObj']"
waabamimaasiwaawangiden,"['waabam+VTA+Cnj+Neg+Dub+ExclSubj+3PlObvObj', 'waabam+VTA+Cnj+Neg+Dub+ExclSubj+3SgObvObj']"
mizhwaasiwaawangiden,"['mizhwi+VTA+Cnj+Neg+Dub+ExclSubj+3SgProxObj', 'mizho+VTA+Cnj+Neg+Dub+ExclSubj+3SgProxObj']"
mizhwaawangiden,"['mizhwi+VTA+Cnj+Pos+Dub+ExclSubj+3SgProxObj', 'mizho+VTA+Cnj+Pos+Dub+ExclSubj+3SgProxObj']"
mizhwaasiwangwaawen,"['mizhwi+VTA+Cnj+Neg+Dub+InclSubj+3PlObvObj', 'mizho+VTA+Cnj+Neg+Dub+InclSubj+3PlObvObj']"
mawadisimaawangen,"['mawadish+VTA+Cnj+Pos+Dub+InclSubj+3PlObvObj', 'mawadish+VTA+Cnj+Pos+Dub+InclSubj+3SgObvObj']"
miinimaawangen,"['miizh+VTA+Cnj+Pos+Dub+InclSubj+3PlObvObj', 'miizh+VTA+Cnj+Pos+Dub+InclSubj+3SgObvObj']"
mikawimaawangen,"['mikaw+VTA+Cnj+Pos+Dub+InclSubj+3PlObvObj', 'mikaw+VTA+Cnj+Pos+Dub+InclSubj+3SgObvObj']"
mizhomaawangen,"['mizhwi+VTA+Cnj+Pos+Dub+InclSubj+3PlObvObj', 'mizho+VTA+Cnj+Pos+Dub+InclSubj+3PlObvObj', 'mizhwi+VTA+Cnj+Pos+Dub+InclSubj+3SgObvObj', 'mizho+VTA+Cnj+Pos+Dub+InclSubj+3SgObvObj']"
waabamimaawangen,"['waabam+VTA+Cnj+Pos+Dub+InclSubj+3PlObvObj', 'waabam+VTA+Cnj+Pos+Dub+InclSubj+3SgObvObj']"
mizhwaasiwaawangwaawen,"['mizhwi+VTA+Cnj+Neg+Dub+InclSubj+3PlProxObj', 'mizho+VTA+Cnj+Neg+Dub+InclSubj+3PlProxObj']"
mizhwaawangwaawen,"['mizhwi+VTA+Cnj+Pos+Dub+InclSubj+3PlProxObj', 'mizho+VTA+Cnj+Pos+Dub+InclSubj+3PlProxObj']"
mawadisimaasiwaawangen,"['mawadish+VTA+Cnj+Neg+Dub+InclSubj+3PlObvObj', 'mawadish+VTA+Cnj+Neg+Dub+InclSubj+3SgObvObj']"
miinimaasiwaawangen,"['miizh+VTA+Cnj+Neg+Dub+InclSubj+3PlObvObj', 'miizh+VTA+Cnj+Neg+Dub+InclSubj+3SgObvObj']"
mikawimaasiwaawangen,"['mikaw+VTA+Cnj+Neg+Dub+InclSubj+3PlObvObj', 'mikaw+VTA+Cnj+Neg+Dub+InclSubj+3SgObvObj']"
mizhomaasiwaawangen,"['mizhwi+VTA+Cnj+Neg+Dub+InclSubj+3PlObvObj', 'mizho+VTA+Cnj+Neg+Dub+InclSubj+3PlObvObj', 'mizhwi+VTA+Cnj+Neg+Dub+InclSubj+3SgObvObj', 'mizho+VTA+Cnj+Neg+Dub+InclSubj+3SgObvObj']"
waabamimaasiwaawangen,"['waabam+VTA+Cnj+Neg+Dub+InclSubj+3PlObvObj', 'waabam+VTA+Cnj+Neg+Dub+InclSubj+3SgObvObj']"
mizhwaasiwaawangen,"['mizhwi+VTA+Cnj+Neg+Dub+InclSubj+3SgProxObj', 'mizho+VTA+Cnj+Neg+Dub+InclSubj+3SgProxObj']"
mizhwaawangen,"['mizhwi+VTA+Cnj+Pos+Dub+InclSubj+3SgProxObj', 'mizho+VTA+Cnj+Pos+Dub+InclSubj+3SgProxObj']"
mizhogoosiiwaanen,"['mizhwi+VTA+Cnj+Neg+Dub+XSubj+1SgObj', 'mizho+VTA+Cnj+Neg+Dub+XSubj+1SgObj']"
mizhogoowaanen,"['mizhwi+VTA+Cnj+Pos+Dub+XSubj+1SgObj', 'mizho+VTA+Cnj+Pos+Dub+XSubj+1SgObj']"
mizhwaasiwindwaawen,"['mizhwi+VTA+Cnj+Neg+Dub+XSubj+3PlObvObj', 'mizho+VTA+Cnj+Neg+Dub+XSubj+3PlObvObj']"
mawadisimaawinden,"['mawadish+VTA+Cnj+Pos+Dub+XSubj+3PlObvObj', 'mawadish+VTA+Cnj+Pos+Dub+XSubj+3SgObvObj']"
miinimaawinden,"['miizh+VTA+Cnj+Pos+Dub+XSubj+3PlObvObj', 'miizh+VTA+Cnj+Pos+Dub+XSubj+3SgObvObj']"
mikawimaawinden,"['mikaw+VTA+Cnj+Pos+Dub+XSubj+3PlObvObj', 'mikaw+VTA+Cnj+Pos+Dub+XSubj+3SgObvObj']"
mizhomaawinden,"['mizhwi+VTA+Cnj+Pos+Dub+XSubj+3PlObvObj', 'mizho+VTA+Cnj+Pos+Dub+XSubj+3PlObvObj', 'mizhwi+VTA+Cnj+Pos+Dub+XSubj+3SgObvObj', 'mizho+VTA+Cnj+Pos+Dub+XSubj+3SgObvObj']"
waabamimaawinden,"['waabam+VTA+Cnj+Pos+Dub+XSubj+3PlObvObj', 'waabam+VTA+Cnj+Pos+Dub+XSubj+3SgObvObj']"
mizhwaasiwaawindwaawen,"['mizhwi+VTA+Cnj+Neg+Dub+XSubj+3PlProxObj', 'mizho+VTA+Cnj+Neg+Dub+XSubj+3PlProxObj']"
mizhwaawindwaawen,"['mizhwi+VTA+Cnj+Pos+Dub+XSubj+3PlProxObj', 'mizho+VTA+Cnj+Pos+Dub+XSubj+3PlProxObj']"
mawadisimaasiwaawinden,"['mawadish+VTA+Cnj+Neg+Dub+XSubj+3PlObvObj', 'mawadish+VTA+Cnj+Neg+Dub+XSubj+3SgObvObj']"
miinimaasiwaawinden,"['miizh+VTA+Cnj+Neg+Dub+XSubj+3PlObvObj', 'miizh+VTA+Cnj+Neg+Dub+XSubj+3SgObvObj']"
mikawimaasiwaawinden,"['mikaw+VTA+Cnj+Neg+Dub+XSubj+3PlObvObj', 'mikaw+VTA+Cnj+Neg+Dub+XSubj+3SgObvObj']"
mizhomaasiwaawinden,"['mizhwi+VTA+Cnj+Neg+Dub+XSubj+3PlObvObj', 'mizho+VTA+Cnj+Neg+Dub+XSubj+3PlObvObj', 'mizhwi+VTA+Cnj+Neg+Dub+XSubj+3SgObvObj', 'mizho+VTA+Cnj+Neg+Dub+XSubj+3SgObvObj']"
waabamimaasiwaawinden,"['waabam+VTA+Cnj+Neg+Dub+XSubj+3PlObvObj', 'waabam+VTA+Cnj+Neg+Dub+XSubj+3SgObvObj']"
mizhwaasiwaawinden,"['mizhwi+VTA+Cnj+Neg+Dub+XSubj+3SgProxObj', 'mizho+VTA+Cnj+Neg+Dub+XSubj+3SgProxObj']"
mizhwaawinden,"['mizhwi+VTA+Cnj+Pos+Dub+XSubj+3SgProxObj', 'mizho+VTA+Cnj+Pos+Dub+XSubj+3SgProxObj']"
mizhogoosiiwaangen,"['mizhwi+VTA+Cnj+Neg+Dub+XSubj+ExclObj', 'mizho+VTA+Cnj+Neg+Dub+XSubj+ExclObj']"
mizhogoowaangen,"['mizhwi+VTA+Cnj+Pos+Dub+XSubj+ExclObj', 'mizho+VTA+Cnj+Pos+Dub+XSubj+ExclObj']"
mizhogoosiiwangen,"['mizhwi+VTA+Cnj+Neg+Dub+XSubj+InclObj', 'mizho+VTA+Cnj+Neg+Dub+XSubj+InclObj']"
mizhogoowangen,"['mizhwi+VTA+Cnj+Pos+Dub+XSubj+InclObj', 'mizho+VTA+Cnj+Pos+Dub+XSubj+InclObj']"
mawadisigosiwaan,"['mawadish+VTA+Cnj+Neg+Neu+0PlSubj+1SgObj', 'mawadish+VTA+Cnj+Neg+Neu+0SgSubj+1SgObj']"
miinigosiwaan,"['miizh+VTA+Cnj+Neg+Neu+0PlSubj+1SgObj', 'miizh+VTA+Cnj+Neg+Neu+0SgSubj+1SgObj']"
mikaagosiwaan,"['mikaw+VTA+Cnj+Neg+Neu+0PlSubj+1SgObj', 'mikaw+VTA+Cnj+Neg+Neu+0SgSubj+1SgObj']"
mizhogosiwaan,"['mizhwi+VTA+Cnj+Neg+Neu+0PlSubj+1SgObj', 'mizho+VTA+Cnj+Neg+Neu+0PlSubj+1SgObj', 'mizhwi+VTA+Cnj+Neg+Neu+0SgSubj+1SgObj', 'mizho+VTA+Cnj+Neg+Neu+0SgSubj+1SgObj']"
waabamigosiwaan,"['waabam+VTA+Cnj+Neg+Neu+0PlSubj+1SgObj', 'waabam+VTA+Cnj+Neg+Neu+0SgSubj+1SgObj']"
mawadisigoyaan,"['mawadish+VTA+Cnj+Pos+Neu+0PlSubj+1SgObj', 'mawadish+VTA+Cnj+Pos+Neu+0SgSubj+1SgObj']"
miinigoyaan,"['miizh+VTA+Cnj+Pos+Neu+0PlSubj+1SgObj', 'miizh+VTA+Cnj+Pos+Neu+0SgSubj+1SgObj']"
mikaagoyaan,"['mikaw+VTA+Cnj+Pos+Neu+0PlSubj+1SgObj', 'mikaw+VTA+Cnj+Pos+Neu+0SgSubj+1SgObj']"
mizhogoyaan,"['mizhwi+VTA+Cnj+Pos+Neu+0PlSubj+1SgObj', 'mizho+VTA+Cnj+Pos+Neu+0PlSubj+1SgObj', 'mizhwi+VTA+Cnj+Pos+Neu+0SgSubj+1SgObj', 'mizho+VTA+Cnj+Pos+Neu+0SgSubj+1SgObj']"
waabamigoyaan,"['waabam+VTA+Cnj+Pos+Neu+0PlSubj+1SgObj', 'waabam+VTA+Cnj+Pos+Neu+0SgSubj+1SgObj']"
mawadisigosiweg,"['mawadish+VTA+Cnj+Neg+Neu+0PlSubj+2PlObj', 'mawadish+VTA+Cnj+Neg+Neu+0SgSubj+2PlObj']"
miinigosiweg,"['miizh+VTA+Cnj+Neg+Neu+0PlSubj+2PlObj', 'miizh+VTA+Cnj+Neg+Neu+0SgSubj+2PlObj']"
mikaagosiweg,"['mikaw+VTA+Cnj+Neg+Neu+0PlSubj+2PlObj', 'mikaw+VTA+Cnj+Neg+Neu+0SgSubj+2PlObj']"
mizhogosiweg,"['mizhwi+VTA+Cnj+Neg+Neu+0PlSubj+2PlObj', 'mizho+VTA+Cnj+Neg+Neu+0PlSubj+2PlObj', 'mizhwi+VTA+Cnj+Neg+Neu+0SgSubj+2PlObj', 'mizho+VTA+Cnj+Neg+Neu+0SgSubj+2PlObj']"
waabamigosiweg,"['waabam+VTA+Cnj+Neg+Neu+0PlSubj+2PlObj', 'waabam+VTA+Cnj+Neg+Neu+0SgSubj+2PlObj']"
mawadisigoyeg,"['mawadish+VTA+Cnj+Pos+Neu+0PlSubj+2PlObj', 'mawadish+VTA+Cnj+Pos+Neu+0SgSubj+2PlObj']"
miinigoyeg,"['miizh+VTA+Cnj+Pos+Neu+0PlSubj+2PlObj', 'miizh+VTA+Cnj+Pos+Neu+0SgSubj+2PlObj']"
mikaagoyeg,"['mikaw+VTA+Cnj+Pos+Neu+0PlSubj+2PlObj', 'mikaw+VTA+Cnj+Pos+Neu+0SgSubj+2PlObj']"
mizhogoyeg,"['mizhwi+VTA+Cnj+Pos+Neu+0PlSubj+2PlObj', 'mizho+VTA+Cnj+Pos+Neu+0PlSubj+2PlObj', 'mizhwi+VTA+Cnj+Pos+Neu+0SgSubj+2PlObj', 'mizho+VTA+Cnj+Pos+Neu+0SgSubj+2PlObj']"
waabamigoyeg,"['waabam+VTA+Cnj+Pos+Neu+0PlSubj+2PlObj', 'waabam+VTA+Cnj+Pos+Neu+0SgSubj+2PlObj']"
mawadisigosiwan,"['mawadish+VTA+Cnj+Neg+Neu+0PlSubj+2SgObj', 'mawadish+VTA+Cnj+Neg+Neu+0SgSubj+2SgObj']"
miinigosiwan,"['miizh+VTA+Cnj+Neg+Neu+0PlSubj+2SgObj', 'miizh+VTA+Cnj+Neg+Neu+0SgSubj+2SgObj']"
mikaagosiwan,"['mikaw+VTA+Cnj+Neg+Neu+0PlSubj+2SgObj', 'mikaw+VTA+Cnj+Neg+Neu+0SgSubj+2SgObj']"
mizhogosiwan,"['mizhwi+VTA+Cnj+Neg+Neu+0PlSubj+2SgObj', 'mizho+VTA+Cnj+Neg+Neu+0PlSubj+2SgObj', 'mizhwi+VTA+Cnj+Neg+Neu+0SgSubj+2SgObj', 'mizho+VTA+Cnj+Neg+Neu+0SgSubj+2SgObj']"
waabamigosiwan,"['waabam+VTA+Cnj+Neg+Neu+0PlSubj+2SgObj', 'waabam+VTA+Cnj+Neg+Neu+0SgSubj+2SgObj']"
mawadisigoyan,"['mawadish+VTA+Cnj+Pos+Neu+0PlSubj+2SgObj', 'mawadish+VTA+Cnj+Pos+Neu+0SgSubj+2SgObj']"
miinigoyan,"['miizh+VTA+Cnj+Pos+Neu+0PlSubj+2SgObj', 'miizh+VTA+Cnj+Pos+Neu+0SgSubj+2SgObj']"
mikaagoyan,"['mikaw+VTA+Cnj+Pos+Neu+0PlSubj+2SgObj', 'mikaw+VTA+Cnj+Pos+Neu+0SgSubj+2SgObj']"
mizhogoyan,"['mizhwi+VTA+Cnj+Pos+Neu+0PlSubj+2SgObj', 'mizho+VTA+Cnj+Pos+Neu+0PlSubj+2SgObj', 'mizhwi+VTA+Cnj+Pos+Neu+0SgSubj+2SgObj', 'mizho+VTA+Cnj+Pos+Neu+0SgSubj+2SgObj']"
waabamigoyan,"['waabam+VTA+Cnj+Pos+Neu+0PlSubj+2SgObj', 'waabam+VTA+Cnj+Pos+Neu+0SgSubj+2SgObj']"
mawadisigosinig,"['mawadish+VTA+Cnj+Neg+Neu+0PlSubj+3PlObvObj', 'mawadish+VTA+Cnj+Neg+Neu+0SgSubj+3PlObvObj', 'mawadish+VTA+Cnj+Neg+Neu+0PlSubj+3SgObvObj', 'mawadish+VTA+Cnj+Neg+Neu+0SgSubj+3SgObvObj']"
miinigosinig,"['miizh+VTA+Cnj+Neg+Neu+0PlSubj+3PlObvObj', 'miizh+VTA+Cnj+Neg+Neu+0SgSubj+3PlObvObj', 'miizh+VTA+Cnj+Neg+Neu+0PlSubj+3SgObvObj', 'miizh+VTA+Cnj+Neg+Neu+0SgSubj+3SgObvObj']"
mikaagosinig,"['mikaw+VTA+Cnj+Neg+Neu+0PlSubj+3PlObvObj', 'mikaw+VTA+Cnj+Neg+Neu+0SgSubj+3PlObvObj', 'mikaw+VTA+Cnj+Neg+Neu+0PlSubj+3SgObvObj', 'mikaw+VTA+Cnj+Neg+Neu+0SgSubj+3SgObvObj']"
mizhogosinig,"['mizhwi+VTA+Cnj+Neg+Neu+0PlSubj+3PlObvObj', 'mizho+VTA+Cnj+Neg+Neu+0PlSubj+3PlObvObj', 'mizhwi+VTA+Cnj+Neg+Neu+0SgSubj+3PlObvObj', 'mizho+VTA+Cnj+Neg+Neu+0SgSubj+3PlObvObj', 'mizhwi+VTA+Cnj+Neg+Neu+0PlSubj+3SgObvObj', 'mizho+VTA+Cnj+Neg+Neu+0PlSubj+3SgObvObj', 'mizhwi+VTA+Cnj+Neg+Neu+0SgSubj+3SgObvObj', 'mizho+VTA+Cnj+Neg+Neu+0SgSubj+3SgObvObj']"
waabamigosinig,"['waabam+VTA+Cnj+Neg+Neu+0PlSubj+3PlObvObj', 'waabam+VTA+Cnj+Neg+Neu+0SgSubj+3PlObvObj', 'waabam+VTA+Cnj+Neg+Neu+0PlSubj+3SgObvObj', 'waabam+VTA+Cnj+Neg+Neu+0SgSubj+3SgObvObj']"
mawadisigonid,"['mawadish+VTA+Cnj+Pos+Neu+0PlSubj+3SgObvObj', 'mawadish+VTA+Cnj+Pos+Neu+0SgSubj+3SgObvObj', 'mawadish+VTA+Cnj+Pos+Neu+0PlSubj+3PlObvObj', 'mawadish+VTA+Cnj+Pos+Neu+0SgSubj+3PlObvObj']"
miinigonid,"['miizh+VTA+Cnj+Pos+Neu+0PlSubj+3SgObvObj', 'miizh+VTA+Cnj+Pos+Neu+0SgSubj+3SgObvObj', 'miizh+VTA+Cnj+Pos+Neu+0PlSubj+3PlObvObj', 'miizh+VTA+Cnj+Pos+Neu+0SgSubj+3PlObvObj']"
mikaagonid,"['mikaw+VTA+Cnj+Pos+Neu+0PlSubj+3SgObvObj', 'mikaw+VTA+Cnj+Pos+Neu+0SgSubj+3SgObvObj', 'mikaw+VTA+Cnj+Pos+Neu+0PlSubj+3PlObvObj', 'mikaw+VTA+Cnj+Pos+Neu+0SgSubj+3PlObvObj']"
mizhogonid,"['mizhwi+VTA+Cnj+Pos+Neu+0PlSubj+3SgObvObj', 'mizho+VTA+Cnj+Pos+Neu+0PlSubj+3SgObvObj', 'mizhwi+VTA+Cnj+Pos+Neu+0SgSubj+3SgObvObj', 'mizho+VTA+Cnj+Pos+Neu+0SgSubj+3SgObvObj', 'mizhwi+VTA+Cnj+Pos+Neu+0PlSubj+3PlObvObj', 'mizho+VTA+Cnj+Pos+Neu+0PlSubj+3PlObvObj', 'mizhwi+VTA+Cnj+Pos+Neu+0SgSubj+3PlObvObj', 'mizho+VTA+Cnj+Pos+Neu+0SgSubj+3PlObvObj']"
waabamigonid,"['waabam+VTA+Cnj+Pos+Neu+0PlSubj+3SgObvObj', 'waabam+VTA+Cnj+Pos+Neu+0SgSubj+3SgObvObj', 'waabam+VTA+Cnj+Pos+Neu+0PlSubj+3PlObvObj', 'waabam+VTA+Cnj+Pos+Neu+0SgSubj+3PlObvObj']"
mawadisigosigwaa,"['mawadish+VTA+Cnj+Neg+Neu+3PlObvSubj+3PlProxObj', 'mawadish+VTA+Cnj+Neg+Neu+3SgObvSubj+3PlProxObj', 'mawadish+VTA+Cnj+Neg+Neu+0PlSubj+3PlProxObj', 'mawadish+VTA+Cnj+Neg+Neu+0SgSubj+3PlProxObj']"
miinigosigwaa,"['miizh+VTA+Cnj+Neg+Neu+3PlObvSubj+3PlProxObj', 'miizh+VTA+Cnj+Neg+Neu+3SgObvSubj+3PlProxObj', 'miizh+VTA+Cnj+Neg+Neu+0PlSubj+3PlProxObj', 'miizh+VTA+Cnj+Neg+Neu+0SgSubj+3PlProxObj']"
mikaagosigwaa,"['mikaw+VTA+Cnj+Neg+Neu+3PlObvSubj+3PlProxObj', 'mikaw+VTA+Cnj+Neg+Neu+3SgObvSubj+3PlProxObj', 'mikaw+VTA+Cnj+Neg+Neu+0PlSubj+3PlProxObj', 'mikaw+VTA+Cnj+Neg+Neu+0SgSubj+3PlProxObj']"
mizhogosigwaa,"['mizhwi+VTA+Cnj+Neg+Neu+3PlObvSubj+3PlProxObj', 'mizho+VTA+Cnj+Neg+Neu+3PlObvSubj+3PlProxObj', 'mizhwi+VTA+Cnj+Neg+Neu+3SgObvSubj+3PlProxObj', 'mizho+VTA+Cnj+Neg+Neu+3SgObvSubj+3PlProxObj', 'mizhwi+VTA+Cnj+Neg+Neu+0PlSubj+3PlProxObj', 'mizho+VTA+Cnj+Neg+Neu+0PlSubj+3PlProxObj', 'mizhwi+VTA+Cnj+Neg+Neu+0SgSubj+3PlProxObj', 'mizho+VTA+Cnj+Neg+Neu+0SgSubj+3PlProxObj']"
waabamigosigwaa,"['waabam+VTA+Cnj+Neg+Neu+3PlObvSubj+3PlProxObj', 'waabam+VTA+Cnj+Neg+Neu+3SgObvSubj+3PlProxObj', 'waabam+VTA+Cnj+Neg+Neu+0PlSubj+3PlProxObj', 'waabam+VTA+Cnj+Neg+Neu+0SgSubj+3PlProxObj']"
mawadisigowaad,"['mawadish+VTA+Cnj+Pos+Neu+3PlObvSubj+3PlProxObj', 'mawadish+VTA+Cnj+Pos+Neu+3SgObvSubj+3PlProxObj', 'mawadish+VTA+Cnj+Pos+Neu+0PlSubj+3PlProxObj', 'mawadish+VTA+Cnj+Pos+Neu+0SgSubj+3PlProxObj']"
miinigowaad,"['miizh+VTA+Cnj+Pos+Neu+3PlObvSubj+3PlProxObj', 'miizh+VTA+Cnj+Pos+Neu+3SgObvSubj+3PlProxObj', 'miizh+VTA+Cnj+Pos+Neu+0PlSubj+3PlProxObj', 'miizh+VTA+Cnj+Pos+Neu+0SgSubj+3PlProxObj']"
mikaagowaad,"['mikaw+VTA+Cnj+Pos+Neu+3PlObvSubj+3PlProxObj', 'mikaw+VTA+Cnj+Pos+Neu+3SgObvSubj+3PlProxObj', 'mikaw+VTA+Cnj+Pos+Neu+0PlSubj+3PlProxObj', 'mikaw+VTA+Cnj+Pos+Neu+0SgSubj+3PlProxObj']"
mizhogowaad,"['mizhwi+VTA+Cnj+Pos+Neu+3PlObvSubj+3PlProxObj', 'mizho+VTA+Cnj+Pos+Neu+3PlObvSubj+3PlProxObj', 'mizhwi+VTA+Cnj+Pos+Neu+3SgObvSubj+3PlProxObj', 'mizho+VTA+Cnj+Pos+Neu+3SgObvSubj+3PlProxObj', 'mizhwi+VTA+Cnj+Pos+Neu+0PlSubj+3PlProxObj', 'mizho+VTA+Cnj+Pos+Neu+0PlSubj+3PlProxObj', 'mizhwi+VTA+Cnj+Pos+Neu+0SgSubj+3PlProxObj', 'mizho+VTA+Cnj+Pos+Neu+0SgSubj+3PlProxObj']"
waabamigowaad,"['waabam+VTA+Cnj+Pos+Neu+3PlObvSubj+3PlProxObj', 'waabam+VTA+Cnj+Pos+Neu+3SgObvSubj+3PlProxObj', 'waabam+VTA+Cnj+Pos+Neu+0PlSubj+3PlProxObj', 'waabam+VTA+Cnj+Pos+Neu+0SgSubj+3PlProxObj']"
mawadisigosig,"['mawadish+VTA+Cnj+Neg+Neu+3PlObvSubj+3SgProxObj', 'mawadish+VTA+Cnj+Neg+Neu+3SgObvSubj+3SgProxObj', 'mawadish+VTA+Cnj+Neg+Neu+0PlSubj+3SgProxObj', 'mawadish+VTA+Cnj+Neg+Neu+0SgSubj+3SgProxObj']"
miinigosig,"['miizh+VTA+Cnj+Neg+Neu+3PlObvSubj+3SgProxObj', 'miizh+VTA+Cnj+Neg+Neu+3SgObvSubj+3SgProxObj', 'miizh+VTA+Cnj+Neg+Neu+0PlSubj+3SgProxObj', 'miizh+VTA+Cnj+Neg+Neu+0SgSubj+3SgProxObj']"
mikaagosig,"['mikaw+VTA+Cnj+Neg+Neu+3PlObvSubj+3SgProxObj', 'mikaw+VTA+Cnj+Neg+Neu+3SgObvSubj+3SgProxObj', 'mikaw+VTA+Cnj+Neg+Neu+0PlSubj+3SgProxObj', 'mikaw+VTA+Cnj+Neg+Neu+0SgSubj+3SgProxObj']"
mizhogosig,"['mizhwi+VTA+Cnj+Neg+Neu+3PlObvSubj+3SgProxObj', 'mizho+VTA+Cnj+Neg+Neu+3PlObvSubj+3SgProxObj', 'mizhwi+VTA+Cnj+Neg+Neu+3SgObvSubj+3SgProxObj', 'mizho+VTA+Cnj+Neg+Neu+3SgObvSubj+3SgProxObj', 'mizhwi+VTA+Cnj+Neg+Neu+0PlSubj+3SgProxObj', 'mizho+VTA+Cnj+Neg+Neu+0PlSubj+3SgProxObj', 'mizhwi+VTA+Cnj+Neg+Neu+0SgSubj+3SgProxObj', 'mizho+VTA+Cnj+Neg+Neu+0SgSubj+3SgProxObj']"
waabamigosig,"['waabam+VTA+Cnj+Neg+Neu+3PlObvSubj+3SgProxObj', 'waabam+VTA+Cnj+Neg+Neu+3SgObvSubj+3SgProxObj', 'waabam+VTA+Cnj+Neg+Neu+0PlSubj+3SgProxObj', 'waabam+VTA+Cnj+Neg+Neu+0SgSubj+3SgProxObj']"
mawadisigod,"['mawadish+VTA+Cnj+Pos+Neu+3PlObvSubj+3SgProxObj', 'mawadish+VTA+Cnj+Pos+Neu+3SgObvSubj+3SgProxObj', 'mawadish+VTA+Cnj+Pos+Neu+0SgSubj+3SgProxObj', 'mawadish+VTA+Cnj+Pos+Neu+0PlSubj+3SgProxObj']"
miinigod,"['miizh+VTA+Cnj+Pos+Neu+3PlObvSubj+3SgProxObj', 'miizh+VTA+Cnj+Pos+Neu+3SgObvSubj+3SgProxObj', 'miizh+VTA+Cnj+Pos+Neu+0SgSubj+3SgProxObj', 'miizh+VTA+Cnj+Pos+Neu+0PlSubj+3SgProxObj']"
mikaagod,"['mikaw+VTA+Cnj+Pos+Neu+3PlObvSubj+3SgProxObj', 'mikaw+VTA+Cnj+Pos+Neu+3SgObvSubj+3SgProxObj', 'mikaw+VTA+Cnj+Pos+Neu+0SgSubj+3SgProxObj', 'mikaw+VTA+Cnj+Pos+Neu+0PlSubj+3SgProxObj']"
mizhogod,"['mizhwi+VTA+Cnj+Pos+Neu+3PlObvSubj+3SgProxObj', 'mizho+VTA+Cnj+Pos+Neu+3PlObvSubj+3SgProxObj', 'mizhwi+VTA+Cnj+Pos+Neu+3SgObvSubj+3SgProxObj', 'mizho+VTA+Cnj+Pos+Neu+3SgObvSubj+3SgProxObj', 'mizhwi+VTA+Cnj+Pos+Neu+0SgSubj+3SgProxObj', 'mizho+VTA+Cnj+Pos+Neu+0SgSubj+3SgProxObj', 'mizhwi+VTA+Cnj+Pos+Neu+0PlSubj+3SgProxObj', 'mizho+VTA+Cnj+Pos+Neu+0PlSubj+3SgProxObj']"
waabamigod,"['waabam+VTA+Cnj+Pos+Neu+3PlObvSubj+3SgProxObj', 'waabam+VTA+Cnj+Pos+Neu+3SgObvSubj+3SgProxObj', 'waabam+VTA+Cnj+Pos+Neu+0SgSubj+3SgProxObj', 'waabam+VTA+Cnj+Pos+Neu+0PlSubj+3SgProxObj']"
mawadisigosiwaang,"['mawadish+VTA+Cnj+Neg+Neu+0PlSubj+ExclObj', 'mawadish+VTA+Cnj+Neg+Neu+0SgSubj+ExclObj']"
miinigosiwaang,"['miizh+VTA+Cnj+Neg+Neu+0PlSubj+ExclObj', 'miizh+VTA+Cnj+Neg+Neu+0SgSubj+ExclObj']"
mikaagosiwaang,"['mikaw+VTA+Cnj+Neg+Neu+0PlSubj+ExclObj', 'mikaw+VTA+Cnj+Neg+Neu+0SgSubj+ExclObj']"
mizhogosiwaang,"['mizhwi+VTA+Cnj+Neg+Neu+0PlSubj+ExclObj', 'mizho+VTA+Cnj+Neg+Neu+0PlSubj+ExclObj', 'mizhwi+VTA+Cnj+Neg+Neu+0SgSubj+ExclObj', 'mizho+VTA+Cnj+Neg+Neu+0SgSubj+ExclObj']"
waabamigosiwaang,"['waabam+VTA+Cnj+Neg+Neu+0PlSubj+ExclObj', 'waabam+VTA+Cnj+Neg+Neu+0SgSubj+ExclObj']"
mawadisigoyaang,"['mawadish+VTA+Cnj+Pos+Neu+0PlSubj+ExclObj', 'mawadish+VTA+Cnj+Pos+Neu+0SgSubj+ExclObj']"
miinigoyaang,"['miizh+VTA+Cnj+Pos+Neu+0PlSubj+ExclObj', 'miizh+VTA+Cnj+Pos+Neu+0SgSubj+ExclObj']"
mikaagoyaang,"['mikaw+VTA+Cnj+Pos+Neu+0PlSubj+ExclObj', 'mikaw+VTA+Cnj+Pos+Neu+0SgSubj+ExclObj']"
mizhogoyaang,"['mizhwi+VTA+Cnj+Pos+Neu+0PlSubj+ExclObj', 'mizho+VTA+Cnj+Pos+Neu+0PlSubj+ExclObj', 'mizhwi+VTA+Cnj+Pos+Neu+0SgSubj+ExclObj', 'mizho+VTA+Cnj+Pos+Neu+0SgSubj+ExclObj']"
waabamigoyaang,"['waabam+VTA+Cnj+Pos+Neu+0PlSubj+ExclObj', 'waabam+VTA+Cnj+Pos+Neu+0SgSubj+ExclObj']"
mawadisigosiwang,"['mawadish+VTA+Cnj+Neg+Neu+0PlSubj+InclObj', 'mawadish+VTA+Cnj+Neg+Neu+0SgSubj+InclObj']"
miinigosiwang,"['miizh+VTA+Cnj+Neg+Neu+0PlSubj+InclObj', 'miizh+VTA+Cnj+Neg+Neu+0SgSubj+InclObj']"
mikaagosiwang,"['mikaw+VTA+Cnj+Neg+Neu+0PlSubj+InclObj', 'mikaw+VTA+Cnj+Neg+Neu+0SgSubj+InclObj']"
mizhogosiwang,"['mizhwi+VTA+Cnj+Neg+Neu+0PlSubj+InclObj', 'mizho+VTA+Cnj+Neg+Neu+0PlSubj+InclObj', 'mizhwi+VTA+Cnj+Neg+Neu+0SgSubj+InclObj', 'mizho+VTA+Cnj+Neg+Neu+0SgSubj+InclObj']"
waabamigosiwang,"['waabam+VTA+Cnj+Neg+Neu+0PlSubj+InclObj', 'waabam+VTA+Cnj+Neg+Neu+0SgSubj+InclObj']"
mawadisigoyang,"['mawadish+VTA+Cnj+Pos+Neu+0PlSubj+InclObj', 'mawadish+VTA+Cnj+Pos+Neu+0SgSubj+InclObj']"
miinigoyang,"['miizh+VTA+Cnj+Pos+Neu+0PlSubj+InclObj', 'miizh+VTA+Cnj+Pos+Neu+0SgSubj+InclObj']"
mikaagoyang,"['mikaw+VTA+Cnj+Pos+Neu+0PlSubj+InclObj', 'mikaw+VTA+Cnj+Pos+Neu+0SgSubj+InclObj']"
mizhogoyang,"['mizhwi+VTA+Cnj+Pos+Neu+0PlSubj+InclObj', 'mizho+VTA+Cnj+Pos+Neu+0PlSubj+InclObj', 'mizhwi+VTA+Cnj+Pos+Neu+0SgSubj+InclObj', 'mizho+VTA+Cnj+Pos+Neu+0SgSubj+InclObj']"
waabamigoyang,"['waabam+VTA+Cnj+Pos+Neu+0PlSubj+InclObj', 'waabam+VTA+Cnj+Pos+Neu+0SgSubj+InclObj']"
mizhosinonagog,"['mizhwi+VTA+Cnj+Neg+Neu+1SgSubj+2PlObj', 'mizho+VTA+Cnj+Neg+Neu+1SgSubj+2PlObj']"
mizhonagog,"['mizhwi+VTA+Cnj+Pos+Neu+1SgSubj+2PlObj', 'mizho+VTA+Cnj+Pos+Neu+1SgSubj+2PlObj']"
mizhosinowaan,"['mizhwi+VTA+Cnj+Neg+Neu+1SgSubj+2SgObj', 'mizho+VTA+Cnj+Neg+Neu+1SgSubj+2SgObj']"
mizhonaan,"['mizhwi+VTA+Cnj+Pos+Neu+1SgSubj+2SgObj', 'mizho+VTA+Cnj+Pos+Neu+1SgSubj+2SgObj']"
mawadisimaasiwag,"['mawadish+VTA+Cnj+Neg+Neu+1SgSubj+3PlObvObj', 'mawadish+VTA+Cnj+Neg+Neu+1SgSubj+3SgObvObj']"
miinimaasiwag,"['miizh+VTA+Cnj+Neg+Neu+1SgSubj+3PlObvObj', 'miizh+VTA+Cnj+Neg+Neu+1SgSubj+3SgObvObj']"
mikawimaasiwag,"['mikaw+VTA+Cnj+Neg+Neu+1SgSubj+3PlObvObj', 'mikaw+VTA+Cnj+Neg+Neu+1SgSubj+3SgObvObj']"
mizhomaasiwag,"['mizhwi+VTA+Cnj+Neg+Neu+1SgSubj+3PlObvObj', 'mizho+VTA+Cnj+Neg+Neu+1SgSubj+3PlObvObj', 'mizhwi+VTA+Cnj+Neg+Neu+1SgSubj+3SgObvObj', 'mizho+VTA+Cnj+Neg+Neu+1SgSubj+3SgObvObj']"
waabamimaasiwag,"['waabam+VTA+Cnj+Neg+Neu+1SgSubj+3PlObvObj', 'waabam+VTA+Cnj+Neg+Neu+1SgSubj+3SgObvObj']"
mawadisimag,"['mawadish+VTA+Cnj+Pos+Neu+1SgSubj+3SgObvObj', 'mawadish+VTA+Cnj+Pos+Neu+1SgSubj+3PlObvObj']"
miinimag,"['miizh+VTA+Cnj+Pos+Neu+1SgSubj+3SgObvObj', 'miizh+VTA+Cnj+Pos+Neu+1SgSubj+3PlObvObj']"
mikawimag,"['mikaw+VTA+Cnj+Pos+Neu+1SgSubj+3SgObvObj', 'mikaw+VTA+Cnj+Pos+Neu+1SgSubj+3PlObvObj']"
mizhomag,"['mizhwi+VTA+Cnj+Pos+Neu+1SgSubj+3SgObvObj', 'mizho+VTA+Cnj+Pos+Neu+1SgSubj+3SgObvObj', 'mizhwi+VTA+Cnj+Pos+Neu+1SgSubj+3PlObvObj', 'mizho+VTA+Cnj+Pos+Neu+1SgSubj+3PlObvObj']"
waabamimag,"['waabam+VTA+Cnj+Pos+Neu+1SgSubj+3SgObvObj', 'waabam+VTA+Cnj+Pos+Neu+1SgSubj+3PlObvObj']"
mizhwaasiwagwaa,"['mizhwi+VTA+Cnj+Neg+Neu+1SgSubj+3PlProxObj', 'mizho+VTA+Cnj+Neg+Neu+1SgSubj+3PlProxObj']"
mizhwagwaa,"['mizhwi+VTA+Cnj+Pos+Neu+1SgSubj+3PlProxObj', 'mizho+VTA+Cnj+Pos+Neu+1SgSubj+3PlProxObj']"
mizhwaasiwag,"['mizhwi+VTA+Cnj+Neg+Neu+1SgSubj+3SgProxObj', 'mizho+VTA+Cnj+Neg+Neu+1SgSubj+3SgProxObj']"
mizhwag,"['mizhwi+VTA+Cnj+Pos+Neu+1SgSubj+3SgProxObj', 'mizho+VTA+Cnj+Pos+Neu+1SgSubj+3SgProxObj']"
mikawisiweg,"['mikaw+VTA+Cnj+Neg+Neu+2PlSubj+1SgObj', 'mikawi+VAI+Cnj+Neg+Neu+2PlSubj']"
mizhosiweg,"['mizhwi+VTA+Cnj+Neg+Neu+2PlSubj+1SgObj', 'mizho+VTA+Cnj+Neg+Neu+2PlSubj+1SgObj']"
mikawiyeg,"['mikawi+VAI+Cnj+Pos+Neu+2PlSubj', 'mikaw+VTA+Cnj+Pos+Neu+2PlSubj+1SgObj']"
mizhoyeg,"['mizhwi+VTA+Cnj+Pos+Neu+2PlSubj+1SgObj', 'mizho+VTA+Cnj+Pos+Neu+2PlSubj+1SgObj']"
mawadisimaasiweg,"['mawadish+VTA+Cnj+Neg+Neu+2PlSubj+3PlObvObj', 'mawadish+VTA+Cnj+Neg+Neu+2PlSubj+3SgObvObj']"
miinimaasiweg,"['miizh+VTA+Cnj+Neg+Neu+2PlSubj+3PlObvObj', 'miizh+VTA+Cnj+Neg+Neu+2PlSubj+3SgObvObj']"
mikawimaasiweg,"['mikaw+VTA+Cnj+Neg+Neu+2PlSubj+3PlObvObj', 'mikaw+VTA+Cnj+Neg+Neu+2PlSubj+3SgObvObj']"
mizhomaasiweg,"['mizhwi+VTA+Cnj+Neg+Neu+2PlSubj+3PlObvObj', 'mizho+VTA+Cnj+Neg+Neu+2PlSubj+3PlObvObj', 'mizhwi+VTA+Cnj+Neg+Neu+2PlSubj+3SgObvObj', 'mizho+VTA+Cnj+Neg+Neu+2PlSubj+3SgObvObj']"
waabamimaasiweg,"['waabam+VTA+Cnj+Neg+Neu+2PlSubj+3PlObvObj', 'waabam+VTA+Cnj+Neg+Neu+2PlSubj+3SgObvObj']"
mawadisimeg,"['mawadish+VTA+Cnj+Pos+Neu+2PlSubj+3SgObvObj', 'mawadish+VTA+Cnj+Pos+Neu+2PlSubj+3PlObvObj']"
miinimeg,"['miizh+VTA+Cnj+Pos+Neu+2PlSubj+3SgObvObj', 'miizh+VTA+Cnj+Pos+Neu+2PlSubj+3PlObvObj']"
mikawimeg,"['mikaw+VTA+Cnj+Pos+Neu+2PlSubj+3SgObvObj', 'mikaw+VTA+Cnj+Pos+Neu+2PlSubj+3PlObvObj']"
mizhomeg,"['mizhwi+VTA+Cnj+Pos+Neu+2PlSubj+3SgObvObj', 'mizho+VTA+Cnj+Pos+Neu+2PlSubj+3SgObvObj', 'mizhwi+VTA+Cnj+Pos+Neu+2PlSubj+3PlObvObj', 'mizho+VTA+Cnj+Pos+Neu+2PlSubj+3PlObvObj']"
waabamimeg,"['waabam+VTA+Cnj+Pos+Neu+2PlSubj+3SgObvObj', 'waabam+VTA+Cnj+Pos+Neu+2PlSubj+3PlObvObj']"
mizhwaasiwegwaa,"['mizhwi+VTA+Cnj+Neg+Neu+2PlSubj+3PlProxObj', 'mizho+VTA+Cnj+Neg+Neu+2PlSubj+3PlProxObj']"
mizhwegwaa,"['mizhwi+VTA+Cnj+Pos+Neu+2PlSubj+3PlProxObj', 'mizho+VTA+Cnj+Pos+Neu+2PlSubj+3PlProxObj']"
mizhwaasiweg,"['mizhwi+VTA+Cnj+Neg+Neu+2PlSubj+3SgProxObj', 'mizho+VTA+Cnj+Neg+Neu+2PlSubj+3SgProxObj']"
mizhweg,"['mizhwi+VTA+Cnj+Pos+Neu+2PlSubj+3SgProxObj', 'mizho+VTA+Cnj+Pos+Neu+2PlSubj+3SgProxObj']"
mawadishisiwaang,"['mawadish+VTA+Cnj+Neg+Neu+2SgSubj+ExclObj', 'mawadish+VTA+Cnj+Neg+Neu+2PlSubj+ExclObj']"
miizhisiwaang,"['miizh+VTA+Cnj+Neg+Neu+2SgSubj+ExclObj', 'miizh+VTA+Cnj+Neg+Neu+2PlSubj+ExclObj']"
mikawisiwaang,"['mikaw+VTA+Cnj+Neg+Neu+2SgSubj+ExclObj', 'mikaw+VTA+Cnj+Neg+Neu+2PlSubj+ExclObj', 'mikawi+VAI+Cnj+Neg+Neu+ExclSubj']"
mizhosiwaang,"['mizhwi+VTA+Cnj+Neg+Neu+2SgSubj+ExclObj', 'mizho+VTA+Cnj+Neg+Neu+2SgSubj+ExclObj', 'mizhwi+VTA+Cnj+Neg+Neu+2PlSubj+ExclObj', 'mizho+VTA+Cnj+Neg+Neu+2PlSubj+ExclObj']"
waabamisiwaang,"['waabam+VTA+Cnj+Neg+Neu+2SgSubj+ExclObj', 'waabam+VTA+Cnj+Neg+Neu+2PlSubj+ExclObj']"
mawadishiyaang,"['mawadish+VTA+Cnj+Pos+Neu+2SgSubj+ExclObj', 'mawadish+VTA+Cnj+Pos+Neu+2PlSubj+ExclObj']"
miizhiyaang,"['miizh+VTA+Cnj+Pos+Neu+2SgSubj+ExclObj', 'miizh+VTA+Cnj+Pos+Neu+2PlSubj+ExclObj']"
mikawiyaang,"['mikaw+VTA+Cnj+Pos+Neu+2SgSubj+ExclObj', 'mikaw+VTA+Cnj+Pos+Neu+2PlSubj+ExclObj', 'mikawi+VAI+Cnj+Pos+Neu+ExclSubj']"
mizhoyaang,"['mizhwi+VTA+Cnj+Pos+Neu+2SgSubj+ExclObj', 'mizho+VTA+Cnj+Pos+Neu+2SgSubj+ExclObj', 'mizhwi+VTA+Cnj+Pos+Neu+2PlSubj+ExclObj', 'mizho+VTA+Cnj+Pos+Neu+2PlSubj+ExclObj']"
waabamiyaang,"['waabam+VTA+Cnj+Pos+Neu+2SgSubj+ExclObj', 'waabam+VTA+Cnj+Pos+Neu+2PlSubj+ExclObj']"
mikawisiwan,"['mikaw+VTA+Cnj+Neg+Neu+2SgSubj+1SgObj', 'mikawi+VAI+Cnj+Neg+Neu+2SgSubj']"
mizhosiwan,"['mizhwi+VTA+Cnj+Neg+Neu+2SgSubj+1SgObj', 'mizho+VTA+Cnj+Neg+Neu+2SgSubj+1SgObj']"
mikawiyan,"['mikaw+VTA+Cnj+Pos+Neu+2SgSubj+1SgObj', 'mikawi+VAI+Cnj+Pos+Neu+2SgSubj']"
mizhoyan,"['mizhwi+VTA+Cnj+Pos+Neu+2SgSubj+1SgObj', 'mizho+VTA+Cnj+Pos+Neu+2SgSubj+1SgObj']"
mawadisimaasiwad,"['mawadish+VTA+Cnj+Neg+Neu+2SgSubj+3PlObvObj', 'mawadish+VTA+Cnj+Neg+Neu+2SgSubj+3SgObvObj']"
miinimaasiwad,"['miizh+VTA+Cnj+Neg+Neu+2SgSubj+3PlObvObj', 'miizh+VTA+Cnj+Neg+Neu+2SgSubj+3SgObvObj']"
mikawimaasiwad,"['mikaw+VTA+Cnj+Neg+Neu+2SgSubj+3PlObvObj', 'mikaw+VTA+Cnj+Neg+Neu+2SgSubj+3SgObvObj']"
mizhomaasiwad,"['mizhwi+VTA+Cnj+Neg+Neu+2SgSubj+3PlObvObj', 'mizho+VTA+Cnj+Neg+Neu+2SgSubj+3PlObvObj', 'mizhwi+VTA+Cnj+Neg+Neu+2SgSubj+3SgObvObj', 'mizho+VTA+Cnj+Neg+Neu+2SgSubj+3SgObvObj']"
waabamimaasiwad,"['waabam+VTA+Cnj+Neg+Neu+2SgSubj+3PlObvObj', 'waabam+VTA+Cnj+Neg+Neu+2SgSubj+3SgObvObj']"
mawadisimad,"['mawadish+VTA+Cnj+Pos+Neu+2SgSubj+3SgObvObj', 'mawadish+VTA+Cnj+Pos+Neu+2SgSubj+3PlObvObj']"
miinimad,"['miizh+VTA+Cnj+Pos+Neu+2SgSubj+3SgObvObj', 'miizh+VTA+Cnj+Pos+Neu+2SgSubj+3PlObvObj']"
mikawimad,"['mikaw+VTA+Cnj+Pos+Neu+2SgSubj+3SgObvObj', 'mikaw+VTA+Cnj+Pos+Neu+2SgSubj+3PlObvObj']"
mizhomad,"['mizhwi+VTA+Cnj+Pos+Neu+2SgSubj+3SgObvObj', 'mizho+VTA+Cnj+Pos+Neu+2SgSubj+3SgObvObj', 'mizhwi+VTA+Cnj+Pos+Neu+2SgSubj+3PlObvObj', 'mizho+VTA+Cnj+Pos+Neu+2SgSubj+3PlObvObj']"
waabamimad,"['waabam+VTA+Cnj+Pos+Neu+2SgSubj+3SgObvObj', 'waabam+VTA+Cnj+Pos+Neu+2SgSubj+3PlObvObj']"
mizhwaasiwadwaa,"['mizhwi+VTA+Cnj+Neg+Neu+2SgSubj+3PlProxObj', 'mizho+VTA+Cnj+Neg+Neu+2SgSubj+3PlProxObj']"
mizhwadwaa,"['mizhwi+VTA+Cnj+Pos+Neu+2SgSubj+3PlProxObj', 'mizho+VTA+Cnj+Pos+Neu+2SgSubj+3PlProxObj']"
mizhwaasiwad,"['mizhwi+VTA+Cnj+Neg+Neu+2SgSubj+3SgProxObj', 'mizho+VTA+Cnj+Neg+Neu+2SgSubj+3SgProxObj']"
mizhwad,"['mizhwi+VTA+Cnj+Pos+Neu+2SgSubj+3SgProxObj', 'mizho+VTA+Cnj+Pos+Neu+2SgSubj+3SgProxObj']"
mikawisigwaa,"['mikaw+VTA+Cnj+Neg+Neu+3PlProxSubj+1SgObj', 'mikawi+VAI+Cnj+Neg+Neu+3PlProxSubj']"
mizhosigwaa,"['mizhwi+VTA+Cnj+Neg+Neu+3PlProxSubj+1SgObj', 'mizho+VTA+Cnj+Neg+Neu+3PlProxSubj+1SgObj']"
mikawiwaad,"['mikaw+VTA+Cnj+Pos+Neu+3PlProxSubj+1SgObj', 'mikawi+VAI+Cnj+Pos+Neu+3PlProxSubj']"
mizhowaad,"['mizhwi+VTA+Cnj+Pos+Neu+3PlProxSubj+1SgObj', 'mizho+VTA+Cnj+Pos+Neu+3PlProxSubj+1SgObj']"
mizhosinowegwaa,"['mizhwi+VTA+Cnj+Neg+Neu+3PlProxSubj+2PlObj', 'mizho+VTA+Cnj+Neg+Neu+3PlProxSubj+2PlObj']"
mizhonegwaa,"['mizhwi+VTA+Cnj+Pos+Neu+3PlProxSubj+2PlObj', 'mizho+VTA+Cnj+Pos+Neu+3PlProxSubj+2PlObj']"
mizhosinokwaa,"['mizhwi+VTA+Cnj+Neg+Neu+3PlProxSubj+2SgObj', 'mizho+VTA+Cnj+Neg+Neu+3PlProxSubj+2SgObj']"
mizhokwaa,"['mizhwi+VTA+Cnj+Pos+Neu+3PlProxSubj+2SgObj', 'mizho+VTA+Cnj+Pos+Neu+3PlProxSubj+2SgObj']"
mawadisaasigwaa,"['mawadish+VTA+Cnj+Neg+Neu+3PlProxSubj+3PlObvObj', 'mawadish+VTA+Cnj+Neg+Neu+3PlProxSubj+3SgObvObj']"
miinaasigwaa,"['miizh+VTA+Cnj+Neg+Neu+3PlProxSubj+3PlObvObj', 'miizh+VTA+Cnj+Neg+Neu+3PlProxSubj+3SgObvObj']"
mikawaasigwaa,"['mikaw+VTA+Cnj+Neg+Neu+3PlProxSubj+3PlObvObj', 'mikaw+VTA+Cnj+Neg+Neu+3PlProxSubj+3SgObvObj']"
mizhwaasigwaa,"['mizhwi+VTA+Cnj+Neg+Neu+3PlProxSubj+3PlObvObj', 'mizho+VTA+Cnj+Neg+Neu+3PlProxSubj+3PlObvObj', 'mizhwi+VTA+Cnj+Neg+Neu+3PlProxSubj+3SgObvObj', 'mizho+VTA+Cnj+Neg+Neu+3PlProxSubj+3SgObvObj']"
waabamaasigwaa,"['waabam+VTA+Cnj+Neg+Neu+3PlProxSubj+3PlObvObj', 'waabam+VTA+Cnj+Neg+Neu+3PlProxSubj+3SgObvObj']"
mawadisaawaad,"['mawadish+VTA+Cnj+Pos+Neu+3PlProxSubj+3SgObvObj', 'mawadish+VTA+Cnj+Pos+Neu+3PlProxSubj+3PlObvObj']"
miinaawaad,"['miizh+VTA+Cnj+Pos+Neu+3PlProxSubj+3SgObvObj', 'miizh+VTA+Cnj+Pos+Neu+3PlProxSubj+3PlObvObj']"
mikawaawaad,"['mikaw+VTA+Cnj+Pos+Neu+3PlProxSubj+3SgObvObj', 'mikaw+VTA+Cnj+Pos+Neu+3PlProxSubj+3PlObvObj']"
mizhwaawaad,"['mizhwi+VTA+Cnj+Pos+Neu+3PlProxSubj+3SgObvObj', 'mizho+VTA+Cnj+Pos+Neu+3PlProxSubj+3SgObvObj', 'mizhwi+VTA+Cnj+Pos+Neu+3PlProxSubj+3PlObvObj', 'mizho+VTA+Cnj+Pos+Neu+3PlProxSubj+3PlObvObj']"
waabamaawaad,"['waabam+VTA+Cnj+Pos+Neu+3PlProxSubj+3SgObvObj', 'waabam+VTA+Cnj+Pos+Neu+3PlProxSubj+3PlObvObj']"
mizhosinowangidwaa,"['mizhwi+VTA+Cnj+Neg+Neu+3PlProxSubj+ExclObj', 'mizho+VTA+Cnj+Neg+Neu+3PlProxSubj+ExclObj']"
mawadisigooyaang,"['mawadish+VTA+Cnj+Pos+Neu+3PlProxSubj+ExclObj', 'mawadish+VTA+Cnj+Pos+Neu+3SgProxSubj+ExclObj', 'mawadish+VTA+Cnj+Pos+Neu+XSubj+ExclObj']"
miinigooyaang,"['miizh+VTA+Cnj+Pos+Neu+3PlProxSubj+ExclObj', 'miizh+VTA+Cnj+Pos+Neu+3SgProxSubj+ExclObj', 'miizh+VTA+Cnj+Pos+Neu+XSubj+ExclObj']"
mikaagooyaang,"['mikaw+VTA+Cnj+Pos+Neu+3PlProxSubj+ExclObj', 'mikaw+VTA+Cnj+Pos+Neu+3SgProxSubj+ExclObj', 'mikaw+VTA+Cnj+Pos+Neu+XSubj+ExclObj']"
mizhogooyaang,"['mizhwi+VTA+Cnj+Pos+Neu+3PlProxSubj+ExclObj', 'mizho+VTA+Cnj+Pos+Neu+3PlProxSubj+ExclObj', 'mizhwi+VTA+Cnj+Pos+Neu+3SgProxSubj+ExclObj', 'mizho+VTA+Cnj+Pos+Neu+3SgProxSubj+ExclObj', 'mizhwi+VTA+Cnj+Pos+Neu+XSubj+ExclObj', 'mizho+VTA+Cnj+Pos+Neu+XSubj+ExclObj']"
waabamigooyaang,"['waabam+VTA+Cnj+Pos+Neu+3PlProxSubj+ExclObj', 'waabam+VTA+Cnj+Pos+Neu+3SgProxSubj+ExclObj', 'waabam+VTA+Cnj+Pos+Neu+XSubj+ExclObj']"
mizhosinowangwaa,"['mizhwi+VTA+Cnj+Neg+Neu+3PlProxSubj+InclObj', 'mizho+VTA+Cnj+Neg+Neu+3PlProxSubj+InclObj']"
mizhonangwaa,"['mizhwi+VTA+Cnj+Pos+Neu+3PlProxSubj+InclObj', 'mizho+VTA+Cnj+Pos+Neu+3PlProxSubj+InclObj']"
mikawisig,"['mikaw+VTA+Cnj+Neg+Neu+3SgProxSubj+1SgObj', 'mikawi+VAI+Cnj+Neg+Neu+3SgProxSubj']"
mizhosig,"['mizhwi+VTA+Cnj+Neg+Neu+3SgProxSubj+1SgObj', 'mizho+VTA+Cnj+Neg+Neu+3SgProxSubj+1SgObj']"
mikawid,"['mikaw+VTA+Cnj+Pos+Neu+3SgProxSubj+1SgObj', 'mikawi+VAI+Cnj+Pos+Neu+3SgProxSubj']"
mizhod,"['mizhwi+VTA+Cnj+Pos+Neu+3SgProxSubj+1SgObj', 'mizho+VTA+Cnj+Pos+Neu+3SgProxSubj+1SgObj']"
mizhosinoweg,"['mizhwi+VTA+Cnj+Neg+Neu+3SgProxSubj+2PlObj', 'mizho+VTA+Cnj+Neg+Neu+3SgProxSubj+2PlObj']"
mizhoneg,"['mizhwi+VTA+Cnj+Pos+Neu+3SgProxSubj+2PlObj', 'mizho+VTA+Cnj+Pos+Neu+3SgProxSubj+2PlObj']"
mizhosinok,"['mizhwi+VTA+Cnj+Neg+Neu+3SgProxSubj+2SgObj', 'mizho+VTA+Cnj+Neg+Neu+3SgProxSubj+2SgObj']"
mawadisik,"['mawadish+VTA+Cnj+Pos+Neu+3SgProxSubj+2SgObj', 'mawadish+VTA+Imp+Sim+2PlSubj+3SgProxObj', 'mawadish+VTA+Imp+Sim+2PlSubj+3PlProxObj']"
miinik,"['miizh+VTA+Cnj+Pos+Neu+3SgProxSubj+2SgObj', 'miizh+VTA+Imp+Sim+2PlSubj+3SgProxObj', 'miizh+VTA+Imp+Sim+2PlSubj+3PlProxObj']"
mizhok,"['mizhwi+VTA+Cnj+Pos+Neu+3SgProxSubj+2SgObj', 'mizho+VTA+Cnj+Pos+Neu+3SgProxSubj+2SgObj', 'mizhwi+VTA+Imp+Sim+2PlSubj+3SgProxObj', 'mizho+VTA+Imp+Sim+2PlSubj+3SgProxObj', 'mizhwi+VTA+Imp+Sim+2PlSubj+3PlProxObj', 'mizho+VTA+Imp+Sim+2PlSubj+3PlProxObj']"
waabamik,"['waabam+VTA+Cnj+Pos+Neu+3SgProxSubj+2SgObj', 'waabamik+NA+ProxSg', 'waabam+VTA+Imp+Sim+2PlSubj+3SgProxObj', 'waabam+VTA+Imp+Sim+2PlSubj+3PlProxObj']"
mawadisaasig,"['mawadish+VTA+Cnj+Neg+Neu+3SgProxSubj+3SgObvObj', 'mawadish+VTA+Cnj+Neg+Neu+3SgProxSubj+3PlObvObj']"
miinaasig,"['miizh+VTA+Cnj+Neg+Neu+3SgProxSubj+3SgObvObj', 'miizh+VTA+Cnj+Neg+Neu+3SgProxSubj+3PlObvObj']"
mikawaasig,"['mikaw+VTA+Cnj+Neg+Neu+3SgProxSubj+3SgObvObj', 'mikaw+VTA+Cnj+Neg+Neu+3SgProxSubj+3PlObvObj']"
mizhwaasig,"['mizhwi+VTA+Cnj+Neg+Neu+3SgProxSubj+3SgObvObj', 'mizho+VTA+Cnj+Neg+Neu+3SgProxSubj+3SgObvObj', 'mizhwi+VTA+Cnj+Neg+Neu+3SgProxSubj+3PlObvObj', 'mizho+VTA+Cnj+Neg+Neu+3SgProxSubj+3PlObvObj']"
waabamaasig,"['waabam+VTA+Cnj+Neg+Neu+3SgProxSubj+3SgObvObj', 'waabam+VTA+Cnj+Neg+Neu+3SgProxSubj+3PlObvObj']"
mawadisaad,"['mawadish+VTA+Cnj+Pos+Neu+3SgProxSubj+3SgObvObj', 'mawadish+VTA+Cnj+Pos+Neu+3SgProxSubj+3PlObvObj']"
miinaad,"['miizh+VTA+Cnj+Pos+Neu+3SgProxSubj+3SgObvObj', 'miizh+VTA+Cnj+Pos+Neu+3SgProxSubj+3PlObvObj']"
mikawaad,"['mikaw+VTA+Cnj+Pos+Neu+3SgProxSubj+3SgObvObj', 'mikaw+VTA+Cnj+Pos+Neu+3SgProxSubj+3PlObvObj']"
mizhwaad,"['mizhwi+VTA+Cnj+Pos+Neu+3SgProxSubj+3SgObvObj', 'mizho+VTA+Cnj+Pos+Neu+3SgProxSubj+3SgObvObj', 'mizhwi+VTA+Cnj+Pos+Neu+3SgProxSubj+3PlObvObj', 'mizho+VTA+Cnj+Pos+Neu+3SgProxSubj+3PlObvObj']"
waabamaad,"['waabam+VTA+Cnj+Pos+Neu+3SgProxSubj+3SgObvObj', 'waabam+VTA+Cnj+Pos+Neu+3SgProxSubj+3PlObvObj']"
mizhosinowangid,"['mizhwi+VTA+Cnj+Neg+Neu+3SgProxSubj+ExclObj', 'mizho+VTA+Cnj+Neg+Neu+3SgProxSubj+ExclObj']"
mizhosinowang,"['mizhwi+VTA+Cnj+Neg+Neu+3SgProxSubj+InclObj', 'mizho+VTA+Cnj+Neg+Neu+3SgProxSubj+InclObj']"
mizhonang,"['mizhwi+VTA+Cnj+Pos+Neu+3SgProxSubj+InclObj', 'mizho+VTA+Cnj+Pos+Neu+3SgProxSubj+InclObj']"
mawadisigoosiweg,"['mawadish+VTA+Cnj+Neg+Neu+XSubj+2PlObj', 'mawadish+VTA+Cnj+Neg+Neu+ExclSubj+2PlObj']"
miinigoosiweg,"['miizh+VTA+Cnj+Neg+Neu+XSubj+2PlObj', 'miizh+VTA+Cnj+Neg+Neu+ExclSubj+2PlObj']"
mikaagoosiweg,"['mikaw+VTA+Cnj+Neg+Neu+XSubj+2PlObj', 'mikaw+VTA+Cnj+Neg+Neu+ExclSubj+2PlObj']"
mizhogoosiweg,"['mizhwi+VTA+Cnj+Neg+Neu+XSubj+2PlObj', 'mizho+VTA+Cnj+Neg+Neu+XSubj+2PlObj', 'mizhwi+VTA+Cnj+Neg+Neu+ExclSubj+2PlObj', 'mizho+VTA+Cnj+Neg+Neu+ExclSubj+2PlObj']"
waabamigoosiweg,"['waabam+VTA+Cnj+Neg+Neu+XSubj+2PlObj', 'waabam+VTA+Cnj+Neg+Neu+ExclSubj+2PlObj']"
mawadisigooyeg,"['mawadish+VTA+Cnj+Pos+Neu+ExclSubj+2PlObj', 'mawadish+VTA+Cnj+Pos+Neu+XSubj+2PlObj']"
miinigooyeg,"['miizh+VTA+Cnj+Pos+Neu+ExclSubj+2PlObj', 'miizh+VTA+Cnj+Pos+Neu+XSubj+2PlObj']"
mikaagooyeg,"['mikaw+VTA+Cnj+Pos+Neu+ExclSubj+2PlObj', 'mikaw+VTA+Cnj+Pos+Neu+XSubj+2PlObj']"
mizhogooyeg,"['mizhwi+VTA+Cnj+Pos+Neu+ExclSubj+2PlObj', 'mizho+VTA+Cnj+Pos+Neu+ExclSubj+2PlObj', 'mizhwi+VTA+Cnj+Pos+Neu+XSubj+2PlObj', 'mizho+VTA+Cnj+Pos+Neu+XSubj+2PlObj']"
waabamigooyeg,"['waabam+VTA+Cnj+Pos+Neu+ExclSubj+2PlObj', 'waabam+VTA+Cnj+Pos+Neu+XSubj+2PlObj']"
mawadisigoosiwan,"['mawadish+VTA+Cnj+Neg+Neu+XSubj+2SgObj', 'mawadish+VTA+Cnj+Neg+Neu+ExclSubj+2SgObj']"
miinigoosiwan,"['miizh+VTA+Cnj+Neg+Neu+XSubj+2SgObj', 'miizh+VTA+Cnj+Neg+Neu+ExclSubj+2SgObj']"
mikaagoosiwan,"['mikaw+VTA+Cnj+Neg+Neu+XSubj+2SgObj', 'mikaw+VTA+Cnj+Neg+Neu+ExclSubj+2SgObj']"
mizhogoosiwan,"['mizhwi+VTA+Cnj+Neg+Neu+XSubj+2SgObj', 'mizho+VTA+Cnj+Neg+Neu+XSubj+2SgObj', 'mizhwi+VTA+Cnj+Neg+Neu+ExclSubj+2SgObj', 'mizho+VTA+Cnj+Neg+Neu+ExclSubj+2SgObj']"
waabamigoosiwan,"['waabam+VTA+Cnj+Neg+Neu+XSubj+2SgObj', 'waabam+VTA+Cnj+Neg+Neu+ExclSubj+2SgObj']"
mawadisigooyan,"['mawadish+VTA+Cnj+Pos+Neu+ExclSubj+2SgObj', 'mawadish+VTA+Cnj+Pos+Neu+XSubj+2SgObj']"
miinigooyan,"['miizh+VTA+Cnj+Pos+Neu+ExclSubj+2SgObj', 'miizh+VTA+Cnj+Pos+Neu+XSubj+2SgObj']"
mikaagooyan,"['mikaw+VTA+Cnj+Pos+Neu+ExclSubj+2SgObj', 'mikaw+VTA+Cnj+Pos+Neu+XSubj+2SgObj']"
mizhogooyan,"['mizhwi+VTA+Cnj+Pos+Neu+ExclSubj+2SgObj', 'mizho+VTA+Cnj+Pos+Neu+ExclSubj+2SgObj', 'mizhwi+VTA+Cnj+Pos+Neu+XSubj+2SgObj', 'mizho+VTA+Cnj+Pos+Neu+XSubj+2SgObj']"
waabamigooyan,"['waabam+VTA+Cnj+Pos+Neu+ExclSubj+2SgObj', 'waabam+VTA+Cnj+Pos+Neu+XSubj+2SgObj']"
mawadisaasiwangidwaa,"['mawadish+VTA+Cnj+Neg+Neu+ExclSubj+3PlObvObj', 'mawadish+VTA+Cnj+Neg+Neu+ExclSubj+3PlProxObj']"
miinaasiwangidwaa,"['miizh+VTA+Cnj+Neg+Neu+ExclSubj+3PlObvObj', 'miizh+VTA+Cnj+Neg+Neu+ExclSubj+3PlProxObj']"
mikawaasiwangidwaa,"['mikaw+VTA+Cnj+Neg+Neu+ExclSubj+3PlObvObj', 'mikaw+VTA+Cnj+Neg+Neu+ExclSubj+3PlProxObj']"
mizhwaasiwangidwaa,"['mizhwi+VTA+Cnj+Neg+Neu+ExclSubj+3PlObvObj', 'mizho+VTA+Cnj+Neg+Neu+ExclSubj+3PlObvObj', 'mizhwi+VTA+Cnj+Neg+Neu+ExclSubj+3PlProxObj', 'mizho+VTA+Cnj+Neg+Neu+ExclSubj+3PlProxObj']"
waabamaasiwangidwaa,"['waabam+VTA+Cnj+Neg+Neu+ExclSubj+3PlObvObj', 'waabam+VTA+Cnj+Neg+Neu+ExclSubj+3PlProxObj']"
mawadisimangid,"['mawadish+VTA+Cnj+Pos+Neu+ExclSubj+3PlObvObj', 'mawadish+VTA+Cnj+Pos+Neu+ExclSubj+3SgObvObj']"
miinimangid,"['miizh+VTA+Cnj+Pos+Neu+ExclSubj+3PlObvObj', 'miizh+VTA+Cnj+Pos+Neu+ExclSubj+3SgObvObj']"
mikawimangid,"['mikaw+VTA+Cnj+Pos+Neu+ExclSubj+3PlObvObj', 'mikaw+VTA+Cnj+Pos+Neu+ExclSubj+3SgObvObj']"
mizhomangid,"['mizhwi+VTA+Cnj+Pos+Neu+ExclSubj+3PlObvObj', 'mizho+VTA+Cnj+Pos+Neu+ExclSubj+3PlObvObj', 'mizhwi+VTA+Cnj+Pos+Neu+ExclSubj+3SgObvObj', 'mizho+VTA+Cnj+Pos+Neu+ExclSubj+3SgObvObj']"
waabamimangid,"['waabam+VTA+Cnj+Pos+Neu+ExclSubj+3PlObvObj', 'waabam+VTA+Cnj+Pos+Neu+ExclSubj+3SgObvObj']"
mizhwangidwaa,"['mizhwi+VTA+Cnj+Pos+Neu+ExclSubj+3PlProxObj', 'mizho+VTA+Cnj+Pos+Neu+ExclSubj+3PlProxObj']"
mawadisimaasiwangid,"['mawadish+VTA+Cnj+Neg+Neu+ExclSubj+3PlObvObj', 'mawadish+VTA+Cnj+Neg+Neu+ExclSubj+3SgObvObj']"
miinimaasiwangid,"['miizh+VTA+Cnj+Neg+Neu+ExclSubj+3PlObvObj', 'miizh+VTA+Cnj+Neg+Neu+ExclSubj+3SgObvObj']"
mikawimaasiwangid,"['mikaw+VTA+Cnj+Neg+Neu+ExclSubj+3PlObvObj', 'mikaw+VTA+Cnj+Neg+Neu+ExclSubj+3SgObvObj']"
mizhomaasiwangid,"['mizhwi+VTA+Cnj+Neg+Neu+ExclSubj+3PlObvObj', 'mizho+VTA+Cnj+Neg+Neu+ExclSubj+3PlObvObj', 'mizhwi+VTA+Cnj+Neg+Neu+ExclSubj+3SgObvObj', 'mizho+VTA+Cnj+Neg+Neu+ExclSubj+3SgObvObj']"
waabamimaasiwangid,"['waabam+VTA+Cnj+Neg+Neu+ExclSubj+3PlObvObj', 'waabam+VTA+Cnj+Neg+Neu+ExclSubj+3SgObvObj']"
mizhwaasiwangid,"['mizhwi+VTA+Cnj+Neg+Neu+ExclSubj+3SgProxObj', 'mizho+VTA+Cnj+Neg+Neu+ExclSubj+3SgProxObj']"
mizhwangid,"['mizhwi+VTA+Cnj+Pos+Neu+ExclSubj+3SgProxObj', 'mizho+VTA+Cnj+Pos+Neu+ExclSubj+3SgProxObj']"
mawadisaasiwangwaa,"['mawadish+VTA+Cnj+Neg+Neu+InclSubj+3PlObvObj', 'mawadish+VTA+Cnj+Neg+Neu+InclSubj+3PlProxObj']"
miinaasiwangwaa,"['miizh+VTA+Cnj+Neg+Neu+InclSubj+3PlObvObj', 'miizh+VTA+Cnj+Neg+Neu+InclSubj+3PlProxObj']"
mikawaasiwangwaa,"['mikaw+VTA+Cnj+Neg+Neu+InclSubj+3PlObvObj', 'mikaw+VTA+Cnj+Neg+Neu+InclSubj+3PlProxObj']"
mizhwaasiwangwaa,"['mizhwi+VTA+Cnj+Neg+Neu+InclSubj+3PlObvObj', 'mizho+VTA+Cnj+Neg+Neu+InclSubj+3PlObvObj', 'mizhwi+VTA+Cnj+Neg+Neu+InclSubj+3PlProxObj', 'mizho+VTA+Cnj+Neg+Neu+InclSubj+3PlProxObj']"
waabamaasiwangwaa,"['waabam+VTA+Cnj+Neg+Neu+InclSubj+3PlObvObj', 'waabam+VTA+Cnj+Neg+Neu+InclSubj+3PlProxObj']"
mawadisimang,"['mawadish+VTA+Cnj+Pos+Neu+InclSubj+3SgObvObj', 'mawadish+VTA+Cnj+Pos+Neu+InclSubj+3PlObvObj']"
miinimang,"['miizh+VTA+Cnj+Pos+Neu+InclSubj+3SgObvObj', 'miizh+VTA+Cnj+Pos+Neu+InclSubj+3PlObvObj']"
mikawimang,"['mikaw+VTA+Cnj+Pos+Neu+InclSubj+3SgObvObj', 'mikaw+VTA+Cnj+Pos+Neu+InclSubj+3PlObvObj']"
mizhomang,"['mizhwi+VTA+Cnj+Pos+Neu+InclSubj+3SgObvObj', 'mizho+VTA+Cnj+Pos+Neu+InclSubj+3SgObvObj', 'mizhwi+VTA+Cnj+Pos+Neu+InclSubj+3PlObvObj', 'mizho+VTA+Cnj+Pos+Neu+InclSubj+3PlObvObj']"
waabamimang,"['waabam+VTA+Cnj+Pos+Neu+InclSubj+3SgObvObj', 'waabam+VTA+Cnj+Pos+Neu+InclSubj+3PlObvObj']"
mizhwangwaa,"['mizhwi+VTA+Cnj+Pos+Neu+InclSubj+3PlProxObj', 'mizho+VTA+Cnj+Pos+Neu+InclSubj+3PlProxObj']"
mawadisimaasiwang,"['mawadish+VTA+Cnj+Neg+Neu+InclSubj+3PlObvObj', 'mawadish+VTA+Cnj+Neg+Neu+InclSubj+3SgObvObj']"
miinimaasiwang,"['miizh+VTA+Cnj+Neg+Neu+InclSubj+3PlObvObj', 'miizh+VTA+Cnj+Neg+Neu+InclSubj+3SgObvObj']"
mikawimaasiwang,"['mikaw+VTA+Cnj+Neg+Neu+InclSubj+3PlObvObj', 'mikaw+VTA+Cnj+Neg+Neu+InclSubj+3SgObvObj']"
mizhomaasiwang,"['mizhwi+VTA+Cnj+Neg+Neu+InclSubj+3PlObvObj', 'mizho+VTA+Cnj+Neg+Neu+InclSubj+3PlObvObj', 'mizhwi+VTA+Cnj+Neg+Neu+InclSubj+3SgObvObj', 'mizho+VTA+Cnj+Neg+Neu+InclSubj+3SgObvObj']"
waabamimaasiwang,"['waabam+VTA+Cnj+Neg+Neu+InclSubj+3PlObvObj', 'waabam+VTA+Cnj+Neg+Neu+InclSubj+3SgObvObj']"
mizhwaasiwang,"['mizhwi+VTA+Cnj+Neg+Neu+InclSubj+3SgProxObj', 'mizho+VTA+Cnj+Neg+Neu+InclSubj+3SgProxObj']"
mizhwang,"['mizhwi+VTA+Cnj+Pos+Neu+InclSubj+3SgProxObj', 'mizho+VTA+Cnj+Pos+Neu+InclSubj+3SgProxObj']"
mizhogoosiwaan,"['mizhwi+VTA+Cnj+Neg+Neu+XSubj+1SgObj', 'mizho+VTA+Cnj+Neg+Neu+XSubj+1SgObj']"
mizhogooyaan,"['mizhwi+VTA+Cnj+Pos+Neu+XSubj+1SgObj', 'mizho+VTA+Cnj+Pos+Neu+XSubj+1SgObj']"
mawadisaasiwindwaa,"['mawadish+VTA+Cnj+Neg+Neu+XSubj+3PlObvObj', 'mawadish+VTA+Cnj+Neg+Neu+XSubj+3PlProxObj']"
miinaasiwindwaa,"['miizh+VTA+Cnj+Neg+Neu+XSubj+3PlObvObj', 'miizh+VTA+Cnj+Neg+Neu+XSubj+3PlProxObj']"
mikawaasiwindwaa,"['mikaw+VTA+Cnj+Neg+Neu+XSubj+3PlObvObj', 'mikaw+VTA+Cnj+Neg+Neu+XSubj+3PlProxObj']"
mizhwaasiwindwaa,"['mizhwi+VTA+Cnj+Neg+Neu+XSubj+3PlObvObj', 'mizho+VTA+Cnj+Neg+Neu+XSubj+3PlObvObj', 'mizhwi+VTA+Cnj+Neg+Neu+XSubj+3PlProxObj', 'mizho+VTA+Cnj+Neg+Neu+XSubj+3PlProxObj']"
waabamaasiwindwaa,"['waabam+VTA+Cnj+Neg+Neu+XSubj+3PlObvObj', 'waabam+VTA+Cnj+Neg+Neu+XSubj+3PlProxObj']"
mawadisimind,"['mawadish+VTA+Cnj+Pos+Neu+XSubj+3SgObvObj', 'mawadish+VTA+Cnj+Pos+Neu+XSubj+3PlObvObj']"
miinimind,"['miizh+VTA+Cnj+Pos+Neu+XSubj+3SgObvObj', 'miizh+VTA+Cnj+Pos+Neu+XSubj+3PlObvObj']"
mikawimind,"['mikaw+VTA+Cnj+Pos+Neu+XSubj+3SgObvObj', 'mikaw+VTA+Cnj+Pos+Neu+XSubj+3PlObvObj']"
mizhomind,"['mizhwi+VTA+Cnj+Pos+Neu+XSubj+3SgObvObj', 'mizho+VTA+Cnj+Pos+Neu+XSubj+3SgObvObj', 'mizhwi+VTA+Cnj+Pos+Neu+XSubj+3PlObvObj', 'mizho+VTA+Cnj+Pos+Neu+XSubj+3PlObvObj']"
waabamimind,"['waabam+VTA+Cnj+Pos+Neu+XSubj+3SgObvObj', 'waabam+VTA+Cnj+Pos+Neu+XSubj+3PlObvObj']"
mizhondwaa,"['mizhwi+VTA+Cnj+Pos+Neu+XSubj+3PlProxObj', 'mizho+VTA+Cnj+Pos+Neu+XSubj+3PlProxObj']"
mawadisimaasiwind,"['mawadish+VTA+Cnj+Neg+Neu+XSubj+3PlObvObj', 'mawadish+VTA+Cnj+Neg+Neu+XSubj+3SgObvObj']"
miinimaasiwind,"['miizh+VTA+Cnj+Neg+Neu+XSubj+3PlObvObj', 'miizh+VTA+Cnj+Neg+Neu+XSubj+3SgObvObj']"
mikawimaasiwind,"['mikaw+VTA+Cnj+Neg+Neu+XSubj+3PlObvObj', 'mikaw+VTA+Cnj+Neg+Neu+XSubj+3SgObvObj']"
mizhomaasiwind,"['mizhwi+VTA+Cnj+Neg+Neu+XSubj+3PlObvObj', 'mizho+VTA+Cnj+Neg+Neu+XSubj+3PlObvObj', 'mizhwi+VTA+Cnj+Neg+Neu+XSubj+3SgObvObj', 'mizho+VTA+Cnj+Neg+Neu+XSubj+3SgObvObj']"
waabamimaasiwind,"['waabam+VTA+Cnj+Neg+Neu+XSubj+3PlObvObj', 'waabam+VTA+Cnj+Neg+Neu+XSubj+3SgObvObj']"
mizhwaasiwind,"['mizhwi+VTA+Cnj+Neg+Neu+XSubj+3SgProxObj', 'mizho+VTA+Cnj+Neg+Neu+XSubj+3SgProxObj']"
mizhond,"['mizhwi+VTA+Cnj+Pos+Neu+XSubj+3SgProxObj', 'mizho+VTA+Cnj+Pos+Neu+XSubj+3SgProxObj']"
mizhogoosiwaang,"['mizhwi+VTA+Cnj+Neg+Neu+XSubj+ExclObj', 'mizho+VTA+Cnj+Neg+Neu+XSubj+ExclObj']"
mizhogoosiwang,"['mizhwi+VTA+Cnj+Neg+Neu+XSubj+InclObj', 'mizho+VTA+Cnj+Neg+Neu+XSubj+InclObj']"
mizhogooyang,"['mizhwi+VTA+Cnj+Pos+Neu+XSubj+InclObj', 'mizho+VTA+Cnj+Pos+Neu+XSubj+InclObj']"
mawadisigosiwaambaan,"['mawadish+VTA+Cnj+Neg+Prt+0PlSubj+1SgObj', 'mawadish+VTA+Cnj+Neg+Prt+0SgSubj+1SgObj']"
miinigosiwaambaan,"['miizh+VTA+Cnj+Neg+Prt+0PlSubj+1SgObj', 'miizh+VTA+Cnj+Neg+Prt+0SgSubj+1SgObj']"
mikaagosiwaambaan,"['mikaw+VTA+Cnj+Neg+Prt+0PlSubj+1SgObj', 'mikaw+VTA+Cnj+Neg+Prt+0SgSubj+1SgObj']"
mizhogosiwaambaan,"['mizhwi+VTA+Cnj+Neg+Prt+0PlSubj+1SgObj', 'mizho+VTA+Cnj+Neg+Prt+0PlSubj+1SgObj', 'mizhwi+VTA+Cnj+Neg+Prt+0SgSubj+1SgObj', 'mizho+VTA+Cnj+Neg+Prt+0SgSubj+1SgObj']"
waabamigosiwaambaan,"['waabam+VTA+Cnj+Neg+Prt+0PlSubj+1SgObj', 'waabam+VTA+Cnj+Neg+Prt+0SgSubj+1SgObj']"
mawadisigoyaambaan,"['mawadish+VTA+Cnj+Pos+Prt+0PlSubj+1SgObj', 'mawadish+VTA+Cnj+Pos+Prt+0SgSubj+1SgObj']"
miinigoyaambaan,"['miizh+VTA+Cnj+Pos+Prt+0PlSubj+1SgObj', 'miizh+VTA+Cnj+Pos+Prt+0SgSubj+1SgObj']"
mikaagoyaambaan,"['mikaw+VTA+Cnj+Pos+Prt+0PlSubj+1SgObj', 'mikaw+VTA+Cnj+Pos+Prt+0SgSubj+1SgObj']"
mizhogoyaambaan,"['mizhwi+VTA+Cnj+Pos+Prt+0PlSubj+1SgObj', 'mizho+VTA+Cnj+Pos+Prt+0PlSubj+1SgObj', 'mizhwi+VTA+Cnj+Pos+Prt+0SgSubj+1SgObj', 'mizho+VTA+Cnj+Pos+Prt+0SgSubj+1SgObj']"
waabamigoyaambaan,"['waabam+VTA+Cnj+Pos+Prt+0PlSubj+1SgObj', 'waabam+VTA+Cnj+Pos+Prt+0SgSubj+1SgObj']"
mawadisigosiwegiban,"['mawadish+VTA+Cnj+Neg+Prt+0PlSubj+2PlObj', 'mawadish+VTA+Cnj+Neg+Prt+0SgSubj+2PlObj']"
miinigosiwegiban,"['miizh+VTA+Cnj+Neg+Prt+0PlSubj+2PlObj', 'miizh+VTA+Cnj+Neg+Prt+0SgSubj+2PlObj']"
mikaagosiwegiban,"['mikaw+VTA+Cnj+Neg+Prt+0PlSubj+2PlObj', 'mikaw+VTA+Cnj+Neg+Prt+0SgSubj+2PlObj']"
mizhogosiwegiban,"['mizhwi+VTA+Cnj+Neg+Prt+0PlSubj+2PlObj', 'mizho+VTA+Cnj+Neg+Prt+0PlSubj+2PlObj', 'mizhwi+VTA+Cnj+Neg+Prt+0SgSubj+2PlObj', 'mizho+VTA+Cnj+Neg+Prt+0SgSubj+2PlObj']"
waabamigosiwegiban,"['waabam+VTA+Cnj+Neg+Prt+0PlSubj+2PlObj', 'waabam+VTA+Cnj+Neg+Prt+0SgSubj+2PlObj']"
mawadisigoyegiban,"['mawadish+VTA+Cnj+Pos+Prt+0PlSubj+2PlObj', 'mawadish+VTA+Cnj+Pos+Prt+0SgSubj+2PlObj']"
miinigoyegiban,"['miizh+VTA+Cnj+Pos+Prt+0PlSubj+2PlObj', 'miizh+VTA+Cnj+Pos+Prt+0SgSubj+2PlObj']"
mikaagoyegiban,"['mikaw+VTA+Cnj+Pos+Prt+0PlSubj+2PlObj', 'mikaw+VTA+Cnj+Pos+Prt+0SgSubj+2PlObj']"
mizhogoyegiban,"['mizhwi+VTA+Cnj+Pos+Prt+0PlSubj+2PlObj', 'mizho+VTA+Cnj+Pos+Prt+0PlSubj+2PlObj', 'mizhwi+VTA+Cnj+Pos+Prt+0SgSubj+2PlObj', 'mizho+VTA+Cnj+Pos+Prt+0SgSubj+2PlObj']"
waabamigoyegiban,"['waabam+VTA+Cnj+Pos+Prt+0PlSubj+2PlObj', 'waabam+VTA+Cnj+Pos+Prt+0SgSubj+2PlObj']"
mawadisigosiwamban,"['mawadish+VTA+Cnj+Neg+Prt+0PlSubj+2SgObj', 'mawadish+VTA+Cnj+Neg+Prt+0SgSubj+2SgObj']"
miinigosiwamban,"['miizh+VTA+Cnj+Neg+Prt+0PlSubj+2SgObj', 'miizh+VTA+Cnj+Neg+Prt+0SgSubj+2SgObj']"
mikaagosiwamban,"['mikaw+VTA+Cnj+Neg+Prt+0PlSubj+2SgObj', 'mikaw+VTA+Cnj+Neg+Prt+0SgSubj+2SgObj']"
mizhogosiwamban,"['mizhwi+VTA+Cnj+Neg+Prt+0PlSubj+2SgObj', 'mizho+VTA+Cnj+Neg+Prt+0PlSubj+2SgObj', 'mizhwi+VTA+Cnj+Neg+Prt+0SgSubj+2SgObj', 'mizho+VTA+Cnj+Neg+Prt+0SgSubj+2SgObj']"
waabamigosiwamban,"['waabam+VTA+Cnj+Neg+Prt+0PlSubj+2SgObj', 'waabam+VTA+Cnj+Neg+Prt+0SgSubj+2SgObj']"
mawadisigoyamban,"['mawadish+VTA+Cnj+Pos+Prt+0PlSubj+2SgObj', 'mawadish+VTA+Cnj+Pos+Prt+0SgSubj+2SgObj']"
miinigoyamban,"['miizh+VTA+Cnj+Pos+Prt+0PlSubj+2SgObj', 'miizh+VTA+Cnj+Pos+Prt+0SgSubj+2SgObj']"
mikaagoyamban,"['mikaw+VTA+Cnj+Pos+Prt+0PlSubj+2SgObj', 'mikaw+VTA+Cnj+Pos+Prt+0SgSubj+2SgObj']"
mizhogoyamban,"['mizhwi+VTA+Cnj+Pos+Prt+0PlSubj+2SgObj', 'mizho+VTA+Cnj+Pos+Prt+0PlSubj+2SgObj', 'mizhwi+VTA+Cnj+Pos+Prt+0SgSubj+2SgObj', 'mizho+VTA+Cnj+Pos+Prt+0SgSubj+2SgObj']"
waabamigoyamban,"['waabam+VTA+Cnj+Pos+Prt+0PlSubj+2SgObj', 'waabam+VTA+Cnj+Pos+Prt+0SgSubj+2SgObj']"
mawadisigosinigoban,"['mawadish+VTA+Cnj+Neg+Prt+0PlSubj+3PlObvObj', 'mawadish+VTA+Cnj+Neg+Prt+0SgSubj+3PlObvObj', 'mawadish+VTA+Cnj+Neg+Prt+0PlSubj+3SgObvObj', 'mawadish+VTA+Cnj+Neg+Prt+0SgSubj+3SgObvObj']"
miinigosinigoban,"['miizh+VTA+Cnj+Neg+Prt+0PlSubj+3PlObvObj', 'miizh+VTA+Cnj+Neg+Prt+0SgSubj+3PlObvObj', 'miizh+VTA+Cnj+Neg+Prt+0PlSubj+3SgObvObj', 'miizh+VTA+Cnj+Neg+Prt+0SgSubj+3SgObvObj']"
mikaagosinigoban,"['mikaw+VTA+Cnj+Neg+Prt+0PlSubj+3PlObvObj', 'mikaw+VTA+Cnj+Neg+Prt+0SgSubj+3PlObvObj', 'mikaw+VTA+Cnj+Neg+Prt+0PlSubj+3SgObvObj', 'mikaw+VTA+Cnj+Neg+Prt+0SgSubj+3SgObvObj']"
mizhogosinigoban,"['mizhwi+VTA+Cnj+Neg+Prt+0PlSubj+3PlObvObj', 'mizho+VTA+Cnj+Neg+Prt+0PlSubj+3PlObvObj', 'mizhwi+VTA+Cnj+Neg+Prt+0SgSubj+3PlObvObj', 'mizho+VTA+Cnj+Neg+Prt+0SgSubj+3PlObvObj', 'mizhwi+VTA+Cnj+Neg+Prt+0PlSubj+3SgObvObj', 'mizho+VTA+Cnj+Neg+Prt+0PlSubj+3SgObvObj', 'mizhwi+VTA+Cnj+Neg+Prt+0SgSubj+3SgObvObj', 'mizho+VTA+Cnj+Neg+Prt+0SgSubj+3SgObvObj']"
waabamigosinigoban,"['waabam+VTA+Cnj+Neg+Prt+0PlSubj+3PlObvObj', 'waabam+VTA+Cnj+Neg+Prt+0SgSubj+3PlObvObj', 'waabam+VTA+Cnj+Neg+Prt+0PlSubj+3SgObvObj', 'waabam+VTA+Cnj+Neg+Prt+0SgSubj+3SgObvObj']"
mawadisigonipan,"['mawadish+VTA+Cnj+Pos+Prt+0PlSubj+3PlObvObj', 'mawadish+VTA+Cnj+Pos+Prt+0SgSubj+3PlObvObj', 'mawadish+VTA+Cnj+Pos+Prt+0PlSubj+3SgObvObj', 'mawadish+VTA+Cnj+Pos+Prt+0SgSubj+3SgObvObj']"
miinigonipan,"['miizh+VTA+Cnj+Pos+Prt+0PlSubj+3PlObvObj', 'miizh+VTA+Cnj+Pos+Prt+0SgSubj+3PlObvObj', 'miizh+VTA+Cnj+Pos+Prt+0PlSubj+3SgObvObj', 'miizh+VTA+Cnj+Pos+Prt+0SgSubj+3SgObvObj']"
mikaagonipan,"['mikaw+VTA+Cnj+Pos+Prt+0PlSubj+3PlObvObj', 'mikaw+VTA+Cnj+Pos+Prt+0SgSubj+3PlObvObj', 'mikaw+VTA+Cnj+Pos+Prt+0PlSubj+3SgObvObj', 'mikaw+VTA+Cnj+Pos+Prt+0SgSubj+3SgObvObj']"
mizhogonipan,"['mizhwi+VTA+Cnj+Pos+Prt+0PlSubj+3PlObvObj', 'mizho+VTA+Cnj+Pos+Prt+0PlSubj+3PlObvObj', 'mizhwi+VTA+Cnj+Pos+Prt+0SgSubj+3PlObvObj', 'mizho+VTA+Cnj+Pos+Prt+0SgSubj+3PlObvObj', 'mizhwi+VTA+Cnj+Pos+Prt+0PlSubj+3SgObvObj', 'mizho+VTA+Cnj+Pos+Prt+0PlSubj+3SgObvObj', 'mizhwi+VTA+Cnj+Pos+Prt+0SgSubj+3SgObvObj', 'mizho+VTA+Cnj+Pos+Prt+0SgSubj+3SgObvObj']"
waabamigonipan,"['waabam+VTA+Cnj+Pos+Prt+0PlSubj+3PlObvObj', 'waabam+VTA+Cnj+Pos+Prt+0SgSubj+3PlObvObj', 'waabam+VTA+Cnj+Pos+Prt+0PlSubj+3SgObvObj', 'waabam+VTA+Cnj+Pos+Prt+0SgSubj+3SgObvObj']"
mawadisigosigwaaban,"['mawadish+VTA+Cnj+Neg+Prt+3PlObvSubj+3PlProxObj', 'mawadish+VTA+Cnj+Neg+Prt+3SgObvSubj+3PlProxObj', 'mawadish+VTA+Cnj+Neg+Prt+0PlSubj+3PlProxObj', 'mawadish+VTA+Cnj+Neg+Prt+0SgSubj+3PlProxObj']"
miinigosigwaaban,"['miizh+VTA+Cnj+Neg+Prt+3PlObvSubj+3PlProxObj', 'miizh+VTA+Cnj+Neg+Prt+3SgObvSubj+3PlProxObj', 'miizh+VTA+Cnj+Neg+Prt+0PlSubj+3PlProxObj', 'miizh+VTA+Cnj+Neg+Prt+0SgSubj+3PlProxObj']"
mikaagosigwaaban,"['mikaw+VTA+Cnj+Neg+Prt+3PlObvSubj+3PlProxObj', 'mikaw+VTA+Cnj+Neg+Prt+3SgObvSubj+3PlProxObj', 'mikaw+VTA+Cnj+Neg+Prt+0PlSubj+3PlProxObj', 'mikaw+VTA+Cnj+Neg+Prt+0SgSubj+3PlProxObj']"
mizhogosigwaaban,"['mizhwi+VTA+Cnj+Neg+Prt+3PlObvSubj+3PlProxObj', 'mizho+VTA+Cnj+Neg+Prt+3PlObvSubj+3PlProxObj', 'mizhwi+VTA+Cnj+Neg+Prt+3SgObvSubj+3PlProxObj', 'mizho+VTA+Cnj+Neg+Prt+3SgObvSubj+3PlProxObj', 'mizhwi+VTA+Cnj+Neg+Prt+0PlSubj+3PlProxObj', 'mizho+VTA+Cnj+Neg+Prt+0PlSubj+3PlProxObj', 'mizhwi+VTA+Cnj+Neg+Prt+0SgSubj+3PlProxObj', 'mizho+VTA+Cnj+Neg+Prt+0SgSubj+3PlProxObj']"
waabamigosigwaaban,"['waabam+VTA+Cnj+Neg+Prt+3PlObvSubj+3PlProxObj', 'waabam+VTA+Cnj+Neg+Prt+3SgObvSubj+3PlProxObj', 'waabam+VTA+Cnj+Neg+Prt+0PlSubj+3PlProxObj', 'waabam+VTA+Cnj+Neg+Prt+0SgSubj+3PlProxObj']"
mawadisigowaapan,"['mawadish+VTA+Cnj+Pos+Prt+3PlObvSubj+3PlProxObj', 'mawadish+VTA+Cnj+Pos+Prt+3SgObvSubj+3PlProxObj', 'mawadish+VTA+Cnj+Pos+Prt+0PlSubj+3PlProxObj', 'mawadish+VTA+Cnj+Pos+Prt+0SgSubj+3PlProxObj']"
miinigowaapan,"['miizh+VTA+Cnj+Pos+Prt+3PlObvSubj+3PlProxObj', 'miizh+VTA+Cnj+Pos+Prt+3SgObvSubj+3PlProxObj', 'miizh+VTA+Cnj+Pos+Prt+0PlSubj+3PlProxObj', 'miizh+VTA+Cnj+Pos+Prt+0SgSubj+3PlProxObj']"
mikaagowaapan,"['mikaw+VTA+Cnj+Pos+Prt+3PlObvSubj+3PlProxObj', 'mikaw+VTA+Cnj+Pos+Prt+3SgObvSubj+3PlProxObj', 'mikaw+VTA+Cnj+Pos+Prt+0PlSubj+3PlProxObj', 'mikaw+VTA+Cnj+Pos+Prt+0SgSubj+3PlProxObj']"
mizhogowaapan,"['mizhwi+VTA+Cnj+Pos+Prt+3PlObvSubj+3PlProxObj', 'mizho+VTA+Cnj+Pos+Prt+3PlObvSubj+3PlProxObj', 'mizhwi+VTA+Cnj+Pos+Prt+3SgObvSubj+3PlProxObj', 'mizho+VTA+Cnj+Pos+Prt+3SgObvSubj+3PlProxObj', 'mizhwi+VTA+Cnj+Pos+Prt+0PlSubj+3PlProxObj', 'mizho+VTA+Cnj+Pos+Prt+0PlSubj+3PlProxObj', 'mizhwi+VTA+Cnj+Pos+Prt+0SgSubj+3PlProxObj', 'mizho+VTA+Cnj+Pos+Prt+0SgSubj+3PlProxObj']"
waabamigowaapan,"['waabam+VTA+Cnj+Pos+Prt+3PlObvSubj+3PlProxObj', 'waabam+VTA+Cnj+Pos+Prt+3SgObvSubj+3PlProxObj', 'waabam+VTA+Cnj+Pos+Prt+0PlSubj+3PlProxObj', 'waabam+VTA+Cnj+Pos+Prt+0SgSubj+3PlProxObj']"
mawadisigosigoban,"['mawadish+VTA+Cnj+Neg+Prt+3PlObvSubj+3SgProxObj', 'mawadish+VTA+Cnj+Neg+Prt+3SgObvSubj+3SgProxObj', 'mawadish+VTA+Cnj+Neg+Prt+0PlSubj+3SgProxObj', 'mawadish+VTA+Cnj+Neg+Prt+0SgSubj+3SgProxObj']"
miinigosigoban,"['miizh+VTA+Cnj+Neg+Prt+3PlObvSubj+3SgProxObj', 'miizh+VTA+Cnj+Neg+Prt+3SgObvSubj+3SgProxObj', 'miizh+VTA+Cnj+Neg+Prt+0PlSubj+3SgProxObj', 'miizh+VTA+Cnj+Neg+Prt+0SgSubj+3SgProxObj']"
mikaagosigoban,"['mikaw+VTA+Cnj+Neg+Prt+3PlObvSubj+3SgProxObj', 'mikaw+VTA+Cnj+Neg+Prt+3SgObvSubj+3SgProxObj', 'mikaw+VTA+Cnj+Neg+Prt+0PlSubj+3SgProxObj', 'mikaw+VTA+Cnj+Neg+Prt+0SgSubj+3SgProxObj']"
mizhogosigoban,"['mizhwi+VTA+Cnj+Neg+Prt+3PlObvSubj+3SgProxObj', 'mizho+VTA+Cnj+Neg+Prt+3PlObvSubj+3SgProxObj', 'mizhwi+VTA+Cnj+Neg+Prt+3SgObvSubj+3SgProxObj', 'mizho+VTA+Cnj+Neg+Prt+3SgObvSubj+3SgProxObj', 'mizhwi+VTA+Cnj+Neg+Prt+0PlSubj+3SgProxObj', 'mizho+VTA+Cnj+Neg+Prt+0PlSubj+3SgProxObj', 'mizhwi+VTA+Cnj+Neg+Prt+0SgSubj+3SgProxObj', 'mizho+VTA+Cnj+Neg+Prt+0SgSubj+3SgProxObj']"
waabamigosigoban,"['waabam+VTA+Cnj+Neg+Prt+3PlObvSubj+3SgProxObj', 'waabam+VTA+Cnj+Neg+Prt+3SgObvSubj+3SgProxObj', 'waabam+VTA+Cnj+Neg+Prt+0PlSubj+3SgProxObj', 'waabam+VTA+Cnj+Neg+Prt+0SgSubj+3SgProxObj']"
mawadisigopan,"['mawadish+VTA+Cnj+Pos+Prt+3PlObvSubj+3SgProxObj', 'mawadish+VTA+Cnj+Pos+Prt+3SgObvSubj+3SgProxObj', 'mawadish+VTA+Cnj+Pos+Prt+0PlSubj+3SgProxObj', 'mawadish+VTA+Cnj+Pos+Prt+0SgSubj+3SgProxObj']"
miinigopan,"['miizh+VTA+Cnj+Pos+Prt+3PlObvSubj+3SgProxObj', 'miizh+VTA+Cnj+Pos+Prt+3SgObvSubj+3SgProxObj', 'miizh+VTA+Cnj+Pos+Prt+0PlSubj+3SgProxObj', 'miizh+VTA+Cnj+Pos+Prt+0SgSubj+3SgProxObj']"
mikaagopan,"['mikaw+VTA+Cnj+Pos+Prt+3PlObvSubj+3SgProxObj', 'mikaw+VTA+Cnj+Pos+Prt+3SgObvSubj+3SgProxObj', 'mikaw+VTA+Cnj+Pos+Prt+0PlSubj+3SgProxObj', 'mikaw+VTA+Cnj+Pos+Prt+0SgSubj+3SgProxObj']"
mizhogopan,"['mizhwi+VTA+Cnj+Pos+Prt+3PlObvSubj+3SgProxObj', 'mizho+VTA+Cnj+Pos+Prt+3PlObvSubj+3SgProxObj', 'mizhwi+VTA+Cnj+Pos+Prt+3SgObvSubj+3SgProxObj', 'mizho+VTA+Cnj+Pos+Prt+3SgObvSubj+3SgProxObj', 'mizhwi+VTA+Cnj+Pos+Prt+0PlSubj+3SgProxObj', 'mizho+VTA+Cnj+Pos+Prt+0PlSubj+3SgProxObj', 'mizhwi+VTA+Cnj+Pos+Prt+0SgSubj+3SgProxObj', 'mizho+VTA+Cnj+Pos+Prt+0SgSubj+3SgProxObj']"
waabamigopan,"['waabam+VTA+Cnj+Pos+Prt+3PlObvSubj+3SgProxObj', 'waabam+VTA+Cnj+Pos+Prt+3SgObvSubj+3SgProxObj', 'waabam+VTA+Cnj+Pos+Prt+0PlSubj+3SgProxObj', 'waabam+VTA+Cnj+Pos+Prt+0SgSubj+3SgProxObj']"
mawadisigosiwaangiban,"['mawadish+VTA+Cnj+Neg+Prt+0PlSubj+ExclObj', 'mawadish+VTA+Cnj+Neg+Prt+0SgSubj+ExclObj']"
miinigosiwaangiban,"['miizh+VTA+Cnj+Neg+Prt+0PlSubj+ExclObj', 'miizh+VTA+Cnj+Neg+Prt+0SgSubj+ExclObj']"
mikaagosiwaangiban,"['mikaw+VTA+Cnj+Neg+Prt+0PlSubj+ExclObj', 'mikaw+VTA+Cnj+Neg+Prt+0SgSubj+ExclObj']"
mizhogosiwaangiban,"['mizhwi+VTA+Cnj+Neg+Prt+0PlSubj+ExclObj', 'mizho+VTA+Cnj+Neg+Prt+0PlSubj+ExclObj', 'mizhwi+VTA+Cnj+Neg+Prt+0SgSubj+ExclObj', 'mizho+VTA+Cnj+Neg+Prt+0SgSubj+ExclObj']"
waabamigosiwaangiban,"['waabam+VTA+Cnj+Neg+Prt+0PlSubj+ExclObj', 'waabam+VTA+Cnj+Neg+Prt+0SgSubj+ExclObj']"
mawadisigoyaangiban,"['mawadish+VTA+Cnj+Pos+Prt+0PlSubj+ExclObj', 'mawadish+VTA+Cnj+Pos+Prt+0SgSubj+ExclObj']"
miinigoyaangiban,"['miizh+VTA+Cnj+Pos+Prt+0PlSubj+ExclObj', 'miizh+VTA+Cnj+Pos+Prt+0SgSubj+ExclObj']"
mikaagoyaangiban,"['mikaw+VTA+Cnj+Pos+Prt+0PlSubj+ExclObj', 'mikaw+VTA+Cnj+Pos+Prt+0SgSubj+ExclObj']"
mizhogoyaangiban,"['mizhwi+VTA+Cnj+Pos+Prt+0PlSubj+ExclObj', 'mizho+VTA+Cnj+Pos+Prt+0PlSubj+ExclObj', 'mizhwi+VTA+Cnj+Pos+Prt+0SgSubj+ExclObj', 'mizho+VTA+Cnj+Pos+Prt+0SgSubj+ExclObj']"
waabamigoyaangiban,"['waabam+VTA+Cnj+Pos+Prt+0PlSubj+ExclObj', 'waabam+VTA+Cnj+Pos+Prt+0SgSubj+ExclObj']"
mawadisigosiwangiban,"['mawadish+VTA+Cnj+Neg+Prt+0PlSubj+InclObj', 'mawadish+VTA+Cnj+Neg+Prt+0SgSubj+InclObj']"
miinigosiwangiban,"['miizh+VTA+Cnj+Neg+Prt+0PlSubj+InclObj', 'miizh+VTA+Cnj+Neg+Prt+0SgSubj+InclObj']"
mikaagosiwangiban,"['mikaw+VTA+Cnj+Neg+Prt+0PlSubj+InclObj', 'mikaw+VTA+Cnj+Neg+Prt+0SgSubj+InclObj']"
mizhogosiwangiban,"['mizhwi+VTA+Cnj+Neg+Prt+0PlSubj+InclObj', 'mizho+VTA+Cnj+Neg+Prt+0PlSubj+InclObj', 'mizhwi+VTA+Cnj+Neg+Prt+0SgSubj+InclObj', 'mizho+VTA+Cnj+Neg+Prt+0SgSubj+InclObj']"
waabamigosiwangiban,"['waabam+VTA+Cnj+Neg+Prt+0PlSubj+InclObj', 'waabam+VTA+Cnj+Neg+Prt+0SgSubj+InclObj']"
mawadisigoyangiban,"['mawadish+VTA+Cnj+Pos+Prt+0PlSubj+InclObj', 'mawadish+VTA+Cnj+Pos+Prt+0SgSubj+InclObj']"
miinigoyangiban,"['miizh+VTA+Cnj+Pos+Prt+0PlSubj+InclObj', 'miizh+VTA+Cnj+Pos+Prt+0SgSubj+InclObj']"
mikaagoyangiban,"['mikaw+VTA+Cnj+Pos+Prt+0PlSubj+InclObj', 'mikaw+VTA+Cnj+Pos+Prt+0SgSubj+InclObj']"
mizhogoyangiban,"['mizhwi+VTA+Cnj+Pos+Prt+0PlSubj+InclObj', 'mizho+VTA+Cnj+Pos+Prt+0PlSubj+InclObj', 'mizhwi+VTA+Cnj+Pos+Prt+0SgSubj+InclObj', 'mizho+VTA+Cnj+Pos+Prt+0SgSubj+InclObj']"
waabamigoyangiban,"['waabam+VTA+Cnj+Pos+Prt+0PlSubj+InclObj', 'waabam+VTA+Cnj+Pos+Prt+0SgSubj+InclObj']"
mizhosinonagoogoban,"['mizhwi+VTA+Cnj+Neg+Prt+1SgSubj+2PlObj', 'mizho+VTA+Cnj+Neg+Prt+1SgSubj+2PlObj']"
mizhonagoogoban,"['mizhwi+VTA+Cnj+Pos+Prt+1SgSubj+2PlObj', 'mizho+VTA+Cnj+Pos+Prt+1SgSubj+2PlObj']"
mizhosinowaambaan,"['mizhwi+VTA+Cnj+Neg+Prt+1SgSubj+2SgObj', 'mizho+VTA+Cnj+Neg+Prt+1SgSubj+2SgObj']"
mizhonaambaan,"['mizhwi+VTA+Cnj+Pos+Prt+1SgSubj+2SgObj', 'mizho+VTA+Cnj+Pos+Prt+1SgSubj+2SgObj']"
mawadisimaasiwagiban,"['mawadish+VTA+Cnj+Neg+Prt+1SgSubj+3PlObvObj', 'mawadish+VTA+Cnj+Neg+Prt+1SgSubj+3SgObvObj']"
miinimaasiwagiban,"['miizh+VTA+Cnj+Neg+Prt+1SgSubj+3PlObvObj', 'miizh+VTA+Cnj+Neg+Prt+1SgSubj+3SgObvObj']"
mikawimaasiwagiban,"['mikaw+VTA+Cnj+Neg+Prt+1SgSubj+3PlObvObj', 'mikaw+VTA+Cnj+Neg+Prt+1SgSubj+3SgObvObj']"
mizhomaasiwagiban,"['mizhwi+VTA+Cnj+Neg+Prt+1SgSubj+3PlObvObj', 'mizho+VTA+Cnj+Neg+Prt+1SgSubj+3PlObvObj', 'mizhwi+VTA+Cnj+Neg+Prt+1SgSubj+3SgObvObj', 'mizho+VTA+Cnj+Neg+Prt+1SgSubj+3SgObvObj']"
waabamimaasiwagiban,"['waabam+VTA+Cnj+Neg+Prt+1SgSubj+3PlObvObj', 'waabam+VTA+Cnj+Neg+Prt+1SgSubj+3SgObvObj']"
mawadisimagiban,"['mawadish+VTA+Cnj+Pos+Prt+1SgSubj+3SgObvObj', 'mawadish+VTA+Cnj+Pos+Prt+1SgSubj+3PlObvObj']"
miinimagiban,"['miizh+VTA+Cnj+Pos+Prt+1SgSubj+3SgObvObj', 'miizh+VTA+Cnj+Pos+Prt+1SgSubj+3PlObvObj']"
mikawimagiban,"['mikaw+VTA+Cnj+Pos+Prt+1SgSubj+3SgObvObj', 'mikaw+VTA+Cnj+Pos+Prt+1SgSubj+3PlObvObj']"
mizhomagiban,"['mizhwi+VTA+Cnj+Pos+Prt+1SgSubj+3SgObvObj', 'mizho+VTA+Cnj+Pos+Prt+1SgSubj+3SgObvObj', 'mizhwi+VTA+Cnj+Pos+Prt+1SgSubj+3PlObvObj', 'mizho+VTA+Cnj+Pos+Prt+1SgSubj+3PlObvObj']"
waabamimagiban,"['waabam+VTA+Cnj+Pos+Prt+1SgSubj+3SgObvObj', 'waabam+VTA+Cnj+Pos+Prt+1SgSubj+3PlObvObj']"
mizhwaasiwagwaaban,"['mizhwi+VTA+Cnj+Neg+Prt+1SgSubj+3PlProxObj', 'mizho+VTA+Cnj+Neg+Prt+1SgSubj+3PlProxObj']"
mizhwagwaaban,"['mizhwi+VTA+Cnj+Pos+Prt+1SgSubj+3PlProxObj', 'mizho+VTA+Cnj+Pos+Prt+1SgSubj+3PlProxObj']"
mizhwaasiwagiban,"['mizhwi+VTA+Cnj+Neg+Prt+1SgSubj+3SgProxObj', 'mizho+VTA+Cnj+Neg+Prt+1SgSubj+3SgProxObj']"
mizhwagiban,"['mizhwi+VTA+Cnj+Pos+Prt+1SgSubj+3SgProxObj', 'mizho+VTA+Cnj+Pos+Prt+1SgSubj+3SgProxObj']"
mikawisiwegiban,"['mikaw+VTA+Cnj+Neg+Prt+2PlSubj+1SgObj', 'mikawi+VAI+Cnj+Neg+Prt+2PlSubj']"
mizhosiwegiban,"['mizhwi+VTA+Cnj+Neg+Prt+2PlSubj+1SgObj', 'mizho+VTA+Cnj+Neg+Prt+2PlSubj+1SgObj']"
mikawiyegiban,"['mikaw+VTA+Cnj+Pos+Prt+2PlSubj+1SgObj', 'mikawi+VAI+Cnj+Pos+Prt+2PlSubj']"
mizhoyegiban,"['mizhwi+VTA+Cnj+Pos+Prt+2PlSubj+1SgObj', 'mizho+VTA+Cnj+Pos+Prt+2PlSubj+1SgObj']"
mawadisimaasiwegiban,"['mawadish+VTA+Cnj+Neg+Prt+2PlSubj+3PlObvObj', 'mawadish+VTA+Cnj+Neg+Prt+2PlSubj+3SgObvObj']"
miinimaasiwegiban,"['miizh+VTA+Cnj+Neg+Prt+2PlSubj+3PlObvObj', 'miizh+VTA+Cnj+Neg+Prt+2PlSubj+3SgObvObj']"
mikawimaasiwegiban,"['mikaw+VTA+Cnj+Neg+Prt+2PlSubj+3PlObvObj', 'mikaw+VTA+Cnj+Neg+Prt+2PlSubj+3SgObvObj']"
mizhomaasiwegiban,"['mizhwi+VTA+Cnj+Neg+Prt+2PlSubj+3PlObvObj', 'mizho+VTA+Cnj+Neg+Prt+2PlSubj+3PlObvObj', 'mizhwi+VTA+Cnj+Neg+Prt+2PlSubj+3SgObvObj', 'mizho+VTA+Cnj+Neg+Prt+2PlSubj+3SgObvObj']"
waabamimaasiwegiban,"['waabam+VTA+Cnj+Neg+Prt+2PlSubj+3PlObvObj', 'waabam+VTA+Cnj+Neg+Prt+2PlSubj+3SgObvObj']"
mawadisimegiban,"['mawadish+VTA+Cnj+Pos+Prt+2PlSubj+3SgObvObj', 'mawadish+VTA+Cnj+Pos+Prt+2PlSubj+3PlObvObj']"
miinimegiban,"['miizh+VTA+Cnj+Pos+Prt+2PlSubj+3SgObvObj', 'miizh+VTA+Cnj+Pos+Prt+2PlSubj+3PlObvObj']"
mikawimegiban,"['mikaw+VTA+Cnj+Pos+Prt+2PlSubj+3SgObvObj', 'mikaw+VTA+Cnj+Pos+Prt+2PlSubj+3PlObvObj']"
mizhomegiban,"['mizhwi+VTA+Cnj+Pos+Prt+2PlSubj+3SgObvObj', 'mizho+VTA+Cnj+Pos+Prt+2PlSubj+3SgObvObj', 'mizhwi+VTA+Cnj+Pos+Prt+2PlSubj+3PlObvObj', 'mizho+VTA+Cnj+Pos+Prt+2PlSubj+3PlObvObj']"
waabamimegiban,"['waabam+VTA+Cnj+Pos+Prt+2PlSubj+3SgObvObj', 'waabam+VTA+Cnj+Pos+Prt+2PlSubj+3PlObvObj']"
mizhwaasiwegwaaban,"['mizhwi+VTA+Cnj+Neg+Prt+2PlSubj+3PlProxObj', 'mizho+VTA+Cnj+Neg+Prt+2PlSubj+3PlProxObj']"
mizhwegwaaban,"['mizhwi+VTA+Cnj+Pos+Prt+2PlSubj+3PlProxObj', 'mizho+VTA+Cnj+Pos+Prt+2PlSubj+3PlProxObj']"
mizhwaasiwegiban,"['mizhwi+VTA+Cnj+Neg+Prt+2PlSubj+3SgProxObj', 'mizho+VTA+Cnj+Neg+Prt+2PlSubj+3SgProxObj']"
mizhwegiban,"['mizhwi+VTA+Cnj+Pos+Prt+2PlSubj+3SgProxObj', 'mizho+VTA+Cnj+Pos+Prt+2PlSubj+3SgProxObj']"
mawadishisiwaangiban,"['mawadish+VTA+Cnj+Neg+Prt+2SgSubj+ExclObj', 'mawadish+VTA+Cnj+Neg+Prt+2PlSubj+ExclObj']"
miizhisiwaangiban,"['miizh+VTA+Cnj+Neg+Prt+2SgSubj+ExclObj', 'miizh+VTA+Cnj+Neg+Prt+2PlSubj+ExclObj']"
mikawisiwaangiban,"['mikaw+VTA+Cnj+Neg+Prt+2SgSubj+ExclObj', 'mikaw+VTA+Cnj+Neg+Prt+2PlSubj+ExclObj', 'mikawi+VAI+Cnj+Neg+Prt+ExclSubj']"
mizhosiwaangiban,"['mizhwi+VTA+Cnj+Neg+Prt+2SgSubj+ExclObj', 'mizho+VTA+Cnj+Neg+Prt+2SgSubj+ExclObj', 'mizhwi+VTA+Cnj+Neg+Prt+2PlSubj+ExclObj', 'mizho+VTA+Cnj+Neg+Prt+2PlSubj+ExclObj']"
waabamisiwaangiban,"['waabam+VTA+Cnj+Neg+Prt+2SgSubj+ExclObj', 'waabam+VTA+Cnj+Neg+Prt+2PlSubj+ExclObj']"
mawadishiyaangiban,"['mawadish+VTA+Cnj+Pos+Prt+2SgSubj+ExclObj', 'mawadish+VTA+Cnj+Pos+Prt+2PlSubj+ExclObj']"
miizhiyaangiban,"['miizh+VTA+Cnj+Pos+Prt+2SgSubj+ExclObj', 'miizh+VTA+Cnj+Pos+Prt+2PlSubj+ExclObj']"
mikawiyaangiban,"['mikaw+VTA+Cnj+Pos+Prt+2SgSubj+ExclObj', 'mikaw+VTA+Cnj+Pos+Prt+2PlSubj+ExclObj', 'mikawi+VAI+Cnj+Pos+Prt+ExclSubj']"
mizhoyaangiban,"['mizhwi+VTA+Cnj+Pos+Prt+2SgSubj+ExclObj', 'mizho+VTA+Cnj+Pos+Prt+2SgSubj+ExclObj', 'mizhwi+VTA+Cnj+Pos+Prt+2PlSubj+ExclObj', 'mizho+VTA+Cnj+Pos+Prt+2PlSubj+ExclObj']"
waabamiyaangiban,"['waabam+VTA+Cnj+Pos+Prt+2SgSubj+ExclObj', 'waabam+VTA+Cnj+Pos+Prt+2PlSubj+ExclObj']"
mikawisiwamban,"['mikaw+VTA+Cnj+Neg+Prt+2SgSubj+1SgObj', 'mikawi+VAI+Cnj+Neg+Prt+2SgSubj']"
mizhosiwamban,"['mizhwi+VTA+Cnj+Neg+Prt+2SgSubj+1SgObj', 'mizho+VTA+Cnj+Neg+Prt+2SgSubj+1SgObj']"
mikawiyamban,"['mikaw+VTA+Cnj+Pos+Prt+2SgSubj+1SgObj', 'mikawi+VAI+Cnj+Pos+Prt+2SgSubj']"
mizhoyamban,"['mizhwi+VTA+Cnj+Pos+Prt+2SgSubj+1SgObj', 'mizho+VTA+Cnj+Pos+Prt+2SgSubj+1SgObj']"
mawadisimaasiwadiban,"['mawadish+VTA+Cnj+Neg+Prt+2SgSubj+3PlObvObj', 'mawadish+VTA+Cnj+Neg+Prt+2SgSubj+3SgObvObj']"
miinimaasiwadiban,"['miizh+VTA+Cnj+Neg+Prt+2SgSubj+3PlObvObj', 'miizh+VTA+Cnj+Neg+Prt+2SgSubj+3SgObvObj']"
mikawimaasiwadiban,"['mikaw+VTA+Cnj+Neg+Prt+2SgSubj+3PlObvObj', 'mikaw+VTA+Cnj+Neg+Prt+2SgSubj+3SgObvObj']"
mizhomaasiwadiban,"['mizhwi+VTA+Cnj+Neg+Prt+2SgSubj+3PlObvObj', 'mizho+VTA+Cnj+Neg+Prt+2SgSubj+3PlObvObj', 'mizhwi+VTA+Cnj+Neg+Prt+2SgSubj+3SgObvObj', 'mizho+VTA+Cnj+Neg+Prt+2SgSubj+3SgObvObj']"
waabamimaasiwadiban,"['waabam+VTA+Cnj+Neg+Prt+2SgSubj+3PlObvObj', 'waabam+VTA+Cnj+Neg+Prt+2SgSubj+3SgObvObj']"
mawadisimadiban,"['mawadish+VTA+Cnj+Pos+Prt+2SgSubj+3SgObvObj', 'mawadish+VTA+Cnj+Pos+Prt+2SgSubj+3PlObvObj']"
miinimadiban,"['miizh+VTA+Cnj+Pos+Prt+2SgSubj+3SgObvObj', 'miizh+VTA+Cnj+Pos+Prt+2SgSubj+3PlObvObj']"
mikawimadiban,"['mikaw+VTA+Cnj+Pos+Prt+2SgSubj+3SgObvObj', 'mikaw+VTA+Cnj+Pos+Prt+2SgSubj+3PlObvObj']"
mizhomadiban,"['mizhwi+VTA+Cnj+Pos+Prt+2SgSubj+3SgObvObj', 'mizho+VTA+Cnj+Pos+Prt+2SgSubj+3SgObvObj', 'mizhwi+VTA+Cnj+Pos+Prt+2SgSubj+3PlObvObj', 'mizho+VTA+Cnj+Pos+Prt+2SgSubj+3PlObvObj']"
waabamimadiban,"['waabam+VTA+Cnj+Pos+Prt+2SgSubj+3SgObvObj', 'waabam+VTA+Cnj+Pos+Prt+2SgSubj+3PlObvObj']"
mizhwaasiwadwaaban,"['mizhwi+VTA+Cnj+Neg+Prt+2SgSubj+3PlProxObj', 'mizho+VTA+Cnj+Neg+Prt+2SgSubj+3PlProxObj']"
mizhwadwaaban,"['mizhwi+VTA+Cnj+Pos+Prt+2SgSubj+3PlProxObj', 'mizho+VTA+Cnj+Pos+Prt+2SgSubj+3PlProxObj']"
mizhwaasiwadiban,"['mizhwi+VTA+Cnj+Neg+Prt+2SgSubj+3SgProxObj', 'mizho+VTA+Cnj+Neg+Prt+2SgSubj+3SgProxObj']"
mizhwadiban,"['mizhwi+VTA+Cnj+Pos+Prt+2SgSubj+3SgProxObj', 'mizho+VTA+Cnj+Pos+Prt+2SgSubj+3SgProxObj']"
mikawisigwaaban,"['mikaw+VTA+Cnj+Neg+Prt+3PlProxSubj+1SgObj', 'mikawi+VAI+Cnj+Neg+Prt+3PlProxSubj']"
mizhosigwaaban,"['mizhwi+VTA+Cnj+Neg+Prt+3PlProxSubj+1SgObj', 'mizho+VTA+Cnj+Neg+Prt+3PlProxSubj+1SgObj']"
mikawiwaapan,"['mikaw+VTA+Cnj+Pos+Prt+3PlProxSubj+1SgObj', 'mikawi+VAI+Cnj+Pos+Prt+3PlProxSubj']"
mizhowaapan,"['mizhwi+VTA+Cnj+Pos+Prt+3PlProxSubj+1SgObj', 'mizho+VTA+Cnj+Pos+Prt+3PlProxSubj+1SgObj']"
mizhosinowegwaaban,"['mizhwi+VTA+Cnj+Neg+Prt+3PlProxSubj+2SgObj', 'mizho+VTA+Cnj+Neg+Prt+3PlProxSubj+2SgObj']"
mizhonegwaaban,"['mizhwi+VTA+Cnj+Pos+Prt+3PlProxSubj+2SgObj', 'mizho+VTA+Cnj+Pos+Prt+3PlProxSubj+2SgObj']"
mawadisaasigwaaban,"['mawadish+VTA+Cnj+Neg+Prt+3PlProxSubj+3PlObvObj', 'mawadish+VTA+Cnj+Neg+Prt+3PlProxSubj+3SgObvObj']"
miinaasigwaaban,"['miizh+VTA+Cnj+Neg+Prt+3PlProxSubj+3PlObvObj', 'miizh+VTA+Cnj+Neg+Prt+3PlProxSubj+3SgObvObj']"
mikawaasigwaaban,"['mikaw+VTA+Cnj+Neg+Prt+3PlProxSubj+3PlObvObj', 'mikaw+VTA+Cnj+Neg+Prt+3PlProxSubj+3SgObvObj']"
mizhwaasigwaaban,"['mizhwi+VTA+Cnj+Neg+Prt+3PlProxSubj+3PlObvObj', 'mizho+VTA+Cnj+Neg+Prt+3PlProxSubj+3PlObvObj', 'mizhwi+VTA+Cnj+Neg+Prt+3PlProxSubj+3SgObvObj', 'mizho+VTA+Cnj+Neg+Prt+3PlProxSubj+3SgObvObj']"
waabamaasigwaaban,"['waabam+VTA+Cnj+Neg+Prt+3PlProxSubj+3PlObvObj', 'waabam+VTA+Cnj+Neg+Prt+3PlProxSubj+3SgObvObj']"
mawadisaawaapan,"['mawadish+VTA+Cnj+Pos+Prt+3PlProxSubj+3PlObvObj', 'mawadish+VTA+Cnj+Pos+Prt+3PlProxSubj+3SgObvObj']"
miinaawaapan,"['miizh+VTA+Cnj+Pos+Prt+3PlProxSubj+3PlObvObj', 'miizh+VTA+Cnj+Pos+Prt+3PlProxSubj+3SgObvObj']"
mikawaawaapan,"['mikaw+VTA+Cnj+Pos+Prt+3PlProxSubj+3PlObvObj', 'mikaw+VTA+Cnj+Pos+Prt+3PlProxSubj+3SgObvObj']"
mizhwaawaapan,"['mizhwi+VTA+Cnj+Pos+Prt+3PlProxSubj+3PlObvObj', 'mizho+VTA+Cnj+Pos+Prt+3PlProxSubj+3PlObvObj', 'mizhwi+VTA+Cnj+Pos+Prt+3PlProxSubj+3SgObvObj', 'mizho+VTA+Cnj+Pos+Prt+3PlProxSubj+3SgObvObj']"
waabamaawaapan,"['waabam+VTA+Cnj+Pos+Prt+3PlProxSubj+3PlObvObj', 'waabam+VTA+Cnj+Pos+Prt+3PlProxSubj+3SgObvObj']"
mizhosinowangidwaaban,"['mizhwi+VTA+Cnj+Neg+Prt+3PlProxSubj+ExclObj', 'mizho+VTA+Cnj+Neg+Prt+3PlProxSubj+ExclObj']"
mawadisigooyaangiban,"['mawadish+VTA+Cnj+Pos+Prt+3PlProxSubj+ExclObj', 'mawadish+VTA+Cnj+Pos+Prt+3SgProxSubj+ExclObj', 'mawadish+VTA+Cnj+Pos+Prt+XSubj+ExclObj']"
miinigooyaangiban,"['miizh+VTA+Cnj+Pos+Prt+3PlProxSubj+ExclObj', 'miizh+VTA+Cnj+Pos+Prt+3SgProxSubj+ExclObj', 'miizh+VTA+Cnj+Pos+Prt+XSubj+ExclObj']"
mikaagooyaangiban,"['mikaw+VTA+Cnj+Pos+Prt+3PlProxSubj+ExclObj', 'mikaw+VTA+Cnj+Pos+Prt+XSubj+ExclObj', 'mikaw+VTA+Cnj+Pos+Prt+3SgProxSubj+ExclObj']"
mizhogooyaangiban,"['mizhwi+VTA+Cnj+Pos+Prt+3PlProxSubj+ExclObj', 'mizho+VTA+Cnj+Pos+Prt+3PlProxSubj+ExclObj', 'mizhwi+VTA+Cnj+Pos+Prt+3SgProxSubj+ExclObj', 'mizho+VTA+Cnj+Pos+Prt+3SgProxSubj+ExclObj', 'mizhwi+VTA+Cnj+Pos+Prt+XSubj+ExclObj', 'mizho+VTA+Cnj+Pos+Prt+XSubj+ExclObj']"
waabamigooyaangiban,"['waabam+VTA+Cnj+Pos+Prt+3PlProxSubj+ExclObj', 'waabam+VTA+Cnj+Pos+Prt+3SgProxSubj+ExclObj', 'waabam+VTA+Cnj+Pos+Prt+XSubj+ExclObj']"
mizhosinowangwaaban,"['mizhwi+VTA+Cnj+Neg+Prt+3PlProxSubj+InclObj', 'mizho+VTA+Cnj+Neg+Prt+3PlProxSubj+InclObj']"
mizhonangwaaban,"['mizhwi+VTA+Cnj+Pos+Prt+3PlProxSubj+InclObj', 'mizho+VTA+Cnj+Pos+Prt+3PlProxSubj+InclObj']"
mikawisigoban,"['mikaw+VTA+Cnj+Neg+Prt+3SgProxSubj+1SgObj', 'mikawi+VAI+Cnj+Neg+Prt+3SgProxSubj']"
mizhosigoban,"['mizhwi+VTA+Cnj+Neg+Prt+3SgProxSubj+1SgObj', 'mizho+VTA+Cnj+Neg+Prt+3SgProxSubj+1SgObj']"
mikawipan,"['mikaw+VTA+Cnj+Pos+Prt+3SgProxSubj+1SgObj', 'mikawi+VAI+Cnj+Pos+Prt+3SgProxSubj']"
mizhopan,"['mizhwi+VTA+Cnj+Pos+Prt+3SgProxSubj+1SgObj', 'mizho+VTA+Cnj+Pos+Prt+3SgProxSubj+1SgObj']"
mawadisigoosiwamban,"['mawadish+VTA+Cnj+Neg+Prt+XSubj+2SgObj', 'mawadish+VTA+Cnj+Neg+Prt+3SgProxSubj+2PlObj']"
miinigoosiwamban,"['miizh+VTA+Cnj+Neg+Prt+XSubj+2SgObj', 'miizh+VTA+Cnj+Neg+Prt+3SgProxSubj+2PlObj']"
mikaagoosiwamban,"['mikaw+VTA+Cnj+Neg+Prt+3SgProxSubj+2PlObj', 'mikaw+VTA+Cnj+Neg+Prt+XSubj+2SgObj']"
mizhogoosiwamban,"['mizhwi+VTA+Cnj+Neg+Prt+XSubj+2SgObj', 'mizho+VTA+Cnj+Neg+Prt+XSubj+2SgObj', 'mizhwi+VTA+Cnj+Neg+Prt+3SgProxSubj+2PlObj', 'mizho+VTA+Cnj+Neg+Prt+3SgProxSubj+2PlObj']"
waabamigoosiwamban,"['waabam+VTA+Cnj+Neg+Prt+XSubj+2SgObj', 'waabam+VTA+Cnj+Neg+Prt+3SgProxSubj+2PlObj']"
mawadisigooyamban,"['mawadish+VTA+Cnj+Pos+Prt+3SgProxSubj+2PlObj', 'mawadish+VTA+Cnj+Pos+Prt+XSubj+2SgObj']"
miinigooyamban,"['miizh+VTA+Cnj+Pos+Prt+3SgProxSubj+2PlObj', 'miizh+VTA+Cnj+Pos+Prt+XSubj+2SgObj']"
mikaagooyamban,"['mikaw+VTA+Cnj+Pos+Prt+XSubj+2SgObj', 'mikaw+VTA+Cnj+Pos+Prt+3SgProxSubj+2PlObj']"
mizhogooyamban,"['mizhwi+VTA+Cnj+Pos+Prt+3SgProxSubj+2PlObj', 'mizho+VTA+Cnj+Pos+Prt+3SgProxSubj+2PlObj', 'mizhwi+VTA+Cnj+Pos+Prt+XSubj+2SgObj', 'mizho+VTA+Cnj+Pos+Prt+XSubj+2SgObj']"
waabamigooyamban,"['waabam+VTA+Cnj+Pos+Prt+3SgProxSubj+2PlObj', 'waabam+VTA+Cnj+Pos+Prt+XSubj+2SgObj']"
mizhosinowegiban,"['mizhwi+VTA+Cnj+Neg+Prt+3SgProxSubj+2SgObj', 'mizho+VTA+Cnj+Neg+Prt+3SgProxSubj+2SgObj']"
mizhonegiban,"['mizhwi+VTA+Cnj+Pos+Prt+3SgProxSubj+2SgObj', 'mizho+VTA+Cnj+Pos+Prt+3SgProxSubj+2SgObj']"
mawadisaasigoban,"['mawadish+VTA+Cnj+Neg+Prt+3SgProxSubj+3PlObvObj', 'mawadish+VTA+Cnj+Neg+Prt+3SgProxSubj+3SgObvObj']"
miinaasigoban,"['miizh+VTA+Cnj+Neg+Prt+3SgProxSubj+3PlObvObj', 'miizh+VTA+Cnj+Neg+Prt+3SgProxSubj+3SgObvObj']"
mikawaasigoban,"['mikaw+VTA+Cnj+Neg+Prt+3SgProxSubj+3PlObvObj', 'mikaw+VTA+Cnj+Neg+Prt+3SgProxSubj+3SgObvObj']"
mizhwaasigoban,"['mizhwi+VTA+Cnj+Neg+Prt+3SgProxSubj+3PlObvObj', 'mizho+VTA+Cnj+Neg+Prt+3SgProxSubj+3PlObvObj', 'mizhwi+VTA+Cnj+Neg+Prt+3SgProxSubj+3SgObvObj', 'mizho+VTA+Cnj+Neg+Prt+3SgProxSubj+3SgObvObj']"
waabamaasigoban,"['waabam+VTA+Cnj+Neg+Prt+3SgProxSubj+3PlObvObj', 'waabam+VTA+Cnj+Neg+Prt+3SgProxSubj+3SgObvObj']"
mawadisaapan,"['mawadish+VTA+Cnj+Pos+Prt+3SgProxSubj+3SgObvObj', 'mawadish+VTA+Cnj+Pos+Prt+3SgProxSubj+3PlObvObj']"
miinaapan,"['miizh+VTA+Cnj+Pos+Prt+3SgProxSubj+3SgObvObj', 'miizh+VTA+Cnj+Pos+Prt+3SgProxSubj+3PlObvObj']"
mikawaapan,"['mikaw+VTA+Cnj+Pos+Prt+3SgProxSubj+3SgObvObj', 'mikaw+VTA+Cnj+Pos+Prt+3SgProxSubj+3PlObvObj']"
mizhwaapan,"['mizhwi+VTA+Cnj+Pos+Prt+3SgProxSubj+3SgObvObj', 'mizho+VTA+Cnj+Pos+Prt+3SgProxSubj+3SgObvObj', 'mizhwi+VTA+Cnj+Pos+Prt+3SgProxSubj+3PlObvObj', 'mizho+VTA+Cnj+Pos+Prt+3SgProxSubj+3PlObvObj']"
waabamaapan,"['waabam+VTA+Cnj+Pos+Prt+3SgProxSubj+3SgObvObj', 'waabam+VTA+Cnj+Pos+Prt+3SgProxSubj+3PlObvObj']"
mizhosinowangidiban,"['mizhwi+VTA+Cnj+Neg+Prt+3SgProxSubj+ExclObj', 'mizho+VTA+Cnj+Neg+Prt+3SgProxSubj+ExclObj']"
mizhosinowangiban,"['mizhwi+VTA+Cnj+Neg+Prt+3SgProxSubj+InclObj', 'mizho+VTA+Cnj+Neg+Prt+3SgProxSubj+InclObj']"
mizhonangiban,"['mizhwi+VTA+Cnj+Pos+Prt+3SgProxSubj+InclObj', 'mizho+VTA+Cnj+Pos+Prt+3SgProxSubj+InclObj']"
mawadisigoosiwegiban,"['mawadish+VTA+Cnj+Neg+Prt+XSubj+2PlObj', 'mawadish+VTA+Cnj+Neg+Prt+ExclSubj+2PlObj']"
miinigoosiwegiban,"['miizh+VTA+Cnj+Neg+Prt+XSubj+2PlObj', 'miizh+VTA+Cnj+Neg+Prt+ExclSubj+2PlObj']"
mikaagoosiwegiban,"['mikaw+VTA+Cnj+Neg+Prt+XSubj+2PlObj', 'mikaw+VTA+Cnj+Neg+Prt+ExclSubj+2PlObj']"
mizhogoosiwegiban,"['mizhwi+VTA+Cnj+Neg+Prt+XSubj+2PlObj', 'mizho+VTA+Cnj+Neg+Prt+XSubj+2PlObj', 'mizhwi+VTA+Cnj+Neg+Prt+ExclSubj+2PlObj', 'mizho+VTA+Cnj+Neg+Prt+ExclSubj+2PlObj']"
waabamigoosiwegiban,"['waabam+VTA+Cnj+Neg+Prt+XSubj+2PlObj', 'waabam+VTA+Cnj+Neg+Prt+ExclSubj+2PlObj']"
mawadisigooyegiban,"['mawadish+VTA+Cnj+Pos+Prt+ExclSubj+2PlObj', 'mawadish+VTA+Cnj+Pos+Prt+XSubj+2PlObj']"
miinigooyegiban,"['miizh+VTA+Cnj+Pos+Prt+ExclSubj+2PlObj', 'miizh+VTA+Cnj+Pos+Prt+XSubj+2PlObj']"
mikaagooyegiban,"['mikaw+VTA+Cnj+Pos+Prt+ExclSubj+2PlObj', 'mikaw+VTA+Cnj+Pos+Prt+XSubj+2PlObj']"
mizhogooyegiban,"['mizhwi+VTA+Cnj+Pos+Prt+ExclSubj+2PlObj', 'mizho+VTA+Cnj+Pos+Prt+ExclSubj+2PlObj', 'mizhwi+VTA+Cnj+Pos+Prt+XSubj+2PlObj', 'mizho+VTA+Cnj+Pos+Prt+XSubj+2PlObj']"
waabamigooyegiban,"['waabam+VTA+Cnj+Pos+Prt+ExclSubj+2PlObj', 'waabam+VTA+Cnj+Pos+Prt+XSubj+2PlObj']"
mizhogoosiwaniban,"['mizhwi+VTA+Cnj+Neg+Prt+ExclSubj+2SgObj', 'mizho+VTA+Cnj+Neg+Prt+ExclSubj+2SgObj']"
mizhogooyaniban,"['mizhwi+VTA+Cnj+Pos+Prt+ExclSubj+2SgObj', 'mizho+VTA+Cnj+Pos+Prt+ExclSubj+2SgObj']"
mawadisaasiwangidwaaban,"['mawadish+VTA+Cnj+Neg+Prt+ExclSubj+3PlObvObj', 'mawadish+VTA+Cnj+Neg+Prt+ExclSubj+3PlProxObj']"
miinaasiwangidwaaban,"['miizh+VTA+Cnj+Neg+Prt+ExclSubj+3PlObvObj', 'miizh+VTA+Cnj+Neg+Prt+ExclSubj+3PlProxObj']"
mikawaasiwangidwaaban,"['mikaw+VTA+Cnj+Neg+Prt+ExclSubj+3PlObvObj', 'mikaw+VTA+Cnj+Neg+Prt+ExclSubj+3PlProxObj']"
mizhwaasiwangidwaaban,"['mizhwi+VTA+Cnj+Neg+Prt+ExclSubj+3PlObvObj', 'mizho+VTA+Cnj+Neg+Prt+ExclSubj+3PlObvObj', 'mizhwi+VTA+Cnj+Neg+Prt+ExclSubj+3PlProxObj', 'mizho+VTA+Cnj+Neg+Prt+ExclSubj+3PlProxObj']"
waabamaasiwangidwaaban,"['waabam+VTA+Cnj+Neg+Prt+ExclSubj+3PlObvObj', 'waabam+VTA+Cnj+Neg+Prt+ExclSubj+3PlProxObj']"
mawadisimangidiban,"['mawadish+VTA+Cnj+Pos+Prt+ExclSubj+3PlObvObj', 'mawadish+VTA+Cnj+Pos+Prt+ExclSubj+3SgObvObj']"
miinimangidiban,"['miizh+VTA+Cnj+Pos+Prt+ExclSubj+3PlObvObj', 'miizh+VTA+Cnj+Pos+Prt+ExclSubj+3SgObvObj']"
mikawimangidiban,"['mikaw+VTA+Cnj+Pos+Prt+ExclSubj+3PlObvObj', 'mikaw+VTA+Cnj+Pos+Prt+ExclSubj+3SgObvObj']"
mizhomangidiban,"['mizhwi+VTA+Cnj+Pos+Prt+ExclSubj+3PlObvObj', 'mizho+VTA+Cnj+Pos+Prt+ExclSubj+3PlObvObj', 'mizhwi+VTA+Cnj+Pos+Prt+ExclSubj+3SgObvObj', 'mizho+VTA+Cnj+Pos+Prt+ExclSubj+3SgObvObj']"
waabamimangidiban,"['waabam+VTA+Cnj+Pos+Prt+ExclSubj+3PlObvObj', 'waabam+VTA+Cnj+Pos+Prt+ExclSubj+3SgObvObj']"
mizhwangidwaaban,"['mizhwi+VTA+Cnj+Pos+Prt+ExclSubj+3PlProxObj', 'mizho+VTA+Cnj+Pos+Prt+ExclSubj+3PlProxObj']"
mawadisimaasiwangidiban,"['mawadish+VTA+Cnj+Neg+Prt+ExclSubj+3PlObvObj', 'mawadish+VTA+Cnj+Neg+Prt+ExclSubj+3SgObvObj']"
miinimaasiwangidiban,"['miizh+VTA+Cnj+Neg+Prt+ExclSubj+3PlObvObj', 'miizh+VTA+Cnj+Neg+Prt+ExclSubj+3SgObvObj']"
mikawimaasiwangidiban,"['mikaw+VTA+Cnj+Neg+Prt+ExclSubj+3PlObvObj', 'mikaw+VTA+Cnj+Neg+Prt+ExclSubj+3SgObvObj']"
mizhomaasiwangidiban,"['mizhwi+VTA+Cnj+Neg+Prt+ExclSubj+3PlObvObj', 'mizho+VTA+Cnj+Neg+Prt+ExclSubj+3PlObvObj', 'mizhwi+VTA+Cnj+Neg+Prt+ExclSubj+3SgObvObj', 'mizho+VTA+Cnj+Neg+Prt+ExclSubj+3SgObvObj']"
waabamimaasiwangidiban,"['waabam+VTA+Cnj+Neg+Prt+ExclSubj+3PlObvObj', 'waabam+VTA+Cnj+Neg+Prt+ExclSubj+3SgObvObj']"
mizhwaasiwangidiban,"['mizhwi+VTA+Cnj+Neg+Prt+ExclSubj+3SgProxObj', 'mizho+VTA+Cnj+Neg+Prt+ExclSubj+3SgProxObj']"
mizhwangidiban,"['mizhwi+VTA+Cnj+Pos+Prt+ExclSubj+3SgProxObj', 'mizho+VTA+Cnj+Pos+Prt+ExclSubj+3SgProxObj']"
mawadisaasiwangwaaban,"['mawadish+VTA+Cnj+Neg+Prt+InclSubj+3PlObvObj', 'mawadish+VTA+Cnj+Neg+Prt+InclSubj+3PlProxObj']"
miinaasiwangwaaban,"['miizh+VTA+Cnj+Neg+Prt+InclSubj+3PlObvObj', 'miizh+VTA+Cnj+Neg+Prt+InclSubj+3PlProxObj']"
mikawaasiwangwaaban,"['mikaw+VTA+Cnj+Neg+Prt+InclSubj+3PlObvObj', 'mikaw+VTA+Cnj+Neg+Prt+InclSubj+3PlProxObj']"
mizhwaasiwangwaaban,"['mizhwi+VTA+Cnj+Neg+Prt+InclSubj+3PlObvObj', 'mizho+VTA+Cnj+Neg+Prt+InclSubj+3PlObvObj', 'mizhwi+VTA+Cnj+Neg+Prt+InclSubj+3PlProxObj', 'mizho+VTA+Cnj+Neg+Prt+InclSubj+3PlProxObj']"
waabamaasiwangwaaban,"['waabam+VTA+Cnj+Neg+Prt+InclSubj+3PlObvObj', 'waabam+VTA+Cnj+Neg+Prt+InclSubj+3PlProxObj']"
mawadisimangiban,"['mawadish+VTA+Cnj+Pos+Prt+InclSubj+3PlObvObj', 'mawadish+VTA+Cnj+Pos+Prt+InclSubj+3SgObvObj']"
miinimangiban,"['miizh+VTA+Cnj+Pos+Prt+InclSubj+3PlObvObj', 'miizh+VTA+Cnj+Pos+Prt+InclSubj+3SgObvObj']"
mikawimangiban,"['mikaw+VTA+Cnj+Pos+Prt+InclSubj+3PlObvObj', 'mikaw+VTA+Cnj+Pos+Prt+InclSubj+3SgObvObj']"
mizhomangiban,"['mizhwi+VTA+Cnj+Pos+Prt+InclSubj+3PlObvObj', 'mizho+VTA+Cnj+Pos+Prt+InclSubj+3PlObvObj', 'mizhwi+VTA+Cnj+Pos+Prt+InclSubj+3SgObvObj', 'mizho+VTA+Cnj+Pos+Prt+InclSubj+3SgObvObj']"
waabamimangiban,"['waabam+VTA+Cnj+Pos+Prt+InclSubj+3PlObvObj', 'waabam+VTA+Cnj+Pos+Prt+InclSubj+3SgObvObj']"
mizhwangwaaban,"['mizhwi+VTA+Cnj+Pos+Prt+InclSubj+3PlProxObj', 'mizho+VTA+Cnj+Pos+Prt+InclSubj+3PlProxObj']"
mawadisimaasiwangiban,"['mawadish+VTA+Cnj+Neg+Prt+InclSubj+3PlObvObj', 'mawadish+VTA+Cnj+Neg+Prt+InclSubj+3SgObvObj']"
miinimaasiwangiban,"['miizh+VTA+Cnj+Neg+Prt+InclSubj+3PlObvObj', 'miizh+VTA+Cnj+Neg+Prt+InclSubj+3SgObvObj']"
mikawimaasiwangiban,"['mikaw+VTA+Cnj+Neg+Prt+InclSubj+3PlObvObj', 'mikaw+VTA+Cnj+Neg+Prt+InclSubj+3SgObvObj']"
mizhomaasiwangiban,"['mizhwi+VTA+Cnj+Neg+Prt+InclSubj+3PlObvObj', 'mizho+VTA+Cnj+Neg+Prt+InclSubj+3PlObvObj', 'mizhwi+VTA+Cnj+Neg+Prt+InclSubj+3SgObvObj', 'mizho+VTA+Cnj+Neg+Prt+InclSubj+3SgObvObj']"
waabamimaasiwangiban,"['waabam+VTA+Cnj+Neg+Prt+InclSubj+3PlObvObj', 'waabam+VTA+Cnj+Neg+Prt+InclSubj+3SgObvObj']"
mizhwaasiwangiban,"['mizhwi+VTA+Cnj+Neg+Prt+InclSubj+3SgProxObj', 'mizho+VTA+Cnj+Neg+Prt+InclSubj+3SgProxObj']"
mizhwangiban,"['mizhwi+VTA+Cnj+Pos+Prt+InclSubj+3SgProxObj', 'mizho+VTA+Cnj+Pos+Prt+InclSubj+3SgProxObj']"
mizhogoosiwaambaan,"['mizhwi+VTA+Cnj+Neg+Prt+XSubj+1SgObj', 'mizho+VTA+Cnj+Neg+Prt+XSubj+1SgObj']"
mizhogooyaambaan,"['mizhwi+VTA+Cnj+Pos+Prt+XSubj+1SgObj', 'mizho+VTA+Cnj+Pos+Prt+XSubj+1SgObj']"
mawadisaasiwindwaaban,"['mawadish+VTA+Cnj+Neg+Prt+XSubj+3PlObvObj', 'mawadish+VTA+Cnj+Neg+Prt+XSubj+3PlProxObj']"
miinaasiwindwaaban,"['miizh+VTA+Cnj+Neg+Prt+XSubj+3PlObvObj', 'miizh+VTA+Cnj+Neg+Prt+XSubj+3PlProxObj']"
mikawaasiwindwaaban,"['mikaw+VTA+Cnj+Neg+Prt+XSubj+3PlObvObj', 'mikaw+VTA+Cnj+Neg+Prt+XSubj+3PlProxObj']"
mizhwaasiwindwaaban,"['mizhwi+VTA+Cnj+Neg+Prt+XSubj+3PlObvObj', 'mizho+VTA+Cnj+Neg+Prt+XSubj+3PlObvObj', 'mizhwi+VTA+Cnj+Neg+Prt+XSubj+3PlProxObj', 'mizho+VTA+Cnj+Neg+Prt+XSubj+3PlProxObj']"
waabamaasiwindwaaban,"['waabam+VTA+Cnj+Neg+Prt+XSubj+3PlObvObj', 'waabam+VTA+Cnj+Neg+Prt+XSubj+3PlProxObj']"
mawadisimindiban,"['mawadish+VTA+Cnj+Pos+Prt+XSubj+3PlObvObj', 'mawadish+VTA+Cnj+Pos+Prt+XSubj+3SgObvObj']"
miinimindiban,"['miizh+VTA+Cnj+Pos+Prt+XSubj+3PlObvObj', 'miizh+VTA+Cnj+Pos+Prt+XSubj+3SgObvObj']"
mikawimindiban,"['mikaw+VTA+Cnj+Pos+Prt+XSubj+3PlObvObj', 'mikaw+VTA+Cnj+Pos+Prt+XSubj+3SgObvObj']"
mizhomindiban,"['mizhwi+VTA+Cnj+Pos+Prt+XSubj+3PlObvObj', 'mizho+VTA+Cnj+Pos+Prt+XSubj+3PlObvObj', 'mizhwi+VTA+Cnj+Pos+Prt+XSubj+3SgObvObj', 'mizho+VTA+Cnj+Pos+Prt+XSubj+3SgObvObj']"
waabamimindiban,"['waabam+VTA+Cnj+Pos+Prt+XSubj+3PlObvObj', 'waabam+VTA+Cnj+Pos+Prt+XSubj+3SgObvObj']"
mizhondwaaban,"['mizhwi+VTA+Cnj+Pos+Prt+XSubj+3PlProxObj', 'mizho+VTA+Cnj+Pos+Prt+XSubj+3PlProxObj']"
mawadisimaasiwindiban,"['mawadish+VTA+Cnj+Neg+Prt+XSubj+3PlObvObj', 'mawadish+VTA+Cnj+Neg+Prt+XSubj+3SgObvObj']"
miinimaasiwindiban,"['miizh+VTA+Cnj+Neg+Prt+XSubj+3PlObvObj', 'miizh+VTA+Cnj+Neg+Prt+XSubj+3SgObvObj']"
mikawimaasiwindiban,"['mikaw+VTA+Cnj+Neg+Prt+XSubj+3PlObvObj', 'mikaw+VTA+Cnj+Neg+Prt+XSubj+3SgObvObj']"
mizhomaasiwindiban,"['mizhwi+VTA+Cnj+Neg+Prt+XSubj+3PlObvObj', 'mizho+VTA+Cnj+Neg+Prt+XSubj+3PlObvObj', 'mizhwi+VTA+Cnj+Neg+Prt+XSubj+3SgObvObj', 'mizho+VTA+Cnj+Neg+Prt+XSubj+3SgObvObj']"
waabamimaasiwindiban,"['waabam+VTA+Cnj+Neg+Prt+XSubj+3PlObvObj', 'waabam+VTA+Cnj+Neg+Prt+XSubj+3SgObvObj']"
mizhwaasiwindiban,"['mizhwi+VTA+Cnj+Neg+Prt+XSubj+3SgProxObj', 'mizho+VTA+Cnj+Neg+Prt+XSubj+3SgProxObj']"
mizhondiban,"['mizhwi+VTA+Cnj+Pos+Prt+XSubj+3SgProxObj', 'mizho+VTA+Cnj+Pos+Prt+XSubj+3SgProxObj']"
mizhogoosiwaangiban,"['mizhwi+VTA+Cnj+Neg+Prt+XSubj+ExclObj', 'mizho+VTA+Cnj+Neg+Prt+XSubj+ExclObj']"
mizhogoosiwangiban,"['mizhwi+VTA+Cnj+Neg+Prt+XSubj+InclObj', 'mizho+VTA+Cnj+Neg+Prt+XSubj+InclObj']"
mizhogooyangiban,"['mizhwi+VTA+Cnj+Pos+Prt+XSubj+InclObj', 'mizho+VTA+Cnj+Pos+Prt+XSubj+InclObj']"
