ojibwe,english,fst_readings,speaker
Odaanaang bimibatoowan odayan gaa-bimaagonebizod.,The snowmobiler's dog is running behind him.,"[{'word_form': 'odaanaang', 'fst_analyses': ['odaanaang+ADVLoc']}, {'word_form': 'bimibatoowan', 'fst_analyses': ['bimibatoo+VAI+Ind+Pos+Neu+3PlObvSubj', 'bimibatoo+VAI+Ind+Pos+Neu+3SgObvSubj']}, {'word_form': 'odayan', 'fst_analyses': ['day+NAD+ObvPl+3SgProxPoss', 'day+NAD+ObvSg+3SgProxPoss', 'ayaan+VTI+Ind+Pos+Neu+3SgProxSubj+0SgObj']}, {'word_form': 'gaa-bimaagonebizod', 'fst_analyses': ['PVSub/gaa+bimaagonebizo+VAI+Cnj+Pos+Neu+3SgProxSubj', 'PVTense/gii+bimaagonebizo+VAI+Pcp+Pos+Neu+3SgProxSubj+3SgProxHead']}, {'word_form': '.', 'fst_analyses': []}]",nj
Mishawagaam waasaashkaa.,There are whitecaps out in the lake.,"[{'word_form': 'mishawagaam', 'fst_analyses': ['mishawagaam+ADVLoc']}, {'word_form': 'waasaashkaa', 'fst_analyses': ['waasaashkaa+VII+Ind+Pos+Neu+0SgSubj']}, {'word_form': '.', 'fst_analyses': []}]",nj
Oshkiinamoog gaa-gii-pimi-miikanaakewaad. Ganabaj zhebaa gii-pimi-ayaawag.,There are fresh tracks of people making a (snowshoe) trail. They must have been by this morning.,"[{'word_form': 'oshkiinamoog', 'fst_analyses': []}, {'word_form': 'gaa-gii-pimi-miikanaakewaad', 'fst_analyses': ['PVSub/gaa+PVTense/gii+PVDir/bimi+miikanaake+VAI+Cnj+Pos+Neu+3PlProxSubj']}, {'word_form': '.', 'fst_analyses': []}, {'word_form': 'ganabaj', 'fst_analyses': ['ganabaj+ADVMan']}, {'word_form': 'zhebaa', 'fst_analyses': ['zhebaa+ADVTmp']}, {'word_form': 'gii-pimi-ayaawag', 'fst_analyses': ['PVTense/gii+PVDir/bimi+ayaaw+VTA+Cnj+Pos+Neu+1SgSubj+3SgProxObj', 'PVTense/gii+bimi-ayaa+VAI+Ind+Pos+Neu+3PlProxSubj', 'PVTense/gii+PVDir/bimi+ayaa+VAI+Ind+Pos+Neu+3PlProxSubj']}, {'word_form': '.', 'fst_analyses': []}]",nj
Niwii-pabaamaakwii noopimiing. Niwii'-andawagoodoo.,I'm going to walk around the woods and set some snares.,"[{'word_form': 'niwii-pabaamaakwii', 'fst_analyses': ['PVTense/wii+babaamaakwii+VAI+Ind+Pos+Neu+1SgSubj']}, {'word_form': 'noopimiing', 'fst_analyses': ['noopimiing+ADVLoc']}, {'word_form': '.', 'fst_analyses': []}, {'word_form': ""niwii'-andawagoodoo"", 'fst_analyses': [""PVTense/wii'+andawagoodoo+VAI+Ind+Pos+Neu+1SgSubj""]}, {'word_form': '.', 'fst_analyses': []}]",nj
Dabasaakosin aazhogan Gichi-mookomaanakiing gaa-izhi-aazhawamog. Zhaaganaashiiwakiing onji-maadamon.,The bridge going across to the US is a low one. It starts in Canada.,"[{'word_form': 'dabasaakosin', 'fst_analyses': ['dabasaakosin+VII+Ind+Pos+Neu+0SgSubj']}, {'word_form': 'aazhogan', 'fst_analyses': ['aazhogan+NI+Sg']}, {'word_form': 'gichi-mookomaanakiing', 'fst_analyses': []}, {'word_form': 'gaa-izhi-aazhawamog', 'fst_analyses': ['PVSub/gaa+PVRel/izhi+aazhawamon+VII+Cnj+Pos+Neu+0SgSubj', 'PVSub/gaa+PVRel/izhi+aazhawamon+VII+Cnj+Pos+Neu+0PlSubj', 'PVTense/gii+PVRel/izhi+aazhawamon+VII+Pcp+Pos+Neu+0SgSubj+0SgHead']}, {'word_form': '.', 'fst_analyses': []}, {'word_form': 'zhaaganaashiiwakiing', 'fst_analyses': ['zhaaganaashiiwaki+NI+Loc']}, {'word_form': 'onji-maadamon', 'fst_analyses': []}, {'word_form': '.', 'fst_analyses': []}]",nj
Giizhaa ningii-ozhiitaa wii'-ando-bimaagimoseyaan waabang.,I prepared beforehand to go snowshoeing tomorrow.,"[{'word_form': 'giizhaa', 'fst_analyses': ['giizhaa+ADVTmp']}, {'word_form': 'ningii-ozhiitaa', 'fst_analyses': ['PVTense/gii+ozhiitaa+VAI+Ind+Pos+Neu+1SgSubj']}, {'word_form': ""wii'-ando-bimaagimoseyaan"", 'fst_analyses': [""PVTense/wii'+PVLex/ando+bimaagimose+VAI+Cnj+Pos+Neu+1SgSubj""]}, {'word_form': 'waabang', 'fst_analyses': ['waaban+VII+Cnj+Pos+Neu+0SgSubj', 'waaban+VII+Cnj+Pos+Neu+0PlSubj']}, {'word_form': '.', 'fst_analyses': []}]",nj
Gaawiin geyaabi ogashki'aasiin ji-bimibizo'aad odaabaanan; onzaam gaawiin zaabaabisii.,He's not able to drive a car anymore because he can't see very well.,"[{'word_form': 'gaawiin', 'fst_analyses': ['gaawiin+ADVNeg']}, {'word_form': 'geyaabi', 'fst_analyses': ['geyaabi+ADVTmp']}, {'word_form': ""ogashki'aasiin"", 'fst_analyses': [""gashki'+VTA+Ind+Neg+Neu+3SgProxSubj+3PlObvObj"", ""gashki'+VTA+Ind+Neg+Neu+3SgProxSubj+3SgObvObj""]}, {'word_form': ""ji-bimibizo'aad"", 'fst_analyses': [""PVTense/daa+bimibizo'+VTA+Cnj+Pos+Neu+3SgProxSubj+3SgObvObj"", ""PVTense/ga+bimibizo'+VTA+Cnj+Pos+Neu+3SgProxSubj+3SgObvObj"", ""PVTense/daa+bimibizo'+VTA+Cnj+Pos+Neu+3SgProxSubj+3PlObvObj"", ""PVTense/ga+bimibizo'+VTA+Cnj+Pos+Neu+3SgProxSubj+3PlObvObj""]}, {'word_form': 'odaabaanan;', 'fst_analyses': []}, {'word_form': 'onzaam', 'fst_analyses': ['onzaam+ADVQnt']}, {'word_form': 'gaawiin', 'fst_analyses': ['gaawiin+ADVNeg']}, {'word_form': 'zaabaabisii', 'fst_analyses': []}, {'word_form': '.', 'fst_analyses': []}]",nj
Babiiskijiitaa babaa-ayaad.,It wiggles up and down as it moves around.,"[{'word_form': 'babiiskijiitaa', 'fst_analyses': ['babiiskijiitaa+VAI+Ind+Pos+Neu+3SgProxSubj']}, {'word_form': 'babaa-ayaad', 'fst_analyses': ['babaa-ayaa+VAI+Cnj+Pos+Neu+3SgProxSubj', 'PVDir/babaa+ayaa+VAI+Cnj+Pos+Neu+3SgProxSubj']}, {'word_form': '.', 'fst_analyses': []}]",nj
Gego bimibatwaadangen gibaashkizigan.,Don't run with your gun.,"[{'word_form': 'gego', 'fst_analyses': ['gego+ADVNeg']}, {'word_form': 'bimibatwaadangen', 'fst_analyses': ['bimibatwaadan+VTI+Imp+Prb+2SgSubj+0PlObj', 'bimibatwaadan+VTI+Imp+Prb+2SgSubj+0SgObj']}, {'word_form': 'gibaashkizigan', 'fst_analyses': ['baashkizigan+NI+Sg+2SgPoss']}, {'word_form': '.', 'fst_analyses': []}]",nj
Anaamisag dazhewag waawaabiganoojiinyag.,Mice nest under the floor.,"[{'word_form': 'anaamisag', 'fst_analyses': ['anaamisag+ADVLoc']}, {'word_form': 'dazhewag', 'fst_analyses': ['dazhe+VAI+Ind+Pos+Neu+3PlProxSubj']}, {'word_form': 'waawaabiganoojiinyag', 'fst_analyses': ['waawaabiganoojiinh+NA+ProxPl']}, {'word_form': '.', 'fst_analyses': []}]",nj
Baakibidoon waasechigan.,Pull the window open.,"[{'word_form': 'baakibidoon', 'fst_analyses': ['baakibidoon+VTI+Imp+Sim+2SgSubj+0PlObj', 'baakibidoon+VTI+Imp+Sim+2SgSubj+0SgObj']}, {'word_form': 'waasechigan', 'fst_analyses': ['waasechigan+NI+Sg']}, {'word_form': '.', 'fst_analyses': []}]",nj
Ani-gashkiidibikak gidaa-gibiiga'aanaan giwaasechiganan.,As it gets dark you should close the curtains on the windows.,"[{'word_form': 'ani-gashkiidibikak', 'fst_analyses': ['PVDir/ani+gashkiidibikad+VII+Cnj+Pos+Neu+0SgSubj', 'PVDir/ani+gashkiidibikad+VII+Cnj+Pos+Neu+0PlSubj']}, {'word_form': ""gidaa-gibiiga'aanaan"", 'fst_analyses': []}, {'word_form': 'giwaasechiganan', 'fst_analyses': ['waasechigan+NI+Pl+2SgPoss']}, {'word_form': '.', 'fst_analyses': []}]",nj
Odaanaang bimibatoowan odayan gaa-bimaagonebizod.,The snowmobiler's dog is running behind him.,"[{'word_form': 'odaanaang', 'fst_analyses': ['odaanaang+ADVLoc']}, {'word_form': 'bimibatoowan', 'fst_analyses': ['bimibatoo+VAI+Ind+Pos+Neu+3PlObvSubj', 'bimibatoo+VAI+Ind+Pos+Neu+3SgObvSubj']}, {'word_form': 'odayan', 'fst_analyses': ['day+NAD+ObvPl+3SgProxPoss', 'day+NAD+ObvSg+3SgProxPoss', 'ayaan+VTI+Ind+Pos+Neu+3SgProxSubj+0SgObj']}, {'word_form': 'gaa-bimaagonebizod', 'fst_analyses': ['PVSub/gaa+bimaagonebizo+VAI+Cnj+Pos+Neu+3SgProxSubj', 'PVTense/gii+bimaagonebizo+VAI+Pcp+Pos+Neu+3SgProxSubj+3SgProxHead']}, {'word_form': '.', 'fst_analyses': []}]",nj
Zhebaa ingii-pi-aazhoge'adoo. Ishkwaa-naawakweg niwii'-ani-aazhoge'adoo.,This morning I came across the bridge. This afternoon I'm going back across the bridge.,"[{'word_form': 'zhebaa', 'fst_analyses': ['zhebaa+ADVTmp']}, {'word_form': ""ingii-pi-aazhoge'adoo"", 'fst_analyses': [""PVTense/gii+PVDir/bi+aazhoge'adoo+VAI+Ind+Pos+Neu+1SgSubj""]}, {'word_form': '.', 'fst_analyses': []}, {'word_form': 'ishkwaa-naawakweg', 'fst_analyses': ['ishkwaa-naawakwe+VII+Cnj+Pos+Neu+0SgSubj', 'PVLex/ishkwaa+naawakwe+VII+Cnj+Pos+Neu+0SgSubj', 'ishkwaa-naawakwe+VII+Cnj+Pos+Neu+0PlSubj', 'PVLex/ishkwaa+naawakwe+VII+Cnj+Pos+Neu+0PlSubj']}, {'word_form': ""niwii'-ani-aazhoge'adoo"", 'fst_analyses': [""PVTense/wii'+PVDir/ani+aazhoge'adoo+VAI+Ind+Pos+Neu+1SgSubj""]}, {'word_form': '.', 'fst_analyses': []}]",nj
Boozaabikinigan ginigawinan waasigani-bimideng.,Mix the oil into the gas.,"[{'word_form': 'boozaabikinigan', 'fst_analyses': ['boozaabikinigan+NI+Sg']}, {'word_form': 'ginigawinan', 'fst_analyses': ['ginigawinan+VTI+Imp+Sim+2SgSubj+0PlObj', 'ginigawinan+VTI+Imp+Sim+2SgSubj+0SgObj']}, {'word_form': 'waasigani-bimideng', 'fst_analyses': ['waasigani-bimide+NI+Loc']}, {'word_form': '.', 'fst_analyses': []}]",nj
Aandi endazhi-aazhidebii'igeng. | Ganabaj imaa gichi-waakaa'iganing.,Where is the voting going to take place? | I think it's in the main building.,"[{'word_form': 'aandi', 'fst_analyses': ['aandi+ADVInter']}, {'word_form': ""endazhi-aazhidebii'igeng"", 'fst_analyses': []}, {'word_form': '.', 'fst_analyses': []}, {'word_form': '|', 'fst_analyses': []}, {'word_form': 'ganabaj', 'fst_analyses': ['ganabaj+ADVMan']}, {'word_form': 'imaa', 'fst_analyses': ['imaa+ADVLoc']}, {'word_form': ""gichi-waakaa'iganing"", 'fst_analyses': [""PNLex/gichi+waakaa'igan+NI+Loc"", ""PNLex/chi+waakaa'igan+NI+Loc+2SgPoss""]}, {'word_form': '.', 'fst_analyses': []}]",nj
Agwaase mikwam gii-babaamaa'ogod gii-ziigwang.,The ice comes up on shore when it drifts around in the spring.,"[{'word_form': 'agwaase', 'fst_analyses': ['agwaase+VAI+Ind+Pos+Neu+3SgProxSubj']}, {'word_form': 'mikwam', 'fst_analyses': ['mikwam+NA+ProxSg']}, {'word_form': ""gii-babaamaa'ogod"", 'fst_analyses': [""PVTense/gii+babaamaa'ogo+VAI+Cnj+Pos+Neu+3SgProxSubj""]}, {'word_form': 'gii-ziigwang', 'fst_analyses': ['PVTense/gii+ziigwan+VII+Cnj+Pos+Neu+0SgSubj', 'PVTense/gii+ziigwan+VII+Cnj+Pos+Neu+0PlSubj']}, {'word_form': '.', 'fst_analyses': []}]",nj
Waakwaandesiing niin niwii'-ondab.,I want to sit at the end of the lodge.,"[{'word_form': 'waakwaandesiing', 'fst_analyses': ['waakwaandesiing+ADVLoc']}, {'word_form': 'niin', 'fst_analyses': ['niin+PRONPer+NA+1Sg']}, {'word_form': ""niwii'-ondab"", 'fst_analyses': []}, {'word_form': '.', 'fst_analyses': []}]",nj
Waasaakwanjigewag waaboozoog. Mii omaa ge-izhi-agoodooyang.,Rabbits chewed the sticks bare. We'll set our snares here.,"[{'word_form': 'waasaakwanjigewag', 'fst_analyses': ['waasaakwanjige+VAI+Ind+Pos+Neu+3PlProxSubj']}, {'word_form': 'waaboozoog', 'fst_analyses': ['waabooz+NA+ProxPl']}, {'word_form': '.', 'fst_analyses': []}, {'word_form': 'mii', 'fst_analyses': ['mii+ADVPred']}, {'word_form': 'omaa', 'fst_analyses': ['omaa+ADVLoc']}, {'word_form': 'ge-izhi-agoodooyang', 'fst_analyses': []}, {'word_form': '.', 'fst_analyses': []}]",nj
Ogidibiig babaamaadagewag omashkoziisiwag,The black bugs swim about on top of the water.,"[{'word_form': 'ogidibiig', 'fst_analyses': ['ogidibiig+ADVLoc']}, {'word_form': 'babaamaadagewag', 'fst_analyses': ['babaamaadage+VAI+Ind+Pos+Neu+3PlProxSubj']}, {'word_form': 'omashkoziisiwag', 'fst_analyses': []}]",nj
Naazibiiwidoon waasigani-bimide-atoobaanan.,Take the gas tanks down to the lake.,"[{'word_form': 'naazibiiwidoon', 'fst_analyses': ['naazibiiwidoon+VTI+Imp+Sim+2SgSubj+0PlObj', 'naazibiiwidoon+VTI+Imp+Sim+2SgSubj+0SgObj']}, {'word_form': 'waasigani-bimide-atoobaanan', 'fst_analyses': ['waasigani-bimide-atoobaan+NI+Pl']}, {'word_form': '.', 'fst_analyses': []}]",nj
Apane mooshkinebadoon waasigani-bimide-biiwaabik.,Always keep your gas can full.,"[{'word_form': 'apane', 'fst_analyses': ['apane+ADVTmp']}, {'word_form': 'mooshkinebadoon', 'fst_analyses': ['mooshkinebadoon+VTI+Imp+Sim+2SgSubj+0PlObj', 'mooshkinebadoon+VTI+Imp+Sim+2SgSubj+0SgObj']}, {'word_form': 'waasigani-bimide-biiwaabik', 'fst_analyses': ['waasigani-bimide-biiwaabik+NI+Sg']}, {'word_form': '.', 'fst_analyses': []}]",nj
Ziikobiigisidoon waasigani-bimide-biiwaabik.,Drain the jerry can out.,"[{'word_form': 'ziikobiigisidoon', 'fst_analyses': []}, {'word_form': 'waasigani-bimide-biiwaabik', 'fst_analyses': ['waasigani-bimide-biiwaabik+NI+Sg']}, {'word_form': '.', 'fst_analyses': []}]",nj
Ningii-pawaanig ningoding ji-aazhawinamawag anishinaabe-wiinzowin.,She dreamt of me passing my spirit name on to her.,"[{'word_form': 'ningii-pawaanig', 'fst_analyses': ['PVTense/gii+bawaazh+VTA+Ind+Pos+Neu+3SgProxSubj+1SgObj']}, {'word_form': 'ningoding', 'fst_analyses': ['ningoding+ADVTmp']}, {'word_form': 'ji-aazhawinamawag', 'fst_analyses': ['PVTense/daa+aazhawinamaw+VTA+Cnj+Pos+Neu+1SgSubj+3SgProxObj', 'PVTense/ga+aazhawinamaw+VTA+Cnj+Pos+Neu+1SgSubj+3SgProxObj']}, {'word_form': 'anishinaabe-wiinzowin', 'fst_analyses': ['anishinaabe-wiinzowin+NI+Sg']}, {'word_form': '.', 'fst_analyses': []}]",nj
Bekaa bimibizon gaa-gikendanziwan zaaga'igan. Maagizhaa giga-bitaabikishin,Go slow when you don't know the lake. You might hit a reef.,"[{'word_form': 'bekaa', 'fst_analyses': ['bekaa+ADVMan']}, {'word_form': 'bimibizon', 'fst_analyses': ['bimibizo+VAI+Imp+Sim+2SgSubj']}, {'word_form': 'gaa-gikendanziwan', 'fst_analyses': ['PVSub/gaa+gikendam+VAI+Cnj+Neg+Neu+2SgSubj', 'PVSub/gaa+gikendan+VTI+Cnj+Neg+Neu+2SgSubj+0PlObj', 'PVSub/gaa+gikendan+VTI+Cnj+Neg+Neu+2SgSubj+0SgObj']}, {'word_form': ""zaaga'igan"", 'fst_analyses': [""zaaga'igan+NI+Sg""]}, {'word_form': '.', 'fst_analyses': []}, {'word_form': 'maagizhaa', 'fst_analyses': ['maagizhaa+ADVMan']}, {'word_form': 'giga-bitaabikishin', 'fst_analyses': ['PVTense/ga+bitaabikishin+VAI+Ind+Pos+Neu+2SgSubj']}]",nj
Weweni bimibizon. Ozhaashaagonagaa miikana.,Drive carefully. The road is slippery from the snow.,"[{'word_form': 'weweni', 'fst_analyses': ['weweni+ADVMan']}, {'word_form': 'bimibizon', 'fst_analyses': ['bimibizo+VAI+Imp+Sim+2SgSubj']}, {'word_form': '.', 'fst_analyses': []}, {'word_form': 'ozhaashaagonagaa', 'fst_analyses': ['ozhaashaagonagaa+VII+Ind+Pos+Neu+0SgSubj']}, {'word_form': 'miikana', 'fst_analyses': ['miikana+NI+Sg']}, {'word_form': '.', 'fst_analyses': []}]",nj
Awasinaago ningii'-ozhitoon moozo-boodaajigan.,I made a moose call two days ago.,"[{'word_form': 'awasinaago', 'fst_analyses': ['awasinaago+ADVTmp']}, {'word_form': ""ningii'-ozhitoon"", 'fst_analyses': [""PVTense/gii'+ozhitoon+VTI+Ind+Pos+Neu+1SgSubj+0SgObj""]}, {'word_form': 'moozo-boodaajigan', 'fst_analyses': ['moozo-boodaajigan+NI+Sg']}, {'word_form': '.', 'fst_analyses': []}]",nj
Giga-dakizidewaj. Biitakizinen.,Your feet will get cold. Put your shoes on!,"[{'word_form': 'giga-dakizidewaj', 'fst_analyses': ['PVTense/ga+dakizidewaji+VAI+Ind+Pos+Neu+2SgSubj']}, {'word_form': '.', 'fst_analyses': []}, {'word_form': 'biitakizinen', 'fst_analyses': ['biitakizine+VAI+Imp+Sim+2SgSubj']}, {'word_form': '.', 'fst_analyses': []}]",nj
Apichi nindapinikaazonan ezhi-anishinaabewinikaazoyaan.,The robin is the spirit bird that gave (my grandmother) my name.,"[{'word_form': 'apichi', 'fst_analyses': ['apichi+NA+ProxSg']}, {'word_form': 'nindapinikaazonan', 'fst_analyses': ['apinikaazon+VAIO+Ind+Pos+Neu+1SgSubj+0PlObj', 'apinikaazon+VAIO+Ind+Pos+Neu+1SgSubj+3SgProxObj']}, {'word_form': 'ezhi-anishinaabewinikaazoyaan', 'fst_analyses': []}, {'word_form': '.', 'fst_analyses': []}]",nj
Onzaamiinowag awesiinyag noopimiing. Gaye giin gidaa-andawenjige.,There's a lot of animals in the woods. You too should go hunting.,"[{'word_form': 'onzaamiinowag', 'fst_analyses': ['onzaamiino+VAI+Ind+Pos+Neu+3PlProxSubj']}, {'word_form': 'awesiinyag', 'fst_analyses': ['awesiinh+NA+ProxPl']}, {'word_form': 'noopimiing', 'fst_analyses': ['noopimiing+ADVLoc']}, {'word_form': '.', 'fst_analyses': []}, {'word_form': 'gaye', 'fst_analyses': ['gaye+ADVConj']}, {'word_form': 'giin', 'fst_analyses': ['giin+PRONPer+NA+2Sg']}, {'word_form': 'gidaa-andawenjige', 'fst_analyses': ['PVTense/daa+andawenjige+VAI+Ind+Pos+Neu+2SgSubj']}, {'word_form': '.', 'fst_analyses': []}]",nj
Zhegwaandagin asemaa enikweshinan ji-mino-bawaajigeyan.,Stick tobacco into the boughs under your head to have good dreams.,"[{'word_form': 'zhegwaandagin', 'fst_analyses': []}, {'word_form': 'asemaa', 'fst_analyses': ['asemaa+NA+ProxSg']}, {'word_form': 'enikweshinan', 'fst_analyses': []}, {'word_form': 'ji-mino-bawaajigeyan', 'fst_analyses': ['PVTense/daa+PVLex/mino+bawaajige+VAI+Cnj+Pos+Neu+2SgSubj', 'PVTense/ga+PVLex/mino+bawaajige+VAI+Cnj+Pos+Neu+2SgSubj']}, {'word_form': '.', 'fst_analyses': []}]",nj
Bizaanad agwajiing. Gaawiin noodinzinoon.,It's pretty still outside. There's no wind blowing.,"[{'word_form': 'bizaanad', 'fst_analyses': ['bizaanad+VII+Ind+Pos+Neu+0SgSubj']}, {'word_form': 'agwajiing', 'fst_analyses': ['agwajiing+ADVLoc']}, {'word_form': '.', 'fst_analyses': []}, {'word_form': 'gaawiin', 'fst_analyses': ['gaawiin+ADVNeg']}, {'word_form': 'noodinzinoon', 'fst_analyses': ['noodin+VII+Ind+Neg+Neu+0PlSubj', 'noodin+VII+Ind+Neg+Neu+0SgSubj']}, {'word_form': '.', 'fst_analyses': []}]",nj
Onzaam wiiba ningii'-amaji'igoo zhebaa.,They woke me up too early this morning.,"[{'word_form': 'onzaam', 'fst_analyses': ['onzaam+ADVQnt']}, {'word_form': 'wiiba', 'fst_analyses': ['wiiba+ADVTmp']}, {'word_form': ""ningii'-amaji'igoo"", 'fst_analyses': [""PVTense/gii'+amaji'+VTA+Ind+Pos+Neu+XSubj+1SgObj""]}, {'word_form': 'zhebaa', 'fst_analyses': ['zhebaa+ADVTmp']}, {'word_form': '.', 'fst_analyses': []}]",nj
Mitigong ondanjige baapaase. Mii iwe gaa-onji-bagone'waad mitigoo',A redheaded woodpecker gets its food from a tree. That's why it makes holes in the tree.,"[{'word_form': 'mitigong', 'fst_analyses': ['mitig+NA+Loc', 'mitig+NI+Loc']}, {'word_form': 'ondanjige', 'fst_analyses': ['ondanjige+VAI+Ind+Pos+Neu+3SgProxSubj']}, {'word_form': 'baapaase', 'fst_analyses': ['baapaase+NA+ProxSg']}, {'word_form': '.', 'fst_analyses': []}, {'word_form': 'mii', 'fst_analyses': ['mii+ADVPred']}, {'word_form': 'iwe', 'fst_analyses': ['iwe+PRONDem+NI+Sg']}, {'word_form': ""gaa-onji-bagone'waad"", 'fst_analyses': [""PVSub/gaa+PVRel/onji+bagone'wi+VTA+Cnj+Pos+Neu+3SgProxSubj+3SgObvObj"", ""PVSub/gaa+PVRel/onji+bagone'+VTA+Cnj+Pos+Neu+3SgProxSubj+3SgObvObj"", ""PVSub/gaa+PVRel/onji+bagone'wi+VTA+Cnj+Pos+Neu+3SgProxSubj+3PlObvObj"", ""PVSub/gaa+PVRel/onji+bagone'+VTA+Cnj+Pos+Neu+3SgProxSubj+3PlObvObj""]}, {'word_form': ""mitigoo'"", 'fst_analyses': ['mitig+NA+ObvPl']}]",nj
Wiikwaasinjigan aabajitoon wii-chiishada'igeyan. Wiikwaasinoon gaa-biiwisingin michisag.,Use a vacuum cleaner when you want to sweep up something. Stuff scattered on the floor is sucked up.,"[{'word_form': 'wiikwaasinjigan', 'fst_analyses': ['wiikwaasinjigan+NI+Sg']}, {'word_form': 'aabajitoon', 'fst_analyses': ['aabajitoon+VTI+Imp+Sim+2SgSubj+0PlObj', 'aabajitoon+VTI+Imp+Sim+2SgSubj+0SgObj']}, {'word_form': ""wii-chiishada'igeyan"", 'fst_analyses': [""PVTense/wii+jiishada'ige+VAI+Cnj+Pos+Neu+2SgSubj""]}, {'word_form': '.', 'fst_analyses': []}, {'word_form': 'wiikwaasinoon', 'fst_analyses': ['wiikwaasin+VII+Ind+Pos+Neu+0PlSubj']}, {'word_form': 'gaa-biiwisingin', 'fst_analyses': ['PVSub/gaa+biiwisin+VII+Cnj+Pos+Neu+0PlSubj', 'PVTense/gii+biiwisin+VII+Pcp+Pos+Neu+0PlSubj+0PlHead']}, {'word_form': 'michisag', 'fst_analyses': ['michisag+NI+Sg', 'michisag+ADVLoc']}, {'word_form': '.', 'fst_analyses': []}]",nj
Awiya awasi-baawitig danwewezigewag.,There's somebody shooting on the other side of the rapids.,"[{'word_form': 'awiya', 'fst_analyses': ['awiya+PRONIndf+NA']}, {'word_form': 'awasi-baawitig', 'fst_analyses': ['PNLex/awasi+baawitig+NI+Sg', 'awasi-baawitig+ADVLoc']}, {'word_form': 'danwewezigewag', 'fst_analyses': ['danwewezige+VAI+Ind+Pos+Neu+3PlProxSubj']}, {'word_form': '.', 'fst_analyses': []}]",nj
Wiinetawaa go ani-aazhawa'owag.,Just the two of them are paddling across.,"[{'word_form': 'wiinetawaa', 'fst_analyses': ['wiinetawaa+PRONPer+NA+3Pl']}, {'word_form': 'go', 'fst_analyses': ['go+PCDisc']}, {'word_form': ""ani-aazhawa'owag"", 'fst_analyses': [""PVDir/ani+aazhawa'o+VAI+Ind+Pos+Neu+3PlProxSubj""]}, {'word_form': '.', 'fst_analyses': []}]",nj
Onzaam niibiwa inaginde waasigani-bimide.,Gas costs too much.,"[{'word_form': 'onzaam', 'fst_analyses': ['onzaam+ADVQnt']}, {'word_form': 'niibiwa', 'fst_analyses': ['niibiwa+ADVQnt']}, {'word_form': 'inaginde', 'fst_analyses': ['inaginde+VII+Ind+Pos+Neu+0SgSubj']}, {'word_form': 'waasigani-bimide', 'fst_analyses': ['waasigani-bimide+NI+Sg']}, {'word_form': '.', 'fst_analyses': []}]",nj
Inaabin enakwazhiweyan. Giga-bitaabikishin minisaabik.,Look where you paddle to. You might get hung up on a reef.,"[{'word_form': 'inaabin', 'fst_analyses': ['inaabi+VAI+Imp+Sim+2SgSubj']}, {'word_form': 'enakwazhiweyan', 'fst_analyses': []}, {'word_form': '.', 'fst_analyses': []}, {'word_form': 'giga-bitaabikishin', 'fst_analyses': ['PVTense/ga+bitaabikishin+VAI+Ind+Pos+Neu+2SgSubj']}, {'word_form': 'minisaabik', 'fst_analyses': ['minisaabik+NI+Sg']}, {'word_form': '.', 'fst_analyses': []}]",nj
Ogii'-miikwa'waan asiniin gaa-bimishkaad. Gii-bitaabikishin.,The paddler accidentally hit the reef right on.,"[{'word_form': ""ogii'-miikwa'waan"", 'fst_analyses': [""PVTense/gii'+miikwa'wi+VTA+Ind+Pos+Neu+3SgProxSubj+3SgObvObj"", ""PVTense/gii'+miikwa'+VTA+Ind+Pos+Neu+3SgProxSubj+3SgObvObj"", ""PVTense/gii'+miikwa'wi+VTA+Ind+Pos+Neu+3SgProxSubj+3PlObvObj"", ""PVTense/gii'+miikwa'+VTA+Ind+Pos+Neu+3SgProxSubj+3PlObvObj""]}, {'word_form': 'asiniin', 'fst_analyses': ['asin+NA+ObvSg', 'asin+NA+ObvPl']}, {'word_form': 'gaa-bimishkaad', 'fst_analyses': ['PVSub/gaa+bimishkaa+VAI+Cnj+Pos+Neu+3SgProxSubj', 'PVTense/gii+bimishkaa+VAI+Pcp+Pos+Neu+3SgProxSubj+3SgProxHead']}, {'word_form': '.', 'fst_analyses': []}, {'word_form': 'gii-bitaabikishin', 'fst_analyses': ['PVTense/gii+bitaabikishin+VAI+Ind+Pos+Neu+3SgProxSubj']}, {'word_form': '.', 'fst_analyses': []}]",nj
Biinjipwaagan ashi 'a asemaa.,Put the tobacco in the pipe.,"[{'word_form': 'biinjipwaagan', 'fst_analyses': ['biinjipwaagan+ADVLoc']}, {'word_form': 'ashi', 'fst_analyses': ['ashi+VTA+Imp+Sim+2SgSubj+3SgProxObj', 'ashi+VTA+Imp+Sim+2SgSubj+3PlProxObj', 'ashi+ADVConj']}, {'word_form': ""'a"", 'fst_analyses': [""'a+PRONDem+NA+ProxSg""]}, {'word_form': 'asemaa', 'fst_analyses': ['asemaa+NA+ProxSg']}, {'word_form': '.', 'fst_analyses': []}]",nj
Gomaa go akwegad adoopowiniigin.,The table cloth is such and such a length.,"[{'word_form': 'gomaa', 'fst_analyses': ['gomaa+ADVDeg']}, {'word_form': 'go', 'fst_analyses': ['go+PCDisc']}, {'word_form': 'akwegad', 'fst_analyses': ['akwegad+VII+Ind+Pos+Neu+0SgSubj']}, {'word_form': 'adoopowiniigin', 'fst_analyses': ['adoopowiniigin+NI+Sg']}, {'word_form': '.', 'fst_analyses': []}]",nj
Obwaanawi'aan ji-bakonaad waaboozoon; onzaam okanaapinewininjii.,She's not able to skin a rabbit because of the arthritis in her hands.,"[{'word_form': ""obwaanawi'aan"", 'fst_analyses': [""bwaanawi'+VTA+Ind+Pos+Neu+3SgProxSubj+3SgObvObj"", ""bwaanawi'+VTA+Ind+Pos+Neu+3SgProxSubj+3PlObvObj""]}, {'word_form': 'ji-bakonaad', 'fst_analyses': ['PVTense/daa+bakon+VTA+Cnj+Pos+Neu+3SgProxSubj+3SgObvObj', 'PVTense/ga+bakon+VTA+Cnj+Pos+Neu+3SgProxSubj+3SgObvObj', 'PVTense/daa+bakon+VTA+Cnj+Pos+Neu+3SgProxSubj+3PlObvObj', 'PVTense/ga+bakon+VTA+Cnj+Pos+Neu+3SgProxSubj+3PlObvObj']}, {'word_form': 'waaboozoon;', 'fst_analyses': []}, {'word_form': 'onzaam', 'fst_analyses': ['onzaam+ADVQnt']}, {'word_form': 'okanaapinewininjii', 'fst_analyses': []}, {'word_form': '.', 'fst_analyses': []}]",nj
Nancy waabanda'iwe ezhichigeng gii-bakonindwaa awesiinyag.,Nancy demonstrates the way animals are skinned.,"[{'word_form': 'nancy', 'fst_analyses': []}, {'word_form': ""waabanda'iwe"", 'fst_analyses': [""waabanda'iwe+VAI+Ind+Pos+Neu+3SgProxSubj""]}, {'word_form': 'ezhichigeng', 'fst_analyses': []}, {'word_form': 'gii-bakonindwaa', 'fst_analyses': ['PVTense/gii+bakon+VTA+Cnj+Pos+Neu+XSubj+3PlProxObj']}, {'word_form': 'awesiinyag', 'fst_analyses': ['awesiinh+NA+ProxPl']}, {'word_form': '.', 'fst_analyses': []}]",nj
Gaawiin obagidinaasii' oniijaanisa' ji-niibaashkaanid.,She doesn't let her children be out at night.,"[{'word_form': 'gaawiin', 'fst_analyses': ['gaawiin+ADVNeg']}, {'word_form': ""obagidinaasii'"", 'fst_analyses': ['bagidin+VTA+Ind+Neg+Neu+3SgProxSubj+3PlObvObj']}, {'word_form': ""oniijaanisa'"", 'fst_analyses': ['niijaanis+NAD+ObvPl+3SgProxPoss']}, {'word_form': 'ji-niibaashkaanid', 'fst_analyses': ['PVTense/daa+niibaashkaa+VAI+Cnj+Pos+Neu+3PlObvSubj', 'PVTense/ga+niibaashkaa+VAI+Cnj+Pos+Neu+3PlObvSubj', 'PVTense/daa+niibaashkaa+VAI+Cnj+Pos+Neu+3SgObvSubj', 'PVTense/ga+niibaashkaa+VAI+Cnj+Pos+Neu+3SgObvSubj']}, {'word_form': '.', 'fst_analyses': []}]",nj
Gego bagidinaaken ji-bagidanaamonotawik.,Don't let him breathe on you.,"[{'word_form': 'gego', 'fst_analyses': ['gego+ADVNeg']}, {'word_form': 'bagidinaaken', 'fst_analyses': ['bagidin+VTA+Imp+Prb+2SgSubj+3PlProxObj', 'bagidin+VTA+Imp+Prb+2SgSubj+3SgProxObj']}, {'word_form': 'ji-bagidanaamonotawik', 'fst_analyses': []}, {'word_form': '.', 'fst_analyses': []}]",nj
Onzaamiinowag awesiinyag noopimiing. Gaye giin gidaa-andawenjige.,There's a lot of animals in the woods. You too should go hunting.,"[{'word_form': 'onzaamiinowag', 'fst_analyses': ['onzaamiino+VAI+Ind+Pos+Neu+3PlProxSubj']}, {'word_form': 'awesiinyag', 'fst_analyses': ['awesiinh+NA+ProxPl']}, {'word_form': 'noopimiing', 'fst_analyses': ['noopimiing+ADVLoc']}, {'word_form': '.', 'fst_analyses': []}, {'word_form': 'gaye', 'fst_analyses': ['gaye+ADVConj']}, {'word_form': 'giin', 'fst_analyses': ['giin+PRONPer+NA+2Sg']}, {'word_form': 'gidaa-andawenjige', 'fst_analyses': ['PVTense/daa+andawenjige+VAI+Ind+Pos+Neu+2SgSubj']}, {'word_form': '.', 'fst_analyses': []}]",nj
Manoominiwazh odagwaasidoon gaa-gii-pawa'ang.,The rice picker took a whole bag of rice out of her canoe.,"[{'word_form': 'manoominiwazh', 'fst_analyses': ['manoominiwazh+NI+Sg']}, {'word_form': 'odagwaasidoon', 'fst_analyses': ['agwaasidoon+VTI+Ind+Pos+Neu+3SgProxSubj+0SgObj']}, {'word_form': ""gaa-gii-pawa'ang"", 'fst_analyses': [""PVSub/gaa+PVTense/gii+bawa'am+VAI+Cnj+Pos+Neu+3SgProxSubj"", ""PVSub/gaa+PVTense/gii+bawa'an+VTI+Cnj+Pos+Neu+3SgProxSubj+0PlObj"", ""PVSub/gaa+PVTense/gii+bawa'an+VTI+Cnj+Pos+Neu+3SgProxSubj+0SgObj"", ""PVTense/gii+PVTense/gii+bawa'am+VAI+Pcp+Pos+Neu+3SgProxSubj+3SgProxHead"", ""PVTense/gii+PVTense/gii+bawa'am+VAI+Pcp+Pos+Neu+3PlProxSubj+3PlProxHead""]}, {'word_form': '.', 'fst_analyses': []}]",nj
Dibikong gii-kwanabibizowag niizh ininiwag. Bezhig gegaa gii'-nisaabaawe.,Last night two men capsized (their motor boat). One nearly drowned.,"[{'word_form': 'dibikong', 'fst_analyses': ['dibikong+ADVTmp']}, {'word_form': 'gii-kwanabibizowag', 'fst_analyses': ['PVTense/gii+gwanabibizo+VAI+Ind+Pos+Neu+3PlProxSubj']}, {'word_form': 'niizh', 'fst_analyses': ['niizh+NUM']}, {'word_form': 'ininiwag', 'fst_analyses': ['inini+NA+ProxPl']}, {'word_form': '.', 'fst_analyses': []}, {'word_form': 'bezhig', 'fst_analyses': ['bezhig+NUM']}, {'word_form': 'gegaa', 'fst_analyses': ['gegaa+ADVDeg']}, {'word_form': ""gii'-nisaabaawe"", 'fst_analyses': [""PVTense/gii'+nisaabaawe+VAI+Ind+Pos+Neu+3SgProxSubj"", ""PVTense/gii'+nisaabaawe+VII+Ind+Pos+Neu+0SgSubj""]}, {'word_form': '.', 'fst_analyses': []}]",nj
Ningaabii'anong ondwewidamoog animikiig gii-bimwewidamowaad.,The Thunderbirds come from the west as they go by us.,"[{'word_form': ""ningaabii'anong"", 'fst_analyses': [""ningaabii'an+NI+Loc"", ""ningaabii'anong+ADVLoc""]}, {'word_form': 'ondwewidamoog', 'fst_analyses': ['ondwewidam+VAI+Ind+Pos+Neu+3PlProxSubj']}, {'word_form': 'animikiig', 'fst_analyses': ['animikii+NA+ProxPl']}, {'word_form': 'gii-bimwewidamowaad', 'fst_analyses': ['PVTense/gii+bimwewidam+VAI+Cnj+Pos+Neu+3PlProxSubj']}, {'word_form': '.', 'fst_analyses': []}]",nj
Mooz animibatoo. Jiigaakwaang ani-apatoo.,A moose is running away. He's running along the edge of the trees.,"[{'word_form': 'mooz', 'fst_analyses': ['moonz+NA+ProxSg', 'mooz+NA+ProxSg']}, {'word_form': 'animibatoo', 'fst_analyses': ['animibatoo+VAI+Ind+Pos+Neu+3SgProxSubj']}, {'word_form': '.', 'fst_analyses': []}, {'word_form': 'jiigaakwaang', 'fst_analyses': ['jiigaakwaang+ADVLoc']}, {'word_form': 'ani-apatoo', 'fst_analyses': ['PVDir/ani+apatoo+VAI+Ind+Pos+Neu+3SgProxSubj']}, {'word_form': '.', 'fst_analyses': []}]",nj
Gii'-agozigwaji gii-dasoozod amik.,The beaver got stuck to the ice when it was in the trap.,"[{'word_form': ""gii'-agozigwaji"", 'fst_analyses': [""PVTense/gii'+agozigwaji+VAI+Ind+Pos+Neu+3SgProxSubj""]}, {'word_form': 'gii-dasoozod', 'fst_analyses': ['PVTense/gii+dasoozo+VAI+Cnj+Pos+Neu+3SgProxSubj']}, {'word_form': 'amik', 'fst_analyses': ['amik+NA+ProxSg']}, {'word_form': '.', 'fst_analyses': []}]",nj
Apane gaye ogikinoo'amawaan oozhisan.,He teaches his grandchild all the time.,"[{'word_form': 'apane', 'fst_analyses': ['apane+ADVTmp']}, {'word_form': 'gaye', 'fst_analyses': ['gaye+ADVConj']}, {'word_form': ""ogikinoo'amawaan"", 'fst_analyses': [""gikinoo'amaw+VTA+Ind+Pos+Neu+3SgProxSubj+3SgObvObj"", ""gikinoo'amaw+VTA+Ind+Pos+Neu+3SgProxSubj+3PlObvObj""]}, {'word_form': 'oozhisan', 'fst_analyses': ['oozhis+NAD+ObvPl+3SgProxPoss', 'oozhis+NAD+ObvSg+3SgProxPoss']}, {'word_form': '.', 'fst_analyses': []}]",nj
Ninaabinootaan owe dibaajimowin. Gaawiin niin nindoodaya'iimisiin.,I'm passing on this story. It's not my own.,"[{'word_form': 'ninaabinootaan', 'fst_analyses': ['naabinootan+VTI+Ind+Pos+Neu+1SgSubj+0SgObj']}, {'word_form': 'owe', 'fst_analyses': ['owe+PRONDem+NI+Sg']}, {'word_form': 'dibaajimowin', 'fst_analyses': ['dibaajimowin+NI+Sg']}, {'word_form': '.', 'fst_analyses': []}, {'word_form': 'gaawiin', 'fst_analyses': ['gaawiin+ADVNeg']}, {'word_form': 'niin', 'fst_analyses': ['niin+PRONPer+NA+1Sg']}, {'word_form': ""nindoodaya'iimisiin"", 'fst_analyses': [""odaya'iimi+VAI+Ind+Neg+Neu+1SgSubj""]}, {'word_form': '.', 'fst_analyses': []}]",nj
Ando-bakinasabiidaa.,Let's go take the net out.,"[{'word_form': 'ando-bakinasabiidaa', 'fst_analyses': ['PVLex/ando+bakinasabii+VAI+Imp+Del+InclSubj', 'PVLex/ando+bakinasabii+VAI+Imp+Sim+InclSubj']}, {'word_form': '.', 'fst_analyses': []}]",nj
Bijiinag igo biidaabang giga-bakinasabiimin.,We'll pull out our net as early as dawn.,"[{'word_form': 'bijiinag', 'fst_analyses': ['bijiinag+ADVTmp']}, {'word_form': 'igo', 'fst_analyses': ['igo+PCEmph']}, {'word_form': 'biidaabang', 'fst_analyses': ['biidaaban+VII+Cnj+Pos+Neu+0SgSubj', 'biidaaban+VII+Cnj+Pos+Neu+0PlSubj']}, {'word_form': 'giga-bakinasabiimin', 'fst_analyses': ['PVTense/ga+bakinasabii+VAI+Ind+Pos+Neu+InclSubj']}, {'word_form': '.', 'fst_analyses': []}]",nj
Babiizigitaagozi gaa-bi-ganoozhid zhebaa. Agaawaa go ninisidotawaa.,He sounded hoarse when I called him this morning. I could barely understand him.,"[{'word_form': 'babiizigitaagozi', 'fst_analyses': ['babiizigitaagozi+VAI+Ind+Pos+Neu+3SgProxSubj']}, {'word_form': 'gaa-bi-ganoozhid', 'fst_analyses': ['PVSub/gaa+PVDir/bi+ganoozh+VTA+Cnj+Pos+Neu+3SgProxSubj+1SgObj']}, {'word_form': 'zhebaa', 'fst_analyses': ['zhebaa+ADVTmp']}, {'word_form': '.', 'fst_analyses': []}, {'word_form': 'agaawaa', 'fst_analyses': ['agaawaa+ADVDeg']}, {'word_form': 'go', 'fst_analyses': ['go+PCDisc']}, {'word_form': 'ninisidotawaa', 'fst_analyses': ['nisidotaw+VTA+Ind+Pos+Neu+1SgSubj+3SgProxObj']}, {'word_form': '.', 'fst_analyses': []}]",nj
Aabita eta odizhi-dakobidoon omakizineyaab.,He only laced his shoe halfway up.,"[{'word_form': 'aabita', 'fst_analyses': ['aabita+NUM']}, {'word_form': 'eta', 'fst_analyses': ['eta+ADVDeg']}, {'word_form': 'odizhi-dakobidoon', 'fst_analyses': ['PVRel/izhi+dakobidoon+VTI+Ind+Pos+Neu+3SgProxSubj+0SgObj']}, {'word_form': 'omakizineyaab', 'fst_analyses': ['makizineyaab+NI+Sg+3SgProxPoss']}, {'word_form': '.', 'fst_analyses': []}]",nj
Aabita na gidaa-miizh nooka'iiwagwaan.,Could you give me half of the pemmican?,"[{'word_form': 'aabita', 'fst_analyses': ['aabita+NUM']}, {'word_form': 'na', 'fst_analyses': ['na+PCDisc']}, {'word_form': 'gidaa-miizh', 'fst_analyses': ['PVTense/daa+miizh+VTA+Ind+Pos+Neu+2SgSubj+1SgObj']}, {'word_form': ""nooka'iiwagwaan"", 'fst_analyses': [""nooka'iiwagwaan+NI+Sg""]}, {'word_form': '.', 'fst_analyses': []}]",nj
Aabita ogii'-izhi-nagishkawaawaan omaamaayiwaan gii-bagidinimind aakoziiwigamigong.,They met their mother halfway when she was released from the hospital.,"[{'word_form': 'aabita', 'fst_analyses': ['aabita+NUM']}, {'word_form': ""ogii'-izhi-nagishkawaawaan"", 'fst_analyses': [""PVTense/gii'+PVRel/izhi+nagishkaw+VTA+Ind+Pos+Neu+3PlProxSubj+3PlObvObj"", ""PVTense/gii'+PVRel/izhi+nagishkaw+VTA+Ind+Pos+Neu+3PlProxSubj+3SgObvObj""]}, {'word_form': 'omaamaayiwaan', 'fst_analyses': ['maamaa+NAD+ObvSg+3PlProxPoss', 'maamaay+NAD+ObvSg+3PlProxPoss', 'maamaa+NAD+ObvPl+3PlProxPoss', 'maamaay+NAD+ObvPl+3PlProxPoss']}, {'word_form': 'gii-bagidinimind', 'fst_analyses': ['PVTense/gii+bagidin+VTA+Cnj+Pos+Neu+XSubj+3SgObvObj', 'PVTense/gii+bagidin+VTA+Cnj+Pos+Neu+XSubj+3PlObvObj']}, {'word_form': 'aakoziiwigamigong', 'fst_analyses': ['aakoziiwigamig+NI+Loc']}, {'word_form': '.', 'fst_analyses': []}]",nj
Gaawiin wiikaa anooj igo gidayinaasii gichi-anishinaabe.,Never say bad things to an elder.,"[{'word_form': 'gaawiin', 'fst_analyses': ['gaawiin+ADVNeg']}, {'word_form': 'wiikaa', 'fst_analyses': ['wiikaa+ADVTmp']}, {'word_form': 'anooj', 'fst_analyses': ['anooj+ADVQnt']}, {'word_form': 'igo', 'fst_analyses': ['igo+PCEmph']}, {'word_form': 'gidayinaasii', 'fst_analyses': []}, {'word_form': 'gichi-anishinaabe', 'fst_analyses': ['PNLex/gichi+anishinaabe+NA+ProxSg', 'gichi-anishinaabe+NA+ProxSg', 'PNLex/chi+anishinaabe+NA+ProxSg+2SgPoss']}, {'word_form': '.', 'fst_analyses': []}]",nj
Maamakaaj ingii'-inendam gaa-inaajimotawid.,I thought what he told me was amazing.,"[{'word_form': 'maamakaaj', 'fst_analyses': ['maamakaaj+ADVMan']}, {'word_form': ""ingii'-inendam"", 'fst_analyses': [""PVTense/gii'+inendam+VAI+Ind+Pos+Neu+1SgSubj""]}, {'word_form': 'gaa-inaajimotawid', 'fst_analyses': ['PVSub/gaa+inaajimotaw+VTA+Cnj+Pos+Neu+3SgProxSubj+1SgObj']}, {'word_form': '.', 'fst_analyses': []}]",nj
Niwii'-agwinjidoon nindabwewin ji-nookagwindeg gaa-gii-kabaachigaadeg imaa nindabwewining.,I'm going to soak my frying pan so what was boiled in it (oatmeal) will soften up.,"[{'word_form': ""niwii'-agwinjidoon"", 'fst_analyses': [""PVTense/wii'+agwinjidoon+VTI+Ind+Pos+Neu+1SgSubj+0SgObj""]}, {'word_form': 'nindabwewin', 'fst_analyses': ['abwewin+NI+Sg+1SgPoss']}, {'word_form': 'ji-nookagwindeg', 'fst_analyses': ['PVTense/daa+nookagwinde+VII+Cnj+Pos+Neu+0SgSubj', 'PVTense/ga+nookagwinde+VII+Cnj+Pos+Neu+0SgSubj', 'PVTense/daa+nookagwinde+VII+Cnj+Pos+Neu+0PlSubj', 'PVTense/ga+nookagwinde+VII+Cnj+Pos+Neu+0PlSubj']}, {'word_form': 'gaa-gii-kabaachigaadeg', 'fst_analyses': ['PVSub/gaa+PVTense/gii+gabaachigaade+VII+Cnj+Pos+Neu+0SgSubj', 'PVSub/gaa+PVTense/gii+gabaachigaade+VII+Cnj+Pos+Neu+0PlSubj', 'PVTense/gii+PVTense/gii+gabaachigaade+VII+Pcp+Pos+Neu+0SgSubj+0SgHead']}, {'word_form': 'imaa', 'fst_analyses': ['imaa+ADVLoc']}, {'word_form': 'nindabwewining', 'fst_analyses': ['abwewin+NI+Loc+1SgPoss']}, {'word_form': '.', 'fst_analyses': []}]",nj
Gaawiin ganage ningii-tiba'aamaagosii gaa-gii'-anokiitawag.,The one I worked for didn't even pay me.,"[{'word_form': 'gaawiin', 'fst_analyses': ['gaawiin+ADVNeg']}, {'word_form': 'ganage', 'fst_analyses': ['ganage+ADVMan']}, {'word_form': ""ningii-tiba'aamaagosii"", 'fst_analyses': []}, {'word_form': ""gaa-gii'-anokiitawag"", 'fst_analyses': [""PVSub/gaa+PVTense/gii'+anokiitaw+VTA+Cnj+Pos+Neu+1SgSubj+3SgProxObj""]}, {'word_form': '.', 'fst_analyses': []}]",nj
Agwaase mikwam gii-babaamaa'ogod gii-ziigwang.,The ice comes up on shore when it drifts around in the spring.,"[{'word_form': 'agwaase', 'fst_analyses': ['agwaase+VAI+Ind+Pos+Neu+3SgProxSubj']}, {'word_form': 'mikwam', 'fst_analyses': ['mikwam+NA+ProxSg']}, {'word_form': ""gii-babaamaa'ogod"", 'fst_analyses': [""PVTense/gii+babaamaa'ogo+VAI+Cnj+Pos+Neu+3SgProxSubj""]}, {'word_form': 'gii-ziigwang', 'fst_analyses': ['PVTense/gii+ziigwan+VII+Cnj+Pos+Neu+0SgSubj', 'PVTense/gii+ziigwan+VII+Cnj+Pos+Neu+0PlSubj']}, {'word_form': '.', 'fst_analyses': []}]",nj
Giin ina ogowe giminjikaawanag.,Are these your mitts?,"[{'word_form': 'giin', 'fst_analyses': ['giin+PRONPer+NA+2Sg']}, {'word_form': 'ina', 'fst_analyses': ['ina+PCDisc']}, {'word_form': 'ogowe', 'fst_analyses': ['ogowe+PRONDem+NA+ProxPl']}, {'word_form': 'giminjikaawanag', 'fst_analyses': ['minjikaawan+NA+ProxPl+2SgPoss']}, {'word_form': '.', 'fst_analyses': []}]",nj
Miziwe onjiiwag ogowe anishinaabeg gaa-zhooshkwaada'ewaad.,These Indian hockey players come from all over.,"[{'word_form': 'miziwe', 'fst_analyses': ['miziwe+ADVLoc']}, {'word_form': 'onjiiwag', 'fst_analyses': ['onjii+VAI+Ind+Pos+Neu+3PlProxSubj']}, {'word_form': 'ogowe', 'fst_analyses': ['ogowe+PRONDem+NA+ProxPl']}, {'word_form': 'anishinaabeg', 'fst_analyses': ['anishinaabe+NA+ProxPl']}, {'word_form': ""gaa-zhooshkwaada'ewaad"", 'fst_analyses': [""PVSub/gaa+zhooshkwaada'e+VAI+Cnj+Pos+Neu+3PlProxSubj""]}, {'word_form': '.', 'fst_analyses': []}]",nj
Wiinitwaa gaa-bezhigooged akiwenzii. Gaawiin nitaa-biinichigesii.,The old bachelor has a dirty house. He doesn't know how to keep it clean.,"[{'word_form': 'wiinitwaa', 'fst_analyses': ['wiinitwaa+VAI+Ind+Pos+Neu+3SgProxSubj']}, {'word_form': 'gaa-bezhigooged', 'fst_analyses': ['PVSub/gaa+bezhigooge+VAI+Cnj+Pos+Neu+3SgProxSubj', 'PVTense/gii+bezhigooge+VAI+Pcp+Pos+Neu+3SgProxSubj+3SgProxHead']}, {'word_form': 'akiwenzii', 'fst_analyses': ['akiwenzii+NA+ProxSg']}, {'word_form': '.', 'fst_analyses': []}, {'word_form': 'gaawiin', 'fst_analyses': ['gaawiin+ADVNeg']}, {'word_form': 'nitaa-biinichigesii', 'fst_analyses': ['PVLex/nitaa+biinichige+VAI+Ind+Neg+Neu+3SgProxSubj']}, {'word_form': '.', 'fst_analyses': []}]",nj
Agaaming inakwazhiwen.,Paddle across the lake.,"[{'word_form': 'agaaming', 'fst_analyses': ['agaaming+ADVLoc']}, {'word_form': 'inakwazhiwen', 'fst_analyses': ['inakwazhiwe+VAI+Imp+Sim+2SgSubj']}, {'word_form': '.', 'fst_analyses': []}]",nj
Agaaming iwidi ningii'-onjikadaan bezhig nindabwi.,I left one of my paddles across the lake.,"[{'word_form': 'agaaming', 'fst_analyses': ['agaaming+ADVLoc']}, {'word_form': 'iwidi', 'fst_analyses': ['iwidi+ADVLoc']}, {'word_form': ""ningii'-onjikadaan"", 'fst_analyses': []}, {'word_form': 'bezhig', 'fst_analyses': ['bezhig+NUM']}, {'word_form': 'nindabwi', 'fst_analyses': ['abwi+NI+Sg+1SgPoss']}, {'word_form': '.', 'fst_analyses': []}]",nj
Nookomis madwe-biibaagi agaaming.,You can hear my grandmother calling across the lake.,"[{'word_form': 'nookomis', 'fst_analyses': ['ookomis+NAD+ProxSg+1SgPoss']}, {'word_form': 'madwe-biibaagi', 'fst_analyses': ['PVLex/madwe+biibaagi+VAI+Ind+Pos+Neu+3SgProxSubj']}, {'word_form': 'agaaming', 'fst_analyses': ['agaaming+ADVLoc']}, {'word_form': '.', 'fst_analyses': []}]",nj
Memindage ogagwe-gaachiji'aan.,She tried hard to get his attention.,"[{'word_form': 'memindage', 'fst_analyses': ['memindage+ADVMan']}, {'word_form': ""ogagwe-gaachiji'aan"", 'fst_analyses': []}, {'word_form': '.', 'fst_analyses': []}]",nj
Awenen waa'-wiidanokiimik wii'-ozhitooyeg giwaakaa'igan.,Who is going to work with you when you guys build your house.,"[{'word_form': 'awenen', 'fst_analyses': ['awenen+PRONInter+NA+ProxSg']}, {'word_form': ""waa'-wiidanokiimik"", 'fst_analyses': []}, {'word_form': ""wii'-ozhitooyeg"", 'fst_analyses': [""PVTense/wii'+ozhitoon+VTI+Cnj+Pos+Neu+2PlSubj+0PlObj"", ""PVTense/wii'+ozhitoon+VTI+Cnj+Pos+Neu+2PlSubj+0SgObj""]}, {'word_form': ""giwaakaa'igan"", 'fst_analyses': [""waakaa'igan+NI+Sg+2SgPoss""]}, {'word_form': '.', 'fst_analyses': []}]",nj
Aabitawagaam ningii'-izhi-naga'waa nimishoomis.,I met my grandfather halfway down the lake.,"[{'word_form': 'aabitawagaam', 'fst_analyses': ['aabitawagaam+ADVLoc']}, {'word_form': ""ningii'-izhi-naga'waa"", 'fst_analyses': [""PVTense/gii'+PVRel/izhi+naga'wi+VTA+Ind+Pos+Neu+1SgSubj+3SgProxObj"", ""PVTense/gii'+PVRel/izhi+naga'+VTA+Ind+Pos+Neu+1SgSubj+3SgProxObj""]}, {'word_form': 'nimishoomis', 'fst_analyses': ['mishoomis+NAD+ProxSg+1SgPoss']}, {'word_form': '.', 'fst_analyses': []}]",nj
Aandi go gaa'-izhi-atooyan.,Where the hell did you put it?,"[{'word_form': 'aandi', 'fst_analyses': ['aandi+ADVInter']}, {'word_form': 'go', 'fst_analyses': ['go+PCDisc']}, {'word_form': ""gaa'-izhi-atooyan"", 'fst_analyses': []}, {'word_form': '.', 'fst_analyses': []}]",nj
Ingoji go ningii'-izhi-waabamaa John. Gaawiin dash niminjimendanziin aandi go gaa-gii'-izhi-waabamag.,I've seen John someplace but I can't remember where where I saw him,"[{'word_form': 'ingoji', 'fst_analyses': ['ingoji+ADVDeg']}, {'word_form': 'go', 'fst_analyses': ['go+PCDisc']}, {'word_form': ""ningii'-izhi-waabamaa"", 'fst_analyses': [""PVTense/gii'+PVRel/izhi+waabam+VTA+Ind+Pos+Neu+1SgSubj+3SgProxObj""]}, {'word_form': 'john', 'fst_analyses': []}, {'word_form': '.', 'fst_analyses': []}, {'word_form': 'gaawiin', 'fst_analyses': ['gaawiin+ADVNeg']}, {'word_form': 'dash', 'fst_analyses': ['dash+ADVConj']}, {'word_form': 'niminjimendanziin', 'fst_analyses': ['minjimendam+VAI+Ind+Neg+Neu+1SgSubj', 'minjimendan+VTI+Ind+Neg+Neu+1SgSubj+0SgObj']}, {'word_form': 'aandi', 'fst_analyses': ['aandi+ADVInter']}, {'word_form': 'go', 'fst_analyses': ['go+PCDisc']}, {'word_form': ""gaa-gii'-izhi-waabamag"", 'fst_analyses': [""PVSub/gaa+PVTense/gii'+PVRel/izhi+waabam+VTA+Cnj+Pos+Neu+1SgSubj+3SgProxObj""]}, {'word_form': '.', 'fst_analyses': []}]",nj
Owiipendaan ozhooniyaa-mashkimodens. Naniizaanendam ji-gimoodimind.,He sleeps with his wallet. He's afraid someone's going to steal it from him.,"[{'word_form': 'owiipendaan', 'fst_analyses': ['wiipendan+VTI+Ind+Pos+Neu+3SgProxSubj+0SgObj']}, {'word_form': 'ozhooniyaa-mashkimodens', 'fst_analyses': ['zhooniyaa-mashkimod+NI+Dim+Sg+3SgProxPoss']}, {'word_form': '.', 'fst_analyses': []}, {'word_form': 'naniizaanendam', 'fst_analyses': []}, {'word_form': 'ji-gimoodimind', 'fst_analyses': ['PVTense/daa+gimoodim+VTA+Cnj+Pos+Neu+XSubj+3SgProxObj', 'PVTense/ga+gimoodim+VTA+Cnj+Pos+Neu+XSubj+3SgProxObj']}, {'word_form': '.', 'fst_analyses': []}]",nj
Ajidamoo ningii-kiishkaanowebinaa wanakwaanow.,I broke off the tip of the squirrel's tail (when skinning the squirrel).,"[{'word_form': 'ajidamoo', 'fst_analyses': ['ajidamoo+NA+ProxSg']}, {'word_form': 'ningii-kiishkaanowebinaa', 'fst_analyses': ['PVTense/gii+giishkaanowebizh+VTA+Ind+Pos+Neu+1SgSubj+3SgProxObj']}, {'word_form': 'wanakwaanow', 'fst_analyses': ['wanakwaanow+ADVLoc']}, {'word_form': '.', 'fst_analyses': []}]",nj
Oniisaaboonaa' mitigoo'.,S/he is moving logs down the rapids.,"[{'word_form': ""oniisaaboonaa'"", 'fst_analyses': ['niisaaboozh+VTA+Ind+Pos+Neu+3SgProxSubj+3PlObvObj']}, {'word_form': ""mitigoo'"", 'fst_analyses': ['mitig+NA+ObvPl']}, {'word_form': '.', 'fst_analyses': []}]",nj
Nancy waabanda'iwe ezhichigeng gii-bakonindwaa awesiinyag.,Nancy demonstrates the way animals are skinned.,"[{'word_form': 'nancy', 'fst_analyses': []}, {'word_form': ""waabanda'iwe"", 'fst_analyses': [""waabanda'iwe+VAI+Ind+Pos+Neu+3SgProxSubj""]}, {'word_form': 'ezhichigeng', 'fst_analyses': []}, {'word_form': 'gii-bakonindwaa', 'fst_analyses': ['PVTense/gii+bakon+VTA+Cnj+Pos+Neu+XSubj+3PlProxObj']}, {'word_form': 'awesiinyag', 'fst_analyses': ['awesiinh+NA+ProxPl']}, {'word_form': '.', 'fst_analyses': []}]",nj
Neyaashiing danaakizige waa'-izhi-gitiged naagaj.,He's burning the brush out on the point where's he's going to plant his garden later.,"[{'word_form': 'neyaashiing', 'fst_analyses': ['neyaashi+NI+Loc']}, {'word_form': 'danaakizige', 'fst_analyses': ['danaakizige+VAI+Ind+Pos+Neu+3SgProxSubj']}, {'word_form': ""waa'-izhi-gitiged"", 'fst_analyses': [""PVTense/wii'+PVRel/izhi+gitige+VAI+Pcp+Pos+Neu+3SgProxSubj+3SgProxHead""]}, {'word_form': 'naagaj', 'fst_analyses': ['naagaj+ADVQnt']}, {'word_form': '.', 'fst_analyses': []}]",nj
Onjishkawa'o gaa-biidakwazhiwed. Baamaa naagaj da-bi-bagamakwazhiwe.,The one paddling here is going against the wind. It will be some time before he gets here.,"[{'word_form': ""onjishkawa'o"", 'fst_analyses': [""onjishkawa'o+VAI+Ind+Pos+Neu+3SgProxSubj""]}, {'word_form': 'gaa-biidakwazhiwed', 'fst_analyses': ['PVSub/gaa+biidakwazhiwe+VAI+Cnj+Pos+Neu+3SgProxSubj', 'PVTense/gii+biidakwazhiwe+VAI+Pcp+Pos+Neu+3SgProxSubj+3SgProxHead']}, {'word_form': '.', 'fst_analyses': []}, {'word_form': 'baamaa', 'fst_analyses': ['baamaa+ADVTmp']}, {'word_form': 'naagaj', 'fst_analyses': ['naagaj+ADVQnt']}, {'word_form': 'da-bi-bagamakwazhiwe', 'fst_analyses': ['PVTense/ga+PVDir/bi+bagamakwazhiwe+VAI+Ind+Pos+Neu+3SgProxSubj']}, {'word_form': '.', 'fst_analyses': []}]",nj
Gii-gimiwang minwewebiisaan.,When its raining you can hear the nice sound of the rain falling.,"[{'word_form': 'gii-gimiwang', 'fst_analyses': ['PVTense/gii+gimiwan+VII+Cnj+Pos+Neu+0SgSubj', 'PVTense/gii+gimiwan+VII+Cnj+Pos+Neu+0PlSubj']}, {'word_form': 'minwewebiisaan', 'fst_analyses': ['minwewebiisaan+VII+Ind+Pos+Neu+0SgSubj']}, {'word_form': '.', 'fst_analyses': []}]",nj
Baapiwag enaajimotaadiwaad ikwezensag.,The girls are laughing while they are telling each other the news.,"[{'word_form': 'baapiwag', 'fst_analyses': ['baapi+VAI+Ind+Pos+Neu+3PlProxSubj']}, {'word_form': 'enaajimotaadiwaad', 'fst_analyses': []}, {'word_form': 'ikwezensag', 'fst_analyses': ['ikwezens+NA+ProxPl']}, {'word_form': '.', 'fst_analyses': []}]",nj
Bebakaanadiniwan odazhiganan eyiidawizid.,His socks don't match. (Literally: His socks on both feet are different.),"[{'word_form': 'bebakaanadiniwan', 'fst_analyses': []}, {'word_form': 'odazhiganan', 'fst_analyses': ['azhigan+NI+Pl+3SgProxPoss']}, {'word_form': 'eyiidawizid', 'fst_analyses': ['eyiidawizid+ADVLoc']}, {'word_form': '.', 'fst_analyses': []}]",nj
Aaniin ekogamaag.,How long is the lake?,"[{'word_form': 'aaniin', 'fst_analyses': ['aaniin+PCInterj', 'aaniin+ADVInter']}, {'word_form': 'ekogamaag', 'fst_analyses': ['akogamaa+VII+Pcp+Pos+Neu+0SgSubj+0SgHead']}, {'word_form': '.', 'fst_analyses': []}]",nj
Gomaa go akogamaa.,The lake is somewhat long.,"[{'word_form': 'gomaa', 'fst_analyses': ['gomaa+ADVDeg']}, {'word_form': 'go', 'fst_analyses': ['go+PCDisc']}, {'word_form': 'akogamaa', 'fst_analyses': ['akogamaa+VII+Ind+Pos+Neu+0SgSubj']}, {'word_form': '.', 'fst_analyses': []}]",nj
Apenimon gigitiziimag ji-gikinoo'amawikwaa ge-izhi-bimiwidooyan gibimaadiziwin.,Rely on your parents to teach you how to carry on your life in the future.,"[{'word_form': 'apenimon', 'fst_analyses': ['apenimo+VAI+Imp+Sim+2SgSubj', 'apenimon+VAIO+Imp+Sim+2SgSubj+0PlObj', 'apenimon+VAIO+Imp+Sim+2SgSubj+0SgObj', 'apenimon+VAIO+Imp+Sim+2SgSubj+3PlProx', 'apenimon+VAIO+Imp+Sim+2SgSubj+3SgProx', 'apenimon+VAIO+Imp+Sim+2SgSubj']}, {'word_form': 'gigitiziimag', 'fst_analyses': ['gitiziim+NAD+ProxPl+2SgPoss']}, {'word_form': ""ji-gikinoo'amawikwaa"", 'fst_analyses': []}, {'word_form': 'ge-izhi-bimiwidooyan', 'fst_analyses': []}, {'word_form': 'gibimaadiziwin', 'fst_analyses': ['bimaadiziwin+NI+Sg+2SgPoss']}, {'word_form': '.', 'fst_analyses': []}]",nj
Ona'itawaan oosan ezhi-gikinoo'amaagod.,He listens to his father's teachings. / He minds his father's teachings.,"[{'word_form': ""ona'itawaan"", 'fst_analyses': [""na'itaw+VTA+Ind+Pos+Neu+3SgProxSubj+3SgObvObj"", ""na'itaw+VTA+Ind+Pos+Neu+3SgProxSubj+3PlObvObj""]}, {'word_form': 'oosan', 'fst_analyses': ['oos+NAD+ObvPl+3SgProxPoss', 'oos+NAD+ObvSg+3SgProxPoss']}, {'word_form': ""ezhi-gikinoo'amaagod"", 'fst_analyses': []}, {'word_form': '.', 'fst_analyses': []}]",nj
Ogii'-onzaami-zhiiwitaagana'aan onaboobiikaan.,She put too much salt in her soup.,"[{'word_form': ""ogii'-onzaami-zhiiwitaagana'aan"", 'fst_analyses': [""PVTense/gii'+PVLex/onzaami+zhiiwitaagana'an+VTI+Ind+Pos+Neu+3SgProxSubj+0SgObj""]}, {'word_form': 'onaboobiikaan', 'fst_analyses': []}, {'word_form': '.', 'fst_analyses': []}]",nj
Aanawendaagozi ji-giizhitoopan waakaa'igan; onzaam gitimishki.,Everyone thinks he is never going to finish his house because he is too lazy.,"[{'word_form': 'aanawendaagozi', 'fst_analyses': ['aanawendaagozi+VAI+Ind+Pos+Neu+3SgProxSubj']}, {'word_form': 'ji-giizhitoopan', 'fst_analyses': ['PVTense/daa+giizhitoon+VTI+Cnj+Pos+Prt+3SgProxSubj+0PlObj', 'PVTense/ga+giizhitoon+VTI+Cnj+Pos+Prt+3SgProxSubj+0PlObj', 'PVTense/daa+giizhitoon+VTI+Cnj+Pos+Prt+3SgProxSubj+0SgObj', 'PVTense/ga+giizhitoon+VTI+Cnj+Pos+Prt+3SgProxSubj+0SgObj']}, {'word_form': ""waakaa'igan;"", 'fst_analyses': []}, {'word_form': 'onzaam', 'fst_analyses': ['onzaam+ADVQnt']}, {'word_form': 'gitimishki', 'fst_analyses': ['gitimishki+VAI+Ind+Pos+Neu+3SgProxSubj']}, {'word_form': '.', 'fst_analyses': []}]",nj
Madwesidoon zhinawa'oojigan.,Ring the bell.,"[{'word_form': 'madwesidoon', 'fst_analyses': ['madwesidoon+VTI+Imp+Sim+2SgSubj+0PlObj', 'madwesidoon+VTI+Imp+Sim+2SgSubj+0SgObj']}, {'word_form': ""zhinawa'oojigan"", 'fst_analyses': [""zhinawa'oojigan+NI+Sg""]}, {'word_form': '.', 'fst_analyses': []}]",nj
Zhebaa ingii-pi-aazhoge'adoo. Ishkwaa-naawakweg niwii'-ani-aazhoge'adoo.,This morning I came across the bridge. This afternoon I'm going back across the bridge.,"[{'word_form': 'zhebaa', 'fst_analyses': ['zhebaa+ADVTmp']}, {'word_form': ""ingii-pi-aazhoge'adoo"", 'fst_analyses': [""PVTense/gii+PVDir/bi+aazhoge'adoo+VAI+Ind+Pos+Neu+1SgSubj""]}, {'word_form': '.', 'fst_analyses': []}, {'word_form': 'ishkwaa-naawakweg', 'fst_analyses': ['ishkwaa-naawakwe+VII+Cnj+Pos+Neu+0SgSubj', 'PVLex/ishkwaa+naawakwe+VII+Cnj+Pos+Neu+0SgSubj', 'ishkwaa-naawakwe+VII+Cnj+Pos+Neu+0PlSubj', 'PVLex/ishkwaa+naawakwe+VII+Cnj+Pos+Neu+0PlSubj']}, {'word_form': ""niwii'-ani-aazhoge'adoo"", 'fst_analyses': [""PVTense/wii'+PVDir/ani+aazhoge'adoo+VAI+Ind+Pos+Neu+1SgSubj""]}, {'word_form': '.', 'fst_analyses': []}]",nj
Aaniin enataadiwaad? / Ganabaj makizinataadiwag.,What are they playing? / I think they are playing the moccasin game.,"[{'word_form': 'aaniin', 'fst_analyses': ['aaniin+PCInterj', 'aaniin+ADVInter']}, {'word_form': 'enataadiwaad', 'fst_analyses': []}, {'word_form': '?', 'fst_analyses': []}, {'word_form': '/', 'fst_analyses': []}, {'word_form': 'ganabaj', 'fst_analyses': ['ganabaj+ADVMan']}, {'word_form': 'makizinataadiwag', 'fst_analyses': ['makizinataadiwag+VAI+Ind+Pos+Neu+3PlProxSubj+3PlProxObj']}, {'word_form': '.', 'fst_analyses': []}]",nj
Naaweg bagiwaanegamig onji-onjigaa .,There's a leak in the middle of the tent.,"[{'word_form': 'naaweg', 'fst_analyses': ['naaweg+ADVLoc']}, {'word_form': 'bagiwaanegamig', 'fst_analyses': ['bagiwaanegamig+NI+Sg']}, {'word_form': 'onji-onjigaa', 'fst_analyses': ['PVRel/onji+onjigaa+VAI+Ind+Pos+Neu+3SgProxSubj', 'PVRel/onji+onjigaa+VII+Ind+Pos+Neu+0SgSubj']}, {'word_form': '.', 'fst_analyses': []}, {'word_form': '', 'fst_analyses': []}]",nj
Aandi gaa'-izhi-dazhwegisidooyan bagiwaanegamig ji-baateg. / Ogiji-bikwasin ingii'-izhi-dazhwegisidoon.,Where did you spread the tent to dry? / I spread it out on the big boulder.,"[{'word_form': 'aandi', 'fst_analyses': ['aandi+ADVInter']}, {'word_form': ""gaa'-izhi-dazhwegisidooyan"", 'fst_analyses': []}, {'word_form': 'bagiwaanegamig', 'fst_analyses': ['bagiwaanegamig+NI+Sg']}, {'word_form': 'ji-baateg', 'fst_analyses': ['PVTense/daa+baate+VII+Cnj+Pos+Neu+0SgSubj', 'PVTense/ga+baate+VII+Cnj+Pos+Neu+0SgSubj', 'PVTense/daa+baate+VII+Cnj+Pos+Neu+0PlSubj', 'PVTense/ga+baate+VII+Cnj+Pos+Neu+0PlSubj']}, {'word_form': '.', 'fst_analyses': []}, {'word_form': '/', 'fst_analyses': []}, {'word_form': 'ogiji-bikwasin', 'fst_analyses': []}, {'word_form': ""ingii'-izhi-dazhwegisidoon"", 'fst_analyses': [""PVTense/gii'+PVRel/izhi+dazhwegisidoon+VTI+Ind+Pos+Neu+1SgSubj+0SgObj""]}, {'word_form': '.', 'fst_analyses': []}]",nj
Daga ningodonaagaans naazikamawishin nitii ge-minikweyaan.,Would you please go get me a cup of tea to drink.,"[{'word_form': 'daga', 'fst_analyses': ['daga+PCDisc']}, {'word_form': 'ningodonaagaans', 'fst_analyses': ['ningodonaagaans+NUM']}, {'word_form': 'naazikamawishin', 'fst_analyses': ['naazikamaw+VTA+Imp+Sim+2SgSubj+1SgObj']}, {'word_form': 'nitii', 'fst_analyses': ['nitii+NI+Sg']}, {'word_form': 'ge-minikweyaan', 'fst_analyses': []}, {'word_form': '.', 'fst_analyses': []}]",nj
Wiinaagamin nibi zaaga'iganiing. Gego minikweken.,The water in the lake is polluted. Don't drink it.,"[{'word_form': 'wiinaagamin', 'fst_analyses': ['wiinaagamin+VII+Ind+Pos+Neu+0SgSubj']}, {'word_form': 'nibi', 'fst_analyses': ['nibi+NI+Sg']}, {'word_form': ""zaaga'iganiing"", 'fst_analyses': [""zaaga'igan+NI+Loc""]}, {'word_form': '.', 'fst_analyses': []}, {'word_form': 'gego', 'fst_analyses': ['gego+ADVNeg']}, {'word_form': 'minikweken', 'fst_analyses': ['minikwe+VAI+Imp+Prb+2SgSubj', 'minikwen+VAIO+Imp+Prb+2SgSubj+0PlObj', 'minikwen+VAIO+Imp+Prb+2SgSubj+0SgObj']}, {'word_form': '.', 'fst_analyses': []}]",nj
Mishawagaam waasaashkaa.,There are whitecaps out in the lake.,"[{'word_form': 'mishawagaam', 'fst_analyses': ['mishawagaam+ADVLoc']}, {'word_form': 'waasaashkaa', 'fst_analyses': ['waasaashkaa+VII+Ind+Pos+Neu+0SgSubj']}, {'word_form': '.', 'fst_analyses': []}]",nj
Anzig nitaa-noojigiigoowensiwe.,The merganser is a good fisher for minnows.,"[{'word_form': 'anzig', 'fst_analyses': ['anzig+NA+ProxSg']}, {'word_form': 'nitaa-noojigiigoowensiwe', 'fst_analyses': []}, {'word_form': '.', 'fst_analyses': []}]",nj
Giiwitaabiwag gikinoo'amawaaganag. Dibaajimowag ezhi-anishinaabewinikaazowaad miinawaa ezhi-odoodemiwaad.,The students sit in a circle. They introduce themselves by their spirit name and clan.,"[{'word_form': 'giiwitaabiwag', 'fst_analyses': ['giiwitaabiwag+VAIPL+Ind+Pos+Neu+3PlProxSubj']}, {'word_form': ""gikinoo'amawaaganag"", 'fst_analyses': [""gikinoo'amawaagan+NA+ProxPl""]}, {'word_form': '.', 'fst_analyses': []}, {'word_form': 'dibaajimowag', 'fst_analyses': ['dibaajimo+VAI+Ind+Pos+Neu+3PlProxSubj']}, {'word_form': 'ezhi-anishinaabewinikaazowaad', 'fst_analyses': []}, {'word_form': 'miinawaa', 'fst_analyses': ['miinawaa+ADVConj']}, {'word_form': 'ezhi-odoodemiwaad', 'fst_analyses': []}, {'word_form': '.', 'fst_analyses': []}]",nj
Zhebaa ogii'-wiinaan ge-izhi-anishinaabewinikaazonid. Miiwan iniwe wiiyawen'enyan.,This morning he gave a spirit name to his namesake.,"[{'word_form': 'zhebaa', 'fst_analyses': ['zhebaa+ADVTmp']}, {'word_form': ""ogii'-wiinaan"", 'fst_analyses': [""PVTense/gii'+wiinzh+VTA+Ind+Pos+Neu+3SgProxSubj+3SgObvObj"", ""PVTense/gii'+wiinzh+VTA+Ind+Pos+Neu+3SgProxSubj+3PlObvObj""]}, {'word_form': 'ge-izhi-anishinaabewinikaazonid', 'fst_analyses': []}, {'word_form': '.', 'fst_analyses': []}, {'word_form': 'miiwan', 'fst_analyses': ['miiwan+ADVPred']}, {'word_form': 'iniwe', 'fst_analyses': ['iniwe+PRONDem+NI+Pl', 'iniwe+PRONDem+NA+ObvSg', 'iniwe+PRONDem+NA+ObvPl']}, {'word_form': ""wiiyawen'enyan"", 'fst_analyses': [""iiyawen'enhy+NAD+ObvPl+3SgProxPoss"", ""iiyawen'eny+NAD+ObvPl+3SgProxPoss"", ""iiyawen'enhy+NAD+ObvSg+3SgProxPoss"", ""iiyawen'eny+NAD+ObvSg+3SgProxPoss""]}, {'word_form': '.', 'fst_analyses': []}]",nj
Awasi-dibikong gii'-madwe-zaaga'am aakoziiwigamigong.,I heard that he come out of the hospital two nights ago.,"[{'word_form': 'awasi-dibikong', 'fst_analyses': ['PVLex/awasi+dibikong+ADVTmp', 'awasi-dibikong+ADVTmp']}, {'word_form': ""gii'-madwe-zaaga'am"", 'fst_analyses': [""PVTense/gii'+PVLex/madwe+zaaga'am+VAI+Ind+Pos+Neu+3SgProxSubj""]}, {'word_form': 'aakoziiwigamigong', 'fst_analyses': ['aakoziiwigamig+NI+Loc']}, {'word_form': '.', 'fst_analyses': []}]",nj
Giinitamawind gidigoomin ji-gaagiigidoyang.,They're telling us it's our turn to talk.,"[{'word_form': 'giinitamawind', 'fst_analyses': ['giinitamawind+PRONPer+NA+Incl']}, {'word_form': 'gidigoomin', 'fst_analyses': ['izhi+VTA+Ind+Pos+Neu+XSubj+InclObj']}, {'word_form': 'ji-gaagiigidoyang', 'fst_analyses': ['PVTense/daa+gaagiigido+VAI+Cnj+Pos+Neu+InclSubj', 'PVTense/ga+gaagiigido+VAI+Cnj+Pos+Neu+InclSubj']}, {'word_form': '.', 'fst_analyses': []}]",nj
Ningii-pashkonawaa; onzaam gizhiikaabatoo gii-aazhawa'adoobatood.,I missed (shooting) it because it ran across the road so fast.,"[{'word_form': 'ningii-pashkonawaa;', 'fst_analyses': []}, {'word_form': 'onzaam', 'fst_analyses': ['onzaam+ADVQnt']}, {'word_form': 'gizhiikaabatoo', 'fst_analyses': ['gizhiikaabatoo+VAI+Ind+Pos+Neu+3SgProxSubj']}, {'word_form': ""gii-aazhawa'adoobatood"", 'fst_analyses': [""PVTense/gii+aazhawa'adoobatoo+VAI+Cnj+Pos+Neu+3SgProxSubj""]}, {'word_form': '.', 'fst_analyses': []}]",nj
Waaboozwayaan gidaa-gibishe'onan giishpin aazhawagaakowin zaaga'igan gii-gichi-gisinaag.,You should put some rabbit skin in your ear if you are crossing the lake on a really cold day.,"[{'word_form': 'waaboozwayaan', 'fst_analyses': ['waaboozwayaan+NA+ProxSg']}, {'word_form': ""gidaa-gibishe'onan"", 'fst_analyses': []}, {'word_form': 'giishpin', 'fst_analyses': ['giishpin+ADVGram']}, {'word_form': 'aazhawagaakowin', 'fst_analyses': []}, {'word_form': ""zaaga'igan"", 'fst_analyses': [""zaaga'igan+NI+Sg""]}, {'word_form': 'gii-gichi-gisinaag', 'fst_analyses': ['PVTense/gii+PVLex/gichi+gisinaa+VII+Cnj+Pos+Neu+0SgSubj', 'PVTense/gii+PVLex/gichi+gisinaa+VII+Cnj+Pos+Neu+0PlSubj']}, {'word_form': '.', 'fst_analyses': []}]",nj
Gigii-tebashkina'aag ina zhiishiibag imaa gimashkawaakwajijigani-makakong.,Did you fit the ducks into your freezer?,"[{'word_form': ""gigii-tebashkina'aag"", 'fst_analyses': [""PVTense/gii+debashkina'+VTA+Ind+Pos+Neu+2SgSubj+3PlProxObj""]}, {'word_form': 'ina', 'fst_analyses': ['ina+PCDisc']}, {'word_form': 'zhiishiibag', 'fst_analyses': ['zhiishiib+NA+ProxPl']}, {'word_form': 'imaa', 'fst_analyses': ['imaa+ADVLoc']}, {'word_form': 'gimashkawaakwajijigani-makakong', 'fst_analyses': ['mashkawaakwajijigani-makak+NI+Loc+2SgPoss']}, {'word_form': '.', 'fst_analyses': []}]",nj
Awegwen igo gaa-mamadwetood agwajiing dibikong.,I wonder who was making that noise outside last night.,"[{'word_form': 'awegwen', 'fst_analyses': ['awegwen+PRONDub+NA+ProxSg']}, {'word_form': 'igo', 'fst_analyses': ['igo+PCEmph']}, {'word_form': 'gaa-mamadwetood', 'fst_analyses': ['PVSub/gaa+mamadwetoo+VAI+Cnj+Pos+Neu+3SgProxSubj', 'PVTense/gii+mamadwetoo+VAI+Pcp+Pos+Neu+3SgProxSubj+3SgProxHead']}, {'word_form': 'agwajiing', 'fst_analyses': ['agwajiing+ADVLoc']}, {'word_form': 'dibikong', 'fst_analyses': ['dibikong+ADVTmp']}, {'word_form': '.', 'fst_analyses': []}]",nj
Gashkaabika'an gidoodaabaan ingoji wii'-nibaayan gichi-oodenaang.,Lock your car if you're going to spend the night in the city.,"[{'word_form': ""gashkaabika'an"", 'fst_analyses': [""gashkaabika'an+VTI+Imp+Sim+2SgSubj+0PlObj"", ""gashkaabika'an+VTI+Imp+Sim+2SgSubj+0SgObj""]}, {'word_form': 'gidoodaabaan', 'fst_analyses': ['odaabaan+NI+Sg+2SgPoss', 'odaabaan+NA+ProxSg+2SgPoss']}, {'word_form': 'ingoji', 'fst_analyses': ['ingoji+ADVDeg']}, {'word_form': ""wii'-nibaayan"", 'fst_analyses': [""PVTense/wii'+nibaa+VAI+Cnj+Pos+Neu+2SgSubj""]}, {'word_form': 'gichi-oodenaang', 'fst_analyses': ['PNLex/gichi+oodena+NI+Loc', 'gichi-oodena+NI+Loc', 'PNLex/chi+oodena+NI+Loc+2SgPoss']}, {'word_form': '.', 'fst_analyses': []}]",nj
Gashkaabika'an gimiikana gaa-bi-onji-zaagijibizoyan.,Lock the gate on your driveway you just came out of.,"[{'word_form': ""gashkaabika'an"", 'fst_analyses': [""gashkaabika'an+VTI+Imp+Sim+2SgSubj+0PlObj"", ""gashkaabika'an+VTI+Imp+Sim+2SgSubj+0SgObj""]}, {'word_form': 'gimiikana', 'fst_analyses': ['miikana+NI+Sg+2SgPoss']}, {'word_form': 'gaa-bi-onji-zaagijibizoyan', 'fst_analyses': ['PVSub/gaa+PVDir/bi+PVRel/onji+zaagijibizo+VAI+Cnj+Pos+Neu+2SgSubj']}, {'word_form': '.', 'fst_analyses': []}]",nj
Ogii-chekibiinaan obakwezhigaansiman ji-nookaabaawenid.,She dunked her cookie to soften it.,"[{'word_form': 'ogii-chekibiinaan', 'fst_analyses': ['PVTense/gii+jekibiin+VTA+Ind+Pos+Neu+3SgProxSubj+3SgObvObj', 'PVTense/gii+jekibiin+VTA+Ind+Pos+Neu+3SgProxSubj+3PlObvObj', 'PVTense/gii+jekibiinan+VTI+Ind+Pos+Neu+3SgProxSubj+0SgObj']}, {'word_form': 'obakwezhigaansiman', 'fst_analyses': ['bakwezhigan+NA+Dim+Poss+ObvSg+3SgProxPoss', 'bakwezhigan+NA+Dim+Poss+ObvPl+3SgProxPoss', 'bakwezhigaans+NA+Poss+ObvSg+3SgProxPoss', 'bakwezhigaans+NA+Poss+ObvPl+3SgProxPoss']}, {'word_form': 'ji-nookaabaawenid', 'fst_analyses': ['PVTense/daa+nookaabaawe+VAI+Cnj+Pos+Neu+3PlObvSubj', 'PVTense/ga+nookaabaawe+VAI+Cnj+Pos+Neu+3PlObvSubj', 'PVTense/daa+nookaabaawe+VAI+Cnj+Pos+Neu+3SgObvSubj', 'PVTense/ga+nookaabaawe+VAI+Cnj+Pos+Neu+3SgObvSubj']}, {'word_form': '.', 'fst_analyses': []}]",nj
Nisayenh ganabaj bagidenimo. Gaawiin ogashkitoosiin geyaabi ji-wiisinid; onzaam gichi-aakozi.,I think my brother is giving up. He isn't able to eat anymore because his is so very sick.,"[{'word_form': 'nisayenh', 'fst_analyses': ['sayeny+NAD+ProxSg+1SgPoss']}, {'word_form': 'ganabaj', 'fst_analyses': ['ganabaj+ADVMan']}, {'word_form': 'bagidenimo', 'fst_analyses': ['bagidenimo+VAI+Ind+Pos+Neu+3SgProxSubj']}, {'word_form': '.', 'fst_analyses': []}, {'word_form': 'gaawiin', 'fst_analyses': ['gaawiin+ADVNeg']}, {'word_form': 'ogashkitoosiin', 'fst_analyses': ['gashkitoon+VTI+Ind+Neg+Neu+3SgProxSubj+0SgObj']}, {'word_form': 'geyaabi', 'fst_analyses': ['geyaabi+ADVTmp']}, {'word_form': 'ji-wiisinid;', 'fst_analyses': []}, {'word_form': 'onzaam', 'fst_analyses': ['onzaam+ADVQnt']}, {'word_form': 'gichi-aakozi', 'fst_analyses': ['PVLex/gichi+aakozin+VAIO+Ind+Pos+Neu+3SgProxSubj', 'PVLex/gichi+aakozi+VAI+Ind+Pos+Neu+3SgProxSubj']}, {'word_form': '.', 'fst_analyses': []}]",nj
Jiigi-gizhaabikizigan onji-baasan gidazhiganan.,Dry your socks near the stove.,"[{'word_form': 'jiigi-gizhaabikizigan', 'fst_analyses': ['PNLex/jiigi+gizhaabikizigan+NI+Sg', 'jiigi-gizhaabikizigan+ADVLoc']}, {'word_form': 'onji-baasan', 'fst_analyses': ['PVRel/onji+baasan+VTI+Imp+Sim+2SgSubj+0PlObj', 'PVRel/onji+baasan+VTI+Imp+Sim+2SgSubj+0SgObj']}, {'word_form': 'gidazhiganan', 'fst_analyses': ['azhigan+NI+Pl+2SgPoss']}, {'word_form': '.', 'fst_analyses': []}]",nj
Jiigi-aasamisag ate nibewin.,There's a bed next to the wall.,"[{'word_form': 'jiigi-aasamisag', 'fst_analyses': ['PNLex/jiigi+aasamisag+NI+Sg', 'jiigi-aasamisag+ADVLoc']}, {'word_form': 'ate', 'fst_analyses': ['ate+VII+Ind+Pos+Neu+0SgSubj']}, {'word_form': 'nibewin', 'fst_analyses': ['nibewin+NI+Sg']}, {'word_form': '.', 'fst_analyses': []}]",nj
Onandomaandaan gaa-jaagidewimaatenig.,She's sniffing around for what smells like it's burning.,"[{'word_form': 'onandomaandaan', 'fst_analyses': ['nandomaandan+VTI+Ind+Pos+Neu+3SgProxSubj+0SgObj', 'andomaandan+VTI+Ind+Pos+Neu+3SgProxSubj+0SgObj']}, {'word_form': 'gaa-jaagidewimaatenig', 'fst_analyses': []}, {'word_form': '.', 'fst_analyses': []}]",nj
Geyaabi babaamisewag aandegwag. Gaawiin mashi ando-biboonishisiiwag.,The crows are still flying around. They haven’t migrated for the winter yet.,"[{'word_form': 'geyaabi', 'fst_analyses': ['geyaabi+ADVTmp']}, {'word_form': 'babaamisewag', 'fst_analyses': ['babaamise+VAI+Ind+Pos+Neu+3PlProxSubj']}, {'word_form': 'aandegwag', 'fst_analyses': ['aandeg+NA+ProxPl']}, {'word_form': '.', 'fst_analyses': []}, {'word_form': 'gaawiin', 'fst_analyses': ['gaawiin+ADVNeg']}, {'word_form': 'mashi', 'fst_analyses': ['mashi+ADVTmp']}, {'word_form': 'ando-biboonishisiiwag', 'fst_analyses': ['PVLex/ando+biboonishi+VAI+Ind+Neg+Neu+3PlProxSubj']}, {'word_form': '.', 'fst_analyses': []}]",nj
Miikanaang izhi-wanii'amaw amik.,Set your trap for a beaver on its trail.,"[{'word_form': 'miikanaang', 'fst_analyses': ['miikana+NI+Loc']}, {'word_form': ""izhi-wanii'amaw"", 'fst_analyses': [""PVRel/izhi+wanii'amaw+VTA+Imp+Sim+2SgSubj+3SgProxObj"", ""PVRel/izhi+wanii'amaw+VTA+Imp+Sim+2SgSubj+3PlProxObj""]}, {'word_form': 'amik', 'fst_analyses': ['amik+NA+ProxSg']}, {'word_form': '.', 'fst_analyses': []}]",nj
Ningii'-nanawiz gii-naadagweyan. Gaawiin awiya ningii'-nagwaanaasii. Gaawiin gegoo ningii'-nagwaadanziin.,I was skunked checking my snares. I didn't snare anybody. I didn't snare anything.,"[{'word_form': ""ningii'-nanawiz"", 'fst_analyses': [""PVTense/gii'+nanawizi+VAI+Ind+Pos+Neu+1SgSubj""]}, {'word_form': 'gii-naadagweyan', 'fst_analyses': ['PVTense/gii+naadagwe+VAI+Cnj+Pos+Neu+2SgSubj']}, {'word_form': '.', 'fst_analyses': []}, {'word_form': 'gaawiin', 'fst_analyses': ['gaawiin+ADVNeg']}, {'word_form': 'awiya', 'fst_analyses': ['awiya+PRONIndf+NA']}, {'word_form': ""ningii'-nagwaanaasii"", 'fst_analyses': [""PVTense/gii'+nagwaazh+VTA+Ind+Neg+Neu+1SgSubj+3SgProxObj""]}, {'word_form': '.', 'fst_analyses': []}, {'word_form': 'gaawiin', 'fst_analyses': ['gaawiin+ADVNeg']}, {'word_form': 'gegoo', 'fst_analyses': ['gegoo+PRONIndf+NI']}, {'word_form': ""ningii'-nagwaadanziin"", 'fst_analyses': [""PVTense/gii'+nagwaadan+VTI+Ind+Neg+Neu+1SgSubj+0SgObj""]}, {'word_form': '.', 'fst_analyses': []}]",nj
Obi-zaagidoomaan ogwizisensan. Dikinaaganing dakobizowan.,He came out carrying his little son on his back in a cradle board.,"[{'word_form': 'obi-zaagidoomaan', 'fst_analyses': ['PVDir/bi+zaagidoom+VTA+Ind+Pos+Neu+3SgProxSubj+3SgObvObj', 'PVDir/bi+zaagidoom+VTA+Ind+Pos+Neu+3SgProxSubj+3PlObvObj']}, {'word_form': 'ogwizisensan', 'fst_analyses': ['gwizis+NAD+Dim+ObvSg+3SgProxPoss', 'gwizis+NAD+Dim+ObvPl+3SgProxPoss']}, {'word_form': '.', 'fst_analyses': []}, {'word_form': 'dikinaaganing', 'fst_analyses': ['dikinaagan+NI+Loc']}, {'word_form': 'dakobizowan', 'fst_analyses': ['dakobizo+VAI+Ind+Pos+Neu+3PlObvSubj', 'dakobizo+VAI+Ind+Pos+Neu+3SgObvSubj']}, {'word_form': '.', 'fst_analyses': []}]",nj
Niminwamanji' igo.,I feel pretty good.,"[{'word_form': ""niminwamanji'"", 'fst_analyses': [""minwamanji'o+VAI+Ind+Pos+Neu+1SgSubj""]}, {'word_form': 'igo', 'fst_analyses': ['igo+PCEmph']}, {'word_form': '.', 'fst_analyses': []}]",nj
Gaawiin igo niminomanji'osii.,I don't feel too good.,"[{'word_form': 'gaawiin', 'fst_analyses': ['gaawiin+ADVNeg']}, {'word_form': 'igo', 'fst_analyses': ['igo+PCEmph']}, {'word_form': ""niminomanji'osii"", 'fst_analyses': [""minomanji'o+VAI+Ind+Neg+Neu+1SgSubj""]}, {'word_form': '.', 'fst_analyses': []}]",nj
Gego memwech wiindamawaaken. Aazha ogikendaan waa'-izhichiged.,You don't have to tell him. He already knows what to do.,"[{'word_form': 'gego', 'fst_analyses': ['gego+ADVNeg']}, {'word_form': 'memwech', 'fst_analyses': ['memwech+ADVMan']}, {'word_form': 'wiindamawaaken', 'fst_analyses': ['wiindamaw+VTA+Imp+Prb+2SgSubj+3PlProxObj', 'wiindamaw+VTA+Imp+Prb+2SgSubj+3SgProxObj']}, {'word_form': '.', 'fst_analyses': []}, {'word_form': 'aazha', 'fst_analyses': ['aazha+ADVTmp']}, {'word_form': 'ogikendaan', 'fst_analyses': ['gikendan+VTI+Ind+Pos+Neu+3SgProxSubj+0SgObj']}, {'word_form': ""waa'-izhichiged"", 'fst_analyses': [""PVTense/wii'+izhichige+VAI+Pcp+Pos+Neu+3SgProxSubj+3SgProxHead""]}, {'word_form': '.', 'fst_analyses': []}]",nj
Bekaa bimibizon aazhawibizowin zaaga'igan gaa-gikendanziwan. Maagizhaa gidaa-bitaabikishin,Go slow going across when you don't know the lake. You might hit a reef.,"[{'word_form': 'bekaa', 'fst_analyses': ['bekaa+ADVMan']}, {'word_form': 'bimibizon', 'fst_analyses': ['bimibizo+VAI+Imp+Sim+2SgSubj']}, {'word_form': 'aazhawibizowin', 'fst_analyses': []}, {'word_form': ""zaaga'igan"", 'fst_analyses': [""zaaga'igan+NI+Sg""]}, {'word_form': 'gaa-gikendanziwan', 'fst_analyses': ['PVSub/gaa+gikendam+VAI+Cnj+Neg+Neu+2SgSubj', 'PVSub/gaa+gikendan+VTI+Cnj+Neg+Neu+2SgSubj+0PlObj', 'PVSub/gaa+gikendan+VTI+Cnj+Neg+Neu+2SgSubj+0SgObj']}, {'word_form': '.', 'fst_analyses': []}, {'word_form': 'maagizhaa', 'fst_analyses': ['maagizhaa+ADVMan']}, {'word_form': 'gidaa-bitaabikishin', 'fst_analyses': ['PVTense/daa+bitaabikishin+VAI+Ind+Pos+Neu+2SgSubj']}]",nj
Gego izhinoo'waaken giiji-bimaadizii aanawi go gii-bizhishigwaabikak.,Don't aim your gun at a fellow human being even if it is empty.,"[{'word_form': 'gego', 'fst_analyses': ['gego+ADVNeg']}, {'word_form': ""izhinoo'waaken"", 'fst_analyses': [""izhinoo'wi+VTA+Imp+Prb+2SgSubj+3PlProxObj"", ""izhinoo'wi+VTA+Imp+Prb+2SgSubj+3SgProxObj""]}, {'word_form': 'giiji-bimaadizii', 'fst_analyses': []}, {'word_form': 'aanawi', 'fst_analyses': ['aanawi+ADVMan']}, {'word_form': 'go', 'fst_analyses': ['go+PCDisc']}, {'word_form': 'gii-bizhishigwaabikak', 'fst_analyses': ['PVTense/gii+bizhishigwaabikad+VII+Cnj+Pos+Neu+0SgSubj', 'PVTense/gii+bizhishigwaabikad+VII+Cnj+Pos+Neu+0PlSubj']}, {'word_form': '.', 'fst_analyses': []}]",nj
Ogiji-nibewin daningwaamo bizhiins.,A cat is sleeping on the bed.,"[{'word_form': 'ogiji-nibewin', 'fst_analyses': ['PNLex/ogiji+nibewin+NI+Sg', 'ogiji-nibewin+ADVLoc']}, {'word_form': 'daningwaamo', 'fst_analyses': ['daningwaamo+VAI+Ind+Pos+Neu+3SgProxSubj']}, {'word_form': 'bizhiins', 'fst_analyses': ['bizhiw+NA+Dim+ProxSg', 'bizhiins+NA+ProxSg']}, {'word_form': '.', 'fst_analyses': []}]",nj
Nimookamanji'. Ganabaj niwii'-agigokaa. Apane ninjaachaam.,I think I have a cold coming on. I'm always sneezing.,"[{'word_form': ""nimookamanji'"", 'fst_analyses': [""mookamanji'o+VAI+Ind+Pos+Neu+1SgSubj""]}, {'word_form': '.', 'fst_analyses': []}, {'word_form': 'ganabaj', 'fst_analyses': ['ganabaj+ADVMan']}, {'word_form': ""niwii'-agigokaa"", 'fst_analyses': [""PVTense/wii'+agigokaa+VAI+Ind+Pos+Neu+1SgSubj""]}, {'word_form': '.', 'fst_analyses': []}, {'word_form': 'apane', 'fst_analyses': ['apane+ADVTmp']}, {'word_form': 'ninjaachaam', 'fst_analyses': ['jaachaamo+VAI+Ind+Pos+Neu+1SgSubj']}, {'word_form': '.', 'fst_analyses': []}]",nj
Bangii aanakwadowan.,There's a few clouds in the sky.,"[{'word_form': 'bangii', 'fst_analyses': ['bangii+ADVQnt']}, {'word_form': 'aanakwadowan', 'fst_analyses': ['aanakwadowan+VII+Ind+Pos+Neu+0SgSubj']}, {'word_form': '.', 'fst_analyses': []}]",nj
Nisawi-waakaa'igan ningii'-waabamaag oshkinaweg dazhi-zagaswaawaad.,I saw a teenagers smoking in the alley.,"[{'word_form': ""nisawi-waakaa'igan"", 'fst_analyses': [""PNLex/nisawi+waakaa'igan+NI+Sg"", ""nisawi-waakaa'igan+ADVLoc""]}, {'word_form': ""ningii'-waabamaag"", 'fst_analyses': [""PVTense/gii'+waabam+VTA+Ind+Pos+Neu+1SgSubj+3PlProxObj""]}, {'word_form': 'oshkinaweg', 'fst_analyses': ['oshkinawe+NA+ProxPl']}, {'word_form': 'dazhi-zagaswaawaad', 'fst_analyses': ['PVRel/dazhi+zagaswaa+VAI+Cnj+Pos+Neu+3PlProxSubj']}, {'word_form': '.', 'fst_analyses': []}]",nj
Giiwitaabiwag gikinoo'amawaaganag. Dibaajimowag ezhi-anishinaabewinikaazowaad miinawaa ezhi-odoodemiwaad.,The students sit in a circle. They introduce themselves by their spirit name and clan.,"[{'word_form': 'giiwitaabiwag', 'fst_analyses': ['giiwitaabiwag+VAIPL+Ind+Pos+Neu+3PlProxSubj']}, {'word_form': ""gikinoo'amawaaganag"", 'fst_analyses': [""gikinoo'amawaagan+NA+ProxPl""]}, {'word_form': '.', 'fst_analyses': []}, {'word_form': 'dibaajimowag', 'fst_analyses': ['dibaajimo+VAI+Ind+Pos+Neu+3PlProxSubj']}, {'word_form': 'ezhi-anishinaabewinikaazowaad', 'fst_analyses': []}, {'word_form': 'miinawaa', 'fst_analyses': ['miinawaa+ADVConj']}, {'word_form': 'ezhi-odoodemiwaad', 'fst_analyses': []}, {'word_form': '.', 'fst_analyses': []}]",nj
Wiinisagaani endaad nookoo. Niwii'-awi-giziisaginamawaa.,My grandma's floor is dirty. I'm going to go wash it for her.,"[{'word_form': 'wiinisagaani', 'fst_analyses': ['wiinisagaa+VII+Ind+Pos+Neu+0SgObvSubj']}, {'word_form': 'endaad', 'fst_analyses': ['daa+VAI+Pcp+Pos+Neu+3SgProxSubj+3SgProxHead']}, {'word_form': 'nookoo', 'fst_analyses': []}, {'word_form': '.', 'fst_analyses': []}, {'word_form': ""niwii'-awi-giziisaginamawaa"", 'fst_analyses': [""PVTense/wii'+PVDir/awi+giziisaginamaw+VTA+Ind+Pos+Neu+1SgSubj+3SgProxObj""]}, {'word_form': '.', 'fst_analyses': []}]",nj
Babiiwizhenyiwa' oniijaanisa'.,Her children are small.,"[{'word_form': ""babiiwizhenyiwa'"", 'fst_analyses': ['babiiwizhenyiwag+VAIPL+Ind+Pos+Neu+3PlObvSubj']}, {'word_form': ""oniijaanisa'"", 'fst_analyses': ['niijaanis+NAD+ObvPl+3SgProxPoss']}, {'word_form': '.', 'fst_analyses': []}]",nj
Gego zaaminaaken awe manidoosh.,Don't touch that bug.,"[{'word_form': 'gego', 'fst_analyses': ['gego+ADVNeg']}, {'word_form': 'zaaminaaken', 'fst_analyses': ['zaamin+VTA+Imp+Prb+2SgSubj+3PlProxObj', 'zaamin+VTA+Imp+Prb+2SgSubj+3SgProxObj']}, {'word_form': 'awe', 'fst_analyses': ['awe+PRONDem+NA+ProxSg']}, {'word_form': 'manidoosh', 'fst_analyses': ['manidoosh+NA+ProxSg']}, {'word_form': '.', 'fst_analyses': []}]",nj
Awiya ningii'-noondawaa biibaagid gii-biidaabang.,I heard someone yelling at daybreak.,"[{'word_form': 'awiya', 'fst_analyses': ['awiya+PRONIndf+NA']}, {'word_form': ""ningii'-noondawaa"", 'fst_analyses': [""PVTense/gii'+noondaw+VTA+Ind+Pos+Neu+1SgSubj+3SgProxObj""]}, {'word_form': 'biibaagid', 'fst_analyses': ['biibaagi+VAI+Cnj+Pos+Neu+3SgProxSubj']}, {'word_form': 'gii-biidaabang', 'fst_analyses': ['PVTense/gii+biidaaban+VII+Cnj+Pos+Neu+0SgSubj', 'PVTense/gii+biidaaban+VII+Cnj+Pos+Neu+0PlSubj']}, {'word_form': '.', 'fst_analyses': []}]",nj
"Ningii'-noondawaa ""gaawiin"" ikidod. Gaawiin ganabaj odaa-gashkitoon.","I heard him say ""No."" He doesn't think he can do it.","[{'word_form': ""ningii'-noondawaa"", 'fst_analyses': [""PVTense/gii'+noondaw+VTA+Ind+Pos+Neu+1SgSubj+3SgProxObj""]}, {'word_form': '""gaawiin""', 'fst_analyses': []}, {'word_form': 'ikidod', 'fst_analyses': ['ikido+VAI+Cnj+Pos+Neu+3SgProxSubj']}, {'word_form': '.', 'fst_analyses': []}, {'word_form': 'gaawiin', 'fst_analyses': ['gaawiin+ADVNeg']}, {'word_form': 'ganabaj', 'fst_analyses': ['ganabaj+ADVMan']}, {'word_form': 'odaa-gashkitoon', 'fst_analyses': ['PVTense/daa+gashkitoon+VTI+Ind+Pos+Neu+3SgProxSubj+0SgObj']}, {'word_form': '.', 'fst_analyses': []}]",nj
Gagwe-noondaw gwayak ekidod.,Hear h/ out. / Try to understand what h/ is saying.,"[{'word_form': 'gagwe-noondaw', 'fst_analyses': ['PVLex/gagwe+noondaw+VTA+Imp+Sim+2SgSubj+3SgProxObj', 'PVLex/gagwe+noondaw+VTA+Imp+Sim+2SgSubj+3PlProxObj']}, {'word_form': 'gwayak', 'fst_analyses': ['gwayak+ADVMan']}, {'word_form': 'ekidod', 'fst_analyses': ['ikido+VAI+Pcp+Pos+Neu+3SgProxSubj+3SgProxHead']}, {'word_form': '.', 'fst_analyses': []}]",nj
Ningii'-noondaagoo na gaa-gii'-ikidowaan.,Was what I said heard? = Did you understand me?,"[{'word_form': ""ningii'-noondaagoo"", 'fst_analyses': [""PVTense/gii'+noondaw+VTA+Ind+Pos+Neu+XSubj+1SgObj""]}, {'word_form': 'na', 'fst_analyses': ['na+PCDisc']}, {'word_form': ""gaa-gii'-ikidowaan"", 'fst_analyses': []}, {'word_form': '.', 'fst_analyses': []}]",nj
Gii'-agozigwaji gii-dasoozod amik.,The beaver got stuck to the ice when it was in the trap.,"[{'word_form': ""gii'-agozigwaji"", 'fst_analyses': [""PVTense/gii'+agozigwaji+VAI+Ind+Pos+Neu+3SgProxSubj""]}, {'word_form': 'gii-dasoozod', 'fst_analyses': ['PVTense/gii+dasoozo+VAI+Cnj+Pos+Neu+3SgProxSubj']}, {'word_form': 'amik', 'fst_analyses': ['amik+NA+ProxSg']}, {'word_form': '.', 'fst_analyses': []}]",nj
Nookomis gii'-achigaazo gikaawigamigong; onzaam obwaanawitoon ji-bami'idizod.,My grandmother was put in a retirement home because she isn't able to take care of herself.,"[{'word_form': 'nookomis', 'fst_analyses': ['ookomis+NAD+ProxSg+1SgPoss']}, {'word_form': ""gii'-achigaazo"", 'fst_analyses': [""PVTense/gii'+achigaazo+VAI+Ind+Pos+Neu+3SgProxSubj""]}, {'word_form': 'gikaawigamigong;', 'fst_analyses': []}, {'word_form': 'onzaam', 'fst_analyses': ['onzaam+ADVQnt']}, {'word_form': 'obwaanawitoon', 'fst_analyses': ['bwaanawitoon+VTI+Ind+Pos+Neu+3SgProxSubj+0SgObj']}, {'word_form': ""ji-bami'idizod"", 'fst_analyses': [""PVTense/daa+bami'+VTA+Reflex/dizo+VAI+Cnj+Pos+Neu+3SgProxSubj+3SgProxObj"", ""PVTense/ga+bami'+VTA+Reflex/dizo+VAI+Cnj+Pos+Neu+3SgProxSubj+3SgProxObj"", ""PVTense/daa+bami'idizo+VAI+Cnj+Pos+Neu+3SgProxSubj+3SgProxObj"", ""PVTense/ga+bami'idizo+VAI+Cnj+Pos+Neu+3SgProxSubj+3SgProxObj""]}, {'word_form': '.', 'fst_analyses': []}]",nj
Aaboodazhigane. Ganabaj wewiib gii-piitazhigane.,He's got his socks on inside out. He must have put them on in a hurry.,"[{'word_form': 'aaboodazhigane', 'fst_analyses': ['aaboodazhigane+VAI+Ind+Pos+Neu+3SgProxSubj']}, {'word_form': '.', 'fst_analyses': []}, {'word_form': 'ganabaj', 'fst_analyses': ['ganabaj+ADVMan']}, {'word_form': 'wewiib', 'fst_analyses': ['wewiib+ADVMan']}, {'word_form': 'gii-piitazhigane', 'fst_analyses': ['PVTense/gii+biitazhigane+VAI+Ind+Pos+Neu+3SgProxSubj']}, {'word_form': '.', 'fst_analyses': []}]",nj
Nising ningii-paashkizwaa mooz gaa-gii-piinag zhebaa.,I had to shoot the moose I brought home this morning three times.,"[{'word_form': 'nising', 'fst_analyses': ['nisinoon+VII+Cnj+Pos+Neu+0SgSubj', 'nisinoon+VII+Cnj+Pos+Neu+0PlSubj', 'nising+ADVTmp']}, {'word_form': 'ningii-paashkizwaa', 'fst_analyses': ['PVTense/gii+baashkizwi+VTA+Ind+Pos+Neu+1SgSubj+3SgProxObj', 'PVTense/gii+baashkiz+VTA+Ind+Pos+Neu+1SgSubj+3SgProxObj']}, {'word_form': 'mooz', 'fst_analyses': ['moonz+NA+ProxSg', 'mooz+NA+ProxSg']}, {'word_form': 'gaa-gii-piinag', 'fst_analyses': ['PVSub/gaa+PVTense/gii+biizh+VTA+Cnj+Pos+Neu+1SgSubj+3SgProxObj']}, {'word_form': 'zhebaa', 'fst_analyses': ['zhebaa+ADVTmp']}, {'word_form': '.', 'fst_analyses': []}]",nj
Bebooninig gii-nitaawigi.,She was born in the winter.,"[{'word_form': 'bebooninig', 'fst_analyses': ['biboon+VII+Pcp+Pos+Neu+0SgObvSubj+0SgObvHead']}, {'word_form': 'gii-nitaawigi', 'fst_analyses': ['PVTense/gii+nitaawigi+VAI+Ind+Pos+Neu+3SgProxSubj']}, {'word_form': '.', 'fst_analyses': []}]",nj
Aaniin epiichi-biboong.,How far along in the winter is it?,"[{'word_form': 'aaniin', 'fst_analyses': ['aaniin+PCInterj', 'aaniin+ADVInter']}, {'word_form': 'epiichi-biboong', 'fst_analyses': ['PVRel/apiichi+biboon+VII+Pcp+Pos+Neu+0SgSubj+0SgHead']}, {'word_form': '.', 'fst_analyses': []}]",nj
Wiinjiigimaagwad zaaga'amoowigamig.,The outhouse smells shitty.,"[{'word_form': 'wiinjiigimaagwad', 'fst_analyses': ['wiinjiigimaagwad+VII+Ind+Pos+Neu+0SgSubj']}, {'word_form': ""zaaga'amoowigamig"", 'fst_analyses': [""zaaga'amoowigamig+NI+Sg""]}, {'word_form': '.', 'fst_analyses': []}]",nj
Zhebaa omaa gii-pi-boonii migizi ogidabak.,This morning an eagle landed on the roof.,"[{'word_form': 'zhebaa', 'fst_analyses': ['zhebaa+ADVTmp']}, {'word_form': 'omaa', 'fst_analyses': ['omaa+ADVLoc']}, {'word_form': 'gii-pi-boonii', 'fst_analyses': ['PVTense/gii+PVDir/bi+boonii+VAI+Ind+Pos+Neu+3SgProxSubj']}, {'word_form': 'migizi', 'fst_analyses': ['migizi+NA+ProxSg']}, {'word_form': 'ogidabak', 'fst_analyses': ['ogidabak+ADVLoc']}, {'word_form': '.', 'fst_analyses': []}]",nj
Gego omaa atooken ogidabak. Gidoonaaganens da-diitibiwebaasin.,Don't put your it here on on the top of the roof. Your cup might get blown down.,"[{'word_form': 'gego', 'fst_analyses': ['gego+ADVNeg']}, {'word_form': 'omaa', 'fst_analyses': ['omaa+ADVLoc']}, {'word_form': 'atooken', 'fst_analyses': ['atoon+VTI+Imp+Prb+2SgSubj+0PlObj', 'atoon+VTI+Imp+Prb+2SgSubj+0SgObj']}, {'word_form': 'ogidabak', 'fst_analyses': ['ogidabak+ADVLoc']}, {'word_form': '.', 'fst_analyses': []}, {'word_form': 'gidoonaaganens', 'fst_analyses': ['onaaganens+NI+Sg+2SgPoss', 'onaagan+NI+Dim+Sg+2SgPoss']}, {'word_form': 'da-diitibiwebaasin', 'fst_analyses': ['PVTense/ga+diitibiwebaasin+VII+Ind+Pos+Neu+0SgSubj']}, {'word_form': '.', 'fst_analyses': []}]",nj
Ningii'-agozideshkawaa wanakozid.,I accidentally stepped on the tip of his foot.,"[{'word_form': ""ningii'-agozideshkawaa"", 'fst_analyses': [""PVTense/gii'+agozideshkaw+VTA+Ind+Pos+Neu+1SgSubj+3SgProxObj""]}, {'word_form': 'wanakozid', 'fst_analyses': ['wanakozid+NI+Sg']}, {'word_form': '.', 'fst_analyses': []}]",nj
Aaniin ekoniked.,How long are his arms?,"[{'word_form': 'aaniin', 'fst_analyses': ['aaniin+PCInterj', 'aaniin+ADVInter']}, {'word_form': 'ekoniked', 'fst_analyses': ['akonike+VAI+Pcp+Pos+Neu+3SgProxSubj+3SgProxHead']}, {'word_form': '.', 'fst_analyses': []}]",nj
Ningii-tangishkawaa animozhish gaa-bi-gagwe-dakwamid.,I kicked the dog coming to try to bite me.,"[{'word_form': 'ningii-tangishkawaa', 'fst_analyses': ['PVTense/gii+dangishkaw+VTA+Ind+Pos+Neu+1SgSubj+3SgProxObj']}, {'word_form': 'animozhish', 'fst_analyses': []}, {'word_form': 'gaa-bi-gagwe-dakwamid', 'fst_analyses': ['PVSub/gaa+PVDir/bi+PVLex/gagwe+dakwam+VTA+Cnj+Pos+Neu+3SgProxSubj+1SgObj']}, {'word_form': '.', 'fst_analyses': []}]",nj
Niizho-mininj gii'-maajiigi noongom gaa-biboong noozhis Dana.,My grandchild Dana grew two inches this winter.,"[{'word_form': 'niizho-mininj', 'fst_analyses': ['niizho-mininj+NUM']}, {'word_form': ""gii'-maajiigi"", 'fst_analyses': [""PVTense/gii'+maajiigi+VAI+Ind+Pos+Neu+3SgProxSubj""]}, {'word_form': 'noongom', 'fst_analyses': ['noongom+ADVTmp']}, {'word_form': 'gaa-biboong', 'fst_analyses': ['PVSub/gaa+biboon+VII+Cnj+Pos+Neu+0SgSubj', 'PVSub/gaa+biboon+VII+Cnj+Pos+Neu+0PlSubj', 'PVTense/gii+biboon+VII+Pcp+Pos+Neu+0SgSubj+0SgHead']}, {'word_form': 'noozhis', 'fst_analyses': ['oozhis+NAD+ProxSg+1SgPoss']}, {'word_form': 'dana', 'fst_analyses': []}, {'word_form': '.', 'fst_analyses': []}]",nj
Akawe ningagwinjidoon wii'-ozhitooyan mishiiminaabo.,Thaw it first to make apple juice (from frozen concentrate).,"[{'word_form': 'akawe', 'fst_analyses': ['akawe+ADVTmp']}, {'word_form': 'ningagwinjidoon', 'fst_analyses': ['ningagwinjidoon+VTI+Imp+Sim+2SgSubj+0PlObj', 'ningagwinjidoon+VTI+Imp+Sim+2SgSubj+0SgObj']}, {'word_form': ""wii'-ozhitooyan"", 'fst_analyses': [""PVTense/wii'+ozhitoon+VTI+Cnj+Pos+Neu+2SgSubj+0PlObj"", ""PVTense/wii'+ozhitoon+VTI+Cnj+Pos+Neu+2SgSubj+0SgObj""]}, {'word_form': 'mishiiminaabo', 'fst_analyses': ['mishiiminaabo+NI+Sg']}, {'word_form': '.', 'fst_analyses': []}]",nj
Maanamon miikana. Gii-paapaagaakwadin dibikong.,The road is bad. It got frozen solid last night.,"[{'word_form': 'maanamon', 'fst_analyses': ['maanamon+VII+Ind+Pos+Neu+0SgSubj']}, {'word_form': 'miikana', 'fst_analyses': ['miikana+NI+Sg']}, {'word_form': '.', 'fst_analyses': []}, {'word_form': 'gii-paapaagaakwadin', 'fst_analyses': ['PVTense/gii+baapaagaakwadin+VII+Ind+Pos+Neu+0SgSubj']}, {'word_form': 'dibikong', 'fst_analyses': ['dibikong+ADVTmp']}, {'word_form': '.', 'fst_analyses': []}]",nj
Baapaagaakwadin wiiyaas. Akawe ninga-ningagwinjidoon jibwaa-giizhizamaan.,The meat is frozen solid. I'll put it in the water first to thaw it before I cook it.,"[{'word_form': 'baapaagaakwadin', 'fst_analyses': ['baapaagaakwadin+VII+Ind+Pos+Neu+0SgSubj']}, {'word_form': 'wiiyaas', 'fst_analyses': ['wiiyaas+NI+Sg', 'iiyaas+NID+Sg+3SgProxPoss']}, {'word_form': '.', 'fst_analyses': []}, {'word_form': 'akawe', 'fst_analyses': ['akawe+ADVTmp']}, {'word_form': 'ninga-ningagwinjidoon', 'fst_analyses': ['PVTense/ga+ningagwinjidoon+VTI+Ind+Pos+Neu+1SgSubj+0SgObj']}, {'word_form': 'jibwaa-giizhizamaan', 'fst_analyses': ['PVTense/jibwaa+giizhizan+VTI+Cnj+Pos+Neu+1SgSubj+0PlObj', 'PVTense/jibwaa+giizhizan+VTI+Cnj+Pos+Neu+1SgSubj+0SgObj']}, {'word_form': '.', 'fst_analyses': []}]",nj
Debinaak odizhitoon gaa-ozhitood wiigwaasinaagan.,She's  making that birch bark basket in a rough way.,"[{'word_form': 'debinaak', 'fst_analyses': ['debinaw+VTA+Cnj+Pos+Neu+3SgProxSubj+2SgObj', 'debinaak+ADVMan']}, {'word_form': 'odizhitoon', 'fst_analyses': ['izhitoon+VTI+Ind+Pos+Neu+3SgProxSubj+0SgObj']}, {'word_form': 'gaa-ozhitood', 'fst_analyses': ['PVSub/gaa+ozhitoon+VTI+Cnj+Pos+Neu+3SgProxSubj+0PlObj', 'PVSub/gaa+ozhitoon+VTI+Cnj+Pos+Neu+3SgProxSubj+0SgObj']}, {'word_form': 'wiigwaasinaagan', 'fst_analyses': ['wiigwaasinaagan+NI+Sg']}, {'word_form': '.', 'fst_analyses': []}]",nj
Agwanaatesidoon gimawinzwaanan jibwaa-baashkijiidegin.,Put your blueberries in the shade before they burst open from the sun.,"[{'word_form': 'agwanaatesidoon', 'fst_analyses': ['agwanaatesidoon+VTI+Imp+Sim+2SgSubj+0PlObj', 'agwanaatesidoon+VTI+Imp+Sim+2SgSubj+0SgObj']}, {'word_form': 'gimawinzwaanan', 'fst_analyses': ['mawinzwaan+NI+Pl+2SgPoss']}, {'word_form': 'jibwaa-baashkijiidegin', 'fst_analyses': ['PVTense/jibwaa+baashkijiide+VII+Cnj+Pos+Neu+0PlSubj']}, {'word_form': '.', 'fst_analyses': []}]",nj
Ogii'-agaashiinyi'aan gaa-gii'-ozhitamawaad odaminwaaganensan odaanisensan.,She  made the doll she made for her little daughter small.,"[{'word_form': ""ogii'-agaashiinyi'aan"", 'fst_analyses': [""PVTense/gii'+agaashiinyi'+VTA+Ind+Pos+Neu+3SgProxSubj+3SgObvObj"", ""PVTense/gii'+agaashiinyi'+VTA+Ind+Pos+Neu+3SgProxSubj+3PlObvObj""]}, {'word_form': ""gaa-gii'-ozhitamawaad"", 'fst_analyses': [""PVSub/gaa+PVTense/gii'+ozhitamaw+VTA+Cnj+Pos+Neu+3SgProxSubj+3SgObvObj"", ""PVSub/gaa+PVTense/gii'+ozhitamaw+VTA+Cnj+Pos+Neu+3SgProxSubj+3PlObvObj""]}, {'word_form': 'odaminwaaganensan', 'fst_analyses': ['odaminwaagan+NA+Dim+ObvSg', 'odaminwaagan+NI+Dim+Pl', 'odaminwaagan+NA+Dim+ObvPl']}, {'word_form': 'odaanisensan', 'fst_analyses': ['daanis+NAD+Dim+ObvSg+3SgProxPoss', 'daanis+NAD+Dim+ObvPl+3SgProxPoss']}, {'word_form': '.', 'fst_analyses': []}]",nj
Aandi ezhiweba'ang.,Where is he whacking it to?,"[{'word_form': 'aandi', 'fst_analyses': ['aandi+ADVInter']}, {'word_form': ""ezhiweba'ang"", 'fst_analyses': []}, {'word_form': '.', 'fst_analyses': []}]",nj
Mishawaagonag odizhiweba'aan bikwaakwadoons.,He hit his (golf)ball right out on a field of snow,"[{'word_form': 'mishawaagonag', 'fst_analyses': ['mishawaagonag+ADVLoc']}, {'word_form': ""odizhiweba'aan"", 'fst_analyses': [""izhiweba'an+VTI+Ind+Pos+Neu+3SgProxSubj+0SgObj""]}, {'word_form': 'bikwaakwadoons', 'fst_analyses': ['bikwaakwadoons+NI+Sg', 'bikwaakwad+NI+Dim+Sg']}, {'word_form': '.', 'fst_analyses': []}]",nj
Giiwedinong ondaasin gaa-onji-gisinaag.,Cold winds blow from the north.,"[{'word_form': 'giiwedinong', 'fst_analyses': ['giiwedin+NI+Loc']}, {'word_form': 'ondaasin', 'fst_analyses': ['ondaasin+VII+Ind+Pos+Neu+0SgSubj']}, {'word_form': 'gaa-onji-gisinaag', 'fst_analyses': ['PVSub/gaa+PVRel/onji+gisinaa+VII+Cnj+Pos+Neu+0SgSubj', 'PVSub/gaa+PVRel/onji+gisinaa+VII+Cnj+Pos+Neu+0PlSubj', 'PVTense/gii+PVRel/onji+gisinaa+VII+Pcp+Pos+Neu+0SgSubj+0SgHead']}, {'word_form': '.', 'fst_analyses': []}]",nj
Odagwaadaabiin onaabikwaanensiwi-jiimaan.,He's pulling his boat out of the water.,"[{'word_form': 'odagwaadaabiin', 'fst_analyses': []}, {'word_form': 'onaabikwaanensiwi-jiimaan', 'fst_analyses': ['naabikwaanensiwi-jiimaan+NI+Sg+3SgProxPoss']}, {'word_form': '.', 'fst_analyses': []}]",nj
Obwaanawitoon ji-boozid naabikwaanensiwi-jiimaan; onzaam ishpoonagadini.,He isn't able to get aboard the motorboat because its sides are too high.,"[{'word_form': 'obwaanawitoon', 'fst_analyses': ['bwaanawitoon+VTI+Ind+Pos+Neu+3SgProxSubj+0SgObj']}, {'word_form': 'ji-boozid', 'fst_analyses': ['PVTense/daa+boozi+VAI+Cnj+Pos+Neu+3SgProxSubj', 'PVTense/ga+boozi+VAI+Cnj+Pos+Neu+3SgProxSubj']}, {'word_form': 'naabikwaanensiwi-jiimaan;', 'fst_analyses': []}, {'word_form': 'onzaam', 'fst_analyses': ['onzaam+ADVQnt']}, {'word_form': 'ishpoonagadini', 'fst_analyses': ['ishpoonagad+VII+Ind+Pos+Neu+0SgObvSubj']}, {'word_form': '.', 'fst_analyses': []}]",nj
Nimbiinitoon manoomin gaa'-agwaa'oodooyaan. Nimoozhaginaanan biiwanakoonsan.,I'm cleaning the rice I brought up. I pick out the broken stalk tips.,"[{'word_form': 'nimbiinitoon', 'fst_analyses': ['biinitoon+VTI+Ind+Pos+Neu+1SgSubj+0SgObj']}, {'word_form': 'manoomin', 'fst_analyses': ['manoomin+NI+Sg']}, {'word_form': ""gaa'-agwaa'oodooyaan"", 'fst_analyses': []}, {'word_form': '.', 'fst_analyses': []}, {'word_form': 'nimoozhaginaanan', 'fst_analyses': ['moozhaginan+VTI+Ind+Pos+Neu+1SgSubj+0PlObj']}, {'word_form': 'biiwanakoonsan', 'fst_analyses': []}, {'word_form': '.', 'fst_analyses': []}]",nj
Gidebi' gii-pi-waabamiyan.,You're so kind to have come to see me.,"[{'word_form': ""gidebi'"", 'fst_analyses': [""debi'+VTA+Ind+Pos+Neu+2SgSubj+1SgObj""]}, {'word_form': 'gii-pi-waabamiyan', 'fst_analyses': ['PVTense/gii+PVDir/bi+waabam+VTA+Cnj+Pos+Neu+2SgSubj+1SgObj']}, {'word_form': '.', 'fst_analyses': []}]",nj
Gizhaabasan gitigaanensan wii'-miijiyan.,Steam your veggies to eat them.,"[{'word_form': 'gizhaabasan', 'fst_analyses': ['gizhaabasan+VTI+Imp+Sim+2SgSubj+0PlObj', 'gizhaabasan+VTI+Imp+Sim+2SgSubj+0SgObj']}, {'word_form': 'gitigaanensan', 'fst_analyses': ['gitigaan+NI+Dim+Pl', 'gitigaanens+NI+Pl']}, {'word_form': ""wii'-miijiyan"", 'fst_analyses': [""PVTense/wii'+miijin+VTI+Cnj+Pos+Neu+2SgSubj+0PlObj"", ""PVTense/wii'+miijin+VTI+Cnj+Pos+Neu+2SgSubj+0SgObj""]}, {'word_form': '.', 'fst_analyses': []}]",nj
Indigo gigii-wii'-ashamigoomin waabang.,I think they're going to buy us lunch tomorrow.,"[{'word_form': 'indigo', 'fst_analyses': ['indigo+ADVMan']}, {'word_form': ""gigii-wii'-ashamigoomin"", 'fst_analyses': [""PVTense/gii+PVTense/wii'+asham+VTA+Ind+Pos+Neu+XSubj+InclObj""]}, {'word_form': 'waabang', 'fst_analyses': ['waaban+VII+Cnj+Pos+Neu+0SgSubj', 'waaban+VII+Cnj+Pos+Neu+0PlSubj']}, {'word_form': '.', 'fst_analyses': []}]",nj
Ogidigamig danwewengwaamo nimishoomis.,I hear my grandfather snoring upstairs.,"[{'word_form': 'ogidigamig', 'fst_analyses': ['ogidigamig+ADVLoc']}, {'word_form': 'danwewengwaamo', 'fst_analyses': ['danwewengwaamo+VAI+Ind+Pos+Neu+3SgProxSubj']}, {'word_form': 'nimishoomis', 'fst_analyses': ['mishoomis+NAD+ProxSg+1SgPoss']}, {'word_form': '.', 'fst_analyses': []}]",nj
Gii-panaandawe gaa-niisaaboojiged.,The one pushing the logs down the rapids fell off.,"[{'word_form': 'gii-panaandawe', 'fst_analyses': ['PVTense/gii+banaandawe+VAI+Ind+Pos+Neu+3SgProxSubj']}, {'word_form': 'gaa-niisaaboojiged', 'fst_analyses': ['PVSub/gaa+niisaaboojige+VAI+Cnj+Pos+Neu+3SgProxSubj', 'PVTense/gii+niisaaboojige+VAI+Pcp+Pos+Neu+3SgProxSubj+3SgProxHead']}, {'word_form': '.', 'fst_analyses': []}]",nj
Aaniin enawendiyeg awe inini. / Agaamaya'ii niwiiji'ayaawindimin. Noosinaanig wiijikiwenyindiwag,How are you and that man related? /  We are first cousins. Our fathers are brothers.,"[{'word_form': 'aaniin', 'fst_analyses': ['aaniin+PCInterj', 'aaniin+ADVInter']}, {'word_form': 'enawendiyeg', 'fst_analyses': []}, {'word_form': 'awe', 'fst_analyses': ['awe+PRONDem+NA+ProxSg']}, {'word_form': 'inini', 'fst_analyses': ['inini+NA+ProxSg']}, {'word_form': '.', 'fst_analyses': []}, {'word_form': '/', 'fst_analyses': []}, {'word_form': ""agaamaya'ii"", 'fst_analyses': [""agaamaya'ii+ADVLoc""]}, {'word_form': ""niwiiji'ayaawindimin"", 'fst_analyses': []}, {'word_form': '.', 'fst_analyses': []}, {'word_form': 'noosinaanig', 'fst_analyses': ['oos+NAD+ProxPl+ExclPoss']}, {'word_form': 'wiijikiwenyindiwag', 'fst_analyses': []}]",nj
Aandi ezhidaabaanaad.,Where is s/he dragging h/?,"[{'word_form': 'aandi', 'fst_analyses': ['aandi+ADVInter']}, {'word_form': 'ezhidaabaanaad', 'fst_analyses': []}, {'word_form': '.', 'fst_analyses': []}]",nj
Nisawaatig ningii'-nibaa dibikong.,I slept between two trees last night.,"[{'word_form': 'nisawaatig', 'fst_analyses': ['nisawaatig+ADVLoc']}, {'word_form': ""ningii'-nibaa"", 'fst_analyses': [""PVTense/gii'+nibaa+VAI+Ind+Pos+Neu+1SgSubj""]}, {'word_form': 'dibikong', 'fst_analyses': ['dibikong+ADVTmp']}, {'word_form': '.', 'fst_analyses': []}]",nj
Gii-chiikitaagwad biidaajimoo-mazina'igan wii'-niimi'iding.,The newsletter told the happy news about the upcoming powwow.,"[{'word_form': 'gii-chiikitaagwad', 'fst_analyses': ['PVTense/gii+jiikitaagwad+VII+Ind+Pos+Neu+0SgSubj']}, {'word_form': ""biidaajimoo-mazina'igan"", 'fst_analyses': []}, {'word_form': ""wii'-niimi'iding"", 'fst_analyses': [""PVTense/wii'+niimi'+VTA+Recip/di+VAI+Cnj+Pos+Neu+XSubj+XObj"", ""PVTense/wii'+niimi'idiwag+VAI+Cnj+Pos+Neu+XSubj+XObj""]}, {'word_form': '.', 'fst_analyses': []}]",nj
Aaniin epiichibideg naabikwaanensiwi-biiwaabik. / Gaawiin igo aapiji gizhiibidesinoon. Niishtana-shi-naanan eta go apiichibide.,How fast is the motor? / It's not very fast. It's only twenty-five horsepower.,"[{'word_form': 'aaniin', 'fst_analyses': ['aaniin+PCInterj', 'aaniin+ADVInter']}, {'word_form': 'epiichibideg', 'fst_analyses': ['apiichibide+VII+Pcp+Pos+Neu+0SgSubj+0SgHead']}, {'word_form': 'naabikwaanensiwi-biiwaabik', 'fst_analyses': []}, {'word_form': '.', 'fst_analyses': []}, {'word_form': '/', 'fst_analyses': []}, {'word_form': 'gaawiin', 'fst_analyses': ['gaawiin+ADVNeg']}, {'word_form': 'igo', 'fst_analyses': ['igo+PCEmph']}, {'word_form': 'aapiji', 'fst_analyses': ['aapiji+ADVDeg']}, {'word_form': 'gizhiibidesinoon', 'fst_analyses': ['gizhiibide+VII+Ind+Neg+Neu+0PlSubj', 'gizhiibide+VII+Ind+Neg+Neu+0SgSubj']}, {'word_form': '.', 'fst_analyses': []}, {'word_form': 'niishtana-shi-naanan', 'fst_analyses': []}, {'word_form': 'eta', 'fst_analyses': ['eta+ADVDeg']}, {'word_form': 'go', 'fst_analyses': ['go+PCDisc']}, {'word_form': 'apiichibide', 'fst_analyses': ['apiichibide+VII+Ind+Pos+Neu+0SgSubj']}, {'word_form': '.', 'fst_analyses': []}]",nj
Gaawiin dakwangesii awe dinowa.,That kind doesn't bite.,"[{'word_form': 'gaawiin', 'fst_analyses': ['gaawiin+ADVNeg']}, {'word_form': 'dakwangesii', 'fst_analyses': ['dakwange+VAI+Ind+Neg+Neu+3SgProxSubj']}, {'word_form': 'awe', 'fst_analyses': ['awe+PRONDem+NA+ProxSg']}, {'word_form': 'dinowa', 'fst_analyses': ['dinowa+PRONSim+NI+Sg', 'dinowa+PRONSim+NA+ProxSg']}, {'word_form': '.', 'fst_analyses': []}]",nj
Odabaagamizamawaan naboob waa'-ashamaad omishoomisan.,She's warming up soup for her grandfather.,"[{'word_form': 'odabaagamizamawaan', 'fst_analyses': ['abaagamizamaw+VTA+Ind+Pos+Neu+3SgProxSubj+3SgObvObj', 'abaagamizamaw+VTA+Ind+Pos+Neu+3SgProxSubj+3PlObvObj']}, {'word_form': 'naboob', 'fst_analyses': ['naboob+NI+Sg']}, {'word_form': ""waa'-ashamaad"", 'fst_analyses': []}, {'word_form': 'omishoomisan', 'fst_analyses': ['mishoomis+NAD+ObvPl+3SgProxPoss', 'mishoomis+NAD+ObvSg+3SgProxPoss']}, {'word_form': '.', 'fst_analyses': []}]",nj
Wewiib niisaandawebatoo. Onando-nakwetaan obiiwaabikoonsim madwesininig.,He's rushing downstairs to go answer his ringing phone.,"[{'word_form': 'wewiib', 'fst_analyses': ['wewiib+ADVMan']}, {'word_form': 'niisaandawebatoo', 'fst_analyses': ['niisaandawebatoo+VAI+Ind+Pos+Neu+3SgProxSubj']}, {'word_form': '.', 'fst_analyses': []}, {'word_form': 'onando-nakwetaan', 'fst_analyses': ['PVLex/ando+nakwetan+VTI+Ind+Pos+Neu+3SgProxSubj+0SgObj']}, {'word_form': 'obiiwaabikoonsim', 'fst_analyses': ['biiwaabikoons+NI+Poss+Sg+3SgProxPoss', 'biiwaabik+NI+Dim+Poss+Sg+3SgProxPoss']}, {'word_form': 'madwesininig', 'fst_analyses': ['madwesin+VII+Cnj+Pos+Neu+0PlObvSubj', 'madwesin+VII+Cnj+Pos+Neu+0SgObvSubj']}, {'word_form': '.', 'fst_analyses': []}]",nj
Waawiiba omeshkojisidoon gaa-ozhibii'igesenig odoozhibii'iganaakong.,He frequently changes the ink cartridge on his pen.,"[{'word_form': 'waawiiba', 'fst_analyses': ['waawiiba+ADVTmp']}, {'word_form': 'omeshkojisidoon', 'fst_analyses': ['meshkojisidoon+VTI+Ind+Pos+Neu+3SgProxSubj+0SgObj']}, {'word_form': ""gaa-ozhibii'igesenig"", 'fst_analyses': []}, {'word_form': ""odoozhibii'iganaakong"", 'fst_analyses': [""ozhibii'iganaak+NA+Loc+3SgProxPoss"", ""ozhibii'iganaak+NI+Loc+3SgProxPoss""]}, {'word_form': '.', 'fst_analyses': []}]",nj
Ningaabii'anong ondwewidamoog animikiig gii-bimwewidamowaad.,The Thunderbirds come from the west as they go by us.,"[{'word_form': ""ningaabii'anong"", 'fst_analyses': [""ningaabii'an+NI+Loc"", ""ningaabii'anong+ADVLoc""]}, {'word_form': 'ondwewidamoog', 'fst_analyses': ['ondwewidam+VAI+Ind+Pos+Neu+3PlProxSubj']}, {'word_form': 'animikiig', 'fst_analyses': ['animikii+NA+ProxPl']}, {'word_form': 'gii-bimwewidamowaad', 'fst_analyses': ['PVTense/gii+bimwewidam+VAI+Cnj+Pos+Neu+3PlProxSubj']}, {'word_form': '.', 'fst_analyses': []}]",nj
Dagwamaadaa bakwezhigan.,Let's eat some bannock with it.,"[{'word_form': 'dagwamaadaa', 'fst_analyses': ['dagwam+VTA+Imp+Sim+InclSubj+3PlObvObj', 'dagwam+VTA+Imp+Sim+InclSubj+3SgObvObj', 'dagwam+VTA+Imp+Sim+InclSubj+3SgProxObj']}, {'word_form': 'bakwezhigan', 'fst_analyses': ['bakwezhigan+NA+ProxSg']}, {'word_form': '.', 'fst_analyses': []}]",nj
Ningii-noonde-gimiwanish gii-bi-giiweyaan. Ningiikadaabaawe.,I got caught in the rain on my way home. Now I'm cold.,"[{'word_form': 'ningii-noonde-gimiwanish', 'fst_analyses': ['PVTense/gii+PVLex/noonde+gimiwanishi+VAI+Ind+Pos+Neu+1SgSubj']}, {'word_form': 'gii-bi-giiweyaan', 'fst_analyses': ['PVTense/gii+PVDir/bi+giiwe+VAI+Cnj+Pos+Neu+1SgSubj']}, {'word_form': '.', 'fst_analyses': []}, {'word_form': 'ningiikadaabaawe', 'fst_analyses': ['giikadaabaawe+VAI+Ind+Pos+Neu+1SgSubj']}, {'word_form': '.', 'fst_analyses': []}]",nj
Biisiboojiganing niwii'-anokii biboong.,I want to work in the sawmill this winter.,"[{'word_form': 'biisiboojiganing', 'fst_analyses': ['biisiboojigan+NA+Loc', 'biisiboojigan+NI+Loc']}, {'word_form': ""niwii'-anokii"", 'fst_analyses': [""PVTense/wii'+anokii+VAI+Ind+Pos+Neu+1SgSubj""]}, {'word_form': 'biboong', 'fst_analyses': ['biboon+VII+Cnj+Pos+Neu+0SgSubj', 'biboon+VII+Cnj+Pos+Neu+0PlSubj']}, {'word_form': '.', 'fst_analyses': []}]",nj
Ninookab. Gabeya'ii geyaabi ninga-anokii.,My seating is nice and soft. I can (sit here and) work a little longer.,"[{'word_form': 'ninookab', 'fst_analyses': ['nookabi+VAI+Ind+Pos+Neu+1SgSubj']}, {'word_form': '.', 'fst_analyses': []}, {'word_form': ""gabeya'ii"", 'fst_analyses': [""gabeya'ii+ADVTmp""]}, {'word_form': 'geyaabi', 'fst_analyses': ['geyaabi+ADVTmp']}, {'word_form': 'ninga-anokii', 'fst_analyses': ['PVTense/ga+anokii+VAI+Ind+Pos+Neu+1SgSubj']}, {'word_form': '.', 'fst_analyses': []}]",nj
Giinitam gigii'-maajitaa.,You started doing it first!,"[{'word_form': 'giinitam', 'fst_analyses': ['giinitam+PRONPer+NA+2Sg']}, {'word_form': ""gigii'-maajitaa"", 'fst_analyses': [""PVTense/gii'+maajitaa+VAI+Ind+Pos+Neu+2SgSubj""]}, {'word_form': '.', 'fst_analyses': []}]",nj
Aanikoopidewan makakosagodaabaanan.,The boxcars are linked up.,"[{'word_form': 'aanikoopidewan', 'fst_analyses': []}, {'word_form': 'makakosagodaabaanan', 'fst_analyses': ['makakosagodaabaan+NI+Pl']}, {'word_form': '.', 'fst_analyses': []}]",nj
Nookomis odoozaawegizaan odasekaan. Omooshkineyaabasaan,My grandmother is smoking her tanned hide. It's full of smoke inside.,"[{'word_form': 'nookomis', 'fst_analyses': ['ookomis+NAD+ProxSg+1SgPoss']}, {'word_form': 'odoozaawegizaan', 'fst_analyses': ['ozaawegizan+VTI+Ind+Pos+Neu+3SgProxSubj+0SgObj']}, {'word_form': 'odasekaan', 'fst_analyses': ['asekaan+NI+Sg+3SgProxPoss']}, {'word_form': '.', 'fst_analyses': []}, {'word_form': 'omooshkineyaabasaan', 'fst_analyses': []}]",nj
Biinish igo gii-ani-onaagoshig geyaabi ingii-pawa'aamin.,We picked rice right to the end of the day.,"[{'word_form': 'biinish', 'fst_analyses': ['biinish+ADVGram']}, {'word_form': 'igo', 'fst_analyses': ['igo+PCEmph']}, {'word_form': 'gii-ani-onaagoshig', 'fst_analyses': ['PVTense/gii+PVDir/ani+onaagoshin+VII+Cnj+Pos+Neu+0SgSubj', 'PVTense/gii+PVDir/ani+onaagoshin+VII+Cnj+Pos+Neu+0PlSubj']}, {'word_form': 'geyaabi', 'fst_analyses': ['geyaabi+ADVTmp']}, {'word_form': ""ingii-pawa'aamin"", 'fst_analyses': [""PVTense/gii+bawa'an+VTI+Ind+Pos+Neu+ExclSubj+0PlObj"", ""PVTense/gii+bawa'an+VTI+Ind+Pos+Neu+ExclSubj+0SgObj"", ""PVTense/gii+bawa'am+VAI+Ind+Pos+Neu+ExclSubj""]}, {'word_form': '.', 'fst_analyses': []}]",nj
Gaa-gizhiibideg naabikwaanens ningii'-adaawen waa'-aabajitoowaan ando-mawinzowaan noongom gaa-niibing,I bought a fast motor to use to go berry-picking this summer.,"[{'word_form': 'gaa-gizhiibideg', 'fst_analyses': ['PVSub/gaa+gizhiibide+VII+Cnj+Pos+Neu+0SgSubj', 'PVSub/gaa+gizhiibide+VII+Cnj+Pos+Neu+0PlSubj', 'PVTense/gii+gizhiibide+VII+Pcp+Pos+Neu+0SgSubj+0SgHead']}, {'word_form': 'naabikwaanens', 'fst_analyses': ['naabikwaanens+NI+Sg', 'naabikwaan+NI+Dim+Sg']}, {'word_form': ""ningii'-adaawen"", 'fst_analyses': [""PVTense/gii'+adaawen+VAIO+Ind+Pos+Neu+1SgSubj+0SgObj""]}, {'word_form': ""waa'-aabajitoowaan"", 'fst_analyses': []}, {'word_form': 'ando-mawinzowaan', 'fst_analyses': []}, {'word_form': 'noongom', 'fst_analyses': ['noongom+ADVTmp']}, {'word_form': 'gaa-niibing', 'fst_analyses': ['PVSub/gaa+niibin+VII+Cnj+Pos+Neu+0SgSubj', 'PVSub/gaa+niibin+VII+Cnj+Pos+Neu+0PlSubj', 'PVTense/gii+niibin+VII+Pcp+Pos+Neu+0SgSubj+0SgHead']}]",nj
Zinigojiibizh giday. Andookomaazh.,Rub your dog's belly. Check it for bugs.,"[{'word_form': 'zinigojiibizh', 'fst_analyses': ['zinigojiibizh+VTA+Imp+Sim+2SgSubj+3SgProxObj', 'zinigojiibizh+VTA+Imp+Sim+2SgSubj+3PlProxObj']}, {'word_form': 'giday', 'fst_analyses': ['day+NAD+ProxSg+2SgPoss']}, {'word_form': '.', 'fst_analyses': []}, {'word_form': 'andookomaazh', 'fst_analyses': ['andookomaazh+VTA+Imp+Sim+2SgSubj+3SgProxObj', 'andookomaazh+VTA+Imp+Sim+2SgSubj+3PlProxObj']}, {'word_form': '.', 'fst_analyses': []}]",nj
Zhebaa ogii'-wiinaan ge-izhi-anishinaabewinikaazonid. Miiwan iniwe wiiyawen'enyan.,This morning he gave a spirit name to his namesake.,"[{'word_form': 'zhebaa', 'fst_analyses': ['zhebaa+ADVTmp']}, {'word_form': ""ogii'-wiinaan"", 'fst_analyses': [""PVTense/gii'+wiinzh+VTA+Ind+Pos+Neu+3SgProxSubj+3SgObvObj"", ""PVTense/gii'+wiinzh+VTA+Ind+Pos+Neu+3SgProxSubj+3PlObvObj""]}, {'word_form': 'ge-izhi-anishinaabewinikaazonid', 'fst_analyses': []}, {'word_form': '.', 'fst_analyses': []}, {'word_form': 'miiwan', 'fst_analyses': ['miiwan+ADVPred']}, {'word_form': 'iniwe', 'fst_analyses': ['iniwe+PRONDem+NI+Pl', 'iniwe+PRONDem+NA+ObvSg', 'iniwe+PRONDem+NA+ObvPl']}, {'word_form': ""wiiyawen'enyan"", 'fst_analyses': [""iiyawen'enhy+NAD+ObvPl+3SgProxPoss"", ""iiyawen'eny+NAD+ObvPl+3SgProxPoss"", ""iiyawen'enhy+NAD+ObvSg+3SgProxPoss"", ""iiyawen'eny+NAD+ObvSg+3SgProxPoss""]}, {'word_form': '.', 'fst_analyses': []}]",nj
Ozhichigaade waa-tazhi-madoodooyang.,They are making the site for our sweat.,"[{'word_form': 'ozhichigaade', 'fst_analyses': ['ozhichigaade+VII+Ind+Pos+Neu+0SgSubj']}, {'word_form': 'waa-tazhi-madoodooyang', 'fst_analyses': []}, {'word_form': '.', 'fst_analyses': []}]",nj
Gii'-ozhibii'igaazowag minik waa'-anokiitamowaad waakaa'igan gaa-wii'-ozhichigaadeg.,They took the names of the people that are going to be working on the house that is going to be built.,"[{'word_form': ""gii'-ozhibii'igaazowag"", 'fst_analyses': [""PVTense/gii'+ozhibii'igaazo+VAI+Ind+Pos+Neu+3PlProxSubj""]}, {'word_form': 'minik', 'fst_analyses': ['minik+ADVQnt']}, {'word_form': ""waa'-anokiitamowaad"", 'fst_analyses': []}, {'word_form': ""waakaa'igan"", 'fst_analyses': [""waakaa'igan+NI+Sg""]}, {'word_form': ""gaa-wii'-ozhichigaadeg"", 'fst_analyses': [""PVSub/gaa+PVTense/wii'+ozhichigaade+VII+Cnj+Pos+Neu+0SgSubj"", ""PVSub/gaa+PVTense/wii'+ozhichigaade+VII+Cnj+Pos+Neu+0PlSubj"", ""PVTense/gii+PVTense/wii'+ozhichigaade+VII+Pcp+Pos+Neu+0SgSubj+0SgHead""]}, {'word_form': '.', 'fst_analyses': []}]",nj
Ningitiziimag nindanokiitawaag.,I'm working for my elders.,"[{'word_form': 'ningitiziimag', 'fst_analyses': ['gitiziim+NAD+ProxPl+1SgPoss']}, {'word_form': 'nindanokiitawaag', 'fst_analyses': ['anokiitaw+VTA+Ind+Pos+Neu+1SgSubj+3PlProxObj']}, {'word_form': '.', 'fst_analyses': []}]",nj
Apishimoniken ininaandagoog ozhitooyan giwiigiwaam.,Use balsams for your bedding when you make your wigwam.,"[{'word_form': 'apishimoniken', 'fst_analyses': ['apishimonike+VAI+Imp+Sim+2SgSubj']}, {'word_form': 'ininaandagoog', 'fst_analyses': ['ininaandag+NA+ProxPl']}, {'word_form': 'ozhitooyan', 'fst_analyses': ['ozhitoon+VTI+Cnj+Pos+Neu+2SgSubj+0PlObj', 'ozhitoon+VTI+Cnj+Pos+Neu+2SgSubj+0SgObj']}, {'word_form': 'giwiigiwaam', 'fst_analyses': ['wiigiwaam+NI+Sg+2SgPoss']}, {'word_form': '.', 'fst_analyses': []}]",nj
Aaniin ekwaabiigizid gizenibaam gaa-naabishimad.,How long is the ribbon that you clip on?,"[{'word_form': 'aaniin', 'fst_analyses': ['aaniin+PCInterj', 'aaniin+ADVInter']}, {'word_form': 'ekwaabiigizid', 'fst_analyses': ['akwaabiigizi+VAI+Pcp+Pos+Neu+3SgProxSubj+3SgProxHead']}, {'word_form': 'gizenibaam', 'fst_analyses': []}, {'word_form': 'gaa-naabishimad', 'fst_analyses': ['PVSub/gaa+naabishim+VTA+Cnj+Pos+Neu+2SgSubj+3SgProxObj']}, {'word_form': '.', 'fst_analyses': []}]",nj
Biinzaabam akik.,Look into  the pot.,"[{'word_form': 'biinzaabam', 'fst_analyses': ['biinzaabam+VTA+Imp+Sim+2SgSubj+3SgProxObj', 'biinzaabam+VTA+Imp+Sim+2SgSubj+3PlProxObj']}, {'word_form': 'akik', 'fst_analyses': ['akik+NA+ProxSg']}, {'word_form': '.', 'fst_analyses': []}]",nj
Bijiinaago niibiwa ningii-kaaskizaan wiiyaas. Noongom idash niwii'-nooka'iiwagwe.,Yesterday I smoked a lot of meat. Today I'll make pemmican.,"[{'word_form': 'bijiinaago', 'fst_analyses': ['bijiinaago+ADVTmp']}, {'word_form': 'niibiwa', 'fst_analyses': ['niibiwa+ADVQnt']}, {'word_form': 'ningii-kaaskizaan', 'fst_analyses': ['PVTense/gii+gaaskizan+VTI+Ind+Pos+Neu+1SgSubj+0SgObj']}, {'word_form': 'wiiyaas', 'fst_analyses': ['wiiyaas+NI+Sg', 'iiyaas+NID+Sg+3SgProxPoss']}, {'word_form': '.', 'fst_analyses': []}, {'word_form': 'noongom', 'fst_analyses': ['noongom+ADVTmp']}, {'word_form': 'idash', 'fst_analyses': ['idash+ADVConj']}, {'word_form': ""niwii'-nooka'iiwagwe"", 'fst_analyses': [""PVTense/wii'+nooka'iiwagwe+VAI+Ind+Pos+Neu+1SgSubj""]}, {'word_form': '.', 'fst_analyses': []}]",nj
I'imaa gaa-onjiiyaan apane go anishinaabemowag.,Where I come from they always speak the Native language.,"[{'word_form': ""i'imaa"", 'fst_analyses': [""i'imaa+ADVLoc""]}, {'word_form': 'gaa-onjiiyaan', 'fst_analyses': ['PVSub/gaa+onjii+VAI+Cnj+Pos+Neu+1SgSubj']}, {'word_form': 'apane', 'fst_analyses': ['apane+ADVTmp']}, {'word_form': 'go', 'fst_analyses': ['go+PCDisc']}, {'word_form': 'anishinaabemowag', 'fst_analyses': ['anishinaabemo+VAI+Ind+Pos+Neu+3PlProxSubj']}, {'word_form': '.', 'fst_analyses': []}]",nj
Onaazibiiwinaan odasabiin waa'-ando-bagida'waad.,She's taking her net down to the lake to set it.,"[{'word_form': 'onaazibiiwinaan', 'fst_analyses': ['naazibiiwizh+VTA+Ind+Pos+Neu+3SgProxSubj+3SgObvObj', 'naazibiiwizh+VTA+Ind+Pos+Neu+3SgProxSubj+3PlObvObj']}, {'word_form': 'odasabiin', 'fst_analyses': ['odasabii+VAI+Imp+Sim+2SgSubj', 'asab+NA+ObvSg+3SgProxPoss', 'asab+NA+ObvPl+3SgProxPoss']}, {'word_form': ""waa'-ando-bagida'waad"", 'fst_analyses': [""PVTense/wii'+PVLex/ando+bagida'waa+VAI+Pcp+Pos+Neu+3SgProxSubj+3SgProxHead""]}, {'word_form': '.', 'fst_analyses': []}]",nj
Ajina go ningii-kaganoonaa jibwaa-boozid gichi-odaabaanan.,I only talked with him for a little while before he got on the bus.,"[{'word_form': 'ajina', 'fst_analyses': ['ajina+ADVTmp']}, {'word_form': 'go', 'fst_analyses': ['go+PCDisc']}, {'word_form': 'ningii-kaganoonaa', 'fst_analyses': ['PVTense/gii+gaganoozh+VTA+Ind+Pos+Neu+1SgSubj+3SgProxObj']}, {'word_form': 'jibwaa-boozid', 'fst_analyses': ['PVTense/jibwaa+boozi+VAI+Cnj+Pos+Neu+3SgProxSubj']}, {'word_form': 'gichi-odaabaanan', 'fst_analyses': ['gichi-odaabaan+NA+ObvPl', 'PNLex/gichi+odaabaan+NA+ObvPl', 'gichi-odaabaan+NA+ObvSg', 'PNLex/gichi+odaabaan+NA+ObvSg', 'PNLex/gichi+odaabaan+NI+Pl', 'PNLex/chi+odaabaan+NI+Pl+2SgPoss', 'PNLex/chi+odaabaan+NA+ObvPl+2SgPoss', 'PNLex/chi+odaabaan+NA+ObvSg+2SgPoss']}, {'word_form': '.', 'fst_analyses': []}]",nj
Agwaawebinan gigiishka'isaanan biinji-naabikwaanensiwi-jiimaaning gaa-ategin.,Throw ashore your cut firewood that's in the boat.,"[{'word_form': 'agwaawebinan', 'fst_analyses': ['agwaawebinan+VTI+Imp+Sim+2SgSubj+0PlObj', 'agwaawebinan+VTI+Imp+Sim+2SgSubj+0SgObj']}, {'word_form': ""gigiishka'isaanan"", 'fst_analyses': [""giishka'isaan+NI+Pl+2SgPoss""]}, {'word_form': 'biinji-naabikwaanensiwi-jiimaaning', 'fst_analyses': ['PNLex/biinji+naabikwaanensiwi-jiimaan+NI+Loc']}, {'word_form': 'gaa-ategin', 'fst_analyses': ['PVSub/gaa+ate+VII+Cnj+Pos+Neu+0PlSubj', 'PVTense/gii+ate+VII+Pcp+Pos+Neu+0PlSubj+0PlHead']}, {'word_form': '.', 'fst_analyses': []}]",nj
Nibiiwiziwag igi wazhashkwedowensag.,Those mushrooms (in the rice) are wet.,"[{'word_form': 'nibiiwiziwag', 'fst_analyses': ['nibiiwizi+VAI+Ind+Pos+Neu+3PlProxSubj']}, {'word_form': 'igi', 'fst_analyses': ['igi+PRONDem+NA+ProxPl']}, {'word_form': 'wazhashkwedowensag', 'fst_analyses': ['wazhashkwedow+NA+Dim+ProxPl', 'wazhashkwedowens+NA+ProxPl']}, {'word_form': '.', 'fst_analyses': []}]",nj
Gidaa-wiisookawaag apane gichi-anishinaabeg. Gegoo imaa giga-onji-gikendaan ge-ani-izhi-mino-bimaadiziyan.,You should often visit the elders. You will learn something there about leading a good life.,"[{'word_form': 'gidaa-wiisookawaag', 'fst_analyses': ['PVTense/daa+wiisookaw+VTA+Ind+Pos+Neu+2SgSubj+3PlProxObj']}, {'word_form': 'apane', 'fst_analyses': ['apane+ADVTmp']}, {'word_form': 'gichi-anishinaabeg', 'fst_analyses': ['PNLex/gichi+anishinaabe+NA+ProxPl', 'gichi-anishinaabe+NA+ProxPl', 'PNLex/chi+anishinaabe+NA+ProxPl+2SgPoss']}, {'word_form': '.', 'fst_analyses': []}, {'word_form': 'gegoo', 'fst_analyses': ['gegoo+PRONIndf+NI']}, {'word_form': 'imaa', 'fst_analyses': ['imaa+ADVLoc']}, {'word_form': 'giga-onji-gikendaan', 'fst_analyses': ['PVTense/ga+PVRel/onji+gikendan+VTI+Ind+Pos+Neu+2SgSubj+0SgObj']}, {'word_form': 'ge-ani-izhi-mino-bimaadiziyan', 'fst_analyses': []}, {'word_form': '.', 'fst_analyses': []}]",nj
Biizikan ginamekwaanakizinan. Nibiiwashkosiwagaa agwajiing.,Put on your rubber boots. The grass outside is wet.,"[{'word_form': 'biizikan', 'fst_analyses': ['biizikan+VTI+Imp+Sim+2SgSubj+0PlObj', 'biizikan+VTI+Imp+Sim+2SgSubj+0SgObj']}, {'word_form': 'ginamekwaanakizinan', 'fst_analyses': ['namekwaanakizin+NI+Pl+2SgPoss']}, {'word_form': '.', 'fst_analyses': []}, {'word_form': 'nibiiwashkosiwagaa', 'fst_analyses': ['nibiiwashkosiwagaa+VII+Ind+Pos+Neu+0SgSubj']}, {'word_form': 'agwajiing', 'fst_analyses': ['agwajiing+ADVLoc']}, {'word_form': '.', 'fst_analyses': []}]",nj
Ogii-tipaabaawadoon owiiwakwaan jibwaa-biizikang; onzaam abwezo.,He soaked his hat before he put it on because he was sweating a lot.,"[{'word_form': 'ogii-tipaabaawadoon', 'fst_analyses': ['PVTense/gii+dipaabaawadoon+VTI+Ind+Pos+Neu+3SgProxSubj+0SgObj']}, {'word_form': 'owiiwakwaan', 'fst_analyses': ['wiiwakwaan+NI+Sg+3SgProxPoss']}, {'word_form': 'jibwaa-biizikang;', 'fst_analyses': []}, {'word_form': 'onzaam', 'fst_analyses': ['onzaam+ADVQnt']}, {'word_form': 'abwezo', 'fst_analyses': ['abwezo+VAI+Ind+Pos+Neu+3SgProxSubj']}, {'word_form': '.', 'fst_analyses': []}]",nj
Nookomis endaad indizhidaabii'iwe.,I'm driving to my grandmother's house.,"[{'word_form': 'nookomis', 'fst_analyses': ['ookomis+NAD+ProxSg+1SgPoss']}, {'word_form': 'endaad', 'fst_analyses': ['daa+VAI+Pcp+Pos+Neu+3SgProxSubj+3SgProxHead']}, {'word_form': ""indizhidaabii'iwe"", 'fst_analyses': [""izhidaabii'iwe+VAI+Ind+Pos+Neu+1SgSubj""]}, {'word_form': '.', 'fst_analyses': []}]",nj
Niizhoopizowag animoshag gaa-odaabii'aad gaa-maa'ishkang.,There are two dogs in the team the one that goes shopping drives.,"[{'word_form': 'niizhoopizowag', 'fst_analyses': ['niizhoopizowag+VAIPL+Ind+Pos+Neu+3PlProxSubj']}, {'word_form': 'animoshag', 'fst_analyses': ['animosh+NA+ProxPl']}, {'word_form': ""gaa-odaabii'aad"", 'fst_analyses': [""PVSub/gaa+odaabii'+VTA+Cnj+Pos+Neu+3SgProxSubj+3SgObvObj"", ""PVSub/gaa+odaabii'+VTA+Cnj+Pos+Neu+3SgProxSubj+3PlObvObj""]}, {'word_form': ""gaa-maa'ishkang"", 'fst_analyses': [""PVSub/gaa+maa'ishkam+VAI+Cnj+Pos+Neu+3SgProxSubj"", ""PVTense/gii+maa'ishkam+VAI+Pcp+Pos+Neu+3SgProxSubj+3SgProxHead"", ""PVTense/gii+maa'ishkam+VAI+Pcp+Pos+Neu+3PlProxSubj+3PlProxHead""]}, {'word_form': '.', 'fst_analyses': []}]",nj
Wiinge gizhiiwewebide nindoodaabaanish. Ganabaj bagwaabikishkaa gaa-onji-zaagidaabateseg.,My car sure runs loud. I think there's a hole in the muffler.,"[{'word_form': 'wiinge', 'fst_analyses': ['wiinge+ADVDeg']}, {'word_form': 'gizhiiwewebide', 'fst_analyses': ['gizhiiwewebide+VII+Ind+Pos+Neu+0SgSubj']}, {'word_form': 'nindoodaabaanish', 'fst_analyses': ['odaabaan+NA+Pej+ProxSg+1SgPoss', 'odaabaan+NI+Pej+Sg+1SgPoss']}, {'word_form': '.', 'fst_analyses': []}, {'word_form': 'ganabaj', 'fst_analyses': ['ganabaj+ADVMan']}, {'word_form': 'bagwaabikishkaa', 'fst_analyses': ['bagwaabikishkaa+VII+Ind+Pos+Neu+0SgSubj']}, {'word_form': 'gaa-onji-zaagidaabateseg', 'fst_analyses': []}, {'word_form': '.', 'fst_analyses': []}]",nj
Bagwaabikishkaa gwaaba'iganish wenji-onjigaag.,The old dipper has got a hole in it; that's why it leaks.,"[{'word_form': 'bagwaabikishkaa', 'fst_analyses': ['bagwaabikishkaa+VII+Ind+Pos+Neu+0SgSubj']}, {'word_form': ""gwaaba'iganish"", 'fst_analyses': [""gwaaba'igan+NI+Pej+Sg""]}, {'word_form': 'wenji-onjigaag', 'fst_analyses': ['PVRel/onji+onjigaa+VII+Pcp+Pos+Neu+0SgSubj+0SgHead']}, {'word_form': '.', 'fst_analyses': []}]",nj
Giwiidabindimin gii-anokaadamang anishinaabe-ikidowinan.,We sit together when we work on Ojibwe words.,"[{'word_form': 'giwiidabindimin', 'fst_analyses': ['wiidabindiwag+VAI+Ind+Pos+Neu+InclSubj+InclObj']}, {'word_form': 'gii-anokaadamang', 'fst_analyses': ['PVTense/gii+anokaadan+VTI+Cnj+Pos+Neu+InclSubj+0PlObj', 'PVTense/gii+anokaadan+VTI+Cnj+Pos+Neu+InclSubj+0SgObj']}, {'word_form': 'anishinaabe-ikidowinan', 'fst_analyses': []}, {'word_form': '.', 'fst_analyses': []}]",nj
Aaniin epiichiid gaa-anokaadang waakaa'igan. Zhigwa na odapakwaadaan.,How far along is he with the work on the house? Is he putting the roof on it yet?,"[{'word_form': 'aaniin', 'fst_analyses': ['aaniin+PCInterj', 'aaniin+ADVInter']}, {'word_form': 'epiichiid', 'fst_analyses': ['apiichii+VAI+Pcp+Pos+Neu+3SgProxSubj+3SgProxHead']}, {'word_form': 'gaa-anokaadang', 'fst_analyses': ['PVSub/gaa+anokaadan+VTI+Cnj+Pos+Neu+3SgProxSubj+0PlObj', 'PVSub/gaa+anokaadan+VTI+Cnj+Pos+Neu+3SgProxSubj+0SgObj']}, {'word_form': ""waakaa'igan"", 'fst_analyses': [""waakaa'igan+NI+Sg""]}, {'word_form': '.', 'fst_analyses': []}, {'word_form': 'zhigwa', 'fst_analyses': ['zhigwa+ADVTmp']}, {'word_form': 'na', 'fst_analyses': ['na+PCDisc']}, {'word_form': 'odapakwaadaan', 'fst_analyses': ['apakwaadan+VTI+Ind+Pos+Neu+3SgProxSubj+0SgObj']}, {'word_form': '.', 'fst_analyses': []}]",nj
Zhebaa gii-pimi-zaagidawa'owag gaa-andawawinzowaad.,The berry pickers paddled out of the river this morning.,"[{'word_form': 'zhebaa', 'fst_analyses': ['zhebaa+ADVTmp']}, {'word_form': ""gii-pimi-zaagidawa'owag"", 'fst_analyses': [""PVTense/gii+PVDir/bimi+zaagidawa'o+VAI+Ind+Pos+Neu+3PlProxSubj""]}, {'word_form': 'gaa-andawawinzowaad', 'fst_analyses': ['PVSub/gaa+andawawinzo+VAI+Cnj+Pos+Neu+3PlProxSubj']}, {'word_form': '.', 'fst_analyses': []}]",nj
Giiwedaabaazh amik gaa-gii-tasoonad.,Drag the beaver you trapped home.,"[{'word_form': 'giiwedaabaazh', 'fst_analyses': ['giiwedaabaazh+VTA+Imp+Sim+2SgSubj+3SgProxObj', 'giiwedaabaazh+VTA+Imp+Sim+2SgSubj+3PlProxObj']}, {'word_form': 'amik', 'fst_analyses': ['amik+NA+ProxSg']}, {'word_form': 'gaa-gii-tasoonad', 'fst_analyses': ['PVSub/gaa+PVTense/gii+dasoozh+VTA+Cnj+Pos+Neu+2SgSubj+3SgProxObj']}, {'word_form': '.', 'fst_analyses': []}]",nj
Gego memwech wiindamawaaken. Aazha ogikendaan waa'-izhichiged.,You don't have to tell him. He already knows what to do.,"[{'word_form': 'gego', 'fst_analyses': ['gego+ADVNeg']}, {'word_form': 'memwech', 'fst_analyses': ['memwech+ADVMan']}, {'word_form': 'wiindamawaaken', 'fst_analyses': ['wiindamaw+VTA+Imp+Prb+2SgSubj+3PlProxObj', 'wiindamaw+VTA+Imp+Prb+2SgSubj+3SgProxObj']}, {'word_form': '.', 'fst_analyses': []}, {'word_form': 'aazha', 'fst_analyses': ['aazha+ADVTmp']}, {'word_form': 'ogikendaan', 'fst_analyses': ['gikendan+VTI+Ind+Pos+Neu+3SgProxSubj+0SgObj']}, {'word_form': ""waa'-izhichiged"", 'fst_analyses': [""PVTense/wii'+izhichige+VAI+Pcp+Pos+Neu+3SgProxSubj+3SgProxHead""]}, {'word_form': '.', 'fst_analyses': []}]",nj
Gego gakina zaagijibinaaken zhooniyaa izhaayan zhooniyaawigamigong. Ishkonamawishin.,Don't take out all the money if you go to the bank. Leave me some!,"[{'word_form': 'gego', 'fst_analyses': ['gego+ADVNeg']}, {'word_form': 'gakina', 'fst_analyses': ['gakina+ADVQnt']}, {'word_form': 'zaagijibinaaken', 'fst_analyses': ['zaagijibizh+VTA+Imp+Prb+2SgSubj+3PlProxObj', 'zaagijibizh+VTA+Imp+Prb+2SgSubj+3SgProxObj']}, {'word_form': 'zhooniyaa', 'fst_analyses': ['zhooniyaa+NA+ProxSg', 'zhooniyaa+NI+Sg']}, {'word_form': 'izhaayan', 'fst_analyses': ['izhaa+VAI+Cnj+Pos+Neu+2SgSubj']}, {'word_form': 'zhooniyaawigamigong', 'fst_analyses': ['zhooniyaawigamig+NI+Loc']}, {'word_form': '.', 'fst_analyses': []}, {'word_form': 'ishkonamawishin', 'fst_analyses': ['ishkonamaw+VTA+Imp+Sim+2SgSubj+1SgObj']}, {'word_form': '.', 'fst_analyses': []}]",nj
Aanind eta go.,Just some.,"[{'word_form': 'aanind', 'fst_analyses': ['aanind+ADVQnt']}, {'word_form': 'eta', 'fst_analyses': ['eta+ADVDeg']}, {'word_form': 'go', 'fst_analyses': ['go+PCDisc']}, {'word_form': '.', 'fst_analyses': []}]",nj
Bebangii eta go.,Only a little.,"[{'word_form': 'bebangii', 'fst_analyses': ['bebangii+ADVQnt']}, {'word_form': 'eta', 'fst_analyses': ['eta+ADVDeg']}, {'word_form': 'go', 'fst_analyses': ['go+PCDisc']}, {'word_form': '.', 'fst_analyses': []}]",nj
Giwiidabindimin gii-anokaadamang anishinaabe-ikidowinan.,We sit together when we work on Ojibwe words.,"[{'word_form': 'giwiidabindimin', 'fst_analyses': ['wiidabindiwag+VAI+Ind+Pos+Neu+InclSubj+InclObj']}, {'word_form': 'gii-anokaadamang', 'fst_analyses': ['PVTense/gii+anokaadan+VTI+Cnj+Pos+Neu+InclSubj+0PlObj', 'PVTense/gii+anokaadan+VTI+Cnj+Pos+Neu+InclSubj+0SgObj']}, {'word_form': 'anishinaabe-ikidowinan', 'fst_analyses': []}, {'word_form': '.', 'fst_analyses': []}]",nj
Agaawaa deba'oode zaga'igan; onzaam michaabikad.,The screw barely fits in because it's too big.,"[{'word_form': 'agaawaa', 'fst_analyses': ['agaawaa+ADVDeg']}, {'word_form': ""deba'oode"", 'fst_analyses': [""deba'oode+VII+Ind+Pos+Neu+0SgSubj""]}, {'word_form': ""zaga'igan;"", 'fst_analyses': []}, {'word_form': 'onzaam', 'fst_analyses': ['onzaam+ADVQnt']}, {'word_form': 'michaabikad', 'fst_analyses': ['michaabikad+VII+Ind+Pos+Neu+0SgSubj']}, {'word_form': '.', 'fst_analyses': []}]",nj
Ningii'-adimaa gaa-mikinaaked.,I caught up to the trail-breaker.,"[{'word_form': ""ningii'-adimaa"", 'fst_analyses': [""PVTense/gii'+adim+VTA+Ind+Pos+Neu+1SgSubj+3SgProxObj""]}, {'word_form': 'gaa-mikinaaked', 'fst_analyses': []}, {'word_form': '.', 'fst_analyses': []}]",nj
Ziinzibaakwad ina giwii-tagonaan.,Will you add sugar?,"[{'word_form': 'ziinzibaakwad', 'fst_analyses': ['ziinzibaakwad+NI+Sg']}, {'word_form': 'ina', 'fst_analyses': ['ina+PCDisc']}, {'word_form': 'giwii-tagonaan', 'fst_analyses': ['PVTense/wii+dagonan+VTI+Ind+Pos+Neu+2SgSubj+0SgObj']}, {'word_form': '.', 'fst_analyses': []}]",nj
Endaso-ziigwan niwazhashkwanii'ige.,Every spring I go muskrat trapping.,"[{'word_form': 'endaso-ziigwan', 'fst_analyses': ['endaso-ziigwan+ADVTmp']}, {'word_form': ""niwazhashkwanii'ige"", 'fst_analyses': []}, {'word_form': '.', 'fst_analyses': []}]",nj
Gego mashi biindigeken. Geyaabi nibiiwisagaa. Noongom nindishkwaa-giziisaginige.,Don't come in yet. The floor is still wet. I just now finished washing it.,"[{'word_form': 'gego', 'fst_analyses': ['gego+ADVNeg']}, {'word_form': 'mashi', 'fst_analyses': ['mashi+ADVTmp']}, {'word_form': 'biindigeken', 'fst_analyses': ['biindige+VAI+Imp+Prb+2SgSubj']}, {'word_form': '.', 'fst_analyses': []}, {'word_form': 'geyaabi', 'fst_analyses': ['geyaabi+ADVTmp']}, {'word_form': 'nibiiwisagaa', 'fst_analyses': ['nibiiwisagaa+VII+Ind+Pos+Neu+0SgSubj']}, {'word_form': '.', 'fst_analyses': []}, {'word_form': 'noongom', 'fst_analyses': ['noongom+ADVTmp']}, {'word_form': 'nindishkwaa-giziisaginige', 'fst_analyses': ['PVLex/ishkwaa+giziisaginige+VAI+Ind+Pos+Neu+1SgSubj']}, {'word_form': '.', 'fst_analyses': []}]",nj
Baapaawaange maang gii-mooshkamod.,A loon flaps its wings when it comes out of the water.,"[{'word_form': 'baapaawaange', 'fst_analyses': ['baapaawaange+VAI+Ind+Pos+Neu+3SgProxSubj']}, {'word_form': 'maang', 'fst_analyses': ['maang+NA+ProxSg']}, {'word_form': 'gii-mooshkamod', 'fst_analyses': ['PVTense/gii+mooshkamo+VAI+Cnj+Pos+Neu+3SgProxSubj']}, {'word_form': '.', 'fst_analyses': []}]",nj
Mekadewaabiigizid zenibaa gidaa-dagwapikaazonan.,Braid your hair with the black ribbon.,"[{'word_form': 'mekadewaabiigizid', 'fst_analyses': ['makadewaabiigizi+VAI+Pcp+Pos+Neu+3SgProxSubj+3SgProxHead']}, {'word_form': 'zenibaa', 'fst_analyses': []}, {'word_form': 'gidaa-dagwapikaazonan', 'fst_analyses': []}, {'word_form': '.', 'fst_analyses': []}]",nj
Agwaawebinan gigiishka'isaanan biinji-naabikwaanensiwi-jiimaaning gaa-ategin.,Throw ashore your cut firewood that's in the boat.,"[{'word_form': 'agwaawebinan', 'fst_analyses': ['agwaawebinan+VTI+Imp+Sim+2SgSubj+0PlObj', 'agwaawebinan+VTI+Imp+Sim+2SgSubj+0SgObj']}, {'word_form': ""gigiishka'isaanan"", 'fst_analyses': [""giishka'isaan+NI+Pl+2SgPoss""]}, {'word_form': 'biinji-naabikwaanensiwi-jiimaaning', 'fst_analyses': ['PNLex/biinji+naabikwaanensiwi-jiimaan+NI+Loc']}, {'word_form': 'gaa-ategin', 'fst_analyses': ['PVSub/gaa+ate+VII+Cnj+Pos+Neu+0PlSubj', 'PVTense/gii+ate+VII+Pcp+Pos+Neu+0PlSubj+0PlHead']}, {'word_form': '.', 'fst_analyses': []}]",nj
Ishpi-dibikad. Ambe gidaa-gii-kawishimomin.,It's late. We should go lie down.,"[{'word_form': 'ishpi-dibikad', 'fst_analyses': ['ishpi-dibikad+VII+Ind+Pos+Neu+0SgSubj', 'PVLex/ishpi+dibikad+VII+Ind+Pos+Neu+0SgSubj']}, {'word_form': '.', 'fst_analyses': []}, {'word_form': 'ambe', 'fst_analyses': ['ambe+PCInterj']}, {'word_form': 'gidaa-gii-kawishimomin', 'fst_analyses': ['PVTense/daa+PVTense/gii+gawishimo+VAI+Ind+Pos+Neu+InclSubj']}, {'word_form': '.', 'fst_analyses': []}]",nj
Zhiiwaagamizigan indagwandaan amogwaa gwekiwebiniganensag.,I eat my pancakes with syrup.,"[{'word_form': 'zhiiwaagamizigan', 'fst_analyses': ['zhiiwaagamizigan+NI+Sg']}, {'word_form': 'indagwandaan', 'fst_analyses': ['dagwandan+VTI+Ind+Pos+Neu+1SgSubj+0SgObj']}, {'word_form': 'amogwaa', 'fst_analyses': []}, {'word_form': 'gwekiwebiniganensag', 'fst_analyses': ['gwekiwebinigan+NA+Dim+ProxPl', 'gwekiwebiniganens+NA+ProxPl']}, {'word_form': '.', 'fst_analyses': []}]",nj
Onashkinatoon gibaashkizigan. | Aazha ningii'-onashkinatoon.,Load your gun. | I loaded it already.,"[{'word_form': 'onashkinatoon', 'fst_analyses': ['onashkinatoon+VTI+Imp+Sim+2SgSubj+0PlObj', 'onashkinatoon+VTI+Imp+Sim+2SgSubj+0SgObj']}, {'word_form': 'gibaashkizigan', 'fst_analyses': ['baashkizigan+NI+Sg+2SgPoss']}, {'word_form': '.', 'fst_analyses': []}, {'word_form': '|', 'fst_analyses': []}, {'word_form': 'aazha', 'fst_analyses': ['aazha+ADVTmp']}, {'word_form': ""ningii'-onashkinatoon"", 'fst_analyses': [""PVTense/gii'+onashkinatoon+VTI+Ind+Pos+Neu+1SgSubj+0SgObj""]}, {'word_form': '.', 'fst_analyses': []}]",nj
Bijiinaago ingii'-naajiwanii'ige. Naanan ningii-piinaag waabizheshiwag.,Yesterday I checked my traps. I brought back five martens.,"[{'word_form': 'bijiinaago', 'fst_analyses': ['bijiinaago+ADVTmp']}, {'word_form': ""ingii'-naajiwanii'ige"", 'fst_analyses': [""PVTense/gii'+naajiwanii'ige+VAI+Ind+Pos+Neu+1SgSubj""]}, {'word_form': '.', 'fst_analyses': []}, {'word_form': 'naanan', 'fst_analyses': ['naanan+NUM']}, {'word_form': 'ningii-piinaag', 'fst_analyses': ['PVTense/gii+biizh+VTA+Ind+Pos+Neu+1SgSubj+3PlProxObj']}, {'word_form': 'waabizheshiwag', 'fst_analyses': ['waabizheshi+NA+ProxPl']}, {'word_form': '.', 'fst_analyses': []}]",nj
Bizhishigwaabik obiinaan akikoon.,He brought an empty pail,"[{'word_form': 'bizhishigwaabik', 'fst_analyses': []}, {'word_form': 'obiinaan', 'fst_analyses': ['biizh+VTA+Ind+Pos+Neu+3SgProxSubj+3SgObvObj', 'biizh+VTA+Ind+Pos+Neu+3SgProxSubj+3PlObvObj']}, {'word_form': 'akikoon', 'fst_analyses': ['akik+NA+ObvSg', 'akik+NA+ObvPl']}, {'word_form': '.', 'fst_analyses': []}]",nj
Oshki-odaabaanan ogii-piinaan.,She brought a new car.,"[{'word_form': 'oshki-odaabaanan', 'fst_analyses': ['PNLex/oshki+odaabaan+NA+ObvPl', 'PNLex/oshki+odaabaan+NA+ObvSg', 'PNLex/oshki+odaabaan+NI+Pl']}, {'word_form': 'ogii-piinaan', 'fst_analyses': ['PVTense/gii+biizh+VTA+Ind+Pos+Neu+3SgProxSubj+3SgObvObj', 'PVTense/gii+biizh+VTA+Ind+Pos+Neu+3SgProxSubj+3PlObvObj']}, {'word_form': '.', 'fst_analyses': []}]",nj
Wegonen wendaapiyan.,Why are you laughing?,"[{'word_form': 'wegonen', 'fst_analyses': ['wegonen+PRONInter+NI+Sg']}, {'word_form': 'wendaapiyan', 'fst_analyses': []}, {'word_form': '.', 'fst_analyses': []}]",nj
Don ogii'-wiiji-wanii'igemaan oosan gabe-biboon.,Don trapped with his dad all winter long.,"[{'word_form': 'don', 'fst_analyses': []}, {'word_form': ""ogii'-wiiji-wanii'igemaan"", 'fst_analyses': [""PVTense/gii'+wiiji-wanii'igem+VTA+Ind+Pos+Neu+3SgProxSubj+3SgObvObj"", ""PVTense/gii'+wiiji-wanii'igem+VTA+Ind+Pos+Neu+3SgProxSubj+3PlObvObj""]}, {'word_form': 'oosan', 'fst_analyses': ['oos+NAD+ObvPl+3SgProxPoss', 'oos+NAD+ObvSg+3SgProxPoss']}, {'word_form': 'gabe-biboon', 'fst_analyses': ['PVLex/gabe+biboon+VII+Ind+Pos+Neu+0SgSubj', 'gabe-biboon+ADVTmp']}, {'word_form': '.', 'fst_analyses': []}]",nj
Gaa-gigibagiziwaad mitigoog binaakwiiwag gii-ani-ishpi-dagwaagig.,The leaves fall off the trees that have them towards late fall.,"[{'word_form': 'gaa-gigibagiziwaad', 'fst_analyses': ['PVSub/gaa+gigibagizi+VAI+Cnj+Pos+Neu+3PlProxSubj']}, {'word_form': 'mitigoog', 'fst_analyses': ['mitig+NA+ProxPl']}, {'word_form': 'binaakwiiwag', 'fst_analyses': ['binaakwii+VAI+Ind+Pos+Neu+3PlProxSubj']}, {'word_form': 'gii-ani-ishpi-dagwaagig', 'fst_analyses': ['PVTense/gii+PVDir/ani+ishpi-dagwaagin+VII+Cnj+Pos+Neu+0SgSubj', 'PVTense/gii+PVDir/ani+PVLex/ishpi+dagwaagin+VII+Cnj+Pos+Neu+0SgSubj', 'PVTense/gii+PVDir/ani+ishpi-dagwaagin+VII+Cnj+Pos+Neu+0PlSubj', 'PVTense/gii+PVDir/ani+PVLex/ishpi+dagwaagin+VII+Cnj+Pos+Neu+0PlSubj']}, {'word_form': '.', 'fst_analyses': []}]",nj
Aaniin iniwe makizinan gaa'-onaabandaman.,Which moccasins did you choose?,"[{'word_form': 'aaniin', 'fst_analyses': ['aaniin+PCInterj', 'aaniin+ADVInter']}, {'word_form': 'iniwe', 'fst_analyses': ['iniwe+PRONDem+NI+Pl', 'iniwe+PRONDem+NA+ObvSg', 'iniwe+PRONDem+NA+ObvPl']}, {'word_form': 'makizinan', 'fst_analyses': ['makizin+NI+Pl']}, {'word_form': ""gaa'-onaabandaman"", 'fst_analyses': []}, {'word_form': '.', 'fst_analyses': []}]",nj
Onzaam bangii ningii'-miigwechiwi'aa.,I didn't thank him enough.,"[{'word_form': 'onzaam', 'fst_analyses': ['onzaam+ADVQnt']}, {'word_form': 'bangii', 'fst_analyses': ['bangii+ADVQnt']}, {'word_form': ""ningii'-miigwechiwi'aa"", 'fst_analyses': [""PVTense/gii'+miigwechiwi'+VTA+Ind+Pos+Neu+1SgSubj+3SgProxObj""]}, {'word_form': '.', 'fst_analyses': []}]",nj
Biizikan ginamekwaanakizinan. Nibiiwashkosiwagaa agwajiing.,Put on your rubber boots. The grass outside is wet.,"[{'word_form': 'biizikan', 'fst_analyses': ['biizikan+VTI+Imp+Sim+2SgSubj+0PlObj', 'biizikan+VTI+Imp+Sim+2SgSubj+0SgObj']}, {'word_form': 'ginamekwaanakizinan', 'fst_analyses': ['namekwaanakizin+NI+Pl+2SgPoss']}, {'word_form': '.', 'fst_analyses': []}, {'word_form': 'nibiiwashkosiwagaa', 'fst_analyses': ['nibiiwashkosiwagaa+VII+Ind+Pos+Neu+0SgSubj']}, {'word_form': 'agwajiing', 'fst_analyses': ['agwajiing+ADVLoc']}, {'word_form': '.', 'fst_analyses': []}]",nj
Obwaawibidoon zhinoodaagan aana-wiikobidood. Ganabaj agwaakwadin mitakamig.,He is unable to pull the rope. Maybe it's frozen to the ground.,"[{'word_form': 'obwaawibidoon', 'fst_analyses': ['bwaawibidoon+VTI+Ind+Pos+Neu+3SgProxSubj+0SgObj']}, {'word_form': 'zhinoodaagan', 'fst_analyses': ['zhinoodaagan+NI+Sg']}, {'word_form': 'aana-wiikobidood', 'fst_analyses': ['PVTense/aana+wiikobidoon+VTI+Cnj+Pos+Neu+3SgProxSubj+0PlObj', 'PVTense/aana+wiikobidoon+VTI+Cnj+Pos+Neu+3SgProxSubj+0SgObj']}, {'word_form': '.', 'fst_analyses': []}, {'word_form': 'ganabaj', 'fst_analyses': ['ganabaj+ADVMan']}, {'word_form': 'agwaakwadin', 'fst_analyses': ['agwaakwadin+VII+Ind+Pos+Neu+0SgSubj']}, {'word_form': 'mitakamig', 'fst_analyses': ['mitakamig+ADVLoc']}, {'word_form': '.', 'fst_analyses': []}]",nj
Naasaab inanokiiwag.,They have the same kind of job.,"[{'word_form': 'naasaab', 'fst_analyses': ['naasaab+ADVMan']}, {'word_form': 'inanokiiwag', 'fst_analyses': ['inanokii+VAI+Ind+Pos+Neu+3PlProxSubj']}, {'word_form': '.', 'fst_analyses': []}]",nj
Aaniin endaswewaanagiziwaad.,How many pairs/sets/dozens are there of them?,"[{'word_form': 'aaniin', 'fst_analyses': ['aaniin+PCInterj', 'aaniin+ADVInter']}, {'word_form': 'endaswewaanagiziwaad', 'fst_analyses': []}, {'word_form': '.', 'fst_analyses': []}]",nj
Nashke giniin owe.,Look at this!,"[{'word_form': 'nashke', 'fst_analyses': ['nashke+PCDisc']}, {'word_form': 'giniin', 'fst_analyses': []}, {'word_form': 'owe', 'fst_analyses': ['owe+PRONDem+NI+Sg']}, {'word_form': '.', 'fst_analyses': []}]",nj
Nashke giniin owe gaa'-miinigoowaan dibikong gii-ando-wiidoopamagwaa gaa-dazhiikamowaad anishinaabemowin.,Look at what they gave me at the language table last night.,"[{'word_form': 'nashke', 'fst_analyses': ['nashke+PCDisc']}, {'word_form': 'giniin', 'fst_analyses': []}, {'word_form': 'owe', 'fst_analyses': ['owe+PRONDem+NI+Sg']}, {'word_form': ""gaa'-miinigoowaan"", 'fst_analyses': []}, {'word_form': 'dibikong', 'fst_analyses': ['dibikong+ADVTmp']}, {'word_form': 'gii-ando-wiidoopamagwaa', 'fst_analyses': ['PVTense/gii+PVLex/ando+wiidoopam+VTA+Cnj+Pos+Neu+1SgSubj+3PlProxObj']}, {'word_form': 'gaa-dazhiikamowaad', 'fst_analyses': ['PVSub/gaa+dazhiikan+VTI+Cnj+Pos+Neu+3PlProxSubj+0PlObj', 'PVSub/gaa+dazhiikan+VTI+Cnj+Pos+Neu+3PlProxSubj+0SgObj']}, {'word_form': 'anishinaabemowin', 'fst_analyses': ['anishinaabemowin+NI+Sg']}, {'word_form': '.', 'fst_analyses': []}]",nj
Noozhis gii-saagaabide. Niizhininiwan wiibidensan.,My grandchild grew some teeth. He's got two of them,"[{'word_form': 'noozhis', 'fst_analyses': ['oozhis+NAD+ProxSg+1SgPoss']}, {'word_form': 'gii-saagaabide', 'fst_analyses': ['PVTense/gii+zaagaabide+VAI+Ind+Pos+Neu+3SgProxSubj']}, {'word_form': '.', 'fst_analyses': []}, {'word_form': 'niizhininiwan', 'fst_analyses': ['niizhinoon+VII+Ind+Pos+Neu+0PlObvSubj']}, {'word_form': 'wiibidensan', 'fst_analyses': ['iibid+NID+Dim+Pl+3SgProxPoss']}, {'word_form': '.', 'fst_analyses': []}]",nj
Onjigawidoone. Ganabaj zaagaabide abinoojiinh.,She's drooling. I think that child is teething.,"[{'word_form': 'onjigawidoone', 'fst_analyses': ['onjigawidoone+VAI+Ind+Pos+Neu+3SgProxSubj']}, {'word_form': '.', 'fst_analyses': []}, {'word_form': 'ganabaj', 'fst_analyses': ['ganabaj+ADVMan']}, {'word_form': 'zaagaabide', 'fst_analyses': ['zaagaabide+VAI+Ind+Pos+Neu+3SgProxSubj']}, {'word_form': 'abinoojiinh', 'fst_analyses': ['abinoojiinh+NA+ProxSg']}, {'word_form': '.', 'fst_analyses': []}]",nj
Ozaawaagamin makade-mashkikiwaabo.,(The drink) coffee is brown.,"[{'word_form': 'ozaawaagamin', 'fst_analyses': ['ozaawaagamin+VII+Ind+Pos+Neu+0SgSubj']}, {'word_form': 'makade-mashkikiwaabo', 'fst_analyses': ['PNLex/makade+mashkikiwaabo+NI+Sg', 'makade-mashkikiwaabo+NI+Sg']}, {'word_form': '.', 'fst_analyses': []}]",nj
Naage waasa wii'-ani-izhi-gozi waabaninig.,He's going to move further away tomorrow.,"[{'word_form': 'naage', 'fst_analyses': ['naage+ADVTmp']}, {'word_form': 'waasa', 'fst_analyses': ['waasa+ADVLoc']}, {'word_form': ""wii'-ani-izhi-gozi"", 'fst_analyses': [""PVTense/wii'+PVDir/ani+PVRel/izhi+gozi+VAI+Ind+Pos+Neu+3SgProxSubj""]}, {'word_form': 'waabaninig', 'fst_analyses': ['waaban+VII+Cnj+Pos+Neu+0PlObvSubj', 'waaban+VII+Cnj+Pos+Neu+0SgObvSubj']}, {'word_form': '.', 'fst_analyses': []}]",nj
Ginandawenim ina ji-wiijishimotawinaan.,Do you want me to dance with you?,"[{'word_form': 'ginandawenim', 'fst_analyses': ['andawenim+VTA+Ind+Pos+Neu+2SgSubj+1SgObj', 'nandawenim+VTA+Ind+Pos+Neu+2SgSubj+1SgObj']}, {'word_form': 'ina', 'fst_analyses': ['ina+PCDisc']}, {'word_form': 'ji-wiijishimotawinaan', 'fst_analyses': []}, {'word_form': '.', 'fst_analyses': []}]",nj
Amik ogii'-maajii'oodoon niwanii'igan.,A beaver dragged my trap away.,"[{'word_form': 'amik', 'fst_analyses': ['amik+NA+ProxSg']}, {'word_form': ""ogii'-maajii'oodoon"", 'fst_analyses': [""PVTense/gii'+maajii'oodoon+VTI+Ind+Pos+Neu+3SgProxSubj+0SgObj""]}, {'word_form': ""niwanii'igan"", 'fst_analyses': [""wanii'igan+NI+Sg+1SgPoss""]}, {'word_form': '.', 'fst_analyses': []}]",nj
Obaabikaang giga-ani-izhi-zhiibaabizomin (in the motorboat).,We'll go through the rocky narrows.,"[{'word_form': 'obaabikaang', 'fst_analyses': []}, {'word_form': 'giga-ani-izhi-zhiibaabizomin', 'fst_analyses': ['PVTense/ga+PVDir/ani+PVRel/izhi+zhiibaabizo+VAI+Ind+Pos+Neu+InclSubj']}, {'word_form': '(', 'fst_analyses': []}, {'word_form': 'in', 'fst_analyses': []}, {'word_form': 'the', 'fst_analyses': []}, {'word_form': 'motorboat)', 'fst_analyses': []}, {'word_form': '.', 'fst_analyses': []}]",nj
Onashkina' gidoopwaagan.,Fill your pipe.,"[{'word_form': ""onashkina'"", 'fst_analyses': [""onashkina'+VTA+Imp+Sim+2SgSubj+3SgProxObj"", ""onashkina'+VTA+Imp+Sim+2SgSubj+3PlProxObj""]}, {'word_form': 'gidoopwaagan', 'fst_analyses': ['opwaagan+NA+ProxSg+2SgPoss']}, {'word_form': '.', 'fst_analyses': []}]",nj
Aaniin ezhi-zhaaganaashiiwinikaadeg.,What's it called in English?,"[{'word_form': 'aaniin', 'fst_analyses': ['aaniin+PCInterj', 'aaniin+ADVInter']}, {'word_form': 'ezhi-zhaaganaashiiwinikaadeg', 'fst_analyses': ['PVRel/izhi+zhaaganaashiiwinikaade+VII+Pcp+Pos+Neu+0SgSubj+0SgHead']}, {'word_form': '.', 'fst_analyses': []}]",nj
Gaawiin memwech gidaa-boozi'isii. Ninga-bima'adoo.,You don't have to give me a ride. I'll walk.,"[{'word_form': 'gaawiin', 'fst_analyses': ['gaawiin+ADVNeg']}, {'word_form': 'memwech', 'fst_analyses': ['memwech+ADVMan']}, {'word_form': ""gidaa-boozi'isii"", 'fst_analyses': [""PVTense/daa+boozi'+VTA+Ind+Neg+Neu+2SgSubj+1SgObj""]}, {'word_form': '.', 'fst_analyses': []}, {'word_form': ""ninga-bima'adoo"", 'fst_analyses': [""PVTense/ga+bima'adoo+VAI+Ind+Pos+Neu+1SgSubj""]}, {'word_form': '.', 'fst_analyses': []}]",nj
Gaawiin memwech gidaa-gagwejimisii aandi waa'-wiisiniyang. Giin igo enendaman.,You don't have to ask me where we are going to go eat. It's up to you!,"[{'word_form': 'gaawiin', 'fst_analyses': ['gaawiin+ADVNeg']}, {'word_form': 'memwech', 'fst_analyses': ['memwech+ADVMan']}, {'word_form': 'gidaa-gagwejimisii', 'fst_analyses': ['PVTense/daa+gagwejim+VTA+Ind+Neg+Neu+2SgSubj+1SgObj']}, {'word_form': 'aandi', 'fst_analyses': ['aandi+ADVInter']}, {'word_form': ""waa'-wiisiniyang"", 'fst_analyses': []}, {'word_form': '.', 'fst_analyses': []}, {'word_form': 'giin', 'fst_analyses': ['giin+PRONPer+NA+2Sg']}, {'word_form': 'igo', 'fst_analyses': ['igo+PCEmph']}, {'word_form': 'enendaman', 'fst_analyses': []}, {'word_form': '.', 'fst_analyses': []}]",nj
Obiindigeba'iwe'aan jibwaa-giikajizidewajinid.,She gets him to run inside before his feet get cold.,"[{'word_form': ""obiindigeba'iwe'aan"", 'fst_analyses': [""biindigeba'iwe'+VTA+Ind+Pos+Neu+3SgProxSubj+3SgObvObj"", ""biindigeba'iwe'+VTA+Ind+Pos+Neu+3SgProxSubj+3PlObvObj""]}, {'word_form': 'jibwaa-giikajizidewajinid', 'fst_analyses': ['PVTense/jibwaa+giikajizidewaji+VAI+Cnj+Pos+Neu+3PlObvSubj', 'PVTense/jibwaa+giikajizidewaji+VAI+Cnj+Pos+Neu+3SgObvSubj']}, {'word_form': '.', 'fst_analyses': []}]",nj
Bazigwiin. Gigibab.,Get up! You're sitting in the way.,"[{'word_form': 'bazigwiin', 'fst_analyses': ['bazigwii+VAI+Imp+Sim+2SgSubj']}, {'word_form': '.', 'fst_analyses': []}, {'word_form': 'gigibab', 'fst_analyses': ['gibabi+VAI+Ind+Pos+Neu+2SgSubj']}, {'word_form': '.', 'fst_analyses': []}]",nj
Zhooshkobidoon desabiwin ji-gibabisiwaan.,Push the chair over so you won't be sitting in the way.,"[{'word_form': 'zhooshkobidoon', 'fst_analyses': []}, {'word_form': 'desabiwin', 'fst_analyses': ['desabiwin+NI+Sg']}, {'word_form': 'ji-gibabisiwaan', 'fst_analyses': ['PVTense/daa+gibabi+VAI+Cnj+Neg+Neu+1SgSubj', 'PVTense/ga+gibabi+VAI+Cnj+Neg+Neu+1SgSubj']}, {'word_form': '.', 'fst_analyses': []}]",nj
Gaawiin ingoji ningii'-waabamaasii aana-gii'-andone'wag John.,I couldn't see John anywhere when I searched for him.,"[{'word_form': 'gaawiin', 'fst_analyses': ['gaawiin+ADVNeg']}, {'word_form': 'ingoji', 'fst_analyses': ['ingoji+ADVDeg']}, {'word_form': ""ningii'-waabamaasii"", 'fst_analyses': [""PVTense/gii'+waabam+VTA+Ind+Neg+Neu+1SgSubj+3SgProxObj""]}, {'word_form': ""aana-gii'-andone'wag"", 'fst_analyses': [""PVTense/aana+PVTense/gii'+andone'wi+VTA+Cnj+Pos+Neu+1SgSubj+3SgProxObj"", ""PVTense/aana+PVTense/gii'+andone'+VTA+Cnj+Pos+Neu+1SgSubj+3SgProxObj""]}, {'word_form': 'john', 'fst_analyses': []}, {'word_form': '.', 'fst_analyses': []}]",nj
Ningii-kaadamaag nimakizinan. Gaawiin ingoji nindaa-izhaasii.,She hid my shoes from me. I can't go anywhere.,"[{'word_form': 'ningii-kaadamaag', 'fst_analyses': ['PVTense/gii+gaadamaw+VTA+Ind+Pos+Neu+3SgProxSubj+1SgObj']}, {'word_form': 'nimakizinan', 'fst_analyses': ['makizin+NI+Pl+1SgPoss']}, {'word_form': '.', 'fst_analyses': []}, {'word_form': 'gaawiin', 'fst_analyses': ['gaawiin+ADVNeg']}, {'word_form': 'ingoji', 'fst_analyses': ['ingoji+ADVDeg']}, {'word_form': 'nindaa-izhaasii', 'fst_analyses': ['PVTense/daa+izhaa+VAI+Ind+Neg+Neu+1SgSubj']}, {'word_form': '.', 'fst_analyses': []}]",nj
Nimaamaa odoozaawaabasaan jiimaaniigin waa'-makizinikaaged.,My mother makes the canvas she uses to make moccasins with brown by smoking it.,"[{'word_form': 'nimaamaa', 'fst_analyses': ['maamaay+NAD+ProxSg+1SgPoss', 'maamaa+NAD+ProxSg+1SgPoss']}, {'word_form': 'odoozaawaabasaan', 'fst_analyses': ['ozaawaabasan+VTI+Ind+Pos+Neu+3SgProxSubj+0SgObj']}, {'word_form': 'jiimaaniigin', 'fst_analyses': ['jiimaaniigin+NI+Sg']}, {'word_form': ""waa'-makizinikaaged"", 'fst_analyses': []}, {'word_form': '.', 'fst_analyses': []}]",nj
Geyaabi go iwe nindaabajitoon gizhibaayaabiigiwebishkigan-gashkigwaasonaabik gii-gashkigwaadamaan bashkwegin maagizhaa gaye jiimaaniigin.,I still use the foot-peddle sewing machine when I sew leather or canvas.,"[{'word_form': 'geyaabi', 'fst_analyses': ['geyaabi+ADVTmp']}, {'word_form': 'go', 'fst_analyses': ['go+PCDisc']}, {'word_form': 'iwe', 'fst_analyses': ['iwe+PRONDem+NI+Sg']}, {'word_form': 'nindaabajitoon', 'fst_analyses': ['aabajitoon+VTI+Ind+Pos+Neu+1SgSubj+0SgObj']}, {'word_form': 'gizhibaayaabiigiwebishkigan-gashkigwaasonaabik', 'fst_analyses': []}, {'word_form': 'gii-gashkigwaadamaan', 'fst_analyses': ['PVTense/gii+gashkigwaadan+VTI+Cnj+Pos+Neu+1SgSubj+0PlObj', 'PVTense/gii+gashkigwaadan+VTI+Cnj+Pos+Neu+1SgSubj+0SgObj']}, {'word_form': 'bashkwegin', 'fst_analyses': ['bashkwegin+NI+Sg']}, {'word_form': 'maagizhaa', 'fst_analyses': ['maagizhaa+ADVMan']}, {'word_form': 'gaye', 'fst_analyses': ['gaye+ADVConj']}, {'word_form': 'jiimaaniigin', 'fst_analyses': ['jiimaaniigin+NI+Sg']}, {'word_form': '.', 'fst_analyses': []}]",nj
Inoo'amaw inakeya'ii ge-izhi-onabid.,Point out to her where she should sit.,"[{'word_form': ""inoo'amaw"", 'fst_analyses': [""inoo'amaw+VTA+Imp+Sim+2SgSubj+3SgProxObj"", ""inoo'amaw+VTA+Imp+Sim+2SgSubj+3PlProxObj""]}, {'word_form': ""inakeya'ii"", 'fst_analyses': [""inakeya'ii+ADVDeg""]}, {'word_form': 'ge-izhi-onabid', 'fst_analyses': []}, {'word_form': '.', 'fst_analyses': []}]",nj
Akawe waaginan mitigoon wii'-ozhitooyan waaginogaan.,Bend the sticks of the frame before making the waaginogaan.,"[{'word_form': 'akawe', 'fst_analyses': ['akawe+ADVTmp']}, {'word_form': 'waaginan', 'fst_analyses': ['waaginan+VTI+Imp+Sim+2SgSubj+0PlObj', 'waaginan+VTI+Imp+Sim+2SgSubj+0SgObj']}, {'word_form': 'mitigoon', 'fst_analyses': ['mitig+NA+ObvSg', 'mitig+NI+Pl', 'mitig+NA+ObvPl']}, {'word_form': ""wii'-ozhitooyan"", 'fst_analyses': [""PVTense/wii'+ozhitoon+VTI+Cnj+Pos+Neu+2SgSubj+0PlObj"", ""PVTense/wii'+ozhitoon+VTI+Cnj+Pos+Neu+2SgSubj+0SgObj""]}, {'word_form': 'waaginogaan', 'fst_analyses': ['waaginogaan+NI+Sg']}, {'word_form': '.', 'fst_analyses': []}]",nj
Mooshkinachigaade na gidoonaagan.,Did they fill your dish?,"[{'word_form': 'mooshkinachigaade', 'fst_analyses': ['mooshkinachigaade+VII+Ind+Pos+Neu+0SgSubj']}, {'word_form': 'na', 'fst_analyses': ['na+PCDisc']}, {'word_form': 'gidoonaagan', 'fst_analyses': ['onaagan+NI+Sg+2SgPoss']}, {'word_form': '.', 'fst_analyses': []}]",nj
Judy omookawaanaan oosan gii-ani-maajaanid.,Judy is crying for her dad as he leaves.,"[{'word_form': 'judy', 'fst_analyses': []}, {'word_form': 'omookawaanaan', 'fst_analyses': ['mookawaazh+VTA+Ind+Pos+Neu+3SgProxSubj+3SgObvObj', 'mookawaazh+VTA+Ind+Pos+Neu+3SgProxSubj+3PlObvObj']}, {'word_form': 'oosan', 'fst_analyses': ['oos+NAD+ObvPl+3SgProxPoss', 'oos+NAD+ObvSg+3SgProxPoss']}, {'word_form': 'gii-ani-maajaanid', 'fst_analyses': ['PVTense/gii+PVDir/ani+maajaa+VAI+Cnj+Pos+Neu+3PlObvSubj', 'PVTense/gii+PVDir/ani+maajaa+VAI+Cnj+Pos+Neu+3SgObvSubj']}, {'word_form': '.', 'fst_analyses': []}]",nj
Naawashkiig mamaangiminagadoon mashkiigiminan.,The cranberries are bigger in the middle of the muskeg.,"[{'word_form': 'naawashkiig', 'fst_analyses': ['naawashkiig+ADVLoc']}, {'word_form': 'mamaangiminagadoon', 'fst_analyses': ['mamaangiminagadoon+VIIPL+Ind+Pos+Neu+0PlSubj']}, {'word_form': 'mashkiigiminan', 'fst_analyses': ['mashkiigimin+NI+Pl']}, {'word_form': '.', 'fst_analyses': []}]",nj
Wiinge naa apane maameshkodendam,He's always changing his mind.,"[{'word_form': 'wiinge', 'fst_analyses': ['wiinge+ADVDeg']}, {'word_form': 'naa', 'fst_analyses': ['naa+PCEmph']}, {'word_form': 'apane', 'fst_analyses': ['apane+ADVTmp']}, {'word_form': 'maameshkodendam', 'fst_analyses': ['maameshkodendam+VAI+Ind+Pos+Neu+3SgProxSubj']}]",nj
Giiniboozh gidoozhibii'iganaak.,Sharpen your pencil.,"[{'word_form': 'giiniboozh', 'fst_analyses': ['giiniboozh+VTA+Imp+Sim+2SgSubj+3SgProxObj', 'giiniboozh+VTA+Imp+Sim+2SgSubj+3PlProxObj']}, {'word_form': ""gidoozhibii'iganaak"", 'fst_analyses': [""ozhibii'iganaak+NI+Sg+2SgPoss"", ""ozhibii'iganaak+NA+ProxSg+2SgPoss""]}, {'word_form': '.', 'fst_analyses': []}]",nj
Waawiiba omeshkojisidoon gaa-ozhibii'igesenig odoozhibii'iganaakong.,He frequently changes the ink cartridge on his pen.,"[{'word_form': 'waawiiba', 'fst_analyses': ['waawiiba+ADVTmp']}, {'word_form': 'omeshkojisidoon', 'fst_analyses': ['meshkojisidoon+VTI+Ind+Pos+Neu+3SgProxSubj+0SgObj']}, {'word_form': ""gaa-ozhibii'igesenig"", 'fst_analyses': []}, {'word_form': ""odoozhibii'iganaakong"", 'fst_analyses': [""ozhibii'iganaak+NA+Loc+3SgProxPoss"", ""ozhibii'iganaak+NI+Loc+3SgProxPoss""]}, {'word_form': '.', 'fst_analyses': []}]",nj
Ogaajishimaan odoozhibii'iganaakwan. Miiwan iniwe ganabaj gaa-gii'-wani'imag.,She hid her pen. I think it's the one I lost.,"[{'word_form': 'ogaajishimaan', 'fst_analyses': ['gaajishim+VTA+Ind+Pos+Neu+3SgProxSubj+3SgObvObj', 'gaajishim+VTA+Ind+Pos+Neu+3SgProxSubj+3PlObvObj']}, {'word_form': ""odoozhibii'iganaakwan"", 'fst_analyses': []}, {'word_form': '.', 'fst_analyses': []}, {'word_form': 'miiwan', 'fst_analyses': ['miiwan+ADVPred']}, {'word_form': 'iniwe', 'fst_analyses': ['iniwe+PRONDem+NI+Pl', 'iniwe+PRONDem+NA+ObvSg', 'iniwe+PRONDem+NA+ObvPl']}, {'word_form': 'ganabaj', 'fst_analyses': ['ganabaj+ADVMan']}, {'word_form': ""gaa-gii'-wani'imag"", 'fst_analyses': [""PVSub/gaa+PVTense/gii'+wani'+VTA+Cnj+Pos+Neu+1SgSubj+3SgObvObj"", ""PVSub/gaa+PVTense/gii'+wani'+VTA+Cnj+Pos+Neu+1SgSubj+3PlObvObj""]}, {'word_form': '.', 'fst_analyses': []}]",nj
Bebakaan ayinaakonige.,He keeps changing his strategy.,"[{'word_form': 'bebakaan', 'fst_analyses': ['bebakaan+ADVMan']}, {'word_form': 'ayinaakonige', 'fst_analyses': ['ayinaakonige+VAI+Ind+Pos+Neu+3SgProxSubj']}, {'word_form': '.', 'fst_analyses': []}]",nj
Ogijidaabaan izhi-bimiwidoon gijiimaan.,Carry your canoe on top of your car.,"[{'word_form': 'ogijidaabaan', 'fst_analyses': ['ogijidaabaan+ADVLoc']}, {'word_form': 'izhi-bimiwidoon', 'fst_analyses': ['PVRel/izhi+bimiwidoon+VTI+Imp+Sim+2SgSubj+0PlObj', 'PVRel/izhi+bimiwidoon+VTI+Imp+Sim+2SgSubj+0SgObj']}, {'word_form': 'gijiimaan', 'fst_analyses': ['jiimaan+NI+Sg+2SgPoss']}, {'word_form': '.', 'fst_analyses': []}]",nj
Geyaabi babaamisewag aandegwag. Gaawiin mashi ando-biboonishisiiwag.,The crows are still flying around. They haven’t migrated for the winter yet.,"[{'word_form': 'geyaabi', 'fst_analyses': ['geyaabi+ADVTmp']}, {'word_form': 'babaamisewag', 'fst_analyses': ['babaamise+VAI+Ind+Pos+Neu+3PlProxSubj']}, {'word_form': 'aandegwag', 'fst_analyses': ['aandeg+NA+ProxPl']}, {'word_form': '.', 'fst_analyses': []}, {'word_form': 'gaawiin', 'fst_analyses': ['gaawiin+ADVNeg']}, {'word_form': 'mashi', 'fst_analyses': ['mashi+ADVTmp']}, {'word_form': 'ando-biboonishisiiwag', 'fst_analyses': ['PVLex/ando+biboonishi+VAI+Ind+Neg+Neu+3PlProxSubj']}, {'word_form': '.', 'fst_analyses': []}]",nj
Niniigi'igoog ani-nita'amoog ando-biboonishiwaad.,My parents are going upriver to their trapping area for the winter.,"[{'word_form': ""niniigi'igoog"", 'fst_analyses': [""niigi'+VTA+Ind+Pos+Neu+3PlProxSubj+1SgObj"", ""niigi'igw+NAD+ProxPl+1SgPoss""]}, {'word_form': ""ani-nita'amoog"", 'fst_analyses': [""PVDir/ani+nita'am+VAI+Ind+Pos+Neu+3PlProxSubj""]}, {'word_form': 'ando-biboonishiwaad', 'fst_analyses': ['PVLex/ando+biboonishi+VAI+Cnj+Pos+Neu+3PlProxSubj']}, {'word_form': '.', 'fst_analyses': []}]",nj
Niin iniwe nimbagijiganan.,Those are my offerings.,"[{'word_form': 'niin', 'fst_analyses': ['niin+PRONPer+NA+1Sg']}, {'word_form': 'iniwe', 'fst_analyses': ['iniwe+PRONDem+NI+Pl', 'iniwe+PRONDem+NA+ObvSg', 'iniwe+PRONDem+NA+ObvPl']}, {'word_form': 'nimbagijiganan', 'fst_analyses': ['bagijigan+NI+Pl+1SgPoss']}, {'word_form': '.', 'fst_analyses': []}]",nj
Aaniin iniwe makizinan gaa'-onaabandaman.,Which moccasins did you choose?,"[{'word_form': 'aaniin', 'fst_analyses': ['aaniin+PCInterj', 'aaniin+ADVInter']}, {'word_form': 'iniwe', 'fst_analyses': ['iniwe+PRONDem+NI+Pl', 'iniwe+PRONDem+NA+ObvSg', 'iniwe+PRONDem+NA+ObvPl']}, {'word_form': 'makizinan', 'fst_analyses': ['makizin+NI+Pl']}, {'word_form': ""gaa'-onaabandaman"", 'fst_analyses': []}, {'word_form': '.', 'fst_analyses': []}]",nj
Nabagisag apishim gijiibaakwaanakik ji-jaagidesinog gidadoopowiniigin.,Put a board under your pot so your tablecloth doesn't get burned.,"[{'word_form': 'nabagisag', 'fst_analyses': ['nabagisag+NA+ProxSg']}, {'word_form': 'apishim', 'fst_analyses': ['apishim+VTA+Imp+Sim+2SgSubj+3SgProxObj', 'apishim+VTA+Imp+Sim+2SgSubj+3PlProxObj']}, {'word_form': 'gijiibaakwaanakik', 'fst_analyses': ['jiibaakwaanakik+NA+ProxSg+2SgPoss']}, {'word_form': 'ji-jaagidesinog', 'fst_analyses': ['PVTense/daa+jaagide+VII+Cnj+Neg+Neu+0PlSubj', 'PVTense/ga+jaagide+VII+Cnj+Neg+Neu+0PlSubj', 'PVTense/daa+jaagide+VII+Cnj+Neg+Neu+0SgSubj', 'PVTense/ga+jaagide+VII+Cnj+Neg+Neu+0SgSubj']}, {'word_form': 'gidadoopowiniigin', 'fst_analyses': ['adoopowiniigin+NI+Sg+2SgPoss']}, {'word_form': '.', 'fst_analyses': []}]",nj
Mii zhigwa ji-gigizhebaa-wiisiniyangoban.,It's time for our breakfast.,"[{'word_form': 'mii', 'fst_analyses': ['mii+ADVPred']}, {'word_form': 'zhigwa', 'fst_analyses': ['zhigwa+ADVTmp']}, {'word_form': 'ji-gigizhebaa-wiisiniyangoban', 'fst_analyses': ['PVTense/daa+gigizhebaa-wiisini+VAI+Cnj+Pos+Prt+InclSubj', 'PVTense/ga+gigizhebaa-wiisini+VAI+Cnj+Pos+Prt+InclSubj', 'PVTense/daa+PVLex/gigizhebaa+wiisini+VAI+Cnj+Pos+Prt+InclSubj', 'PVTense/ga+PVLex/gigizhebaa+wiisini+VAI+Cnj+Pos+Prt+InclSubj']}, {'word_form': '.', 'fst_analyses': []}]",nj
Aabitoobazh nindoodaabaan.,Fill up my car halfway.,"[{'word_form': 'aabitoobazh', 'fst_analyses': ['aabitoobazh+VTA+Imp+Sim+2SgSubj+3SgProxObj', 'aabitoobazh+VTA+Imp+Sim+2SgSubj+3PlProxObj']}, {'word_form': 'nindoodaabaan', 'fst_analyses': ['odaabaan+NA+ProxSg+1SgPoss', 'odaabaan+NI+Sg+1SgPoss']}, {'word_form': '.', 'fst_analyses': []}]",nj
Gidoodasemaam ina.,Have you got some tobacco?,"[{'word_form': 'gidoodasemaam', 'fst_analyses': ['odasemaami+VAI+Ind+Pos+Neu+2SgSubj']}, {'word_form': 'ina', 'fst_analyses': ['ina+PCDisc']}, {'word_form': '.', 'fst_analyses': []}]",nj
Waasa nindakwaab.,I can see far.,"[{'word_form': 'waasa', 'fst_analyses': ['waasa+ADVLoc']}, {'word_form': 'nindakwaab', 'fst_analyses': ['akwaabi+VAI+Ind+Pos+Neu+1SgSubj']}, {'word_form': '.', 'fst_analyses': []}]",nj
Nisawi-waakaa'igan ningii'-waabamaag oshkinaweg dazhi-zagaswaawaad.,I saw a teenagers smoking in the alley.,"[{'word_form': ""nisawi-waakaa'igan"", 'fst_analyses': [""PNLex/nisawi+waakaa'igan+NI+Sg"", ""nisawi-waakaa'igan+ADVLoc""]}, {'word_form': ""ningii'-waabamaag"", 'fst_analyses': [""PVTense/gii'+waabam+VTA+Ind+Pos+Neu+1SgSubj+3PlProxObj""]}, {'word_form': 'oshkinaweg', 'fst_analyses': ['oshkinawe+NA+ProxPl']}, {'word_form': 'dazhi-zagaswaawaad', 'fst_analyses': ['PVRel/dazhi+zagaswaa+VAI+Cnj+Pos+Neu+3PlProxSubj']}, {'word_form': '.', 'fst_analyses': []}]",nj
Zhizhodew danwewega'ige gaa-abwiiked.,You can hear him along the shore chopping and shaping paddles.,"[{'word_form': 'zhizhodew', 'fst_analyses': ['zhizhodew+ADVLoc']}, {'word_form': ""danwewega'ige"", 'fst_analyses': [""danwewega'ige+VAI+Ind+Pos+Neu+3SgProxSubj""]}, {'word_form': 'gaa-abwiiked', 'fst_analyses': ['PVSub/gaa+abwiike+VAI+Cnj+Pos+Neu+3SgProxSubj', 'PVTense/gii+abwiike+VAI+Pcp+Pos+Neu+3SgProxSubj+3SgProxHead']}, {'word_form': '.', 'fst_analyses': []}]",nj
Nenabozhoon ogii-kashkidiyaamigoon gaa-onji-mitaskitigwaaned wiinaange.,The vulture got his bald head from being caught in Nenabozhoo's crack.,"[{'word_form': 'nenabozhoon', 'fst_analyses': []}, {'word_form': 'ogii-kashkidiyaamigoon', 'fst_analyses': []}, {'word_form': 'gaa-onji-mitaskitigwaaned', 'fst_analyses': []}, {'word_form': 'wiinaange', 'fst_analyses': ['wiinaange+NA+ProxSg']}, {'word_form': '.', 'fst_analyses': []}]",nj
Ogidaabik izhi-onabin.,Sit on top of this rock.,"[{'word_form': 'ogidaabik', 'fst_analyses': ['ogidaabik+ADVLoc']}, {'word_form': 'izhi-onabin', 'fst_analyses': ['PVRel/izhi+onabi+VAI+Imp+Sim+2SgSubj']}, {'word_form': '.', 'fst_analyses': []}]",nj
Aaniin ezhi'od.,How is s/he dressed?,"[{'word_form': 'aaniin', 'fst_analyses': ['aaniin+PCInterj', 'aaniin+ADVInter']}, {'word_form': ""ezhi'od"", 'fst_analyses': [""izhi'o+VAI+Pcp+Pos+Neu+3SgProxSubj+3SgProxHead""]}, {'word_form': '.', 'fst_analyses': []}]",nj
Daabida izhi'owag.,They are dressed alike.,"[{'word_form': 'daabida', 'fst_analyses': ['daabida+ADVMan']}, {'word_form': ""izhi'owag"", 'fst_analyses': [""izhi'o+VAI+Ind+Pos+Neu+3PlProxSubj""]}, {'word_form': '.', 'fst_analyses': []}]",nj
Awiya ogii'-ondamishkaan miiziiwigamig. Ingii-paabii'aa ji-giizhiitaad,Someone was occupying the bathroom. I waited for h/ to finish.,"[{'word_form': 'awiya', 'fst_analyses': ['awiya+PRONIndf+NA']}, {'word_form': ""ogii'-ondamishkaan"", 'fst_analyses': [""PVTense/gii'+ondamishkan+VTI+Ind+Pos+Neu+3SgProxSubj+0SgObj""]}, {'word_form': 'miiziiwigamig', 'fst_analyses': ['miiziiwigamig+NI+Sg']}, {'word_form': '.', 'fst_analyses': []}, {'word_form': ""ingii-paabii'aa"", 'fst_analyses': [""PVTense/gii+baabii'+VTA+Ind+Pos+Neu+1SgSubj+3SgProxObj""]}, {'word_form': 'ji-giizhiitaad', 'fst_analyses': ['PVTense/daa+giizhiitaa+VAI+Cnj+Pos+Neu+3SgProxSubj', 'PVTense/ga+giizhiitaa+VAI+Cnj+Pos+Neu+3SgProxSubj']}]",nj
Eniwek igo babenag noongom inamanji'o.,She's feeling somewhat better today.,"[{'word_form': 'eniwek', 'fst_analyses': ['eniwek+ADVDeg']}, {'word_form': 'igo', 'fst_analyses': ['igo+PCEmph']}, {'word_form': 'babenag', 'fst_analyses': ['babenag+ADVTmp']}, {'word_form': 'noongom', 'fst_analyses': ['noongom+ADVTmp']}, {'word_form': ""inamanji'o"", 'fst_analyses': [""inamanji'o+VAI+Ind+Pos+Neu+3SgProxSubj""]}, {'word_form': '.', 'fst_analyses': []}]",nj
Gaa-gigibagiziwaad mitigoog binaakwiiwag gii-ani-ishpi-dagwaagig.,The leaves fall off the trees that have them towards late fall.,"[{'word_form': 'gaa-gigibagiziwaad', 'fst_analyses': ['PVSub/gaa+gigibagizi+VAI+Cnj+Pos+Neu+3PlProxSubj']}, {'word_form': 'mitigoog', 'fst_analyses': ['mitig+NA+ProxPl']}, {'word_form': 'binaakwiiwag', 'fst_analyses': ['binaakwii+VAI+Ind+Pos+Neu+3PlProxSubj']}, {'word_form': 'gii-ani-ishpi-dagwaagig', 'fst_analyses': ['PVTense/gii+PVDir/ani+ishpi-dagwaagin+VII+Cnj+Pos+Neu+0SgSubj', 'PVTense/gii+PVDir/ani+PVLex/ishpi+dagwaagin+VII+Cnj+Pos+Neu+0SgSubj', 'PVTense/gii+PVDir/ani+ishpi-dagwaagin+VII+Cnj+Pos+Neu+0PlSubj', 'PVTense/gii+PVDir/ani+PVLex/ishpi+dagwaagin+VII+Cnj+Pos+Neu+0PlSubj']}, {'word_form': '.', 'fst_analyses': []}]",nj
Agwanaateng dazhi-anwebidaa.,Let's go rest in the shade.,"[{'word_form': 'agwanaateng', 'fst_analyses': []}, {'word_form': 'dazhi-anwebidaa', 'fst_analyses': ['PVRel/dazhi+anwebi+VAI+Imp+Del+InclSubj', 'PVRel/dazhi+anwebi+VAI+Imp+Sim+InclSubj']}, {'word_form': '.', 'fst_analyses': []}]",nj
Ishpi-dibik geyaabi madwe-baapiwag weshkiniigiwaad agwajiing.,The laughter of the young people outside went on late into the night.,"[{'word_form': 'ishpi-dibik', 'fst_analyses': ['ishpi-dibik+ADVTmp', 'PVLex/ishpi+dibik+ADVTmp']}, {'word_form': 'geyaabi', 'fst_analyses': ['geyaabi+ADVTmp']}, {'word_form': 'madwe-baapiwag', 'fst_analyses': ['PVLex/madwe+baapi+VAI+Ind+Pos+Neu+3PlProxSubj']}, {'word_form': 'weshkiniigiwaad', 'fst_analyses': []}, {'word_form': 'agwajiing', 'fst_analyses': ['agwajiing+ADVLoc']}, {'word_form': '.', 'fst_analyses': []}]",nj
Aasamajiw madwe-niibawi waawaashkeshi.,There's a deer standing on the hill in the distance.,"[{'word_form': 'aasamajiw', 'fst_analyses': ['aasamajiw+ADVLoc']}, {'word_form': 'madwe-niibawi', 'fst_analyses': ['PVLex/madwe+niibawi+VAI+Ind+Pos+Neu+3SgProxSubj']}, {'word_form': 'waawaashkeshi', 'fst_analyses': ['waawaashkeshi+NA+ProxSg']}, {'word_form': '.', 'fst_analyses': []}]",nj
Awasi-dibikong gii'-madwe-zaaga'am aakoziiwigamigong.,I heard that he come out of the hospital two nights ago.,"[{'word_form': 'awasi-dibikong', 'fst_analyses': ['PVLex/awasi+dibikong+ADVTmp', 'awasi-dibikong+ADVTmp']}, {'word_form': ""gii'-madwe-zaaga'am"", 'fst_analyses': [""PVTense/gii'+PVLex/madwe+zaaga'am+VAI+Ind+Pos+Neu+3SgProxSubj""]}, {'word_form': 'aakoziiwigamigong', 'fst_analyses': ['aakoziiwigamig+NI+Loc']}, {'word_form': '.', 'fst_analyses': []}]",nj
Ningii-paazhidinawaa waawaashkeshi onzaam waasa madwe-niibawi.,I shoot over the deer because it was standing too far away.,"[{'word_form': 'ningii-paazhidinawaa', 'fst_analyses': ['PVTense/gii+baazhidinaw+VTA+Ind+Pos+Neu+1SgSubj+3SgProxObj']}, {'word_form': 'waawaashkeshi', 'fst_analyses': ['waawaashkeshi+NA+ProxSg']}, {'word_form': 'onzaam', 'fst_analyses': ['onzaam+ADVQnt']}, {'word_form': 'waasa', 'fst_analyses': ['waasa+ADVLoc']}, {'word_form': 'madwe-niibawi', 'fst_analyses': ['PVLex/madwe+niibawi+VAI+Ind+Pos+Neu+3SgProxSubj']}, {'word_form': '.', 'fst_analyses': []}]",nj
Zhiibaa-nibewin izhiwebishkan gimakizinan.,Kick your shoes under the bed.,"[{'word_form': 'zhiibaa-nibewin', 'fst_analyses': ['PNLex/zhiibaa+nibewin+NI+Sg', 'zhiibaa-nibewin+ADVLoc']}, {'word_form': 'izhiwebishkan', 'fst_analyses': ['izhiwebishkan+VTI+Imp+Sim+2SgSubj+0PlObj', 'izhiwebishkan+VTI+Imp+Sim+2SgSubj+0SgObj']}, {'word_form': 'gimakizinan', 'fst_analyses': ['makizin+NI+Pl+2SgPoss']}, {'word_form': '.', 'fst_analyses': []}]",nj
Ogii'-izhiwebishkamawaan ji-biinjiweba'igenid.,He kicked the puck at him there so he could score.,"[{'word_form': ""ogii'-izhiwebishkamawaan"", 'fst_analyses': []}, {'word_form': ""ji-biinjiweba'igenid"", 'fst_analyses': [""PVTense/daa+biinjiweba'ige+VAI+Cnj+Pos+Neu+3PlObvSubj"", ""PVTense/ga+biinjiweba'ige+VAI+Cnj+Pos+Neu+3PlObvSubj"", ""PVTense/daa+biinjiweba'ige+VAI+Cnj+Pos+Neu+3SgObvSubj"", ""PVTense/ga+biinjiweba'ige+VAI+Cnj+Pos+Neu+3SgObvSubj""]}, {'word_form': '.', 'fst_analyses': []}]",nj
Nookiigizi miishiigin.,Velveteen is soft.,"[{'word_form': 'nookiigizi', 'fst_analyses': ['nookiigizi+VAI+Ind+Pos+Neu+3SgProxSubj']}, {'word_form': 'miishiigin', 'fst_analyses': ['miishiigin+NI+Sg']}, {'word_form': '.', 'fst_analyses': []}]",nj
Ishkwe-niminaawaandawaaganing niibawi gaa-wewebanaabiid.,He stands at the end of the dock when he's fishing.,"[{'word_form': 'ishkwe-niminaawaandawaaganing', 'fst_analyses': ['PNLex/ishkwe+niminaawaandawaagan+NI+Loc']}, {'word_form': 'niibawi', 'fst_analyses': ['niibawi+VAI+Ind+Pos+Neu+3SgProxSubj']}, {'word_form': 'gaa-wewebanaabiid', 'fst_analyses': ['PVSub/gaa+wewebanaabii+VAI+Cnj+Pos+Neu+3SgProxSubj', 'PVTense/gii+wewebanaabii+VAI+Pcp+Pos+Neu+3SgProxSubj+3SgProxHead']}, {'word_form': '.', 'fst_analyses': []}]",nj
Agwaabidoon giniminaawaandawaagan jibwaa-gashkading.,Pull your dock out of the water before it freezes up.,"[{'word_form': 'agwaabidoon', 'fst_analyses': ['agwaabidoon+VTI+Imp+Sim+2SgSubj+0PlObj', 'agwaabidoon+VTI+Imp+Sim+2SgSubj+0SgObj']}, {'word_form': 'giniminaawaandawaagan', 'fst_analyses': ['niminaawaandawaagan+NI+Sg+2SgPoss']}, {'word_form': 'jibwaa-gashkading', 'fst_analyses': ['PVTense/jibwaa+gashkadin+VII+Cnj+Pos+Neu+0SgSubj', 'PVTense/jibwaa+gashkadin+VII+Cnj+Pos+Neu+0PlSubj']}, {'word_form': '.', 'fst_analyses': []}]",nj
Gii'-ombwemaa gaa-inaajimotawind.,He was overwhelmed by what he was told.,"[{'word_form': ""gii'-ombwemaa"", 'fst_analyses': [""PVTense/gii'+ombwem+VTA+Ind+Pos+Neu+XSubj+3SgProxObj""]}, {'word_form': 'gaa-inaajimotawind', 'fst_analyses': ['PVSub/gaa+inaajimotaw+VTA+Cnj+Pos+Neu+XSubj+3SgProxObj']}, {'word_form': '.', 'fst_analyses': []}]",nj
Naadwewendiwag gaa-andonizhikigewaad.,The deer drivers are calling for each other.,"[{'word_form': 'naadwewendiwag', 'fst_analyses': ['naadwewendiwag+VAI+Ind+Pos+Neu+3PlProxSubj+3PlProxObj']}, {'word_form': 'gaa-andonizhikigewaad', 'fst_analyses': ['PVSub/gaa+andonizhikige+VAI+Cnj+Pos+Neu+3PlProxSubj']}, {'word_form': '.', 'fst_analyses': []}]",nj
Mazinijiishkiwaginaadaanig moozoog; awenen nawaj ge-wawiingezid.,Let's make moose of clay to see who does it best.,"[{'word_form': 'mazinijiishkiwaginaadaanig', 'fst_analyses': ['mazinijiishkiwagin+VTA+Imp+Sim+InclSubj+3PlProxObj']}, {'word_form': 'moozoog;', 'fst_analyses': []}, {'word_form': 'awenen', 'fst_analyses': ['awenen+PRONInter+NA+ProxSg']}, {'word_form': 'nawaj', 'fst_analyses': ['nawaj+ADVDeg']}, {'word_form': 'ge-wawiingezid', 'fst_analyses': []}, {'word_form': '.', 'fst_analyses': []}]",nj
Dadewigane. Ganabaj gii'-amwaagone.,Her bones are aching. Maybe she was eating snow.,"[{'word_form': 'dadewigane', 'fst_analyses': ['dadewigane+VAI+Ind+Pos+Neu+3SgProxSubj']}, {'word_form': '.', 'fst_analyses': []}, {'word_form': 'ganabaj', 'fst_analyses': ['ganabaj+ADVMan']}, {'word_form': ""gii'-amwaagone"", 'fst_analyses': [""PVTense/gii'+amwaagone+VAI+Ind+Pos+Neu+3SgProxSubj""]}, {'word_form': '.', 'fst_analyses': []}]",nj
Gii'-aginjigaadeni odanokii-mazina'igan.,They read his job application.,"[{'word_form': ""gii'-aginjigaadeni"", 'fst_analyses': [""PVTense/gii'+aginjigaade+VII+Ind+Pos+Neu+0SgObvSubj""]}, {'word_form': ""odanokii-mazina'igan"", 'fst_analyses': []}, {'word_form': '.', 'fst_analyses': []}]",nj
Gaawiin geyaabi ogashki'aasiin ji-bimibizo'aad odaabaanan; onzaam gaawiin zaabaabisii.,He's not able to drive a car anymore because he can't see very well.,"[{'word_form': 'gaawiin', 'fst_analyses': ['gaawiin+ADVNeg']}, {'word_form': 'geyaabi', 'fst_analyses': ['geyaabi+ADVTmp']}, {'word_form': ""ogashki'aasiin"", 'fst_analyses': [""gashki'+VTA+Ind+Neg+Neu+3SgProxSubj+3PlObvObj"", ""gashki'+VTA+Ind+Neg+Neu+3SgProxSubj+3SgObvObj""]}, {'word_form': ""ji-bimibizo'aad"", 'fst_analyses': [""PVTense/daa+bimibizo'+VTA+Cnj+Pos+Neu+3SgProxSubj+3SgObvObj"", ""PVTense/ga+bimibizo'+VTA+Cnj+Pos+Neu+3SgProxSubj+3SgObvObj"", ""PVTense/daa+bimibizo'+VTA+Cnj+Pos+Neu+3SgProxSubj+3PlObvObj"", ""PVTense/ga+bimibizo'+VTA+Cnj+Pos+Neu+3SgProxSubj+3PlObvObj""]}, {'word_form': 'odaabaanan;', 'fst_analyses': []}, {'word_form': 'onzaam', 'fst_analyses': ['onzaam+ADVQnt']}, {'word_form': 'gaawiin', 'fst_analyses': ['gaawiin+ADVNeg']}, {'word_form': 'zaabaabisii', 'fst_analyses': []}, {'word_form': '.', 'fst_analyses': []}]",nj
Giga-mikamawin anokiiwin.,I'll find a job for you.,"[{'word_form': 'giga-mikamawin', 'fst_analyses': ['PVTense/ga+mikamaw+VTA+Ind+Pos+Neu+1SgSubj+2SgObj']}, {'word_form': 'anokiiwin', 'fst_analyses': ['anokiiwin+NI+Sg']}, {'word_form': '.', 'fst_analyses': []}]",nj
Gidaa-mikamawaa ge-izhi-nibaad.,You should find a place for him to sleep.,"[{'word_form': 'gidaa-mikamawaa', 'fst_analyses': ['PVTense/daa+mikamaw+VTA+Ind+Pos+Neu+2SgSubj+3SgProxObj']}, {'word_form': 'ge-izhi-nibaad', 'fst_analyses': []}, {'word_form': '.', 'fst_analyses': []}]",nj
Gidaa-gagwe-mikamawaa odoodaabaanan gaa-gii'-wani'aad. Dakoniwewininiwag ogagwe-mikawaawaan.,You should try to find the car of his that he lost. The police are trying to find it too.,"[{'word_form': 'gidaa-gagwe-mikamawaa', 'fst_analyses': ['PVTense/daa+PVLex/gagwe+mikamaw+VTA+Ind+Pos+Neu+2SgSubj+3SgProxObj']}, {'word_form': 'odoodaabaanan', 'fst_analyses': ['odaabaan+NI+Pl+3SgProxPoss', 'odaabaan+NA+ObvPl+3SgProxPoss', 'odaabaan+NA+ObvSg+3SgProxPoss']}, {'word_form': ""gaa-gii'-wani'aad"", 'fst_analyses': [""PVSub/gaa+PVTense/gii'+wani'+VTA+Cnj+Pos+Neu+3SgProxSubj+3SgObvObj"", ""PVSub/gaa+PVTense/gii'+wani'+VTA+Cnj+Pos+Neu+3SgProxSubj+3PlObvObj""]}, {'word_form': '.', 'fst_analyses': []}, {'word_form': 'dakoniwewininiwag', 'fst_analyses': ['dakoniwewinini+NA+ProxPl']}, {'word_form': 'ogagwe-mikawaawaan', 'fst_analyses': ['PVLex/gagwe+mikaw+VTA+Ind+Pos+Neu+3PlProxSubj+3PlObvObj', 'PVLex/gagwe+mikaw+VTA+Ind+Pos+Neu+3PlProxSubj+3SgObvObj']}, {'word_form': '.', 'fst_analyses': []}]",nj
Geyaabi 'o apii bagakaabi mindimoowenh gaa-gashkigwaasod.,The elderly lady who sews can still see clearly.,"[{'word_form': 'geyaabi', 'fst_analyses': ['geyaabi+ADVTmp']}, {'word_form': ""'o"", 'fst_analyses': [""'o+PRONDem+NI+Sg""]}, {'word_form': 'apii', 'fst_analyses': ['apii+ADVTmp']}, {'word_form': 'bagakaabi', 'fst_analyses': ['bagakaabi+VAI+Ind+Pos+Neu+3SgProxSubj']}, {'word_form': 'mindimoowenh', 'fst_analyses': ['mindimoowenh+NA+ProxSg']}, {'word_form': 'gaa-gashkigwaasod', 'fst_analyses': ['PVSub/gaa+gashkigwaaso+VAI+Cnj+Pos+Neu+3SgProxSubj', 'PVTense/gii+gashkigwaaso+VAI+Pcp+Pos+Neu+3SgProxSubj+3SgProxHead']}, {'word_form': '.', 'fst_analyses': []}]",nj
Jiishada'igan aabajitoon ji-jiishada'aman gaa-gii-pinizaman.,Use a broom to sweep up what you drop when you're cooking.,"[{'word_form': ""jiishada'igan"", 'fst_analyses': [""jiishada'igan+NI+Sg""]}, {'word_form': 'aabajitoon', 'fst_analyses': ['aabajitoon+VTI+Imp+Sim+2SgSubj+0PlObj', 'aabajitoon+VTI+Imp+Sim+2SgSubj+0SgObj']}, {'word_form': ""ji-jiishada'aman"", 'fst_analyses': [""PVTense/daa+jiishada'an+VTI+Cnj+Pos+Neu+2SgSubj+0PlObj"", ""PVTense/ga+jiishada'an+VTI+Cnj+Pos+Neu+2SgSubj+0PlObj"", ""PVTense/daa+jiishada'an+VTI+Cnj+Pos+Neu+2SgSubj+0SgObj"", ""PVTense/ga+jiishada'an+VTI+Cnj+Pos+Neu+2SgSubj+0SgObj""]}, {'word_form': 'gaa-gii-pinizaman', 'fst_analyses': []}, {'word_form': '.', 'fst_analyses': []}]",nj
Nawaj gaanda'amiidaa. Giga-nagajibizomin ishkodewidaabaan.,Let's walk a little faster. We'll miss the train.,"[{'word_form': 'nawaj', 'fst_analyses': ['nawaj+ADVDeg']}, {'word_form': ""gaanda'amiidaa"", 'fst_analyses': [""gaanda'amii+VAI+Imp+Del+InclSubj"", ""gaanda'amii+VAI+Imp+Sim+InclSubj""]}, {'word_form': '.', 'fst_analyses': []}, {'word_form': 'giga-nagajibizomin', 'fst_analyses': ['PVTense/ga+nagajibizo+VAI+Ind+Pos+Neu+InclSubj']}, {'word_form': 'ishkodewidaabaan', 'fst_analyses': ['ishkodewidaabaan+NA+ProxSg', 'ishkodewidaabaan+NI+Sg']}, {'word_form': '.', 'fst_analyses': []}]",nj
Gaa-gizhiibideg naabikwaanens ningii'-adaawen waa'-aabajitoowaan ando-mawinzowaan noongom gaa-niibing,I bought a fast motor to use to go berry-picking this summer.,"[{'word_form': 'gaa-gizhiibideg', 'fst_analyses': ['PVSub/gaa+gizhiibide+VII+Cnj+Pos+Neu+0SgSubj', 'PVSub/gaa+gizhiibide+VII+Cnj+Pos+Neu+0PlSubj', 'PVTense/gii+gizhiibide+VII+Pcp+Pos+Neu+0SgSubj+0SgHead']}, {'word_form': 'naabikwaanens', 'fst_analyses': ['naabikwaanens+NI+Sg', 'naabikwaan+NI+Dim+Sg']}, {'word_form': ""ningii'-adaawen"", 'fst_analyses': [""PVTense/gii'+adaawen+VAIO+Ind+Pos+Neu+1SgSubj+0SgObj""]}, {'word_form': ""waa'-aabajitoowaan"", 'fst_analyses': []}, {'word_form': 'ando-mawinzowaan', 'fst_analyses': []}, {'word_form': 'noongom', 'fst_analyses': ['noongom+ADVTmp']}, {'word_form': 'gaa-niibing', 'fst_analyses': ['PVSub/gaa+niibin+VII+Cnj+Pos+Neu+0SgSubj', 'PVSub/gaa+niibin+VII+Cnj+Pos+Neu+0PlSubj', 'PVTense/gii+niibin+VII+Pcp+Pos+Neu+0SgSubj+0SgHead']}]",nj
Niwii'-naajibizotoon waa'-naawakwe-miijiyaan.,I'm going to take the car and go pick up my lunch.,"[{'word_form': ""niwii'-naajibizotoon"", 'fst_analyses': [""PVTense/wii'+naajibizotoon+VTI+Ind+Pos+Neu+1SgSubj+0SgObj""]}, {'word_form': ""waa'-naawakwe-miijiyaan"", 'fst_analyses': []}, {'word_form': '.', 'fst_analyses': []}]",nj
Otigwaanining ogii'-inaganaamaan gii-bishigwaganaandang bikwaakwad. Ganabaj ogii-kiiwashkweganaamaan.,He hit him in the head when he missed the ball. I think he knocked him unconscious.,"[{'word_form': 'otigwaanining', 'fst_analyses': ['tigwaan+NID+Loc+3PlObvPoss', 'otigwaan+NID+Loc+3PlObvPoss', 'tigwaan+NID+Loc+3SgObvPoss', 'otigwaan+NID+Loc+3SgObvPoss']}, {'word_form': ""ogii'-inaganaamaan"", 'fst_analyses': [""PVTense/gii'+inaganaam+VTA+Ind+Pos+Neu+3SgProxSubj+3SgObvObj"", ""PVTense/gii'+inaganaam+VTA+Ind+Pos+Neu+3SgProxSubj+3PlObvObj""]}, {'word_form': 'gii-bishigwaganaandang', 'fst_analyses': ['PVTense/gii+bishigwaganaandan+VTI+Cnj+Pos+Neu+3SgProxSubj+0PlObj', 'PVTense/gii+bishigwaganaandan+VTI+Cnj+Pos+Neu+3SgProxSubj+0SgObj']}, {'word_form': 'bikwaakwad', 'fst_analyses': ['bikwaakwad+NI+Sg']}, {'word_form': '.', 'fst_analyses': []}, {'word_form': 'ganabaj', 'fst_analyses': ['ganabaj+ADVMan']}, {'word_form': 'ogii-kiiwashkweganaamaan', 'fst_analyses': ['PVTense/gii+giiwashkweganaam+VTA+Ind+Pos+Neu+3SgProxSubj+3SgObvObj', 'PVTense/gii+giiwashkweganaam+VTA+Ind+Pos+Neu+3SgProxSubj+3PlObvObj']}, {'word_form': '.', 'fst_analyses': []}]",nj
Agaasoonagad ninjiimaan. Wawiinge gokokwaa.,My canoe is small. It's very tippy.,"[{'word_form': 'agaasoonagad', 'fst_analyses': ['agaasoonagad+VII+Ind+Pos+Neu+0SgSubj']}, {'word_form': 'ninjiimaan', 'fst_analyses': ['jiimaan+NI+Sg+1SgPoss']}, {'word_form': '.', 'fst_analyses': []}, {'word_form': 'wawiinge', 'fst_analyses': ['wawiinge+ADVMan']}, {'word_form': 'gokokwaa', 'fst_analyses': ['gokokwaa+VII+Ind+Pos+Neu+0SgSubj']}, {'word_form': '.', 'fst_analyses': []}]",nj
Ogii'-agwaabiiginaan bashkwegin gaa-gii'-nookagwinjidood.,She pulled that hide out of the water after she got it soft.,"[{'word_form': ""ogii'-agwaabiiginaan"", 'fst_analyses': [""PVTense/gii'+agwaabiigin+VTA+Ind+Pos+Neu+3SgProxSubj+3SgObvObj"", ""PVTense/gii'+agwaabiigin+VTA+Ind+Pos+Neu+3SgProxSubj+3PlObvObj"", ""PVTense/gii'+agwaabiiginan+VTI+Ind+Pos+Neu+3SgProxSubj+0SgObj""]}, {'word_form': 'bashkwegin', 'fst_analyses': ['bashkwegin+NI+Sg']}, {'word_form': ""gaa-gii'-nookagwinjidood"", 'fst_analyses': [""PVSub/gaa+PVTense/gii'+nookagwinjidoon+VTI+Cnj+Pos+Neu+3SgProxSubj+0PlObj"", ""PVSub/gaa+PVTense/gii'+nookagwinjidoon+VTI+Cnj+Pos+Neu+3SgProxSubj+0SgObj""]}, {'word_form': '.', 'fst_analyses': []}]",nj
Bizhiw ningii-kimooji-wanii'igaag.,A lynx stole my trap.,"[{'word_form': 'bizhiw', 'fst_analyses': ['bizhiw+NA+ProxSg']}, {'word_form': ""ningii-kimooji-wanii'igaag"", 'fst_analyses': [""PVTense/gii+gimooji-wanii'igaw+VTA+Ind+Pos+Neu+3SgProxSubj+1SgObj""]}, {'word_form': '.', 'fst_analyses': []}]",nj
Maamaagon gibakwezhiganikaan jibwaa-biindaabika'wad wii-kiizhizwad.,Knead your bannock before you put it in the oven and cook it.,"[{'word_form': 'maamaagon', 'fst_analyses': ['maamaagon+VTA+Imp+Sim+2SgSubj+3SgProxObj', 'maamaagon+VTA+Imp+Sim+2SgSubj+3PlProxObj']}, {'word_form': 'gibakwezhiganikaan', 'fst_analyses': ['bakwezhiganikaan+NA+ProxSg+2SgPoss']}, {'word_form': ""jibwaa-biindaabika'wad"", 'fst_analyses': [""PVTense/jibwaa+biindaabika'wi+VTA+Cnj+Pos+Neu+2SgSubj+3SgProxObj"", ""PVTense/jibwaa+biindaabika'+VTA+Cnj+Pos+Neu+2SgSubj+3SgProxObj""]}, {'word_form': 'wii-kiizhizwad', 'fst_analyses': ['PVTense/wii+giizhizwi+VTA+Cnj+Pos+Neu+2SgSubj+3SgProxObj']}, {'word_form': '.', 'fst_analyses': []}]",nj
Gego gabeya'ii maamaagonaaken gibakwezhiganikaan. Da-mashkawijiishkiwagizi.,Don't knead your dough too long. It will harden up.,"[{'word_form': 'gego', 'fst_analyses': ['gego+ADVNeg']}, {'word_form': ""gabeya'ii"", 'fst_analyses': [""gabeya'ii+ADVTmp""]}, {'word_form': 'maamaagonaaken', 'fst_analyses': ['maamaagon+VTA+Imp+Prb+2SgSubj+3PlProxObj', 'maamaagon+VTA+Imp+Prb+2SgSubj+3SgProxObj']}, {'word_form': 'gibakwezhiganikaan', 'fst_analyses': ['bakwezhiganikaan+NA+ProxSg+2SgPoss']}, {'word_form': '.', 'fst_analyses': []}, {'word_form': 'da-mashkawijiishkiwagizi', 'fst_analyses': ['PVTense/ga+mashkawijiishkiwagizi+VAI+Ind+Pos+Neu+3SgProxSubj']}, {'word_form': '.', 'fst_analyses': []}]",nj
Niwiisagibinig mashkikiiwinini gii-maamaagonid gaa-izhi-wiisagendamaan.,The doctor hurt me when he was pressing on my sore.,"[{'word_form': 'niwiisagibinig', 'fst_analyses': ['wiisagibizh+VTA+Ind+Pos+Neu+3SgProxSubj+1SgObj']}, {'word_form': 'mashkikiiwinini', 'fst_analyses': ['mashkikiiwinini+NA+ProxSg']}, {'word_form': 'gii-maamaagonid', 'fst_analyses': ['PVTense/gii+maamaagon+VTA+Cnj+Pos+Neu+3SgProxSubj+1SgObj']}, {'word_form': 'gaa-izhi-wiisagendamaan', 'fst_analyses': ['PVSub/gaa+PVRel/izhi+wiisagendam+VAI+Cnj+Pos+Neu+1SgSubj']}, {'word_form': '.', 'fst_analyses': []}]",nj
BInaabidewag abinoojiinyag jibwaa-maajii-gikinoo'amawindwaa,Children (start to) loose their teeth before they start school.,"[{'word_form': 'binaabidewag', 'fst_analyses': ['binaabide+VAI+Ind+Pos+Neu+3PlProxSubj']}, {'word_form': 'abinoojiinyag', 'fst_analyses': ['abinoojiinh+NA+ProxPl']}, {'word_form': ""jibwaa-maajii-gikinoo'amawindwaa"", 'fst_analyses': [""PVTense/jibwaa+PVLex/maajii+gikinoo'amaw+VTA+Cnj+Pos+Neu+XSubj+3PlProxObj""]}]",nj
Maamawi anokiiwag. Geget aapiji mashkawiziiwag enigoonsag.,They all work together. Ants are certainly very strong.,"[{'word_form': 'maamawi', 'fst_analyses': ['maamawi+ADVMan']}, {'word_form': 'anokiiwag', 'fst_analyses': ['anokii+VAI+Ind+Pos+Neu+3PlProxSubj']}, {'word_form': '.', 'fst_analyses': []}, {'word_form': 'geget', 'fst_analyses': ['geget+ADVMan']}, {'word_form': 'aapiji', 'fst_analyses': ['aapiji+ADVDeg']}, {'word_form': 'mashkawiziiwag', 'fst_analyses': ['mashkawizii+VAI+Ind+Pos+Neu+3PlProxSubj']}, {'word_form': 'enigoonsag', 'fst_analyses': ['enigoo+NA+Dim+ProxPl', 'enigoons+NA+ProxPl']}, {'word_form': '.', 'fst_analyses': []}]",nj
Gitwen igo odawi'aan zhooniyaan.,She lent him money even though she didn't want to.,"[{'word_form': 'gitwen', 'fst_analyses': ['gitwen+ADVMan']}, {'word_form': 'igo', 'fst_analyses': ['igo+PCEmph']}, {'word_form': ""odawi'aan"", 'fst_analyses': [""awi'+VTA+Ind+Pos+Neu+3SgProxSubj+3SgObvObj"", ""awi'+VTA+Ind+Pos+Neu+3SgProxSubj+3PlObvObj""]}, {'word_form': 'zhooniyaan', 'fst_analyses': ['zhooniyaa+NA+ObvPl', 'zhooniyaa+NA+ObvSg', 'zhooniyaa+NI+Pl']}, {'word_form': '.', 'fst_analyses': []}]",nj
Ningii'-noondam gii-madwe-bookogaadeshing.,I heard that he fell and broke his leg.,"[{'word_form': ""ningii'-noondam"", 'fst_analyses': [""PVTense/gii'+noondam+VAI+Ind+Pos+Neu+1SgSubj""]}, {'word_form': 'gii-madwe-bookogaadeshing', 'fst_analyses': ['PVTense/gii+PVLex/madwe+bookogaadeshin+VAI+Cnj+Pos+Neu+3SgProxSubj']}, {'word_form': '.', 'fst_analyses': []}]",nj
Ningiiwedaabaanigoo. Ganabaj ningii-pookogaadeshin.,They're pulling me home (on the sled). I think I broke my leg.,"[{'word_form': 'ningiiwedaabaanigoo', 'fst_analyses': ['giiwedaabaazh+VTA+Ind+Pos+Neu+XSubj+1SgObj']}, {'word_form': '.', 'fst_analyses': []}, {'word_form': 'ganabaj', 'fst_analyses': ['ganabaj+ADVMan']}, {'word_form': 'ningii-pookogaadeshin', 'fst_analyses': ['PVTense/gii+bookogaadeshin+VAI+Ind+Pos+Neu+1SgSubj']}, {'word_form': '.', 'fst_analyses': []}]",nj
Ona'itawaan oosan ezhi-gikinoo'amaagod.,He listens to his father's teachings. / He minds his father's teachings.,"[{'word_form': ""ona'itawaan"", 'fst_analyses': [""na'itaw+VTA+Ind+Pos+Neu+3SgProxSubj+3SgObvObj"", ""na'itaw+VTA+Ind+Pos+Neu+3SgProxSubj+3PlObvObj""]}, {'word_form': 'oosan', 'fst_analyses': ['oos+NAD+ObvPl+3SgProxPoss', 'oos+NAD+ObvSg+3SgProxPoss']}, {'word_form': ""ezhi-gikinoo'amaagod"", 'fst_analyses': []}, {'word_form': '.', 'fst_analyses': []}]",nj
Maamawi wiiji'ididaa dazhiikamang gidinwewininaan.,Let's work together revitalizing our language.,"[{'word_form': 'maamawi', 'fst_analyses': ['maamawi+ADVMan']}, {'word_form': ""wiiji'ididaa"", 'fst_analyses': [""wiiji'+VTA+Recip/di+VAI+Imp+Del+InclSubj+InclObj"", ""wiiji'idiwag+VAI+Imp+Del+InclSubj+InclObj"", ""wiiji'+VTA+Recip/di+VAI+Imp+Sim+InclSubj+InclObj"", ""wiiji'idiwag+VAI+Imp+Sim+InclSubj+InclObj""]}, {'word_form': 'dazhiikamang', 'fst_analyses': ['dazhiikan+VTI+Cnj+Pos+Neu+InclSubj+0PlObj', 'dazhiikan+VTI+Cnj+Pos+Neu+InclSubj+0SgObj']}, {'word_form': 'gidinwewininaan', 'fst_analyses': ['inwewin+NI+Sg+InclPoss']}, {'word_form': '.', 'fst_analyses': []}]",nj
Ominwapikaanaan odaanisensan wii'-ando-gikinoo'amawimind.,She braids her little daughter's hair nicely for school.,"[{'word_form': 'ominwapikaanaan', 'fst_analyses': ['minwapikaazh+VTA+Ind+Pos+Neu+3SgProxSubj+3SgObvObj', 'minwapikaazh+VTA+Ind+Pos+Neu+3SgProxSubj+3PlObvObj']}, {'word_form': 'odaanisensan', 'fst_analyses': ['daanis+NAD+Dim+ObvSg+3SgProxPoss', 'daanis+NAD+Dim+ObvPl+3SgProxPoss']}, {'word_form': ""wii'-ando-gikinoo'amawimind"", 'fst_analyses': [""PVTense/wii'+PVLex/ando+gikinoo'amaw+VTA+Cnj+Pos+Neu+XSubj+3SgObvObj"", ""PVTense/wii'+PVLex/ando+gikinoo'amaw+VTA+Cnj+Pos+Neu+XSubj+3PlObvObj""]}, {'word_form': '.', 'fst_analyses': []}]",nj
Dagapii waabang giga-awi'aazomin gidoodaabaan.,I'm going to borrow your car tomorrow.,"[{'word_form': 'dagapii', 'fst_analyses': []}, {'word_form': 'waabang', 'fst_analyses': ['waaban+VII+Cnj+Pos+Neu+0SgSubj', 'waaban+VII+Cnj+Pos+Neu+0PlSubj']}, {'word_form': ""giga-awi'aazomin"", 'fst_analyses': [""PVTense/ga+awi'aazom+VTA+Ind+Pos+Neu+1SgSubj+2SgObj"", ""PVTense/ga+awi'aazon+VAIO+Ind+Pos+Neu+InclSubj+0PlObj"", ""PVTense/ga+awi'aazon+VAIO+Ind+Pos+Neu+InclSubj+0SgObj"", ""PVTense/ga+awi'aazon+VAIO+Ind+Pos+Neu+InclSubj+3SgProxObj"", ""PVTense/ga+awi'aazon+VAIO+Ind+Pos+Neu+InclSubj+3PlProxObj"", ""PVTense/ga+awi'aazon+VAIO+Ind+Pos+Neu+InclSubj""]}, {'word_form': 'gidoodaabaan', 'fst_analyses': ['odaabaan+NI+Sg+2SgPoss', 'odaabaan+NA+ProxSg+2SgPoss']}, {'word_form': '.', 'fst_analyses': []}]",nj
Ogiji-desabiwin apigaabawin.,Stand on the chair!,"[{'word_form': 'ogiji-desabiwin', 'fst_analyses': ['PNLex/ogiji+desabiwin+NI+Sg', 'ogiji-desabiwin+ADVLoc']}, {'word_form': 'apigaabawin', 'fst_analyses': ['apigaabawi+VAI+Imp+Sim+2SgSubj', 'apigaabawin+VAIO+Imp+Sim+2SgSubj+0PlObj', 'apigaabawin+VAIO+Imp+Sim+2SgSubj+0SgObj', 'apigaabawin+VAIO+Imp+Sim+2SgSubj+3PlProx', 'apigaabawin+VAIO+Imp+Sim+2SgSubj+3SgProx', 'apigaabawin+VAIO+Imp+Sim+2SgSubj']}, {'word_form': '.', 'fst_analyses': []}]",nj
Ozhitoon gibashkweginwekizinan jibwaa-maajii-niimi'iding.,Make your moccasins before the powwow season starts.,"[{'word_form': 'ozhitoon', 'fst_analyses': ['ozhitoon+VTI+Imp+Sim+2SgSubj+0PlObj', 'ozhitoon+VTI+Imp+Sim+2SgSubj+0SgObj']}, {'word_form': 'gibashkweginwekizinan', 'fst_analyses': ['bashkweginwekizin+NI+Pl+2SgPoss']}, {'word_form': ""jibwaa-maajii-niimi'iding"", 'fst_analyses': [""PVTense/jibwaa+PVLex/maajii+niimi'+VTA+Recip/di+VAI+Cnj+Pos+Neu+XSubj+XObj"", ""PVTense/jibwaa+PVLex/maajii+niimi'idiwag+VAI+Cnj+Pos+Neu+XSubj+XObj""]}, {'word_form': '.', 'fst_analyses': []}]",nj
Ge niinawind ningii'-aanikanootaamin ikidowinan.,We helped translate the words too.,"[{'word_form': 'ge', 'fst_analyses': ['ge+ADVConj']}, {'word_form': 'niinawind', 'fst_analyses': ['niinawind+PRONPer+NA+Excl']}, {'word_form': ""ningii'-aanikanootaamin"", 'fst_analyses': [""PVTense/gii'+aanikanootan+VTI+Ind+Pos+Neu+ExclSubj+0PlObj"", ""PVTense/gii'+aanikanootan+VTI+Ind+Pos+Neu+ExclSubj+0SgObj""]}, {'word_form': 'ikidowinan', 'fst_analyses': ['ikidowin+NI+Pl']}, {'word_form': '.', 'fst_analyses': []}]",nj
Aaniin epiitaanimak.,How fast is the wind blowing?,"[{'word_form': 'aaniin', 'fst_analyses': ['aaniin+PCInterj', 'aaniin+ADVInter']}, {'word_form': 'epiitaanimak', 'fst_analyses': ['apiitaanimad+VII+Pcp+Pos+Neu+0SgSubj+0SgHead']}, {'word_form': '.', 'fst_analyses': []}]",nj
Waasaakwanjigewag waaboozoog. Mii omaa ge-izhi-agoodooyang.,Rabbits chewed the sticks bare. We'll set our snares here.,"[{'word_form': 'waasaakwanjigewag', 'fst_analyses': ['waasaakwanjige+VAI+Ind+Pos+Neu+3PlProxSubj']}, {'word_form': 'waaboozoog', 'fst_analyses': ['waabooz+NA+ProxPl']}, {'word_form': '.', 'fst_analyses': []}, {'word_form': 'mii', 'fst_analyses': ['mii+ADVPred']}, {'word_form': 'omaa', 'fst_analyses': ['omaa+ADVLoc']}, {'word_form': 'ge-izhi-agoodooyang', 'fst_analyses': []}, {'word_form': '.', 'fst_analyses': []}]",nj
Ogii-chekibiinaan obakwezhigaansiman ji-nookaabaawenid.,She dunked her cookie to soften it.,"[{'word_form': 'ogii-chekibiinaan', 'fst_analyses': ['PVTense/gii+jekibiin+VTA+Ind+Pos+Neu+3SgProxSubj+3SgObvObj', 'PVTense/gii+jekibiin+VTA+Ind+Pos+Neu+3SgProxSubj+3PlObvObj', 'PVTense/gii+jekibiinan+VTI+Ind+Pos+Neu+3SgProxSubj+0SgObj']}, {'word_form': 'obakwezhigaansiman', 'fst_analyses': ['bakwezhigan+NA+Dim+Poss+ObvSg+3SgProxPoss', 'bakwezhigan+NA+Dim+Poss+ObvPl+3SgProxPoss', 'bakwezhigaans+NA+Poss+ObvSg+3SgProxPoss', 'bakwezhigaans+NA+Poss+ObvPl+3SgProxPoss']}, {'word_form': 'ji-nookaabaawenid', 'fst_analyses': ['PVTense/daa+nookaabaawe+VAI+Cnj+Pos+Neu+3PlObvSubj', 'PVTense/ga+nookaabaawe+VAI+Cnj+Pos+Neu+3PlObvSubj', 'PVTense/daa+nookaabaawe+VAI+Cnj+Pos+Neu+3SgObvSubj', 'PVTense/ga+nookaabaawe+VAI+Cnj+Pos+Neu+3SgObvSubj']}, {'word_form': '.', 'fst_analyses': []}]",nj
Naage waasa wii'-ani-izhi-gozi waabaninig.,He's going to move further away tomorrow.,"[{'word_form': 'naage', 'fst_analyses': ['naage+ADVTmp']}, {'word_form': 'waasa', 'fst_analyses': ['waasa+ADVLoc']}, {'word_form': ""wii'-ani-izhi-gozi"", 'fst_analyses': [""PVTense/wii'+PVDir/ani+PVRel/izhi+gozi+VAI+Ind+Pos+Neu+3SgProxSubj""]}, {'word_form': 'waabaninig', 'fst_analyses': ['waaban+VII+Cnj+Pos+Neu+0PlObvSubj', 'waaban+VII+Cnj+Pos+Neu+0SgObvSubj']}, {'word_form': '.', 'fst_analyses': []}]",nj
Gwayak ina inaadizi ji-debwetawindiban.,Is she honest enough to be trusted?,"[{'word_form': 'gwayak', 'fst_analyses': ['gwayak+ADVMan']}, {'word_form': 'ina', 'fst_analyses': ['ina+PCDisc']}, {'word_form': 'inaadizi', 'fst_analyses': ['inaadizi+VAI+Ind+Pos+Neu+3SgProxSubj']}, {'word_form': 'ji-debwetawindiban', 'fst_analyses': ['PVTense/daa+debwetaw+VTA+Cnj+Pos+Prt+XSubj+3SgProxObj', 'PVTense/ga+debwetaw+VTA+Cnj+Pos+Prt+XSubj+3SgProxObj']}, {'word_form': '.', 'fst_analyses': []}]",nj
Ozaawaakidewan mashkosiinsan.,The grass is brown (from the heat).,"[{'word_form': 'ozaawaakidewan', 'fst_analyses': ['ozaawaakide+VII+Ind+Pos+Neu+0PlSubj']}, {'word_form': 'mashkosiinsan', 'fst_analyses': ['mashkosi+NI+Dim+Pl']}, {'word_form': '.', 'fst_analyses': []}]",nj
Giziininjiin jibwaa-wiisiniyan. Giwiinininjii.,Wash your hands before you eat. They're dirty.,"[{'word_form': 'giziininjiin', 'fst_analyses': ['giziininjii+VAI+Imp+Sim+2SgSubj', 'giziininjiin+VTA+Imp+Sim+2SgSubj+3SgProxObj', 'giziininjiin+VTA+Imp+Sim+2SgSubj+3PlProxObj']}, {'word_form': 'jibwaa-wiisiniyan', 'fst_analyses': ['PVTense/jibwaa+wiisini+VAI+Cnj+Pos+Neu+2SgSubj']}, {'word_form': '.', 'fst_analyses': []}, {'word_form': 'giwiinininjii', 'fst_analyses': ['wiinininjii+VAI+Ind+Pos+Neu+2SgSubj']}, {'word_form': '.', 'fst_analyses': []}]",nj
Akawe giziininjiin; giga-wiinibidoon wiiyaas jibwaa-odaapinaman,Wash your hands first before you pick up the meat or you might get it dirty.,"[{'word_form': 'akawe', 'fst_analyses': ['akawe+ADVTmp']}, {'word_form': 'giziininjiin;', 'fst_analyses': []}, {'word_form': 'giga-wiinibidoon', 'fst_analyses': ['PVTense/ga+wiinibidoon+VTI+Ind+Pos+Neu+2SgSubj+0SgObj']}, {'word_form': 'wiiyaas', 'fst_analyses': ['wiiyaas+NI+Sg', 'iiyaas+NID+Sg+3SgProxPoss']}, {'word_form': 'jibwaa-odaapinaman', 'fst_analyses': ['PVTense/jibwaa+odaapinan+VTI+Cnj+Pos+Neu+2SgSubj+0PlObj', 'PVTense/jibwaa+odaapinan+VTI+Cnj+Pos+Neu+2SgSubj+0SgObj']}]",nj
Obiinjiweba'aan gaa-zhooshkwaada'ed,The (hockey) player scores.,"[{'word_form': ""obiinjiweba'aan"", 'fst_analyses': [""biinjiweba'an+VTI+Ind+Pos+Neu+3SgProxSubj+0SgObj""]}, {'word_form': ""gaa-zhooshkwaada'ed"", 'fst_analyses': [""PVSub/gaa+zhooshkwaada'e+VAI+Cnj+Pos+Neu+3SgProxSubj"", ""PVTense/gii+zhooshkwaada'e+VAI+Pcp+Pos+Neu+3SgProxSubj+3SgProxHead""]}]",nj
Gitigewinini omaajinizhikawaa' obizhikiima'.,The farmer is chasing his cattle (out of the pasture).,"[{'word_form': 'gitigewinini', 'fst_analyses': ['gitigewinini+NA+ProxSg']}, {'word_form': ""omaajinizhikawaa'"", 'fst_analyses': ['maajinizhikaw+VTA+Ind+Pos+Neu+3SgProxSubj+3PlObvObj']}, {'word_form': ""obizhikiima'"", 'fst_analyses': ['bizhiki+NA+Poss+ObvPl+3SgProxPoss']}, {'word_form': '.', 'fst_analyses': []}]",nj
Agwaasidoon ginitiikaan jibwaa-mashkawaagamideg.,Set your tea off the fire before it gets strong.,"[{'word_form': 'agwaasidoon', 'fst_analyses': ['agwaasidoon+VTI+Imp+Sim+2SgSubj+0PlObj', 'agwaasidoon+VTI+Imp+Sim+2SgSubj+0SgObj']}, {'word_form': 'ginitiikaan', 'fst_analyses': ['nitiikaan+NI+Sg+2SgPoss']}, {'word_form': 'jibwaa-mashkawaagamideg', 'fst_analyses': ['PVTense/jibwaa+mashkawaagamide+VII+Cnj+Pos+Neu+0SgSubj', 'PVTense/jibwaa+mashkawaagamide+VII+Cnj+Pos+Neu+0PlSubj']}, {'word_form': '.', 'fst_analyses': []}]",nj
Aaniin ekobiid ginibinaadwaaganakik.,How full is your water pail?,"[{'word_form': 'aaniin', 'fst_analyses': ['aaniin+PCInterj', 'aaniin+ADVInter']}, {'word_form': 'ekobiid', 'fst_analyses': ['akobii+VAI+Pcp+Pos+Neu+3SgProxSubj+3SgProxHead']}, {'word_form': 'ginibinaadwaaganakik', 'fst_analyses': ['nibinaadwaaganakik+NA+ProxSg+2SgPoss']}, {'word_form': '.', 'fst_analyses': []}]",nj
Naawaajiwan badakidoon giwanii'igan.,Set up your trap in the middle of the overflow.,"[{'word_form': 'naawaajiwan', 'fst_analyses': ['naawaajiwan+ADVLoc']}, {'word_form': 'badakidoon', 'fst_analyses': ['badakidoon+VTI+Imp+Sim+2SgSubj+0PlObj', 'badakidoon+VTI+Imp+Sim+2SgSubj+0SgObj']}, {'word_form': ""giwanii'igan"", 'fst_analyses': [""wanii'igan+NI+Sg+2SgPoss""]}, {'word_form': '.', 'fst_analyses': []}]",nj
Geyaabi 'o apii bagakaabi mindimoowenh gaa-gashkigwaasod.,The elderly lady who sews can still see clearly.,"[{'word_form': 'geyaabi', 'fst_analyses': ['geyaabi+ADVTmp']}, {'word_form': ""'o"", 'fst_analyses': [""'o+PRONDem+NI+Sg""]}, {'word_form': 'apii', 'fst_analyses': ['apii+ADVTmp']}, {'word_form': 'bagakaabi', 'fst_analyses': ['bagakaabi+VAI+Ind+Pos+Neu+3SgProxSubj']}, {'word_form': 'mindimoowenh', 'fst_analyses': ['mindimoowenh+NA+ProxSg']}, {'word_form': 'gaa-gashkigwaasod', 'fst_analyses': ['PVSub/gaa+gashkigwaaso+VAI+Cnj+Pos+Neu+3SgProxSubj', 'PVTense/gii+gashkigwaaso+VAI+Pcp+Pos+Neu+3SgProxSubj+3SgProxHead']}, {'word_form': '.', 'fst_analyses': []}]",nj
Mishawikwam awi-bagidaabiin.,Set a night line right out on the ice.,"[{'word_form': 'mishawikwam', 'fst_analyses': ['mishawikwam+ADVLoc']}, {'word_form': 'awi-bagidaabiin', 'fst_analyses': ['PVDir/awi+bagidaabii+VAI+Imp+Sim+2SgSubj']}, {'word_form': '.', 'fst_analyses': []}]",nj
Ogaashiboodoon owewebanaabaan wii'-ando-bagidaabiid.,He's sharpening his hooks to go set a line.,"[{'word_form': 'ogaashiboodoon', 'fst_analyses': ['gaashiboodoon+VTI+Ind+Pos+Neu+3SgProxSubj+0SgObj']}, {'word_form': 'owewebanaabaan', 'fst_analyses': ['wewebanaabaan+NI+Sg+3SgProxPoss']}, {'word_form': ""wii'-ando-bagidaabiid"", 'fst_analyses': [""PVTense/wii'+PVLex/ando+bagidaabii+VAI+Cnj+Pos+Neu+3SgProxSubj""]}, {'word_form': '.', 'fst_analyses': []}]",nj
Biinjitawag danamandam.,She's got an earache.,"[{'word_form': 'biinjitawag', 'fst_analyses': ['biinjitawag+ADVLoc']}, {'word_form': 'danamandam', 'fst_analyses': ['danamandam+VAI+Ind+Pos+Neu+3SgProxSubj']}, {'word_form': '.', 'fst_analyses': []}]",nj
Gakiiwewidoon waasigani-bimidewi-biiwaabikoon.,Carry the gas cans over the portage.,"[{'word_form': 'gakiiwewidoon', 'fst_analyses': ['gakiiwewidoon+VTI+Imp+Sim+2SgSubj+0PlObj', 'gakiiwewidoon+VTI+Imp+Sim+2SgSubj+0SgObj']}, {'word_form': 'waasigani-bimidewi-biiwaabikoon', 'fst_analyses': []}, {'word_form': '.', 'fst_analyses': []}]",nj
Omaa onji-ganawaabandan.,Watch it from here.,"[{'word_form': 'omaa', 'fst_analyses': ['omaa+ADVLoc']}, {'word_form': 'onji-ganawaabandan', 'fst_analyses': ['PVRel/onji+ganawaabandan+VTI+Imp+Sim+2SgSubj+0PlObj', 'PVRel/onji+ganawaabandan+VTI+Imp+Sim+2SgSubj+0SgObj']}, {'word_form': '.', 'fst_analyses': []}]",nj
Bi-zaagidaapiwag gaa'-ishkwaa-ganawaabandamowaad enaateseg.,They came out laughing after they watched the movie.,"[{'word_form': 'bi-zaagidaapiwag', 'fst_analyses': ['PVDir/bi+zaagidaapi+VAI+Ind+Pos+Neu+3PlProxSubj']}, {'word_form': ""gaa'-ishkwaa-ganawaabandamowaad"", 'fst_analyses': []}, {'word_form': 'enaateseg', 'fst_analyses': ['inaatese+VII+Pcp+Pos+Neu+0SgSubj+0SgHead']}, {'word_form': '.', 'fst_analyses': []}]",nj
Ogidadoopowinaak ashi gibakwezhiganikaan.,Put your bannock on top of the table.,"[{'word_form': 'ogidadoopowinaak', 'fst_analyses': ['ogidadoopowinaak+ADVLoc']}, {'word_form': 'ashi', 'fst_analyses': ['ashi+VTA+Imp+Sim+2SgSubj+3SgProxObj', 'ashi+VTA+Imp+Sim+2SgSubj+3PlProxObj', 'ashi+ADVConj']}, {'word_form': 'gibakwezhiganikaan', 'fst_analyses': ['bakwezhiganikaan+NA+ProxSg+2SgPoss']}, {'word_form': '.', 'fst_analyses': []}]",nj
Bagwaabikishkaa gwaaba'iganish wenji-onjigaag.,The old dipper has got a hole in it; that's why it leaks.,"[{'word_form': 'bagwaabikishkaa', 'fst_analyses': ['bagwaabikishkaa+VII+Ind+Pos+Neu+0SgSubj']}, {'word_form': ""gwaaba'iganish"", 'fst_analyses': [""gwaaba'igan+NI+Pej+Sg""]}, {'word_form': 'wenji-onjigaag', 'fst_analyses': ['PVRel/onji+onjigaa+VII+Pcp+Pos+Neu+0SgSubj+0SgHead']}, {'word_form': '.', 'fst_analyses': []}]",nj
Bikwaakwadoshin moose. Gaawiin bimaabiigishinzii.,The worm is curled up in a ball. It isn't straight out.,"[{'word_form': 'bikwaakwadoshin', 'fst_analyses': ['bikwaakwadoshin+VAI+Ind+Pos+Neu+3SgProxSubj']}, {'word_form': 'moose', 'fst_analyses': ['moose+NA+ProxSg']}, {'word_form': '.', 'fst_analyses': []}, {'word_form': 'gaawiin', 'fst_analyses': ['gaawiin+ADVNeg']}, {'word_form': 'bimaabiigishinzii', 'fst_analyses': ['bimaabiigishin+VAI+Ind+Neg+Neu+3SgProxSubj']}, {'word_form': '.', 'fst_analyses': []}]",nj
Gomaa go apii da-dagoshin.,He'll be here when he gets here.,"[{'word_form': 'gomaa', 'fst_analyses': ['gomaa+ADVDeg']}, {'word_form': 'go', 'fst_analyses': ['go+PCDisc']}, {'word_form': 'apii', 'fst_analyses': ['apii+ADVTmp']}, {'word_form': 'da-dagoshin', 'fst_analyses': ['PVTense/ga+dagoshin+VAI+Ind+Pos+Neu+3SgProxSubj']}, {'word_form': '.', 'fst_analyses': []}]",nj
Wiiba go gidaa-bi-dagoshin.,You should come early.,"[{'word_form': 'wiiba', 'fst_analyses': ['wiiba+ADVTmp']}, {'word_form': 'go', 'fst_analyses': ['go+PCDisc']}, {'word_form': 'gidaa-bi-dagoshin', 'fst_analyses': ['PVTense/daa+PVDir/bi+dagoshin+VAI+Ind+Pos+Neu+2SgSubj']}, {'word_form': '.', 'fst_analyses': []}]",nj
Zhemaag igo gidaa-giizhizekwe. Wiiba zhigwa da-dagoshinoog waa-pi-wiisiniwaad.,You should start cooking right away. The ones coming to eat will be here soon.,"[{'word_form': 'zhemaag', 'fst_analyses': ['zhemaag+ADVTmp']}, {'word_form': 'igo', 'fst_analyses': ['igo+PCEmph']}, {'word_form': 'gidaa-giizhizekwe', 'fst_analyses': ['PVTense/daa+giizhizekwe+VAI+Ind+Pos+Neu+2SgSubj']}, {'word_form': '.', 'fst_analyses': []}, {'word_form': 'wiiba', 'fst_analyses': ['wiiba+ADVTmp']}, {'word_form': 'zhigwa', 'fst_analyses': ['zhigwa+ADVTmp']}, {'word_form': 'da-dagoshinoog', 'fst_analyses': ['PVTense/ga+dagoshin+VAI+Ind+Pos+Neu+3PlProxSubj']}, {'word_form': 'waa-pi-wiisiniwaad', 'fst_analyses': []}, {'word_form': '.', 'fst_analyses': []}]",nj
Daga baakinan dakaasinjigan onzaam gizhide omaa biindig jibwaa-giiwashkweyaakizod gookomisinaan.,Please turn on the air conditioner because it is hot here inside before grandma gets dizzy from the heat.,"[{'word_form': 'daga', 'fst_analyses': ['daga+PCDisc']}, {'word_form': 'baakinan', 'fst_analyses': ['baakinan+VTI+Imp+Sim+2SgSubj+0PlObj', 'baakinan+VTI+Imp+Sim+2SgSubj+0SgObj']}, {'word_form': 'dakaasinjigan', 'fst_analyses': ['dakaasinjigan+NI+Sg']}, {'word_form': 'onzaam', 'fst_analyses': ['onzaam+ADVQnt']}, {'word_form': 'gizhide', 'fst_analyses': ['gizhide+VII+Ind+Pos+Neu+0SgSubj']}, {'word_form': 'omaa', 'fst_analyses': ['omaa+ADVLoc']}, {'word_form': 'biindig', 'fst_analyses': ['biindig+ADVLoc']}, {'word_form': 'jibwaa-giiwashkweyaakizod', 'fst_analyses': ['PVTense/jibwaa+giiwashkweyaakizo+VAI+Cnj+Pos+Neu+3SgProxSubj']}, {'word_form': 'gookomisinaan', 'fst_analyses': ['ookomis+NAD+ProxSg+InclPoss']}, {'word_form': '.', 'fst_analyses': []}]",nj
Mamigoshkan manoomin ji-gidashkishkaman.,Work the rice with your feet to dehusk it.,"[{'word_form': 'mamigoshkan', 'fst_analyses': ['mamigoshkam+VAI+Imp+Sim+2SgSubj', 'mamigoshkan+VTI+Imp+Sim+2SgSubj+0PlObj', 'mamigoshkan+VTI+Imp+Sim+2SgSubj+0SgObj']}, {'word_form': 'manoomin', 'fst_analyses': ['manoomin+NI+Sg']}, {'word_form': 'ji-gidashkishkaman', 'fst_analyses': ['PVTense/daa+gidashkishkan+VTI+Cnj+Pos+Neu+2SgSubj+0PlObj', 'PVTense/ga+gidashkishkan+VTI+Cnj+Pos+Neu+2SgSubj+0PlObj', 'PVTense/daa+gidashkishkan+VTI+Cnj+Pos+Neu+2SgSubj+0SgObj', 'PVTense/ga+gidashkishkan+VTI+Cnj+Pos+Neu+2SgSubj+0SgObj']}, {'word_form': '.', 'fst_analyses': []}]",nj
Zhingaatesidoon gimanoominim ji-bengwashkising.,Spread out your rice so it can get dry.,"[{'word_form': 'zhingaatesidoon', 'fst_analyses': ['zhingaatesidoon+VTI+Imp+Sim+2SgSubj+0PlObj', 'zhingaatesidoon+VTI+Imp+Sim+2SgSubj+0SgObj']}, {'word_form': 'gimanoominim', 'fst_analyses': ['manoomin+NI+Poss+Sg+2SgPoss']}, {'word_form': 'ji-bengwashkising', 'fst_analyses': ['PVTense/daa+bengwashkisin+VII+Cnj+Pos+Neu+0SgSubj', 'PVTense/ga+bengwashkisin+VII+Cnj+Pos+Neu+0SgSubj', 'PVTense/daa+bengwashkisin+VII+Cnj+Pos+Neu+0PlSubj', 'PVTense/ga+bengwashkisin+VII+Cnj+Pos+Neu+0PlSubj']}, {'word_form': '.', 'fst_analyses': []}]",nj
Geyaabi nibiiwashkaa manoomin. Baamaa bengwashkising giga-ando-bawa'aamin.,The rice stalks are still wet. We'll go and pick rice when they dry up.,"[{'word_form': 'geyaabi', 'fst_analyses': ['geyaabi+ADVTmp']}, {'word_form': 'nibiiwashkaa', 'fst_analyses': ['nibiiwashkaa+VII+Ind+Pos+Neu+0SgSubj']}, {'word_form': 'manoomin', 'fst_analyses': ['manoomin+NI+Sg']}, {'word_form': '.', 'fst_analyses': []}, {'word_form': 'baamaa', 'fst_analyses': ['baamaa+ADVTmp']}, {'word_form': 'bengwashkising', 'fst_analyses': ['bengwashkisin+VII+Cnj+Pos+Neu+0SgSubj', 'bengwashkisin+VII+Cnj+Pos+Neu+0PlSubj']}, {'word_form': ""giga-ando-bawa'aamin"", 'fst_analyses': [""PVTense/ga+PVLex/ando+bawa'an+VTI+Ind+Pos+Neu+InclSubj+0PlObj"", ""PVTense/ga+PVLex/ando+bawa'an+VTI+Ind+Pos+Neu+InclSubj+0SgObj"", ""PVTense/ga+PVLex/ando+bawa'am+VAI+Ind+Pos+Neu+InclSubj""]}, {'word_form': '.', 'fst_analyses': []}]",nj
Gabe-niibin nimbabaa-mawinz.,I've been going around picking berries all summer.,"[{'word_form': 'gabe-niibin', 'fst_analyses': ['PVLex/gabe+niibin+VII+Ind+Pos+Neu+0SgSubj', 'gabe-niibin+ADVTmp']}, {'word_form': 'nimbabaa-mawinz', 'fst_analyses': ['PVDir/babaa+mawinzo+VAI+Ind+Pos+Neu+1SgSubj']}, {'word_form': '.', 'fst_analyses': []}]",nj
Ningii'-wiisagigidigweshin gaa-onji-maakiseyaan.,I hurt my knee so that's why I'm limping.,"[{'word_form': ""ningii'-wiisagigidigweshin"", 'fst_analyses': [""PVTense/gii'+wiisagigidigweshin+VAI+Ind+Pos+Neu+1SgSubj""]}, {'word_form': 'gaa-onji-maakiseyaan', 'fst_analyses': ['PVSub/gaa+PVRel/onji+maakise+VAI+Cnj+Pos+Neu+1SgSubj']}, {'word_form': '.', 'fst_analyses': []}]",nj
Zinigobinidizo gaa-gii'-izhi-wiisagigidigweshing.,He rubs his knee where he got hurt.,"[{'word_form': 'zinigobinidizo', 'fst_analyses': ['zinigobizh+VTA+Reflex/dizo+VAI+Ind+Pos+Neu+3SgProxSubj+3SgProxObj', 'zinigobinidizo+VAI+Ind+Pos+Neu+3SgProxSubj+3SgProxObj']}, {'word_form': ""gaa-gii'-izhi-wiisagigidigweshing"", 'fst_analyses': [""PVSub/gaa+PVTense/gii'+PVRel/izhi+wiisagigidigweshin+VAI+Cnj+Pos+Neu+3SgProxSubj"", ""PVTense/gii+PVTense/gii'+PVRel/izhi+wiisagigidigweshin+VAI+Pcp+Pos+Neu+3SgProxSubj+3SgProxHead""]}, {'word_form': '.', 'fst_analyses': []}]",nj
Giziiyaabika'igan aabajitoon wii-pengwaabika'aman gidoonaaganan.,Use a dish towel when you're going to dry your dishes.,"[{'word_form': ""giziiyaabika'igan"", 'fst_analyses': [""giziiyaabika'igan+NI+Sg""]}, {'word_form': 'aabajitoon', 'fst_analyses': ['aabajitoon+VTI+Imp+Sim+2SgSubj+0PlObj', 'aabajitoon+VTI+Imp+Sim+2SgSubj+0SgObj']}, {'word_form': ""wii-pengwaabika'aman"", 'fst_analyses': [""PVTense/wii+bengwaabika'an+VTI+Cnj+Pos+Neu+2SgSubj+0PlObj"", ""PVTense/wii+bengwaabika'an+VTI+Cnj+Pos+Neu+2SgSubj+0SgObj""]}, {'word_form': 'gidoonaaganan', 'fst_analyses': ['onaagan+NI+Pl+2SgPoss']}, {'word_form': '.', 'fst_analyses': []}]",nj
Ashki-manoomin ningii-kaapizaan zhebaa.,I parched the raw rice this morning.,"[{'word_form': 'ashki-manoomin', 'fst_analyses': ['ashki-manoomin+NI+Sg', 'PNLex/ashki+manoomin+NI+Sg']}, {'word_form': 'ningii-kaapizaan', 'fst_analyses': ['PVTense/gii+gaapizan+VTI+Ind+Pos+Neu+1SgSubj+0SgObj']}, {'word_form': 'zhebaa', 'fst_analyses': ['zhebaa+ADVTmp']}, {'word_form': '.', 'fst_analyses': []}]",nj
Mitaabik dazhwegisidoon ji-baateg.,Spread it there on the rock to dry.,"[{'word_form': 'mitaabik', 'fst_analyses': ['mitaabik+ADVLoc']}, {'word_form': 'dazhwegisidoon', 'fst_analyses': ['dazhwegisidoon+VTI+Imp+Sim+2SgSubj+0PlObj', 'dazhwegisidoon+VTI+Imp+Sim+2SgSubj+0SgObj']}, {'word_form': 'ji-baateg', 'fst_analyses': ['PVTense/daa+baate+VII+Cnj+Pos+Neu+0SgSubj', 'PVTense/ga+baate+VII+Cnj+Pos+Neu+0SgSubj', 'PVTense/daa+baate+VII+Cnj+Pos+Neu+0PlSubj', 'PVTense/ga+baate+VII+Cnj+Pos+Neu+0PlSubj']}, {'word_form': '.', 'fst_analyses': []}]",nj
Gaawesaa. Gaawiin ningii'-mikawaasii.,I failed to find him.,"[{'word_form': 'gaawesaa', 'fst_analyses': ['gaawesaa+PCDisc']}, {'word_form': '.', 'fst_analyses': []}, {'word_form': 'gaawiin', 'fst_analyses': ['gaawiin+ADVNeg']}, {'word_form': ""ningii'-mikawaasii"", 'fst_analyses': [""PVTense/gii'+mikaw+VTA+Ind+Neg+Neu+1SgSubj+3SgProxObj""]}, {'word_form': '.', 'fst_analyses': []}]",nj
Zhaagooj igo inendam wii'-izhichiged.,He's going to go ahead and do it anyway.,"[{'word_form': 'zhaagooj', 'fst_analyses': ['zhaagooj+ADVMan']}, {'word_form': 'igo', 'fst_analyses': ['igo+PCEmph']}, {'word_form': 'inendam', 'fst_analyses': ['inendam+VAI+Ind+Pos+Neu+3SgProxSubj']}, {'word_form': ""wii'-izhichiged"", 'fst_analyses': [""PVTense/wii'+izhichige+VAI+Cnj+Pos+Neu+3SgProxSubj""]}, {'word_form': '.', 'fst_analyses': []}]",nj
Daga baakinan dakaasinjigan onzaam gizhide omaa biindig jibwaa-giiwashkweyaakizod gookomisinaan.,Please turn on the air conditioner because it is hot here inside before grandma gets dizzy from the heat.,"[{'word_form': 'daga', 'fst_analyses': ['daga+PCDisc']}, {'word_form': 'baakinan', 'fst_analyses': ['baakinan+VTI+Imp+Sim+2SgSubj+0PlObj', 'baakinan+VTI+Imp+Sim+2SgSubj+0SgObj']}, {'word_form': 'dakaasinjigan', 'fst_analyses': ['dakaasinjigan+NI+Sg']}, {'word_form': 'onzaam', 'fst_analyses': ['onzaam+ADVQnt']}, {'word_form': 'gizhide', 'fst_analyses': ['gizhide+VII+Ind+Pos+Neu+0SgSubj']}, {'word_form': 'omaa', 'fst_analyses': ['omaa+ADVLoc']}, {'word_form': 'biindig', 'fst_analyses': ['biindig+ADVLoc']}, {'word_form': 'jibwaa-giiwashkweyaakizod', 'fst_analyses': ['PVTense/jibwaa+giiwashkweyaakizo+VAI+Cnj+Pos+Neu+3SgProxSubj']}, {'word_form': 'gookomisinaan', 'fst_analyses': ['ookomis+NAD+ProxSg+InclPoss']}, {'word_form': '.', 'fst_analyses': []}]",nj
Owiipemaan odooshkabinoojiiyensiman.,She sleeps with her new-born baby.,"[{'word_form': 'owiipemaan', 'fst_analyses': ['wiipem+VTA+Ind+Pos+Neu+3SgProxSubj+3SgObvObj', 'wiipem+VTA+Ind+Pos+Neu+3SgProxSubj+3PlObvObj']}, {'word_form': 'odooshkabinoojiiyensiman', 'fst_analyses': []}, {'word_form': '.', 'fst_analyses': []}]",nj
Niwiinitigwaane. Niwii-kiziibiigitigwaane.,My hair is dirty. I'm going to wash it.,"[{'word_form': 'niwiinitigwaane', 'fst_analyses': ['wiinitigwaane+VAI+Ind+Pos+Neu+1SgSubj']}, {'word_form': '.', 'fst_analyses': []}, {'word_form': 'niwii-kiziibiigitigwaane', 'fst_analyses': ['PVTense/wii+giziibiigitigwaane+VAI+Ind+Pos+Neu+1SgSubj']}, {'word_form': '.', 'fst_analyses': []}]",nj
Ogii'-ondamiikawaan odoodaabaanan gaa-onji-bezikaad zhebaa ningozis.,My son was busy working on his car and that's why he got here late this morning.,"[{'word_form': ""ogii'-ondamiikawaan"", 'fst_analyses': [""PVTense/gii'+ondamiikaw+VTA+Ind+Pos+Neu+3SgProxSubj+3SgObvObj"", ""PVTense/gii'+ondamiikaw+VTA+Ind+Pos+Neu+3SgProxSubj+3PlObvObj""]}, {'word_form': 'odoodaabaanan', 'fst_analyses': ['odaabaan+NI+Pl+3SgProxPoss', 'odaabaan+NA+ObvPl+3SgProxPoss', 'odaabaan+NA+ObvSg+3SgProxPoss']}, {'word_form': 'gaa-onji-bezikaad', 'fst_analyses': ['PVSub/gaa+PVRel/onji+bezikaa+VAI+Cnj+Pos+Neu+3SgProxSubj', 'PVTense/gii+PVRel/onji+bezikaa+VAI+Pcp+Pos+Neu+3SgProxSubj+3SgProxHead']}, {'word_form': 'zhebaa', 'fst_analyses': ['zhebaa+ADVTmp']}, {'word_form': 'ningozis', 'fst_analyses': ['gozis+NAD+ProxSg+1SgPoss']}, {'word_form': '.', 'fst_analyses': []}]",nj
Agwanaateng odizhi-andawaabandaan waa-tanawinzod.,He's looking for shade where he can pick berries.,"[{'word_form': 'agwanaateng', 'fst_analyses': []}, {'word_form': 'odizhi-andawaabandaan', 'fst_analyses': ['PVRel/izhi+andawaabandan+VTI+Ind+Pos+Neu+3SgProxSubj+0SgObj']}, {'word_form': 'waa-tanawinzod', 'fst_analyses': ['PVTense/wii+danawinzo+VAI+Pcp+Pos+Neu+3SgProxSubj+3SgProxHead']}, {'word_form': '.', 'fst_analyses': []}]",nj
Wiinge gosha naa ginoondesemin wiisiniwin. Gidaa-gii'-maa'ishkam ji-andawaabandaman ge-miijiyang.,Well we ran right out of food. You should have gone shopping to look for what we could eat.,"[{'word_form': 'wiinge', 'fst_analyses': ['wiinge+ADVDeg']}, {'word_form': 'gosha', 'fst_analyses': ['gosha+PCEmph']}, {'word_form': 'naa', 'fst_analyses': ['naa+PCEmph']}, {'word_form': 'ginoondesemin', 'fst_analyses': ['noondese+VAI+Ind+Pos+Neu+InclSubj']}, {'word_form': 'wiisiniwin', 'fst_analyses': ['wiisiniwin+NI+Sg']}, {'word_form': '.', 'fst_analyses': []}, {'word_form': ""gidaa-gii'-maa'ishkam"", 'fst_analyses': [""PVTense/daa+PVTense/gii'+maa'ishkam+VAI+Ind+Pos+Neu+2SgSubj""]}, {'word_form': 'ji-andawaabandaman', 'fst_analyses': ['PVTense/daa+andawaabandan+VTI+Cnj+Pos+Neu+2SgSubj+0PlObj', 'PVTense/ga+andawaabandan+VTI+Cnj+Pos+Neu+2SgSubj+0PlObj', 'PVTense/daa+andawaabandan+VTI+Cnj+Pos+Neu+2SgSubj+0SgObj', 'PVTense/ga+andawaabandan+VTI+Cnj+Pos+Neu+2SgSubj+0SgObj']}, {'word_form': 'ge-miijiyang', 'fst_analyses': []}, {'word_form': '.', 'fst_analyses': []}]",nj
Naazibiidaa. Nibi andawaabandandaa.,Let's go down to the shore and get some water.,"[{'word_form': 'naazibiidaa', 'fst_analyses': ['naazibii+VAI+Imp+Del+InclSubj', 'naazibii+VAI+Imp+Sim+InclSubj']}, {'word_form': '.', 'fst_analyses': []}, {'word_form': 'nibi', 'fst_analyses': ['nibi+NI+Sg']}, {'word_form': 'andawaabandandaa', 'fst_analyses': ['andawaabandan+VTI+Imp+Sim+InclSubj+0SgObj']}, {'word_form': '.', 'fst_analyses': []}]",nj
Ogaashiboodoon owewebanaabaan wii'-ando-bagidaabiid.,He's sharpening his hooks to go set a line.,"[{'word_form': 'ogaashiboodoon', 'fst_analyses': ['gaashiboodoon+VTI+Ind+Pos+Neu+3SgProxSubj+0SgObj']}, {'word_form': 'owewebanaabaan', 'fst_analyses': ['wewebanaabaan+NI+Sg+3SgProxPoss']}, {'word_form': ""wii'-ando-bagidaabiid"", 'fst_analyses': [""PVTense/wii'+PVLex/ando+bagidaabii+VAI+Cnj+Pos+Neu+3SgProxSubj""]}, {'word_form': '.', 'fst_analyses': []}]",nj
Biinji-wiish danwewegamitoo amik.,A beaver is heard rippling the water inside the lodge,"[{'word_form': 'biinji-wiish', 'fst_analyses': ['PNLex/biinji+wiish+NI+Sg', 'biinji-wiish+ADVLoc']}, {'word_form': 'danwewegamitoo', 'fst_analyses': ['danwewegamitoo+VAI+Ind+Pos+Neu+3SgProxSubj']}, {'word_form': 'amik', 'fst_analyses': ['amik+NA+ProxSg']}, {'word_form': '.', 'fst_analyses': []}]",nj
Ishpimiing niizh gizhibaayaashiwag migiziwag.,There's two eagles circling up in the sky.,"[{'word_form': 'ishpimiing', 'fst_analyses': ['ishpimiing+ADVLoc']}, {'word_form': 'niizh', 'fst_analyses': ['niizh+NUM']}, {'word_form': 'gizhibaayaashiwag', 'fst_analyses': ['gizhibaayaashi+VAI+Ind+Pos+Neu+3PlProxSubj']}, {'word_form': 'migiziwag', 'fst_analyses': ['migizi+NA+ProxPl']}, {'word_form': '.', 'fst_analyses': []}]",nj
Onzaam agaasizigwaa mashkikiins. Gaawiin ninde-wiisinishkaagosiin.,That piece of candy is too small. It  doesn't fill me up.,"[{'word_form': 'onzaam', 'fst_analyses': ['onzaam+ADVQnt']}, {'word_form': 'agaasizigwaa', 'fst_analyses': []}, {'word_form': 'mashkikiins', 'fst_analyses': ['mashkikiins+NI+Sg', 'mashkiki+NI+Dim+Sg']}, {'word_form': '.', 'fst_analyses': []}, {'word_form': 'gaawiin', 'fst_analyses': ['gaawiin+ADVNeg']}, {'word_form': 'ninde-wiisinishkaagosiin', 'fst_analyses': []}, {'word_form': '.', 'fst_analyses': []}]",nj
Omakamaan omashkikiinsimini ojiimensan jibwaa-bakwenishkaagonid.,She took away her little sister's candy before she choked on it.,"[{'word_form': 'omakamaan', 'fst_analyses': ['makam+VTA+Ind+Pos+Neu+3SgProxSubj+3SgObvObj', 'makam+VTA+Ind+Pos+Neu+3SgProxSubj+3PlObvObj']}, {'word_form': 'omashkikiinsimini', 'fst_analyses': ['mashkiki+NI+Dim+Poss+Sg+3PlObvPoss', 'mashkiki+NI+Dim+Poss+Sg+3SgObvPoss', 'mashkiki+NI+Dim+Poss+Pl+3PlObvPoss', 'mashkiki+NI+Dim+Poss+Pl+3SgObvPoss', 'mashkikiins+NI+Poss+Sg+3PlObvPoss', 'mashkikiins+NI+Poss+Sg+3SgObvPoss', 'mashkikiins+NI+Poss+Pl+3PlObvPoss', 'mashkikiins+NI+Poss+Pl+3SgObvPoss']}, {'word_form': 'ojiimensan', 'fst_analyses': []}, {'word_form': 'jibwaa-bakwenishkaagonid', 'fst_analyses': ['PVTense/jibwaa+bakwenishkaago+VAI+Cnj+Pos+Neu+3PlObvSubj', 'PVTense/jibwaa+bakwenishkaago+VAI+Cnj+Pos+Neu+3SgObvSubj']}, {'word_form': '.', 'fst_analyses': []}]",nj
Ogidaakiiwe waa'-onzaabandang mashi ji-gashkadininig zaaga'igan.,She looked from the top of the hill to the top to check out if the lake was frozen over yet.,"[{'word_form': 'ogidaakiiwe', 'fst_analyses': ['ogidaakiiwe+VAI+Ind+Pos+Neu+3SgProxSubj']}, {'word_form': ""waa'-onzaabandang"", 'fst_analyses': []}, {'word_form': 'mashi', 'fst_analyses': ['mashi+ADVTmp']}, {'word_form': 'ji-gashkadininig', 'fst_analyses': ['PVTense/daa+gashkadin+VII+Cnj+Pos+Neu+0PlObvSubj', 'PVTense/ga+gashkadin+VII+Cnj+Pos+Neu+0PlObvSubj', 'PVTense/daa+gashkadin+VII+Cnj+Pos+Neu+0SgObvSubj', 'PVTense/ga+gashkadin+VII+Cnj+Pos+Neu+0SgObvSubj']}, {'word_form': ""zaaga'igan"", 'fst_analyses': [""zaaga'igan+NI+Sg""]}, {'word_form': '.', 'fst_analyses': []}]",nj
Bekaa gaagiigidon. Giga-amajimaa gimishoomis gaa-nibaad.,Don't talk too loud. You'll wake grandpa who's sleeping.,"[{'word_form': 'bekaa', 'fst_analyses': ['bekaa+ADVMan']}, {'word_form': 'gaagiigidon', 'fst_analyses': ['gaagiigido+VAI+Imp+Sim+2SgSubj']}, {'word_form': '.', 'fst_analyses': []}, {'word_form': 'giga-amajimaa', 'fst_analyses': ['PVTense/ga+amajim+VTA+Ind+Pos+Neu+2SgSubj+3SgProxObj']}, {'word_form': 'gimishoomis', 'fst_analyses': ['mishoomis+NAD+ProxSg+2SgPoss']}, {'word_form': 'gaa-nibaad', 'fst_analyses': ['PVSub/gaa+nibaa+VAI+Cnj+Pos+Neu+3SgProxSubj', 'PVTense/gii+nibaa+VAI+Pcp+Pos+Neu+3SgProxSubj+3SgProxHead']}, {'word_form': '.', 'fst_analyses': []}]",nj
Agwaashim giigoonyag gii-ishkwaa-naadasabiiyan.,Take the fish off the water after you have checked the net.,"[{'word_form': 'agwaashim', 'fst_analyses': ['agwaashim+VTA+Imp+Sim+2SgSubj+3SgProxObj', 'agwaashim+VTA+Imp+Sim+2SgSubj+3PlProxObj']}, {'word_form': 'giigoonyag', 'fst_analyses': ['giigoonh+NA+ProxPl']}, {'word_form': 'gii-ishkwaa-naadasabiiyan', 'fst_analyses': ['PVTense/gii+PVLex/ishkwaa+naadasabii+VAI+Cnj+Pos+Neu+2SgSubj']}, {'word_form': '.', 'fst_analyses': []}]",nj
Bazangwaabishin. Ganabaj nibaa.,He's lying there with his eyes closed. I think he's sleeping.,"[{'word_form': 'bazangwaabishin', 'fst_analyses': ['bazangwaabishin+VAI+Ind+Pos+Neu+3SgProxSubj']}, {'word_form': '.', 'fst_analyses': []}, {'word_form': 'ganabaj', 'fst_analyses': ['ganabaj+ADVMan']}, {'word_form': 'nibaa', 'fst_analyses': ['nibaa+VAI+Ind+Pos+Neu+3SgProxSubj']}, {'word_form': '.', 'fst_analyses': []}]",nj
Gonige aabawaadog.,I wonder if it's warm out.,"[{'word_form': 'gonige', 'fst_analyses': ['gonige+ADVPred']}, {'word_form': 'aabawaadog', 'fst_analyses': ['aabawaa+VII+Ind+Pos+Dub+0SgSubj']}, {'word_form': '.', 'fst_analyses': []}]",nj
Ogiji-waakaa'igan gii'-ondagoojin.,He fell off the roof.,"[{'word_form': ""ogiji-waakaa'igan"", 'fst_analyses': [""PNLex/ogiji+waakaa'igan+NI+Sg"", ""ogiji-waakaa'igan+ADVLoc""]}, {'word_form': ""gii'-ondagoojin"", 'fst_analyses': [""PVTense/gii'+ondagoojin+VAI+Ind+Pos+Neu+3SgProxSubj""]}, {'word_form': '.', 'fst_analyses': []}]",nj
Awenen dinowa bineshiinh gaa-noondaagozid?,What kind of bird is calling?,"[{'word_form': 'awenen', 'fst_analyses': ['awenen+PRONInter+NA+ProxSg']}, {'word_form': 'dinowa', 'fst_analyses': ['dinowa+PRONSim+NI+Sg', 'dinowa+PRONSim+NA+ProxSg']}, {'word_form': 'bineshiinh', 'fst_analyses': ['bineshiinh+NA+ProxSg']}, {'word_form': 'gaa-noondaagozid', 'fst_analyses': ['PVSub/gaa+noondaagozi+VAI+Cnj+Pos+Neu+3SgProxSubj', 'PVTense/gii+noondaagozi+VAI+Pcp+Pos+Neu+3SgProxSubj+3SgProxHead']}, {'word_form': '?', 'fst_analyses': []}]",nj
Awenen dinowa bineshiinh?,What kind of bird is it?,"[{'word_form': 'awenen', 'fst_analyses': ['awenen+PRONInter+NA+ProxSg']}, {'word_form': 'dinowa', 'fst_analyses': ['dinowa+PRONSim+NI+Sg', 'dinowa+PRONSim+NA+ProxSg']}, {'word_form': 'bineshiinh', 'fst_analyses': ['bineshiinh+NA+ProxSg']}, {'word_form': '?', 'fst_analyses': []}]",nj
Akwaandawaadan bineshiinh-wazisonens wii'-waabamadwaa bineshiinyensag.,Climb up to the bird's nest to see the baby birds.,"[{'word_form': 'akwaandawaadan', 'fst_analyses': ['akwaandawaadan+VTI+Imp+Sim+2SgSubj+0PlObj', 'akwaandawaadan+VTI+Imp+Sim+2SgSubj+0SgObj']}, {'word_form': 'bineshiinh-wazisonens', 'fst_analyses': []}, {'word_form': ""wii'-waabamadwaa"", 'fst_analyses': [""PVTense/wii'+waabam+VTA+Cnj+Pos+Neu+2SgSubj+3PlProxObj""]}, {'word_form': 'bineshiinyensag', 'fst_analyses': ['bineshiinh+NA+Dim+ProxPl']}, {'word_form': '.', 'fst_analyses': []}]",nj
Gigii'-ningisidamawin wiiyaas gaa-gii'-anoozhiyan.,I thawed out the meat like you asked me to.,"[{'word_form': ""gigii'-ningisidamawin"", 'fst_analyses': [""PVTense/gii'+ningisidamaw+VTA+Ind+Pos+Neu+1SgSubj+2SgObj""]}, {'word_form': 'wiiyaas', 'fst_analyses': ['wiiyaas+NI+Sg', 'iiyaas+NID+Sg+3SgProxPoss']}, {'word_form': ""gaa-gii'-anoozhiyan"", 'fst_analyses': [""PVSub/gaa+PVTense/gii'+anoozh+VTA+Cnj+Pos+Neu+2SgSubj+1SgObj""]}, {'word_form': '.', 'fst_analyses': []}]",nj
Wawiyazh ayinaajimo akiwenzii.,The old man is telling funny stories.,"[{'word_form': 'wawiyazh', 'fst_analyses': ['wawiyazh+ADVMan']}, {'word_form': 'ayinaajimo', 'fst_analyses': ['ayinaajimo+VAI+Ind+Pos+Neu+3SgProxSubj']}, {'word_form': 'akiwenzii', 'fst_analyses': ['akiwenzii+NA+ProxSg']}, {'word_form': '.', 'fst_analyses': []}]",nj
Odoonji'aan ji-niminaakosinig gii-naniizaanak zaaga'igan.,He tells him not to go out on the ice when it's dangerous.,"[{'word_form': ""odoonji'aan"", 'fst_analyses': [""onji'+VTA+Ind+Pos+Neu+3SgProxSubj+3SgObvObj"", ""onji'+VTA+Ind+Pos+Neu+3SgProxSubj+3PlObvObj""]}, {'word_form': 'ji-niminaakosinig', 'fst_analyses': ['PVTense/daa+niminaako+VAI+Cnj+Neg+Neu+3PlObvSubj', 'PVTense/ga+niminaako+VAI+Cnj+Neg+Neu+3PlObvSubj', 'PVTense/daa+niminaako+VAI+Cnj+Neg+Neu+3SgObvSubj', 'PVTense/ga+niminaako+VAI+Cnj+Neg+Neu+3SgObvSubj']}, {'word_form': 'gii-naniizaanak', 'fst_analyses': ['PVTense/gii+naniizaanad+VII+Cnj+Pos+Neu+0SgSubj', 'PVTense/gii+naniizaanad+VII+Cnj+Pos+Neu+0PlSubj']}, {'word_form': ""zaaga'igan"", 'fst_analyses': [""zaaga'igan+NI+Sg""]}, {'word_form': '.', 'fst_analyses': []}]",nj
Onaazibiibizo'aan amikwan wii-pakobiiwebinaad.,He drives the beaver (carcass) down to the water to throw it in.,"[{'word_form': ""onaazibiibizo'aan"", 'fst_analyses': [""naazibiibizo'+VTA+Ind+Pos+Neu+3SgProxSubj+3SgObvObj"", ""naazibiibizo'+VTA+Ind+Pos+Neu+3SgProxSubj+3PlObvObj""]}, {'word_form': 'amikwan', 'fst_analyses': ['amik+NA+ObvPl', 'amik+NA+ObvSg']}, {'word_form': 'wii-pakobiiwebinaad', 'fst_analyses': ['PVTense/wii+bakobiiwebin+VTA+Cnj+Pos+Neu+3SgProxSubj+3SgObvObj', 'PVTense/wii+bakobiiwebin+VTA+Cnj+Pos+Neu+3SgProxSubj+3PlObvObj']}, {'word_form': '.', 'fst_analyses': []}]",nj
Niwii'-agwinjidoon nindabwewin ji-nookagwindeg gaa-gii-kabaachigaadeg imaa nindabwewining.,I'm going to soak my frying pan so what was boiled in it (oatmeal) will soften up.,"[{'word_form': ""niwii'-agwinjidoon"", 'fst_analyses': [""PVTense/wii'+agwinjidoon+VTI+Ind+Pos+Neu+1SgSubj+0SgObj""]}, {'word_form': 'nindabwewin', 'fst_analyses': ['abwewin+NI+Sg+1SgPoss']}, {'word_form': 'ji-nookagwindeg', 'fst_analyses': ['PVTense/daa+nookagwinde+VII+Cnj+Pos+Neu+0SgSubj', 'PVTense/ga+nookagwinde+VII+Cnj+Pos+Neu+0SgSubj', 'PVTense/daa+nookagwinde+VII+Cnj+Pos+Neu+0PlSubj', 'PVTense/ga+nookagwinde+VII+Cnj+Pos+Neu+0PlSubj']}, {'word_form': 'gaa-gii-kabaachigaadeg', 'fst_analyses': ['PVSub/gaa+PVTense/gii+gabaachigaade+VII+Cnj+Pos+Neu+0SgSubj', 'PVSub/gaa+PVTense/gii+gabaachigaade+VII+Cnj+Pos+Neu+0PlSubj', 'PVTense/gii+PVTense/gii+gabaachigaade+VII+Pcp+Pos+Neu+0SgSubj+0SgHead']}, {'word_form': 'imaa', 'fst_analyses': ['imaa+ADVLoc']}, {'word_form': 'nindabwewining', 'fst_analyses': ['abwewin+NI+Loc+1SgPoss']}, {'word_form': '.', 'fst_analyses': []}]",nj
Eyiidawininj ogigishkaanan didibininjiibizonan.,She's wearing rings on both hands.,"[{'word_form': 'eyiidawininj', 'fst_analyses': ['eyiidawininj+ADVLoc']}, {'word_form': 'ogigishkaanan', 'fst_analyses': ['gigishkan+VTI+Ind+Pos+Neu+3PlObvSubj+0PlObj', 'gigishkan+VTI+Ind+Pos+Neu+3SgObvSubj+0PlObj', 'gigishkan+VTI+Ind+Pos+Neu+3SgProxSubj+0PlObj']}, {'word_form': 'didibininjiibizonan', 'fst_analyses': ['didibininjiibizon+NI+Pl']}, {'word_form': '.', 'fst_analyses': []}]",nj
Owe akooshkinatoon.,Fill it this high.,"[{'word_form': 'owe', 'fst_analyses': ['owe+PRONDem+NI+Sg']}, {'word_form': 'akooshkinatoon', 'fst_analyses': ['akooshkinatoon+VTI+Imp+Sim+2SgSubj+0PlObj', 'akooshkinatoon+VTI+Imp+Sim+2SgSubj+0SgObj']}, {'word_form': '.', 'fst_analyses': []}]",nj
Aaniin gaa'-akooshkinatooyan gijiimaan gii-naawakweg gii-bawa'aman.,How much rice did you have in your canoe by noon?,"[{'word_form': 'aaniin', 'fst_analyses': ['aaniin+PCInterj', 'aaniin+ADVInter']}, {'word_form': ""gaa'-akooshkinatooyan"", 'fst_analyses': []}, {'word_form': 'gijiimaan', 'fst_analyses': ['jiimaan+NI+Sg+2SgPoss']}, {'word_form': 'gii-naawakweg', 'fst_analyses': ['PVTense/gii+naawakwe+VII+Cnj+Pos+Neu+0SgSubj', 'PVTense/gii+naawakwe+VII+Cnj+Pos+Neu+0PlSubj']}, {'word_form': ""gii-bawa'aman"", 'fst_analyses': [""PVTense/gii+bawa'am+VAI+Cnj+Pos+Neu+2SgSubj"", ""PVTense/gii+bawa'an+VTI+Cnj+Pos+Neu+2SgSubj+0PlObj"", ""PVTense/gii+bawa'an+VTI+Cnj+Pos+Neu+2SgSubj+0SgObj""]}, {'word_form': '.', 'fst_analyses': []}]",nj
Aanii zhigwa epiitading. Mii na 'i zhigwa ji-gii-pimaadagaakoyangoban.,How thick is the ice now? Can we walk on it now?,"[{'word_form': 'aanii', 'fst_analyses': []}, {'word_form': 'zhigwa', 'fst_analyses': ['zhigwa+ADVTmp']}, {'word_form': 'epiitading', 'fst_analyses': ['apiitadin+VII+Pcp+Pos+Neu+0SgSubj+0SgHead']}, {'word_form': '.', 'fst_analyses': []}, {'word_form': 'mii', 'fst_analyses': ['mii+ADVPred']}, {'word_form': 'na', 'fst_analyses': ['na+PCDisc']}, {'word_form': ""'i"", 'fst_analyses': [""'i+PRONDem+NI+Sg""]}, {'word_form': 'zhigwa', 'fst_analyses': ['zhigwa+ADVTmp']}, {'word_form': 'ji-gii-pimaadagaakoyangoban', 'fst_analyses': ['PVTense/daa+PVTense/gii+bimaadagaako+VAI+Cnj+Pos+Prt+InclSubj', 'PVTense/ga+PVTense/gii+bimaadagaako+VAI+Cnj+Pos+Prt+InclSubj']}, {'word_form': '.', 'fst_analyses': []}]",nj
Maagwapidoon gigashkiiwegidaabaan.,Tie down your sled wrapper.,"[{'word_form': 'maagwapidoon', 'fst_analyses': ['maagwapidoon+VTI+Imp+Sim+2SgSubj+0PlObj', 'maagwapidoon+VTI+Imp+Sim+2SgSubj+0SgObj']}, {'word_form': 'gigashkiiwegidaabaan', 'fst_analyses': ['gashkiiwegidaabaan+NI+Sg+2SgPoss']}, {'word_form': '.', 'fst_analyses': []}]",nj
Ogiji-nibewin daningwaamo bizhiins.,A cat is sleeping on the bed.,"[{'word_form': 'ogiji-nibewin', 'fst_analyses': ['PNLex/ogiji+nibewin+NI+Sg', 'ogiji-nibewin+ADVLoc']}, {'word_form': 'daningwaamo', 'fst_analyses': ['daningwaamo+VAI+Ind+Pos+Neu+3SgProxSubj']}, {'word_form': 'bizhiins', 'fst_analyses': ['bizhiw+NA+Dim+ProxSg', 'bizhiins+NA+ProxSg']}, {'word_form': '.', 'fst_analyses': []}]",nj
Bagamaashiwag aandegwag gii-zhaawani-nooding.,The crows arrive when there's a south wind.,"[{'word_form': 'bagamaashiwag', 'fst_analyses': ['bagamaashi+VAI+Ind+Pos+Neu+3PlProxSubj']}, {'word_form': 'aandegwag', 'fst_analyses': ['aandeg+NA+ProxPl']}, {'word_form': 'gii-zhaawani-nooding', 'fst_analyses': ['PVTense/gii+zhaawani-noodin+VII+Cnj+Pos+Neu+0SgSubj', 'PVTense/gii+PVLex/zhaawani+noodin+VII+Cnj+Pos+Neu+0SgSubj', 'PVTense/gii+zhaawani-noodin+VII+Cnj+Pos+Neu+0PlSubj', 'PVTense/gii+PVLex/zhaawani+noodin+VII+Cnj+Pos+Neu+0PlSubj']}, {'word_form': '.', 'fst_analyses': []}]",nj
Bebangii gii'-miinaawag manoomin dagwaagong.,They each got a little rice last fall.,"[{'word_form': 'bebangii', 'fst_analyses': ['bebangii+ADVQnt']}, {'word_form': ""gii'-miinaawag"", 'fst_analyses': [""PVTense/gii'+miizh+VTA+Ind+Pos+Neu+XSubj+3PlProxObj""]}, {'word_form': 'manoomin', 'fst_analyses': ['manoomin+NI+Sg']}, {'word_form': 'dagwaagong', 'fst_analyses': ['dagwaagong+ADVTmp']}, {'word_form': '.', 'fst_analyses': []}]",nj
Bebangii eta gii'-ashamaawag gii-ando-wiisiniwaad iwidi gaa-dazhi-ashanding.,They each got feed only a little when they went to eat at the food shelter.,"[{'word_form': 'bebangii', 'fst_analyses': ['bebangii+ADVQnt']}, {'word_form': 'eta', 'fst_analyses': ['eta+ADVDeg']}, {'word_form': ""gii'-ashamaawag"", 'fst_analyses': [""PVTense/gii'+asham+VTA+Ind+Pos+Neu+XSubj+3PlProxObj""]}, {'word_form': 'gii-ando-wiisiniwaad', 'fst_analyses': ['PVTense/gii+PVLex/ando+wiisini+VAI+Cnj+Pos+Neu+3PlProxSubj']}, {'word_form': 'iwidi', 'fst_analyses': ['iwidi+ADVLoc']}, {'word_form': 'gaa-dazhi-ashanding', 'fst_analyses': ['PVSub/gaa+PVRel/dazhi+ashandiwag+VAI+Cnj+Pos+Neu+XSubj+XObj', 'PVSub/gaa+PVRel/dazhi+asham+VTA+Recip/di+VAI+Cnj+Pos+Neu+XSubj+XObj']}, {'word_form': '.', 'fst_analyses': []}]",nj
Bebangii eta go.,Only a little.,"[{'word_form': 'bebangii', 'fst_analyses': ['bebangii+ADVQnt']}, {'word_form': 'eta', 'fst_analyses': ['eta+ADVDeg']}, {'word_form': 'go', 'fst_analyses': ['go+PCDisc']}, {'word_form': '.', 'fst_analyses': []}]",nj
Wiisagitaagozi gaazhagens gii-agozideshkawag.,The cat squeaked when I step on its paw.,"[{'word_form': 'wiisagitaagozi', 'fst_analyses': ['wiisagitaagozi+VAI+Ind+Pos+Neu+3SgProxSubj']}, {'word_form': 'gaazhagens', 'fst_analyses': ['gaazhagens+NA+ProxSg']}, {'word_form': 'gii-agozideshkawag', 'fst_analyses': ['PVTense/gii+agozideshkaw+VTA+Cnj+Pos+Neu+1SgSubj+3SgProxObj']}, {'word_form': '.', 'fst_analyses': []}]",nj
Bezhig ishkwaandem ningii'-andodamaagen gii-biigonigaadeg gete-waakaa'igan.,I've asked for one of the doors of the old house they're tearing down.,"[{'word_form': 'bezhig', 'fst_analyses': ['bezhig+NUM']}, {'word_form': 'ishkwaandem', 'fst_analyses': ['ishkwaandem+NI+Sg']}, {'word_form': ""ningii'-andodamaagen"", 'fst_analyses': [""PVTense/gii'+andodamaagen+VAIO+Ind+Pos+Neu+1SgSubj+0SgObj""]}, {'word_form': 'gii-biigonigaadeg', 'fst_analyses': ['PVTense/gii+biigonigaade+VII+Cnj+Pos+Neu+0SgSubj', 'PVTense/gii+biigonigaade+VII+Cnj+Pos+Neu+0PlSubj']}, {'word_form': ""gete-waakaa'igan"", 'fst_analyses': [""PNLex/gete+waakaa'igan+NI+Sg""]}, {'word_form': '.', 'fst_analyses': []}]",nj
Gagwejiiwaazoowinini wa'awe gaa-dagoshing. Niibiwa daso-biboon gii-kagwejiiwaazo.,This is the wrestler that just got home. He's been wrestling for years.,"[{'word_form': 'gagwejiiwaazoowinini', 'fst_analyses': ['gagwejiiwaazoowinini+NA+ProxSg']}, {'word_form': ""wa'awe"", 'fst_analyses': [""wa'awe+PRONDem+NA+ProxSg""]}, {'word_form': 'gaa-dagoshing', 'fst_analyses': ['PVSub/gaa+dagoshin+VAI+Cnj+Pos+Neu+3SgProxSubj', 'PVTense/gii+dagoshin+VAI+Pcp+Pos+Neu+3SgProxSubj+3SgProxHead']}, {'word_form': '.', 'fst_analyses': []}, {'word_form': 'niibiwa', 'fst_analyses': ['niibiwa+ADVQnt']}, {'word_form': 'daso-biboon', 'fst_analyses': ['PVRel/daso+biboon+VII+Ind+Pos+Neu+0SgSubj', 'daso-biboon+NUM']}, {'word_form': 'gii-kagwejiiwaazo', 'fst_analyses': ['PVTense/gii+gagwejiiwaazo+VAI+Ind+Pos+Neu+3SgProxSubj']}, {'word_form': '.', 'fst_analyses': []}]",nj
Waasa noopimiing odoondaawanaawaa' asinii' gaa-madoodiswaagewaad.,They hauled stones from way off in the woods to use for the sweat lodge.,"[{'word_form': 'waasa', 'fst_analyses': ['waasa+ADVLoc']}, {'word_form': 'noopimiing', 'fst_analyses': ['noopimiing+ADVLoc']}, {'word_form': ""odoondaawanaawaa'"", 'fst_analyses': ['ondaawazh+VTA+Ind+Pos+Neu+3PlProxSubj+3PlObvObj']}, {'word_form': ""asinii'"", 'fst_analyses': ['asin+NA+ObvPl']}, {'word_form': 'gaa-madoodiswaagewaad', 'fst_analyses': ['PVSub/gaa+madoodiswaagen+VAIO+Cnj+Pos+Neu+3PlProxSubj+0PlObj', 'PVSub/gaa+madoodiswaagen+VAIO+Cnj+Pos+Neu+3PlProxSubj+0SgObj', 'PVSub/gaa+madoodiswaagen+VAIO+Cnj+Pos+Neu+3PlProxSubj+3SgObvObj', 'PVSub/gaa+madoodiswaagen+VAIO+Cnj+Pos+Neu+3PlProxSubj+3PlObvObj', 'PVSub/gaa+madoodiswaagen+VAIO+Cnj+Pos+Neu+3PlProxSubj']}, {'word_form': '.', 'fst_analyses': []}]",nj
Aandi wenjiiyan.,Where are you from?,"[{'word_form': 'aandi', 'fst_analyses': ['aandi+ADVInter']}, {'word_form': 'wenjiiyan', 'fst_analyses': []}, {'word_form': '.', 'fst_analyses': []}]",nj
Aandi wiin wenjiid.,Where is she from?,"[{'word_form': 'aandi', 'fst_analyses': ['aandi+ADVInter']}, {'word_form': 'wiin', 'fst_analyses': ['wiin+PRONPer+NA+3Sg']}, {'word_form': 'wenjiid', 'fst_analyses': ['onjii+VAI+Pcp+Pos+Neu+3SgProxSubj+3SgProxHead']}, {'word_form': '.', 'fst_analyses': []}]",nj
Miziwe onjiiwag ogowe anishinaabeg gaa-zhooshkwaada'ewaad.,These Indian hockey players come from all over.,"[{'word_form': 'miziwe', 'fst_analyses': ['miziwe+ADVLoc']}, {'word_form': 'onjiiwag', 'fst_analyses': ['onjii+VAI+Ind+Pos+Neu+3PlProxSubj']}, {'word_form': 'ogowe', 'fst_analyses': ['ogowe+PRONDem+NA+ProxPl']}, {'word_form': 'anishinaabeg', 'fst_analyses': ['anishinaabe+NA+ProxPl']}, {'word_form': ""gaa-zhooshkwaada'ewaad"", 'fst_analyses': [""PVSub/gaa+zhooshkwaada'e+VAI+Cnj+Pos+Neu+3PlProxSubj""]}, {'word_form': '.', 'fst_analyses': []}]",nj
I'imaa gaa-onjiiyaan apane go anishinaabemowag.,Where I come from they always speak the Native language.,"[{'word_form': ""i'imaa"", 'fst_analyses': [""i'imaa+ADVLoc""]}, {'word_form': 'gaa-onjiiyaan', 'fst_analyses': ['PVSub/gaa+onjii+VAI+Cnj+Pos+Neu+1SgSubj']}, {'word_form': 'apane', 'fst_analyses': ['apane+ADVTmp']}, {'word_form': 'go', 'fst_analyses': ['go+PCDisc']}, {'word_form': 'anishinaabemowag', 'fst_analyses': ['anishinaabemo+VAI+Ind+Pos+Neu+3PlProxSubj']}, {'word_form': '.', 'fst_analyses': []}]",nj
Agaami-zaaga'igan debwewenjige amik.,A beaver can be heard chewing from across the lake.,"[{'word_form': ""agaami-zaaga'igan"", 'fst_analyses': [""PNLex/agaami+zaaga'igan+NI+Sg"", ""agaami-zaaga'igan+ADVLoc""]}, {'word_form': 'debwewenjige', 'fst_analyses': ['debwewenjige+VAI+Ind+Pos+Neu+3SgProxSubj']}, {'word_form': 'amik', 'fst_analyses': ['amik+NA+ProxSg']}, {'word_form': '.', 'fst_analyses': []}]",nj
Wawiyazhinaagozi gaa-apani'od gaa-niimid.,He looks cute the way he dances.,"[{'word_form': 'wawiyazhinaagozi', 'fst_analyses': ['wawiyazhinaagozi+VAI+Ind+Pos+Neu+3SgProxSubj']}, {'word_form': ""gaa-apani'od"", 'fst_analyses': [""PVSub/gaa+apani'o+VAI+Cnj+Pos+Neu+3SgProxSubj"", ""PVTense/gii+apani'o+VAI+Pcp+Pos+Neu+3SgProxSubj+3SgProxHead""]}, {'word_form': 'gaa-niimid', 'fst_analyses': ['PVSub/gaa+niimi+VAI+Cnj+Pos+Neu+3SgProxSubj', 'PVTense/gii+niimi+VAI+Pcp+Pos+Neu+3SgProxSubj+3SgProxHead']}, {'word_form': '.', 'fst_analyses': []}]",nj
Wiinitwaa gaa-bezhigooged akiwenzii. Gaawiin nitaa-biinichigesii.,The old bachelor has a dirty house. He doesn't know how to keep it clean.,"[{'word_form': 'wiinitwaa', 'fst_analyses': ['wiinitwaa+VAI+Ind+Pos+Neu+3SgProxSubj']}, {'word_form': 'gaa-bezhigooged', 'fst_analyses': ['PVSub/gaa+bezhigooge+VAI+Cnj+Pos+Neu+3SgProxSubj', 'PVTense/gii+bezhigooge+VAI+Pcp+Pos+Neu+3SgProxSubj+3SgProxHead']}, {'word_form': 'akiwenzii', 'fst_analyses': ['akiwenzii+NA+ProxSg']}, {'word_form': '.', 'fst_analyses': []}, {'word_form': 'gaawiin', 'fst_analyses': ['gaawiin+ADVNeg']}, {'word_form': 'nitaa-biinichigesii', 'fst_analyses': ['PVLex/nitaa+biinichige+VAI+Ind+Neg+Neu+3SgProxSubj']}, {'word_form': '.', 'fst_analyses': []}]",nj
Babigozigwaa gii-ziigwang. Gaawiin gidaa-zhooshkwaada'esii.,The ice is rough in the spring. You shouldn't skate on it.,"[{'word_form': 'babigozigwaa', 'fst_analyses': ['babigozigwaa+VII+Ind+Pos+Neu+0SgSubj']}, {'word_form': 'gii-ziigwang', 'fst_analyses': ['PVTense/gii+ziigwan+VII+Cnj+Pos+Neu+0SgSubj', 'PVTense/gii+ziigwan+VII+Cnj+Pos+Neu+0PlSubj']}, {'word_form': '.', 'fst_analyses': []}, {'word_form': 'gaawiin', 'fst_analyses': ['gaawiin+ADVNeg']}, {'word_form': ""gidaa-zhooshkwaada'esii"", 'fst_analyses': [""PVTense/daa+zhooshkwaada'e+VAI+Ind+Neg+Neu+2SgSubj""]}, {'word_form': '.', 'fst_analyses': []}]",nj
Aapiji ozaagi'aan ookomisan.,She really loves her grandma.,"[{'word_form': 'aapiji', 'fst_analyses': ['aapiji+ADVDeg']}, {'word_form': ""ozaagi'aan"", 'fst_analyses': [""zaagi'+VTA+Ind+Pos+Neu+3SgProxSubj+3SgObvObj"", ""zaagi'+VTA+Ind+Pos+Neu+3SgProxSubj+3PlObvObj""]}, {'word_form': 'ookomisan', 'fst_analyses': ['ookomis+NAD+ObvPl+3SgProxPoss', 'ookomis+NAD+ObvSg+3SgProxPoss']}, {'word_form': '.', 'fst_analyses': []}]",nj
Gaawiin aapiji noodinzinoon.,It's not very windy.,"[{'word_form': 'gaawiin', 'fst_analyses': ['gaawiin+ADVNeg']}, {'word_form': 'aapiji', 'fst_analyses': ['aapiji+ADVDeg']}, {'word_form': 'noodinzinoon', 'fst_analyses': ['noodin+VII+Ind+Neg+Neu+0PlSubj', 'noodin+VII+Ind+Neg+Neu+0SgSubj']}, {'word_form': '.', 'fst_analyses': []}]",nj
Odoozhijiishkiwaginaan obakwezhiganikaanan wii-kiizizwaad.,She is shaping the bannock to cook.,"[{'word_form': 'odoozhijiishkiwaginaan', 'fst_analyses': ['ozhijiishkiwagin+VTA+Ind+Pos+Neu+3SgProxSubj+3SgObvObj', 'ozhijiishkiwagin+VTA+Ind+Pos+Neu+3SgProxSubj+3PlObvObj']}, {'word_form': 'obakwezhiganikaanan', 'fst_analyses': ['bakwezhiganikaan+NA+ObvPl+3SgProxPoss', 'bakwezhiganikaan+NA+ObvSg+3SgProxPoss']}, {'word_form': 'wii-kiizizwaad', 'fst_analyses': ['PVTense/wii+giiziz+VTA+Cnj+Pos+Neu+3SgProxSubj+3SgObvObj', 'PVTense/wii+giiziz+VTA+Cnj+Pos+Neu+3SgProxSubj+3PlObvObj']}, {'word_form': '.', 'fst_analyses': []}]",nj
Aandi endanagoodooyan.,Where are you setting your snares?,"[{'word_form': 'aandi', 'fst_analyses': ['aandi+ADVInter']}, {'word_form': 'endanagoodooyan', 'fst_analyses': []}, {'word_form': '.', 'fst_analyses': []}]",nj
Wiisaganaamozo gaa-gii-saagijibinind gii-zakideg waakaa'igan.,She is suffering from smoke inhalation having been pulled out of the house fire.,"[{'word_form': 'wiisaganaamozo', 'fst_analyses': ['wiisaganaamozo+VAI+Ind+Pos+Neu+3SgProxSubj']}, {'word_form': 'gaa-gii-saagijibinind', 'fst_analyses': ['PVSub/gaa+PVTense/gii+zaagijibizh+VTA+Cnj+Pos+Neu+XSubj+3SgProxObj']}, {'word_form': 'gii-zakideg', 'fst_analyses': ['PVTense/gii+zakide+VII+Cnj+Pos+Neu+0SgSubj', 'PVTense/gii+zakide+VII+Cnj+Pos+Neu+0PlSubj']}, {'word_form': ""waakaa'igan"", 'fst_analyses': [""waakaa'igan+NI+Sg""]}, {'word_form': '.', 'fst_analyses': []}]",nj
Onowedi nitam gaa-gii'-wiijiiwaad.,This one was her first partner.,"[{'word_form': 'onowedi', 'fst_analyses': ['onowedi+PRONDem+NI+Pl', 'onowedi+PRONDem+NA+ObvSg', 'onowedi+PRONDem+NA+ObvPl']}, {'word_form': 'nitam', 'fst_analyses': ['nitam+ADVLoc']}, {'word_form': ""gaa-gii'-wiijiiwaad"", 'fst_analyses': [""PVSub/gaa+PVTense/gii'+wiijiiw+VTA+Cnj+Pos+Neu+3SgProxSubj+3SgObvObj"", ""PVSub/gaa+PVTense/gii'+wiijiiw+VTA+Cnj+Pos+Neu+3SgProxSubj+3PlObvObj""]}, {'word_form': '.', 'fst_analyses': []}]",nj
Zhiibaayaazhogan akawe agomodaa.,Let's go stay under the bridge. [in a canoe],"[{'word_form': 'zhiibaayaazhogan', 'fst_analyses': ['zhiibaayaazhogan+ADVLoc']}, {'word_form': 'akawe', 'fst_analyses': ['akawe+ADVTmp']}, {'word_form': 'agomodaa', 'fst_analyses': ['agomo+VAI+Imp+Del+InclSubj', 'agomo+VAI+Imp+Sim+InclSubj']}, {'word_form': '.', 'fst_analyses': []}]",nj
Wegonen wenjigidaazoyan.,Why are you angry?,"[{'word_form': 'wegonen', 'fst_analyses': ['wegonen+PRONInter+NI+Sg']}, {'word_form': 'wenjigidaazoyan', 'fst_analyses': []}, {'word_form': '.', 'fst_analyses': []}]",nj
Agaasoonagizwan Marge odoodaabaanan. Bezhig eta awiya odebashkina'aan.,Marge's call is small. She can only fit one passenger in.,"[{'word_form': 'agaasoonagizwan', 'fst_analyses': []}, {'word_form': 'marge', 'fst_analyses': []}, {'word_form': 'odoodaabaanan', 'fst_analyses': ['odaabaan+NI+Pl+3SgProxPoss', 'odaabaan+NA+ObvPl+3SgProxPoss', 'odaabaan+NA+ObvSg+3SgProxPoss']}, {'word_form': '.', 'fst_analyses': []}, {'word_form': 'bezhig', 'fst_analyses': ['bezhig+NUM']}, {'word_form': 'eta', 'fst_analyses': ['eta+ADVDeg']}, {'word_form': 'awiya', 'fst_analyses': ['awiya+PRONIndf+NA']}, {'word_form': ""odebashkina'aan"", 'fst_analyses': [""debashkina'+VTA+Ind+Pos+Neu+3SgProxSubj+3SgObvObj"", ""debashkina'+VTA+Ind+Pos+Neu+3SgProxSubj+3PlObvObj""]}, {'word_form': '.', 'fst_analyses': []}]",nj
Wiigob gigashkigwaajigaagen biskitenaaganikeyan.,You sew with basswood bark to make birch bark baskets.,"[{'word_form': 'wiigob', 'fst_analyses': ['wiigob+NA+ProxSg', 'wiigob+NI+Sg']}, {'word_form': 'gigashkigwaajigaagen', 'fst_analyses': ['gashkigwaajigaagen+VAIO+Ind+Pos+Neu+2SgSubj+0SgObj']}, {'word_form': 'biskitenaaganikeyan', 'fst_analyses': ['biskitenaaganike+VAI+Cnj+Pos+Neu+2SgSubj']}, {'word_form': '.', 'fst_analyses': []}]",nj
Gegaa ningii'-ozhaashibiz gii-bi-giiwebizoyaan.,I almost slide off the road on my way home.,"[{'word_form': 'gegaa', 'fst_analyses': ['gegaa+ADVDeg']}, {'word_form': ""ningii'-ozhaashibiz"", 'fst_analyses': [""PVTense/gii'+ozhaashibizo+VAI+Ind+Pos+Neu+1SgSubj""]}, {'word_form': 'gii-bi-giiwebizoyaan', 'fst_analyses': ['PVTense/gii+PVDir/bi+giiwebizo+VAI+Cnj+Pos+Neu+1SgSubj']}, {'word_form': '.', 'fst_analyses': []}]",nj
Aaniin epiitoonagak jiimaan?,How deep is the canoe?,"[{'word_form': 'aaniin', 'fst_analyses': ['aaniin+PCInterj', 'aaniin+ADVInter']}, {'word_form': 'epiitoonagak', 'fst_analyses': ['apiitoonagad+VII+Pcp+Pos+Neu+0SgSubj+0SgHead']}, {'word_form': 'jiimaan', 'fst_analyses': ['jiimaan+NI+Sg']}, {'word_form': '?', 'fst_analyses': []}]",nj
Anangoog bagakaanzhewag; noomag igo wii-kisinaa.,The stars are shining brightly; it will be cold for a while.,"[{'word_form': 'anangoog', 'fst_analyses': ['anang+NA+ProxPl']}, {'word_form': 'bagakaanzhewag;', 'fst_analyses': []}, {'word_form': 'noomag', 'fst_analyses': ['noomag+ADVTmp']}, {'word_form': 'igo', 'fst_analyses': ['igo+PCEmph']}, {'word_form': 'wii-kisinaa', 'fst_analyses': ['PVTense/wii+gisinaa+VII+Ind+Pos+Neu+0SgSubj']}, {'word_form': '.', 'fst_analyses': []}]",nj
Manaaji' giditibaagiwebishkigan.,Go easy on your bike.,"[{'word_form': ""manaaji'"", 'fst_analyses': [""manaaji'+VTA+Imp+Sim+2SgSubj+3SgProxObj"", ""manaaji'+VTA+Imp+Sim+2SgSubj+3PlProxObj""]}, {'word_form': 'giditibaagiwebishkigan', 'fst_analyses': ['ditibaagiwebishkigan+NA+ProxSg+2SgPoss']}, {'word_form': '.', 'fst_analyses': []}]",nj
Gakina awiya gidaa-manaaji'aa.,You should respect all living things.,"[{'word_form': 'gakina', 'fst_analyses': ['gakina+ADVQnt']}, {'word_form': 'awiya', 'fst_analyses': ['awiya+PRONIndf+NA']}, {'word_form': ""gidaa-manaaji'aa"", 'fst_analyses': [""PVTense/daa+manaaji'+VTA+Ind+Pos+Neu+2SgSubj+3SgProxObj""]}, {'word_form': '.', 'fst_analyses': []}]",nj
Ogidaakiiwe waa'-onzaabandang mashi ji-gashkadininig zaaga'igan.,She looked from the top of the hill to the top to check out if the lake was frozen over yet.,"[{'word_form': 'ogidaakiiwe', 'fst_analyses': ['ogidaakiiwe+VAI+Ind+Pos+Neu+3SgProxSubj']}, {'word_form': ""waa'-onzaabandang"", 'fst_analyses': []}, {'word_form': 'mashi', 'fst_analyses': ['mashi+ADVTmp']}, {'word_form': 'ji-gashkadininig', 'fst_analyses': ['PVTense/daa+gashkadin+VII+Cnj+Pos+Neu+0PlObvSubj', 'PVTense/ga+gashkadin+VII+Cnj+Pos+Neu+0PlObvSubj', 'PVTense/daa+gashkadin+VII+Cnj+Pos+Neu+0SgObvSubj', 'PVTense/ga+gashkadin+VII+Cnj+Pos+Neu+0SgObvSubj']}, {'word_form': ""zaaga'igan"", 'fst_analyses': [""zaaga'igan+NI+Sg""]}, {'word_form': '.', 'fst_analyses': []}]",nj
Hugo agaamakiing ondaadizi.,Hugo hails from Europe.,"[{'word_form': 'hugo', 'fst_analyses': []}, {'word_form': 'agaamakiing', 'fst_analyses': ['agaamakiing+ADVLoc']}, {'word_form': 'ondaadizi', 'fst_analyses': ['ondaadizi+VAI+Ind+Pos+Neu+3SgProxSubj']}, {'word_form': '.', 'fst_analyses': []}]",nj
Izhi-wewebanaabiidaa nisawi-minis.,Let's go fishing (angling) between the islands.,"[{'word_form': 'izhi-wewebanaabiidaa', 'fst_analyses': ['PVRel/izhi+wewebanaabii+VAI+Imp+Del+InclSubj', 'PVRel/izhi+wewebanaabii+VAI+Imp+Sim+InclSubj']}, {'word_form': 'nisawi-minis', 'fst_analyses': ['PNLex/nisawi+minis+NI+Sg']}, {'word_form': '.', 'fst_analyses': []}]",nj
Zhiiwaagamizigan indagwandaan amogwaa gwekiwebiniganensag.,I eat my pancakes with syrup.,"[{'word_form': 'zhiiwaagamizigan', 'fst_analyses': ['zhiiwaagamizigan+NI+Sg']}, {'word_form': 'indagwandaan', 'fst_analyses': ['dagwandan+VTI+Ind+Pos+Neu+1SgSubj+0SgObj']}, {'word_form': 'amogwaa', 'fst_analyses': []}, {'word_form': 'gwekiwebiniganensag', 'fst_analyses': ['gwekiwebinigan+NA+Dim+ProxPl', 'gwekiwebiniganens+NA+ProxPl']}, {'word_form': '.', 'fst_analyses': []}]",nj
Agaamikwam ondaabanigozi waawaashkeshi.,A deer left running tracks coming from across the ice.,"[{'word_form': 'agaamikwam', 'fst_analyses': ['agaamikwam+ADVLoc']}, {'word_form': 'ondaabanigozi', 'fst_analyses': ['ondaabanigozi+VAI+Ind+Pos+Neu+3SgProxSubj']}, {'word_form': 'waawaashkeshi', 'fst_analyses': ['waawaashkeshi+NA+ProxSg']}, {'word_form': '.', 'fst_analyses': []}]",nj
Zhiibaayaandag agoodoon ginagwaagan.,Hang your snare under the boughs.,"[{'word_form': 'zhiibaayaandag', 'fst_analyses': ['zhiibaayaandag+ADVLoc']}, {'word_form': 'agoodoon', 'fst_analyses': ['agoodoo+VAI+Imp+Sim+2SgSubj', 'agoodoon+VTI+Imp+Sim+2SgSubj+0PlObj', 'agoodoon+VTI+Imp+Sim+2SgSubj+0SgObj']}, {'word_form': 'ginagwaagan', 'fst_analyses': ['nagwaagan+NI+Sg+2SgPoss']}, {'word_form': '.', 'fst_analyses': []}]",nj
Odabizwaa' ominjikaawanini jibwaa-biizikamoonaad oniijaanisan.,She warms up her child's mitts before she puts them on him.,"[{'word_form': ""odabizwaa'"", 'fst_analyses': ['abizwi+VTA+Ind+Pos+Neu+3SgProxSubj+3PlObvObj', 'abiz+VTA+Ind+Pos+Neu+3SgProxSubj+3PlObvObj']}, {'word_form': 'ominjikaawanini', 'fst_analyses': ['minjikaawan+NA+ObvPl+3PlObvPoss', 'minjikaawan+NA+ObvSg+3PlObvPoss', 'minjikaawan+NA+ObvPl+3SgObvPoss', 'minjikaawan+NA+ObvSg+3SgObvPoss']}, {'word_form': 'jibwaa-biizikamoonaad', 'fst_analyses': ['PVTense/jibwaa+biizikamoozh+VTA+Cnj+Pos+Neu+3SgProxSubj+3SgObvObj', 'PVTense/jibwaa+biizikamoozh+VTA+Cnj+Pos+Neu+3SgProxSubj+3PlObvObj']}, {'word_form': 'oniijaanisan', 'fst_analyses': ['niijaanis+NAD+ObvPl+3SgProxPoss', 'niijaanis+NAD+ObvSg+3SgProxPoss']}, {'word_form': '.', 'fst_analyses': []}]",nj
Azhegiiwebizo mewinzha gaa-babaa-ondendid.,She finally drove back home after being gone a long time.,"[{'word_form': 'azhegiiwebizo', 'fst_analyses': ['azhegiiwebizo+VAI+Ind+Pos+Neu+3SgProxSubj']}, {'word_form': 'mewinzha', 'fst_analyses': ['mewinzha+ADVTmp']}, {'word_form': 'gaa-babaa-ondendid', 'fst_analyses': ['PVSub/gaa+PVDir/babaa+ondendi+VAI+Cnj+Pos+Neu+3SgProxSubj', 'PVTense/gii+PVDir/babaa+ondendi+VAI+Pcp+Pos+Neu+3SgProxSubj+3SgProxHead']}, {'word_form': '.', 'fst_analyses': []}]",nj
Don ogii'-wiiji-wanii'igemaan oosan gabe-biboon.,Don trapped with his dad all winter long.,"[{'word_form': 'don', 'fst_analyses': []}, {'word_form': ""ogii'-wiiji-wanii'igemaan"", 'fst_analyses': [""PVTense/gii'+wiiji-wanii'igem+VTA+Ind+Pos+Neu+3SgProxSubj+3SgObvObj"", ""PVTense/gii'+wiiji-wanii'igem+VTA+Ind+Pos+Neu+3SgProxSubj+3PlObvObj""]}, {'word_form': 'oosan', 'fst_analyses': ['oos+NAD+ObvPl+3SgProxPoss', 'oos+NAD+ObvSg+3SgProxPoss']}, {'word_form': 'gabe-biboon', 'fst_analyses': ['PVLex/gabe+biboon+VII+Ind+Pos+Neu+0SgSubj', 'gabe-biboon+ADVTmp']}, {'word_form': '.', 'fst_analyses': []}]",nj
Giga-wiiji-giiyosemin. Mooz giga-andawaabamaanaan,I'll go hunting with you. We'll go look for a moose.,"[{'word_form': 'giga-wiiji-giiyosemin', 'fst_analyses': ['PVTense/ga+PVLex/wiiji+giiyose+VAI+Ind+Pos+Neu+InclSubj', 'PVTense/ga+wiiji-giiyosem+VTA+Ind+Pos+Neu+1SgSubj+2SgObj']}, {'word_form': '.', 'fst_analyses': []}, {'word_form': 'mooz', 'fst_analyses': ['moonz+NA+ProxSg', 'mooz+NA+ProxSg']}, {'word_form': 'giga-andawaabamaanaan', 'fst_analyses': ['PVTense/ga+andawaabam+VTA+Ind+Pos+Neu+InclSubj+3SgObvObj', 'PVTense/ga+andawaabam+VTA+Ind+Pos+Neu+InclSubj+3SgProxObj']}]",nj
Dibikong gii-pimi-bagamwewidam. Ganabaj gii-kiiwashkwebii.,We heard him arrive home last night. I think he was sort of drunk.,"[{'word_form': 'dibikong', 'fst_analyses': ['dibikong+ADVTmp']}, {'word_form': 'gii-pimi-bagamwewidam', 'fst_analyses': ['PVTense/gii+PVDir/bimi+bagamwewidam+VAI+Ind+Pos+Neu+3SgProxSubj']}, {'word_form': '.', 'fst_analyses': []}, {'word_form': 'ganabaj', 'fst_analyses': ['ganabaj+ADVMan']}, {'word_form': 'gii-kiiwashkwebii', 'fst_analyses': ['PVTense/gii+giiwashkwebii+VAI+Ind+Pos+Neu+3SgProxSubj']}, {'word_form': '.', 'fst_analyses': []}]",nj
Mitakamig niwii-tazhi-aseke.,I'm going to work the hide right on the ground.,"[{'word_form': 'mitakamig', 'fst_analyses': ['mitakamig+ADVLoc']}, {'word_form': 'niwii-tazhi-aseke', 'fst_analyses': ['PVTense/wii+PVRel/dazhi+aseke+VAI+Ind+Pos+Neu+1SgSubj']}, {'word_form': '.', 'fst_analyses': []}]",nj
Aabiding ningii'-ozhitamawaaban bashkweginwe-biinzikawaagan apishi-ogimaa.,Once time I made a hide jacket for the governor-general.,"[{'word_form': 'aabiding', 'fst_analyses': ['aabiding+ADVTmp']}, {'word_form': ""ningii'-ozhitamawaaban"", 'fst_analyses': [""PVTense/gii'+ozhitamaw+VTA+Ind+Pos+Prt+1SgSubj+3SgProxObj""]}, {'word_form': 'bashkweginwe-biinzikawaagan', 'fst_analyses': []}, {'word_form': 'apishi-ogimaa', 'fst_analyses': []}, {'word_form': '.', 'fst_analyses': []}]",nj
Aabiding eta go.,Just once.,"[{'word_form': 'aabiding', 'fst_analyses': ['aabiding+ADVTmp']}, {'word_form': 'eta', 'fst_analyses': ['eta+ADVDeg']}, {'word_form': 'go', 'fst_analyses': ['go+PCDisc']}, {'word_form': '.', 'fst_analyses': []}]",nj
Animikoshim gidakikoog jibwaa-biinzibiiwaad gii-gimiwang.,Put your kettles up upside down before they get water in them from the rain.,"[{'word_form': 'animikoshim', 'fst_analyses': ['animikoshim+VTA+Imp+Sim+2SgSubj+3SgProxObj', 'animikoshim+VTA+Imp+Sim+2SgSubj+3PlProxObj']}, {'word_form': 'gidakikoog', 'fst_analyses': ['akik+NA+ProxPl+2SgPoss']}, {'word_form': 'jibwaa-biinzibiiwaad', 'fst_analyses': []}, {'word_form': 'gii-gimiwang', 'fst_analyses': ['PVTense/gii+gimiwan+VII+Cnj+Pos+Neu+0SgSubj', 'PVTense/gii+gimiwan+VII+Cnj+Pos+Neu+0PlSubj']}, {'word_form': '.', 'fst_analyses': []}]",nj
Aandi enaagimosed?,Where's s/he snowshoeing to?,"[{'word_form': 'aandi', 'fst_analyses': ['aandi+ADVInter']}, {'word_form': 'enaagimosed', 'fst_analyses': ['inaagimose+VAI+Pcp+Pos+Neu+3SgProxSubj+3SgProxHead']}, {'word_form': '?', 'fst_analyses': []}]",nj
Oginibizhaan wiiyaas. Wawiinge gaashikomaane.,He cut up the meat fast. He's really got a sharp knife.,"[{'word_form': 'oginibizhaan', 'fst_analyses': ['ginibizhan+VTI+Ind+Pos+Neu+3SgProxSubj+0SgObj']}, {'word_form': 'wiiyaas', 'fst_analyses': ['wiiyaas+NI+Sg', 'iiyaas+NID+Sg+3SgProxPoss']}, {'word_form': '.', 'fst_analyses': []}, {'word_form': 'wawiinge', 'fst_analyses': ['wawiinge+ADVMan']}, {'word_form': 'gaashikomaane', 'fst_analyses': ['gaashikomaane+VAI+Ind+Pos+Neu+3SgProxSubj']}, {'word_form': '.', 'fst_analyses': []}]",nj
Agaasoonagizwan Marge odoodaabaanan. Bezhig eta awiya odebashkina'aan.,Marge's call is small. She can only fit one passenger in.,"[{'word_form': 'agaasoonagizwan', 'fst_analyses': []}, {'word_form': 'marge', 'fst_analyses': []}, {'word_form': 'odoodaabaanan', 'fst_analyses': ['odaabaan+NI+Pl+3SgProxPoss', 'odaabaan+NA+ObvPl+3SgProxPoss', 'odaabaan+NA+ObvSg+3SgProxPoss']}, {'word_form': '.', 'fst_analyses': []}, {'word_form': 'bezhig', 'fst_analyses': ['bezhig+NUM']}, {'word_form': 'eta', 'fst_analyses': ['eta+ADVDeg']}, {'word_form': 'awiya', 'fst_analyses': ['awiya+PRONIndf+NA']}, {'word_form': ""odebashkina'aan"", 'fst_analyses': [""debashkina'+VTA+Ind+Pos+Neu+3SgProxSubj+3SgObvObj"", ""debashkina'+VTA+Ind+Pos+Neu+3SgProxSubj+3PlObvObj""]}, {'word_form': '.', 'fst_analyses': []}]",nj
Ningii-kagwejimigoo ji-gikinoo'amaageyaan gakinoo'amaadiiyigamigong anishinaabemowin ji-dazhindamaan.,I was asked to teach at the school to teach about the Native language.,"[{'word_form': 'ningii-kagwejimigoo', 'fst_analyses': ['PVTense/gii+gagwejim+VTA+Ind+Pos+Neu+XSubj+1SgObj']}, {'word_form': ""ji-gikinoo'amaageyaan"", 'fst_analyses': [""PVTense/daa+gikinoo'amaage+VAI+Cnj+Pos+Neu+1SgSubj"", ""PVTense/ga+gikinoo'amaage+VAI+Cnj+Pos+Neu+1SgSubj""]}, {'word_form': ""gakinoo'amaadiiyigamigong"", 'fst_analyses': []}, {'word_form': 'anishinaabemowin', 'fst_analyses': ['anishinaabemowin+NI+Sg']}, {'word_form': 'ji-dazhindamaan', 'fst_analyses': ['PVTense/daa+dazhindan+VTI+Cnj+Pos+Neu+1SgSubj+0PlObj', 'PVTense/ga+dazhindan+VTI+Cnj+Pos+Neu+1SgSubj+0PlObj', 'PVTense/daa+dazhindan+VTI+Cnj+Pos+Neu+1SgSubj+0SgObj', 'PVTense/ga+dazhindan+VTI+Cnj+Pos+Neu+1SgSubj+0SgObj']}, {'word_form': '.', 'fst_analyses': []}]",nj
Wegonenan iniwedi gaa-ategin.,What are those sitting over there?,"[{'word_form': 'wegonenan', 'fst_analyses': ['wegonenan+PRONInter+NI+Pl']}, {'word_form': 'iniwedi', 'fst_analyses': ['iniwedi+PRONDem+NI+Pl', 'iniwedi+PRONDem+NA+ObvSg', 'iniwedi+PRONDem+NA+ObvPl']}, {'word_form': 'gaa-ategin', 'fst_analyses': ['PVSub/gaa+ate+VII+Cnj+Pos+Neu+0PlSubj', 'PVTense/gii+ate+VII+Pcp+Pos+Neu+0PlSubj+0PlHead']}, {'word_form': '.', 'fst_analyses': []}]",nj
Onaazibiibizotoon ojiimaan.,He's driving his canoe down to the water.,"[{'word_form': 'onaazibiibizotoon', 'fst_analyses': ['naazibiibizotoon+VTI+Ind+Pos+Neu+3SgProxSubj+0SgObj']}, {'word_form': 'ojiimaan', 'fst_analyses': ['jiimaan+NI+Sg+3SgProxPoss']}, {'word_form': '.', 'fst_analyses': []}]",nj
Onzaam agaasiigiziwag niminjikaawanag. Ningii-kiikajininjiiwaj gii-gigishkawagwaa.,My mitts are too small and tight. My hands got cold when I wore them.,"[{'word_form': 'onzaam', 'fst_analyses': ['onzaam+ADVQnt']}, {'word_form': 'agaasiigiziwag', 'fst_analyses': ['agaasiigizi+VAI+Ind+Pos+Neu+3PlProxSubj']}, {'word_form': 'niminjikaawanag', 'fst_analyses': ['minjikaawan+NA+ProxPl+1SgPoss']}, {'word_form': '.', 'fst_analyses': []}, {'word_form': 'ningii-kiikajininjiiwaj', 'fst_analyses': ['PVTense/gii+giikajininjiiwaji+VAI+Ind+Pos+Neu+1SgSubj']}, {'word_form': 'gii-gigishkawagwaa', 'fst_analyses': ['PVTense/gii+gigishkaw+VTA+Cnj+Pos+Neu+1SgSubj+3PlProxObj']}, {'word_form': '.', 'fst_analyses': []}]",nj
Maangwag ninoondawaag noondaagoziwaad.,I hear loons calling.,"[{'word_form': 'maangwag', 'fst_analyses': ['maang+NA+ProxPl']}, {'word_form': 'ninoondawaag', 'fst_analyses': ['noondaw+VTA+Ind+Pos+Neu+1SgSubj+3PlProxObj']}, {'word_form': 'noondaagoziwaad', 'fst_analyses': ['noondaagozi+VAI+Cnj+Pos+Neu+3PlProxSubj']}, {'word_form': '.', 'fst_analyses': []}]",nj
Ogiimoodaapi'aan gaa-boogidaapinid.,He's secretly laughing at the one farting from laughing so hard.,"[{'word_form': ""ogiimoodaapi'aan"", 'fst_analyses': [""giimoodaapi'+VTA+Ind+Pos+Neu+3SgProxSubj+3SgObvObj"", ""giimoodaapi'+VTA+Ind+Pos+Neu+3SgProxSubj+3PlObvObj""]}, {'word_form': 'gaa-boogidaapinid', 'fst_analyses': ['PVSub/gaa+boogidaapi+VAI+Cnj+Pos+Neu+3PlObvSubj', 'PVSub/gaa+boogidaapi+VAI+Cnj+Pos+Neu+3SgObvSubj']}, {'word_form': '.', 'fst_analyses': []}]",nj
Wii-kagwejikada'odim noongom gaa-giizhigak. Gidaa-gii'-awi-ganawaabimin gegiinawind.,There's going to be a canoe race today. We should go and watch.,"[{'word_form': ""wii-kagwejikada'odim"", 'fst_analyses': [""PVTense/wii+gagwejikada'wi+VTA+Recip/di+VAI+Ind+Pos+Neu+XSubj+XObj"", ""PVTense/wii+gagwejikada'+VTA+Recip/di+VAI+Ind+Pos+Neu+XSubj+XObj"", ""PVTense/wii+gagwejikada'odiwag+VAI+Ind+Pos+Neu+XSubj+XObj""]}, {'word_form': 'noongom', 'fst_analyses': ['noongom+ADVTmp']}, {'word_form': 'gaa-giizhigak', 'fst_analyses': ['PVSub/gaa+giizhigad+VII+Cnj+Pos+Neu+0SgSubj', 'PVSub/gaa+giizhigad+VII+Cnj+Pos+Neu+0PlSubj', 'PVTense/gii+giizhigad+VII+Pcp+Pos+Neu+0SgSubj+0SgHead']}, {'word_form': '.', 'fst_analyses': []}, {'word_form': ""gidaa-gii'-awi-ganawaabimin"", 'fst_analyses': [""PVTense/daa+PVTense/gii'+PVDir/awi+ganawaabi+VAI+Ind+Pos+Neu+InclSubj""]}, {'word_form': 'gegiinawind', 'fst_analyses': ['gegiinawind+PRONPer+NA+Incl']}, {'word_form': '.', 'fst_analyses': []}]",nj
Nabagisag apishim gijiibaakwaanakik ji-jaagidesinog gidadoopowiniigin.,Put a board under your pot so your tablecloth doesn't get burned.,"[{'word_form': 'nabagisag', 'fst_analyses': ['nabagisag+NA+ProxSg']}, {'word_form': 'apishim', 'fst_analyses': ['apishim+VTA+Imp+Sim+2SgSubj+3SgProxObj', 'apishim+VTA+Imp+Sim+2SgSubj+3PlProxObj']}, {'word_form': 'gijiibaakwaanakik', 'fst_analyses': ['jiibaakwaanakik+NA+ProxSg+2SgPoss']}, {'word_form': 'ji-jaagidesinog', 'fst_analyses': ['PVTense/daa+jaagide+VII+Cnj+Neg+Neu+0PlSubj', 'PVTense/ga+jaagide+VII+Cnj+Neg+Neu+0PlSubj', 'PVTense/daa+jaagide+VII+Cnj+Neg+Neu+0SgSubj', 'PVTense/ga+jaagide+VII+Cnj+Neg+Neu+0SgSubj']}, {'word_form': 'gidadoopowiniigin', 'fst_analyses': ['adoopowiniigin+NI+Sg+2SgPoss']}, {'word_form': '.', 'fst_analyses': []}]",nj
Naawikana bimi-ayabi amik.,A beaver is sitting in the middle of the road (and not moving).,"[{'word_form': 'naawikana', 'fst_analyses': ['naawikana+ADVLoc']}, {'word_form': 'bimi-ayabi', 'fst_analyses': ['PVDir/bimi+ayabi+VAI+Ind+Pos+Neu+3SgProxSubj']}, {'word_form': 'amik', 'fst_analyses': ['amik+NA+ProxSg']}, {'word_form': '.', 'fst_analyses': []}]",nj
Eyiidawishkiinzhig odaabajitoon ziiginiingwaan.,He's using eye drops in both eyes.,"[{'word_form': 'eyiidawishkiinzhig', 'fst_analyses': ['eyiidawishkiinzhig+ADVLoc']}, {'word_form': 'odaabajitoon', 'fst_analyses': ['aabajitoon+VTI+Ind+Pos+Neu+3SgProxSubj+0SgObj']}, {'word_form': 'ziiginiingwaan', 'fst_analyses': ['ziiginiingwaan+NI+Sg']}, {'word_form': '.', 'fst_analyses': []}]",nj
Achinaateshimoonon; onzaam gii-gizhaateg.,Go in the shade when the sun is too hot.,"[{'word_form': 'achinaateshimoonon;', 'fst_analyses': []}, {'word_form': 'onzaam', 'fst_analyses': ['onzaam+ADVQnt']}, {'word_form': 'gii-gizhaateg', 'fst_analyses': ['PVTense/gii+gizhaate+VII+Cnj+Pos+Neu+0SgSubj', 'PVTense/gii+gizhaate+VII+Cnj+Pos+Neu+0PlSubj']}, {'word_form': '.', 'fst_analyses': []}]",nj
Achinaateshimoono giizis.,The moon is going behind a cloud.,"[{'word_form': 'achinaateshimoono', 'fst_analyses': ['achinaateshimoono+VAI+Ind+Pos+Neu+3SgProxSubj']}, {'word_form': 'giizis', 'fst_analyses': ['giizis+NA+ProxSg']}, {'word_form': '.', 'fst_analyses': []}]",nj
Ogodaagaminaan nibi epiitaagamidenig. Owanakoninj odaabajitoon.,She tested the temperature of the water using the tip of her finger.,"[{'word_form': 'ogodaagaminaan', 'fst_analyses': ['godaagaminan+VTI+Ind+Pos+Neu+3SgProxSubj+0SgObj']}, {'word_form': 'nibi', 'fst_analyses': ['nibi+NI+Sg']}, {'word_form': 'epiitaagamidenig', 'fst_analyses': ['apiitaagamide+VII+Pcp+Pos+Neu+0SgObvSubj+0SgObvHead']}, {'word_form': '.', 'fst_analyses': []}, {'word_form': 'owanakoninj', 'fst_analyses': ['wanakoninj+NI+Sg+3SgProxPoss']}, {'word_form': 'odaabajitoon', 'fst_analyses': ['aabajitoon+VTI+Ind+Pos+Neu+3SgProxSubj+0SgObj']}, {'word_form': '.', 'fst_analyses': []}]",nj
Baakaabowen akik jibwaa-ziigaajiwanzod.,Loosen the lid on your pot before it boils over.,"[{'word_form': 'baakaabowen', 'fst_analyses': ['baakaabowen+VTA+Imp+Sim+2SgSubj+3SgProxObj', 'baakaabowen+VTA+Imp+Sim+2SgSubj+3PlProxObj']}, {'word_form': 'akik', 'fst_analyses': ['akik+NA+ProxSg']}, {'word_form': 'jibwaa-ziigaajiwanzod', 'fst_analyses': ['PVTense/jibwaa+ziigaajiwanzo+VAI+Cnj+Pos+Neu+3SgProxSubj', 'PVTense/jibwaa+ziigaajiwanzwi+VTA+Cnj+Pos+Neu+3SgProxSubj+1SgObj', 'PVTense/jibwaa+ziigaajiwanz+VTA+Cnj+Pos+Neu+3SgProxSubj+1SgObj']}, {'word_form': '.', 'fst_analyses': []}]",nj
Na'idaa iidog gewiin waa'-izhinikaazod.,He has the same name as mine. (by coincidence),"[{'word_form': ""na'idaa"", 'fst_analyses': [""na'idaa+ADVTmp""]}, {'word_form': 'iidog', 'fst_analyses': ['iidog+PCAsp']}, {'word_form': 'gewiin', 'fst_analyses': ['gewiin+PRONPer+NA+3Sg']}, {'word_form': ""waa'-izhinikaazod"", 'fst_analyses': [""PVTense/wii'+izhinikaazo+VAI+Pcp+Pos+Neu+3SgProxSubj+3SgProxHead""]}, {'word_form': '.', 'fst_analyses': []}]",nj
Gwayak ina inaadizi ji-debwetawindiban.,Is she honest enough to be trusted?,"[{'word_form': 'gwayak', 'fst_analyses': ['gwayak+ADVMan']}, {'word_form': 'ina', 'fst_analyses': ['ina+PCDisc']}, {'word_form': 'inaadizi', 'fst_analyses': ['inaadizi+VAI+Ind+Pos+Neu+3SgProxSubj']}, {'word_form': 'ji-debwetawindiban', 'fst_analyses': ['PVTense/daa+debwetaw+VTA+Cnj+Pos+Prt+XSubj+3SgProxObj', 'PVTense/ga+debwetaw+VTA+Cnj+Pos+Prt+XSubj+3SgProxObj']}, {'word_form': '.', 'fst_analyses': []}]",nj
Bezhigwan nibewigamig.,There is one bedroom.,"[{'word_form': 'bezhigwan', 'fst_analyses': ['bezhigwan+VII+Ind+Pos+Neu+0SgSubj']}, {'word_form': 'nibewigamig', 'fst_analyses': ['nibewigamig+NI+Sg']}, {'word_form': '.', 'fst_analyses': []}]",nj
Mangaadigonam. Ganabaj gichi-name gaa-googa'ang.,There's a big ripple. I think it was a big sturgeon jumping out of the water.,"[{'word_form': 'mangaadigonam', 'fst_analyses': ['mangaadigonam+VAI+Ind+Pos+Neu+3SgProxSubj']}, {'word_form': '.', 'fst_analyses': []}, {'word_form': 'ganabaj', 'fst_analyses': ['ganabaj+ADVMan']}, {'word_form': 'gichi-name', 'fst_analyses': ['PNLex/gichi+name+NA+ProxSg', 'PNLex/chi+name+NA+ProxSg+2SgPoss']}, {'word_form': ""gaa-googa'ang"", 'fst_analyses': [""PVSub/gaa+googa'am+VAI+Cnj+Pos+Neu+3SgProxSubj"", ""PVTense/gii+googa'am+VAI+Pcp+Pos+Neu+3SgProxSubj+3SgProxHead"", ""PVTense/gii+googa'am+VAI+Pcp+Pos+Neu+3PlProxSubj+3PlProxHead""]}, {'word_form': '.', 'fst_analyses': []}]",nj
Debinaak odizhitoon gaa-ozhitood wiigwaasinaagan.,She's  making that birch bark basket in a rough way.,"[{'word_form': 'debinaak', 'fst_analyses': ['debinaw+VTA+Cnj+Pos+Neu+3SgProxSubj+2SgObj', 'debinaak+ADVMan']}, {'word_form': 'odizhitoon', 'fst_analyses': ['izhitoon+VTI+Ind+Pos+Neu+3SgProxSubj+0SgObj']}, {'word_form': 'gaa-ozhitood', 'fst_analyses': ['PVSub/gaa+ozhitoon+VTI+Cnj+Pos+Neu+3SgProxSubj+0PlObj', 'PVSub/gaa+ozhitoon+VTI+Cnj+Pos+Neu+3SgProxSubj+0SgObj']}, {'word_form': 'wiigwaasinaagan', 'fst_analyses': ['wiigwaasinaagan+NI+Sg']}, {'word_form': '.', 'fst_analyses': []}]",nj
Gego mashi bawa'angen manoomin baamaa binaabigwaniig.,Don't rice yet until the flowers fall.,"[{'word_form': 'gego', 'fst_analyses': ['gego+ADVNeg']}, {'word_form': 'mashi', 'fst_analyses': ['mashi+ADVTmp']}, {'word_form': ""bawa'angen"", 'fst_analyses': [""bawa'am+VAI+Imp+Prb+2SgSubj"", ""bawa'an+VTI+Imp+Prb+2SgSubj+0PlObj"", ""bawa'an+VTI+Imp+Prb+2SgSubj+0SgObj""]}, {'word_form': 'manoomin', 'fst_analyses': ['manoomin+NI+Sg']}, {'word_form': 'baamaa', 'fst_analyses': ['baamaa+ADVTmp']}, {'word_form': 'binaabigwaniig', 'fst_analyses': ['binaabigwanii+VII+Cnj+Pos+Neu+0SgSubj', 'binaabigwanii+VII+Cnj+Pos+Neu+0PlSubj']}, {'word_form': '.', 'fst_analyses': []}]",nj
I'iwedi gaa-debinaagwak ningaasimoonan.,That sailboat out there.,"[{'word_form': ""i'iwedi"", 'fst_analyses': [""i'iwedi+PRONDem+NI+Sg""]}, {'word_form': 'gaa-debinaagwak', 'fst_analyses': ['PVSub/gaa+debinaagwad+VII+Cnj+Pos+Neu+0SgSubj', 'PVSub/gaa+debinaagwad+VII+Cnj+Pos+Neu+0PlSubj', 'PVTense/gii+debinaagwad+VII+Pcp+Pos+Neu+0SgSubj+0SgHead']}, {'word_form': 'ningaasimoonan', 'fst_analyses': []}, {'word_form': '.', 'fst_analyses': []}]",nj
Ogii-siikoobiigandaan onaboobiiwinaagaans.,He's draining his soup bowl.,"[{'word_form': 'ogii-siikoobiigandaan', 'fst_analyses': ['PVTense/gii+ziikoobiigandan+VTI+Ind+Pos+Neu+3SgProxSubj+0SgObj']}, {'word_form': 'onaboobiiwinaagaans', 'fst_analyses': []}, {'word_form': '.', 'fst_analyses': []}]",nj
Aaba'amaw omakizineyaabiin gaa-bwaanawichiged,Untie the disabled one's shoes for her.,"[{'word_form': ""aaba'amaw"", 'fst_analyses': [""aaba'amaw+VTA+Imp+Sim+2SgSubj+3SgProxObj"", ""aaba'amaw+VTA+Imp+Sim+2SgSubj+3PlProxObj""]}, {'word_form': 'omakizineyaabiin', 'fst_analyses': ['makizineyaab+NI+Pl+3SgProxPoss']}, {'word_form': 'gaa-bwaanawichiged', 'fst_analyses': ['PVSub/gaa+bwaanawichige+VAI+Cnj+Pos+Neu+3SgProxSubj', 'PVTense/gii+bwaanawichige+VAI+Pcp+Pos+Neu+3SgProxSubj+3SgProxHead']}]",nj
Dibishkoo go gaa-gii'-ikidod bijiinaago.,Just like what he said yesterday.,"[{'word_form': 'dibishkoo', 'fst_analyses': ['dibishkoo+ADVMan']}, {'word_form': 'go', 'fst_analyses': ['go+PCDisc']}, {'word_form': ""gaa-gii'-ikidod"", 'fst_analyses': [""PVSub/gaa+PVTense/gii'+ikido+VAI+Cnj+Pos+Neu+3SgProxSubj"", ""PVTense/gii+PVTense/gii'+ikido+VAI+Pcp+Pos+Neu+3SgProxSubj+3SgProxHead""]}, {'word_form': 'bijiinaago', 'fst_analyses': ['bijiinaago+ADVTmp']}, {'word_form': '.', 'fst_analyses': []}]",nj
Wiinaagamin nibi zaaga'iganiing. Gego minikweken.,The water in the lake is polluted. Don't drink it.,"[{'word_form': 'wiinaagamin', 'fst_analyses': ['wiinaagamin+VII+Ind+Pos+Neu+0SgSubj']}, {'word_form': 'nibi', 'fst_analyses': ['nibi+NI+Sg']}, {'word_form': ""zaaga'iganiing"", 'fst_analyses': [""zaaga'igan+NI+Loc""]}, {'word_form': '.', 'fst_analyses': []}, {'word_form': 'gego', 'fst_analyses': ['gego+ADVNeg']}, {'word_form': 'minikweken', 'fst_analyses': ['minikwe+VAI+Imp+Prb+2SgSubj', 'minikwen+VAIO+Imp+Prb+2SgSubj+0PlObj', 'minikwen+VAIO+Imp+Prb+2SgSubj+0SgObj']}, {'word_form': '.', 'fst_analyses': []}]",nj
Gabe-zhebaa madwesin giigidoo-biiwaabikoons.,The phone rang all morning long (this morning).,"[{'word_form': 'gabe-zhebaa', 'fst_analyses': ['PVLex/gabe+zhebaa+ADVTmp', 'gabe-zhebaa+ADVTmp']}, {'word_form': 'madwesin', 'fst_analyses': ['madwesin+VII+Ind+Pos+Neu+0SgSubj']}, {'word_form': 'giigidoo-biiwaabikoons', 'fst_analyses': ['giigidoo-biiwaabikoons+NI+Sg']}, {'word_form': '.', 'fst_analyses': []}]",nj
Aaniin enaabadak o'owe zhaabonigan. / Mii owe ayaabajitoowaan gii-zhingibinagwaa amikwayaanag.,What is this needle used for? / This is the one I use for putting beaver hides on hoops.,"[{'word_form': 'aaniin', 'fst_analyses': ['aaniin+PCInterj', 'aaniin+ADVInter']}, {'word_form': 'enaabadak', 'fst_analyses': ['inaabadad+VII+Pcp+Pos+Neu+0SgSubj+0SgHead']}, {'word_form': ""o'owe"", 'fst_analyses': [""o'owe+PRONDem+NI+Sg""]}, {'word_form': 'zhaabonigan', 'fst_analyses': ['zhaabonigan+NI+Sg']}, {'word_form': '.', 'fst_analyses': []}, {'word_form': '/', 'fst_analyses': []}, {'word_form': 'mii', 'fst_analyses': ['mii+ADVPred']}, {'word_form': 'owe', 'fst_analyses': ['owe+PRONDem+NI+Sg']}, {'word_form': 'ayaabajitoowaan', 'fst_analyses': []}, {'word_form': 'gii-zhingibinagwaa', 'fst_analyses': ['PVTense/gii+zhingibizh+VTA+Cnj+Pos+Neu+1SgSubj+3PlProxObj']}, {'word_form': 'amikwayaanag', 'fst_analyses': ['amikwayaan+NA+ProxPl']}, {'word_form': '.', 'fst_analyses': []}]",nj
Biindig apa'iwe gii-bangibiisaaninig.,He is running inside when it starts to rain.,"[{'word_form': 'biindig', 'fst_analyses': ['biindig+ADVLoc']}, {'word_form': ""apa'iwe"", 'fst_analyses': [""apa'iwe+VAI+Ind+Pos+Neu+3SgProxSubj""]}, {'word_form': 'gii-bangibiisaaninig', 'fst_analyses': ['PVTense/gii+bangibiisaa+VII+Cnj+Pos+Neu+0PlObvSubj']}, {'word_form': '.', 'fst_analyses': []}]",nj
Aandi endanaakiziged.,Where is she burning stuff?,"[{'word_form': 'aandi', 'fst_analyses': ['aandi+ADVInter']}, {'word_form': 'endanaakiziged', 'fst_analyses': ['danaakizige+VAI+Pcp+Pos+Neu+3SgProxSubj+3SgProxHead']}, {'word_form': '.', 'fst_analyses': []}]",nj
Neyaashiing danaakizige waa'-izhi-gitiged naagaj.,He's burning the brush out on the point where's he's going to plant his garden later.,"[{'word_form': 'neyaashiing', 'fst_analyses': ['neyaashi+NI+Loc']}, {'word_form': 'danaakizige', 'fst_analyses': ['danaakizige+VAI+Ind+Pos+Neu+3SgProxSubj']}, {'word_form': ""waa'-izhi-gitiged"", 'fst_analyses': [""PVTense/wii'+PVRel/izhi+gitige+VAI+Pcp+Pos+Neu+3SgProxSubj+3SgProxHead""]}, {'word_form': 'naagaj', 'fst_analyses': ['naagaj+ADVQnt']}, {'word_form': '.', 'fst_analyses': []}]",nj
Obiindigeba'iwe'aan jibwaa-giikajizidewajinid.,She gets him to run inside before his feet get cold.,"[{'word_form': ""obiindigeba'iwe'aan"", 'fst_analyses': [""biindigeba'iwe'+VTA+Ind+Pos+Neu+3SgProxSubj+3SgObvObj"", ""biindigeba'iwe'+VTA+Ind+Pos+Neu+3SgProxSubj+3PlObvObj""]}, {'word_form': 'jibwaa-giikajizidewajinid', 'fst_analyses': ['PVTense/jibwaa+giikajizidewaji+VAI+Cnj+Pos+Neu+3PlObvSubj', 'PVTense/jibwaa+giikajizidewaji+VAI+Cnj+Pos+Neu+3SgObvSubj']}, {'word_form': '.', 'fst_analyses': []}]",nj
Ani-gashkiidibikak gidaa-gibiiga'aanaan giwaasechiganan.,As it gets dark you should close the curtains on the windows.,"[{'word_form': 'ani-gashkiidibikak', 'fst_analyses': ['PVDir/ani+gashkiidibikad+VII+Cnj+Pos+Neu+0SgSubj', 'PVDir/ani+gashkiidibikad+VII+Cnj+Pos+Neu+0PlSubj']}, {'word_form': ""gidaa-gibiiga'aanaan"", 'fst_analyses': []}, {'word_form': 'giwaasechiganan', 'fst_analyses': ['waasechigan+NI+Pl+2SgPoss']}, {'word_form': '.', 'fst_analyses': []}]",nj
Gaawiin geyaabi owiijiiwaasiin onaabeman.,She’s not with her husband any more.,"[{'word_form': 'gaawiin', 'fst_analyses': ['gaawiin+ADVNeg']}, {'word_form': 'geyaabi', 'fst_analyses': ['geyaabi+ADVTmp']}, {'word_form': 'owiijiiwaasiin', 'fst_analyses': ['wiijiiw+VTA+Ind+Neg+Neu+3SgProxSubj+3PlObvObj', 'wiijiiw+VTA+Ind+Neg+Neu+3SgProxSubj+3SgObvObj']}, {'word_form': 'onaabeman', 'fst_analyses': ['naabem+NAD+ObvPl+3SgProxPoss', 'naabem+NAD+ObvSg+3SgProxPoss']}, {'word_form': '.', 'fst_analyses': []}]",nj
Dan owiijiiwaa' gaa-andawawinzonid.,Dan goes with the berry pickers.,"[{'word_form': 'dan', 'fst_analyses': []}, {'word_form': ""owiijiiwaa'"", 'fst_analyses': ['wiijiiw+VTA+Ind+Pos+Neu+3SgProxSubj+3PlObvObj']}, {'word_form': 'gaa-andawawinzonid', 'fst_analyses': ['PVSub/gaa+andawawinzo+VAI+Cnj+Pos+Neu+3PlObvSubj', 'PVSub/gaa+andawawinzo+VAI+Cnj+Pos+Neu+3SgObvSubj']}, {'word_form': '.', 'fst_analyses': []}]",nj
Ogii-tazhiikawaan odoodaabaanan. Minobizowan noongom.,He worked on his car. Now it runs good.,"[{'word_form': 'ogii-tazhiikawaan', 'fst_analyses': ['PVTense/gii+dazhiikaw+VTA+Ind+Pos+Neu+3SgProxSubj+3SgObvObj', 'PVTense/gii+dazhiikaw+VTA+Ind+Pos+Neu+3SgProxSubj+3PlObvObj']}, {'word_form': 'odoodaabaanan', 'fst_analyses': ['odaabaan+NI+Pl+3SgProxPoss', 'odaabaan+NA+ObvPl+3SgProxPoss', 'odaabaan+NA+ObvSg+3SgProxPoss']}, {'word_form': '.', 'fst_analyses': []}, {'word_form': 'minobizowan', 'fst_analyses': ['minobizo+VAI+Ind+Pos+Neu+3PlObvSubj', 'minobizo+VAI+Ind+Pos+Neu+3SgObvSubj']}, {'word_form': 'noongom', 'fst_analyses': ['noongom+ADVTmp']}, {'word_form': '.', 'fst_analyses': []}]",nj
Ningii-paazhidinawaa waawaashkeshi onzaam waasa madwe-niibawi.,I shoot over the deer because it was standing too far away.,"[{'word_form': 'ningii-paazhidinawaa', 'fst_analyses': ['PVTense/gii+baazhidinaw+VTA+Ind+Pos+Neu+1SgSubj+3SgProxObj']}, {'word_form': 'waawaashkeshi', 'fst_analyses': ['waawaashkeshi+NA+ProxSg']}, {'word_form': 'onzaam', 'fst_analyses': ['onzaam+ADVQnt']}, {'word_form': 'waasa', 'fst_analyses': ['waasa+ADVLoc']}, {'word_form': 'madwe-niibawi', 'fst_analyses': ['PVLex/madwe+niibawi+VAI+Ind+Pos+Neu+3SgProxSubj']}, {'word_form': '.', 'fst_analyses': []}]",nj
Maamaagojiishkan boodaajii'igan wii-poodaajii'aman gidapishimon.,Use the foot pump to inflate your air mattress.,"[{'word_form': 'maamaagojiishkan', 'fst_analyses': ['maamaagojiishkan+VTI+Imp+Sim+2SgSubj+0PlObj', 'maamaagojiishkan+VTI+Imp+Sim+2SgSubj+0SgObj']}, {'word_form': ""boodaajii'igan"", 'fst_analyses': [""boodaajii'igan+NI+Sg""]}, {'word_form': ""wii-poodaajii'aman"", 'fst_analyses': [""PVTense/wii+boodaajii'an+VTI+Cnj+Pos+Neu+2SgSubj+0PlObj"", ""PVTense/wii+boodaajii'an+VTI+Cnj+Pos+Neu+2SgSubj+0SgObj""]}, {'word_form': 'gidapishimon', 'fst_analyses': ['apishimon+NI+Sg+2SgPoss']}, {'word_form': '.', 'fst_analyses': []}]",nj
Ishkwe-oodenaang badakide nibewigamig gaa-izhi-nibaayaan,The hotel where I'm staying is at the edge of town,"[{'word_form': 'ishkwe-oodenaang', 'fst_analyses': ['PNLex/ishkwe+oodena+NI+Loc', 'ishkwe-oodena+NI+Loc']}, {'word_form': 'badakide', 'fst_analyses': ['badakide+VII+Ind+Pos+Neu+0SgSubj']}, {'word_form': 'nibewigamig', 'fst_analyses': ['nibewigamig+NI+Sg']}, {'word_form': 'gaa-izhi-nibaayaan', 'fst_analyses': ['PVSub/gaa+PVRel/izhi+nibaa+VAI+Cnj+Pos+Neu+1SgSubj']}]",nj
Aandi wendakwazhiwed?,Where's he paddling from?,"[{'word_form': 'aandi', 'fst_analyses': ['aandi+ADVInter']}, {'word_form': 'wendakwazhiwed', 'fst_analyses': ['ondakwazhiwe+VAI+Pcp+Pos+Neu+3SgProxSubj+3SgProxHead']}, {'word_form': '?', 'fst_analyses': []}]",nj
Onzaamiinowag awesiinyag noopimiing. Gaye giin gidaa-andawenjige.,There's a lot of animals in the woods. You too should go hunting.,"[{'word_form': 'onzaamiinowag', 'fst_analyses': ['onzaamiino+VAI+Ind+Pos+Neu+3PlProxSubj']}, {'word_form': 'awesiinyag', 'fst_analyses': ['awesiinh+NA+ProxPl']}, {'word_form': 'noopimiing', 'fst_analyses': ['noopimiing+ADVLoc']}, {'word_form': '.', 'fst_analyses': []}, {'word_form': 'gaye', 'fst_analyses': ['gaye+ADVConj']}, {'word_form': 'giin', 'fst_analyses': ['giin+PRONPer+NA+2Sg']}, {'word_form': 'gidaa-andawenjige', 'fst_analyses': ['PVTense/daa+andawenjige+VAI+Ind+Pos+Neu+2SgSubj']}, {'word_form': '.', 'fst_analyses': []}]",nj
Apane go maajiidoon gibaashkizigani-mazina'igan andawenjigeyan.,Be sure to always take your gun permit long when you go hunting.,"[{'word_form': 'apane', 'fst_analyses': ['apane+ADVTmp']}, {'word_form': 'go', 'fst_analyses': ['go+PCDisc']}, {'word_form': 'maajiidoon', 'fst_analyses': ['maajiidoon+VTI+Imp+Sim+2SgSubj+0PlObj', 'maajiidoon+VTI+Imp+Sim+2SgSubj+0SgObj']}, {'word_form': ""gibaashkizigani-mazina'igan"", 'fst_analyses': [""baashkizigani-mazina'igan+NI+Sg+2SgPoss""]}, {'word_form': 'andawenjigeyan', 'fst_analyses': ['andawenjige+VAI+Cnj+Pos+Neu+2SgSubj']}, {'word_form': '.', 'fst_analyses': []}]",nj
Agwaasidoon ginitiikaan jibwaa-mashkawaagamideg.,Set your tea off the fire before it gets strong.,"[{'word_form': 'agwaasidoon', 'fst_analyses': ['agwaasidoon+VTI+Imp+Sim+2SgSubj+0PlObj', 'agwaasidoon+VTI+Imp+Sim+2SgSubj+0SgObj']}, {'word_form': 'ginitiikaan', 'fst_analyses': ['nitiikaan+NI+Sg+2SgPoss']}, {'word_form': 'jibwaa-mashkawaagamideg', 'fst_analyses': ['PVTense/jibwaa+mashkawaagamide+VII+Cnj+Pos+Neu+0SgSubj', 'PVTense/jibwaa+mashkawaagamide+VII+Cnj+Pos+Neu+0PlSubj']}, {'word_form': '.', 'fst_analyses': []}]",nj
Manoominiwazh odagwaasidoon gaa-gii-pawa'ang.,The rice picker took a whole bag of rice out of her canoe.,"[{'word_form': 'manoominiwazh', 'fst_analyses': ['manoominiwazh+NI+Sg']}, {'word_form': 'odagwaasidoon', 'fst_analyses': ['agwaasidoon+VTI+Ind+Pos+Neu+3SgProxSubj+0SgObj']}, {'word_form': ""gaa-gii-pawa'ang"", 'fst_analyses': [""PVSub/gaa+PVTense/gii+bawa'am+VAI+Cnj+Pos+Neu+3SgProxSubj"", ""PVSub/gaa+PVTense/gii+bawa'an+VTI+Cnj+Pos+Neu+3SgProxSubj+0PlObj"", ""PVSub/gaa+PVTense/gii+bawa'an+VTI+Cnj+Pos+Neu+3SgProxSubj+0SgObj"", ""PVTense/gii+PVTense/gii+bawa'am+VAI+Pcp+Pos+Neu+3SgProxSubj+3SgProxHead"", ""PVTense/gii+PVTense/gii+bawa'am+VAI+Pcp+Pos+Neu+3PlProxSubj+3PlProxHead""]}, {'word_form': '.', 'fst_analyses': []}]",nj
Ogii'-wiiji'aawaan gii-agwaasidoonid miijim odadaawewinan.,They helped him unload his groceries he bought.,"[{'word_form': ""ogii'-wiiji'aawaan"", 'fst_analyses': [""PVTense/gii'+wiiji'+VTA+Ind+Pos+Neu+3PlProxSubj+3PlObvObj"", ""PVTense/gii'+wiiji'+VTA+Ind+Pos+Neu+3PlProxSubj+3SgObvObj""]}, {'word_form': 'gii-agwaasidoonid', 'fst_analyses': ['PVTense/gii+agwaasidoon+VTI+Cnj+Pos+Neu+3PlObvSubj+0PlObj', 'PVTense/gii+agwaasidoon+VTI+Cnj+Pos+Neu+3SgObvSubj+0PlObj', 'PVTense/gii+agwaasidoon+VTI+Cnj+Pos+Neu+3PlObvSubj+0SgObj', 'PVTense/gii+agwaasidoon+VTI+Cnj+Pos+Neu+3SgObvSubj+0SgObj']}, {'word_form': 'miijim', 'fst_analyses': ['miijim+NI+Sg']}, {'word_form': 'odadaawewinan', 'fst_analyses': ['adaawewin+NI+Pl+3SgProxPoss']}, {'word_form': '.', 'fst_analyses': []}]",nj
Miskwaadesi zaagikwegomo naawi-ziibi.,A mud turtle sticks its head out in the middle of the river.,"[{'word_form': 'miskwaadesi', 'fst_analyses': ['miskwaadesi+NA+ProxSg']}, {'word_form': 'zaagikwegomo', 'fst_analyses': ['zaagikwegomo+VAI+Ind+Pos+Neu+3SgProxSubj']}, {'word_form': 'naawi-ziibi', 'fst_analyses': ['PNLex/naawi+ziibi+NI+Sg', 'naawi-ziibi+ADVLoc']}, {'word_form': '.', 'fst_analyses': []}]",nj
Noondaagomotoon gidochigan.,Play the radio!. = Turn on the radio.,"[{'word_form': 'noondaagomotoon', 'fst_analyses': ['noondaagomotoon+VTI+Imp+Sim+2SgSubj+0PlObj', 'noondaagomotoon+VTI+Imp+Sim+2SgSubj+0SgObj']}, {'word_form': 'gidochigan', 'fst_analyses': ['gidochigan+NI+Sg']}, {'word_form': '.', 'fst_analyses': []}]",nj
Aangwaamas iidog mii gii-kiizhitooyaan nimaawandoogwaasonikaan.,I'm finally finishing my quilt.,"[{'word_form': 'aangwaamas', 'fst_analyses': ['aangwaamas+ADVTmp']}, {'word_form': 'iidog', 'fst_analyses': ['iidog+PCAsp']}, {'word_form': 'mii', 'fst_analyses': ['mii+ADVPred']}, {'word_form': 'gii-kiizhitooyaan', 'fst_analyses': ['PVTense/gii+giizhitoon+VTI+Cnj+Pos+Neu+1SgSubj+0PlObj', 'PVTense/gii+giizhitoon+VTI+Cnj+Pos+Neu+1SgSubj+0SgObj']}, {'word_form': 'nimaawandoogwaasonikaan', 'fst_analyses': ['maawandoogwaasonikaan+NI+Sg+1SgPoss']}, {'word_form': '.', 'fst_analyses': []}]",nj
Agaamindesi nibaa nindaanis.,My daughter is sleeping across from me in the lodge.,"[{'word_form': 'agaamindesi', 'fst_analyses': ['agaamindesi+ADVLoc']}, {'word_form': 'nibaa', 'fst_analyses': ['nibaa+VAI+Ind+Pos+Neu+3SgProxSubj']}, {'word_form': 'nindaanis', 'fst_analyses': ['daanis+NAD+ProxSg+1SgPoss']}, {'word_form': '.', 'fst_analyses': []}]",nj
Zhebaa nitam gii'-oda'amii nindaanisens.,My little daughter took her first step this morning,"[{'word_form': 'zhebaa', 'fst_analyses': ['zhebaa+ADVTmp']}, {'word_form': 'nitam', 'fst_analyses': ['nitam+ADVLoc']}, {'word_form': ""gii'-oda'amii"", 'fst_analyses': [""PVTense/gii'+oda'amii+VAI+Ind+Pos+Neu+3SgProxSubj""]}, {'word_form': 'nindaanisens', 'fst_analyses': ['daanis+NAD+Dim+ProxSg+1SgPoss']}, {'word_form': '.', 'fst_analyses': []}]",nj
Aandi John endazhishimod. | Aazha gii-pimi-gabikooshimo.,Where is John dancing? | He passed by already.,"[{'word_form': 'aandi', 'fst_analyses': ['aandi+ADVInter']}, {'word_form': 'john', 'fst_analyses': []}, {'word_form': 'endazhishimod', 'fst_analyses': ['dazhishimo+VAI+Pcp+Pos+Neu+3SgProxSubj+3SgProxHead']}, {'word_form': '.', 'fst_analyses': []}, {'word_form': '|', 'fst_analyses': []}, {'word_form': 'aazha', 'fst_analyses': ['aazha+ADVTmp']}, {'word_form': 'gii-pimi-gabikooshimo', 'fst_analyses': ['PVTense/gii+PVDir/bimi+gabikooshimo+VAI+Ind+Pos+Neu+3SgProxSubj']}, {'word_form': '.', 'fst_analyses': []}]",nj
Gego baapi'aaken imbakwezhiganikaan. Da-minopogozi gosha.,Don't laugh at my bannock. It's going to taste good.,"[{'word_form': 'gego', 'fst_analyses': ['gego+ADVNeg']}, {'word_form': ""baapi'aaken"", 'fst_analyses': [""baapi'+VTA+Imp+Prb+2SgSubj+3PlProxObj"", ""baapi'+VTA+Imp+Prb+2SgSubj+3SgProxObj""]}, {'word_form': 'imbakwezhiganikaan', 'fst_analyses': ['bakwezhiganikaan+NA+ProxSg+1SgPoss']}, {'word_form': '.', 'fst_analyses': []}, {'word_form': 'da-minopogozi', 'fst_analyses': ['PVTense/ga+minopogozi+VAI+Ind+Pos+Neu+3SgProxSubj']}, {'word_form': 'gosha', 'fst_analyses': ['gosha+PCEmph']}, {'word_form': '.', 'fst_analyses': []}]",nj
Aabiskweginan moozo-wiiyaas ji-ningising.,Unwrap the moose meat so it will thaw out.,"[{'word_form': 'aabiskweginan', 'fst_analyses': ['aabiskweginan+VTI+Imp+Sim+2SgSubj+0PlObj', 'aabiskweginan+VTI+Imp+Sim+2SgSubj+0SgObj']}, {'word_form': 'moozo-wiiyaas', 'fst_analyses': ['moozo-wiiyaas+NI+Sg']}, {'word_form': 'ji-ningising', 'fst_analyses': ['PVTense/daa+ningisin+VII+Cnj+Pos+Neu+0SgSubj', 'PVTense/ga+ningisin+VII+Cnj+Pos+Neu+0SgSubj', 'PVTense/daa+ningisin+VII+Cnj+Pos+Neu+0PlSubj', 'PVTense/ga+ningisin+VII+Cnj+Pos+Neu+0PlSubj']}, {'word_form': '.', 'fst_analyses': []}]",nj
Nookomis anookii ji-giizhizekonind.,My grandmother asks someone to cook for her.,"[{'word_form': 'nookomis', 'fst_analyses': ['ookomis+NAD+ProxSg+1SgPoss']}, {'word_form': 'anookii', 'fst_analyses': ['anookii+VAI+Ind+Pos+Neu+3SgProxSubj']}, {'word_form': 'ji-giizhizekonind', 'fst_analyses': []}, {'word_form': '.', 'fst_analyses': []}]",nj
Nookomis anookii ji-ipizo'ind wii'-maa'ishkang.,My grandma is asking for a ride to go shopping.,"[{'word_form': 'nookomis', 'fst_analyses': ['ookomis+NAD+ProxSg+1SgPoss']}, {'word_form': 'anookii', 'fst_analyses': ['anookii+VAI+Ind+Pos+Neu+3SgProxSubj']}, {'word_form': ""ji-ipizo'ind"", 'fst_analyses': [""PVTense/daa+ipizo'+VTA+Cnj+Pos+Neu+XSubj+3SgProxObj"", ""PVTense/ga+ipizo'+VTA+Cnj+Pos+Neu+XSubj+3SgProxObj""]}, {'word_form': ""wii'-maa'ishkang"", 'fst_analyses': [""PVTense/wii'+maa'ishkam+VAI+Cnj+Pos+Neu+3SgProxSubj""]}, {'word_form': '.', 'fst_analyses': []}]",nj
Biizikan ginamekwaanakizinan. Nibiiwashkosiwagaa agwajiing.,Put on your rubber boots. The grass outside is wet.,"[{'word_form': 'biizikan', 'fst_analyses': ['biizikan+VTI+Imp+Sim+2SgSubj+0PlObj', 'biizikan+VTI+Imp+Sim+2SgSubj+0SgObj']}, {'word_form': 'ginamekwaanakizinan', 'fst_analyses': ['namekwaanakizin+NI+Pl+2SgPoss']}, {'word_form': '.', 'fst_analyses': []}, {'word_form': 'nibiiwashkosiwagaa', 'fst_analyses': ['nibiiwashkosiwagaa+VII+Ind+Pos+Neu+0SgSubj']}, {'word_form': 'agwajiing', 'fst_analyses': ['agwajiing+ADVLoc']}, {'word_form': '.', 'fst_analyses': []}]",nj
Ningii-tazhwaanikweyaabaawe gii-ani-aazhawa'adoowaan jibwaa-biindigawag nindaanis.,My hair got straightened in the rain before I got across to my daughter's place.,"[{'word_form': 'ningii-tazhwaanikweyaabaawe', 'fst_analyses': ['PVTense/gii+dazhwaanikweyaabaawe+VAI+Ind+Pos+Neu+1SgSubj']}, {'word_form': ""gii-ani-aazhawa'adoowaan"", 'fst_analyses': []}, {'word_form': 'jibwaa-biindigawag', 'fst_analyses': ['PVTense/jibwaa+biindigaw+VTA+Cnj+Pos+Neu+1SgSubj+3SgProxObj']}, {'word_form': 'nindaanis', 'fst_analyses': ['daanis+NAD+ProxSg+1SgPoss']}, {'word_form': '.', 'fst_analyses': []}]",nj
Ogii-padakinaa' odaagima' jiigishkwaand.,He stood his snowshoes up at the door.,"[{'word_form': ""ogii-padakinaa'"", 'fst_analyses': ['PVTense/gii+badakizh+VTA+Ind+Pos+Neu+3SgProxSubj+3PlObvObj']}, {'word_form': ""odaagima'"", 'fst_analyses': ['aagim+NA+ObvPl+3SgProxPoss']}, {'word_form': 'jiigishkwaand', 'fst_analyses': ['jiigishkwaand+ADVLoc']}, {'word_form': '.', 'fst_analyses': []}]",nj
Na'isijige gaa'-ishkwaa-wiisiniyaang.,S/he tidies up after a meal. / S/he puts things after after we finish eating.,"[{'word_form': ""na'isijige"", 'fst_analyses': [""na'isijige+VAI+Ind+Pos+Neu+3SgProxSubj""]}, {'word_form': ""gaa'-ishkwaa-wiisiniyaang"", 'fst_analyses': []}, {'word_form': '.', 'fst_analyses': []}]",nj
Obiinitoonan odookijaabikoon.,He's cleaning out his stovepipes.,"[{'word_form': 'obiinitoonan', 'fst_analyses': ['biinitoon+VTI+Ind+Pos+Neu+3PlObvSubj+0PlObj', 'biinitoon+VTI+Ind+Pos+Neu+3SgObvSubj+0PlObj', 'biinitoon+VTI+Ind+Pos+Neu+3SgProxSubj+0PlObj']}, {'word_form': 'odookijaabikoon', 'fst_analyses': ['okijaabik+NI+Pl+3SgProxPoss']}, {'word_form': '.', 'fst_analyses': []}]",nj
Wiisagaabate omaa biindig. Ganabaj bagoshkaa okijaabik.,The smoke hurts the eyes in here. I think there is a hole in the chimney.,"[{'word_form': 'wiisagaabate', 'fst_analyses': ['wiisagaabate+VII+Ind+Pos+Neu+0SgSubj']}, {'word_form': 'omaa', 'fst_analyses': ['omaa+ADVLoc']}, {'word_form': 'biindig', 'fst_analyses': ['biindig+ADVLoc']}, {'word_form': '.', 'fst_analyses': []}, {'word_form': 'ganabaj', 'fst_analyses': ['ganabaj+ADVMan']}, {'word_form': 'bagoshkaa', 'fst_analyses': ['bagoshkaa+VAI+Ind+Pos+Neu+3SgProxSubj', 'bagoshkaa+VII+Ind+Pos+Neu+0SgSubj']}, {'word_form': 'okijaabik', 'fst_analyses': ['okijaabik+NI+Sg']}, {'word_form': '.', 'fst_analyses': []}]",nj
Biinjinaagan atoon giwiikongewin.,Put your ceremonial food in the dish.,"[{'word_form': 'biinjinaagan', 'fst_analyses': ['biinjinaagan+ADVLoc']}, {'word_form': 'atoon', 'fst_analyses': ['atoon+VTI+Imp+Sim+2SgSubj+0PlObj', 'atoon+VTI+Imp+Sim+2SgSubj+0SgObj']}, {'word_form': 'giwiikongewin', 'fst_analyses': ['wiikongewin+NI+Sg+2SgPoss']}, {'word_form': '.', 'fst_analyses': []}]",nj
Mitikwam gidaa-agwana'aanan amikoganan.,You can cover up the beaver bones right on the ice.,"[{'word_form': 'mitikwam', 'fst_analyses': ['mitikwam+ADVLoc']}, {'word_form': ""gidaa-agwana'aanan"", 'fst_analyses': [""PVTense/daa+agwana'an+VTI+Ind+Pos+Neu+2SgSubj+0PlObj""]}, {'word_form': 'amikoganan', 'fst_analyses': ['amikogan+NI+Pl']}, {'word_form': '.', 'fst_analyses': []}]",nj
Nindishpaabiigagoodon waa'-izhi-agoodooyaan ingiziibiiga'igewinan.,I'm putting the clothesline I'm going to hang my laundry on up high.,"[{'word_form': 'nindishpaabiigagoodon', 'fst_analyses': []}, {'word_form': ""waa'-izhi-agoodooyaan"", 'fst_analyses': []}, {'word_form': ""ingiziibiiga'igewinan"", 'fst_analyses': [""giziibiiga'igewin+NI+Pl+1SgPoss""]}, {'word_form': '.', 'fst_analyses': []}]",nj
Zagaakwaa onigam.,The portage is densely wooded.,"[{'word_form': 'zagaakwaa', 'fst_analyses': ['zagaakwaa+VII+Ind+Pos+Neu+0SgSubj']}, {'word_form': 'onigam', 'fst_analyses': ['onigam+NI+Sg']}, {'word_form': '.', 'fst_analyses': []}]",nj
Ogii'-mikawaan odoodaabaanan gaa-gii-kimoodimind.,He found the car the was stolen from him.,"[{'word_form': ""ogii'-mikawaan"", 'fst_analyses': [""PVTense/gii'+mikaw+VTA+Ind+Pos+Neu+3SgProxSubj+3SgObvObj"", ""PVTense/gii'+mikaw+VTA+Ind+Pos+Neu+3SgProxSubj+3PlObvObj""]}, {'word_form': 'odoodaabaanan', 'fst_analyses': ['odaabaan+NI+Pl+3SgProxPoss', 'odaabaan+NA+ObvPl+3SgProxPoss', 'odaabaan+NA+ObvSg+3SgProxPoss']}, {'word_form': 'gaa-gii-kimoodimind', 'fst_analyses': ['PVSub/gaa+PVTense/gii+gimoodim+VTA+Cnj+Pos+Neu+XSubj+3SgProxObj']}, {'word_form': '.', 'fst_analyses': []}]",nj
Andawendaagwad ji-mino-giizhigak waabang ji-mino-bawa'amang.,Everyone wishes for a nice day tomorrow so we can enjoy picking rice.,"[{'word_form': 'andawendaagwad', 'fst_analyses': ['andawendaagwad+VII+Ind+Pos+Neu+0SgSubj']}, {'word_form': 'ji-mino-giizhigak', 'fst_analyses': ['PVTense/daa+mino-giizhigad+VII+Cnj+Pos+Neu+0SgSubj', 'PVTense/ga+mino-giizhigad+VII+Cnj+Pos+Neu+0SgSubj', 'PVTense/daa+PVLex/mino+giizhigad+VII+Cnj+Pos+Neu+0SgSubj', 'PVTense/ga+PVLex/mino+giizhigad+VII+Cnj+Pos+Neu+0SgSubj', 'PVTense/daa+mino-giizhigad+VII+Cnj+Pos+Neu+0PlSubj', 'PVTense/ga+mino-giizhigad+VII+Cnj+Pos+Neu+0PlSubj', 'PVTense/daa+PVLex/mino+giizhigad+VII+Cnj+Pos+Neu+0PlSubj', 'PVTense/ga+PVLex/mino+giizhigad+VII+Cnj+Pos+Neu+0PlSubj']}, {'word_form': 'waabang', 'fst_analyses': ['waaban+VII+Cnj+Pos+Neu+0SgSubj', 'waaban+VII+Cnj+Pos+Neu+0PlSubj']}, {'word_form': ""ji-mino-bawa'amang"", 'fst_analyses': [""PVTense/daa+PVLex/mino+bawa'am+VAI+Cnj+Pos+Neu+InclSubj"", ""PVTense/ga+PVLex/mino+bawa'am+VAI+Cnj+Pos+Neu+InclSubj"", ""PVTense/daa+PVLex/mino+bawa'an+VTI+Cnj+Pos+Neu+InclSubj+0PlObj"", ""PVTense/ga+PVLex/mino+bawa'an+VTI+Cnj+Pos+Neu+InclSubj+0PlObj"", ""PVTense/daa+PVLex/mino+bawa'an+VTI+Cnj+Pos+Neu+InclSubj+0SgObj"", ""PVTense/ga+PVLex/mino+bawa'an+VTI+Cnj+Pos+Neu+InclSubj+0SgObj""]}, {'word_form': '.', 'fst_analyses': []}]",nj
Ogii'-agwa'aan ogikinawaajibii'igan ezhibii'igaadenig owaakaa'igan.,He attached his house number on.,"[{'word_form': ""ogii'-agwa'aan"", 'fst_analyses': [""PVTense/gii'+agwa'an+VTI+Ind+Pos+Neu+3SgProxSubj+0SgObj""]}, {'word_form': ""ogikinawaajibii'igan"", 'fst_analyses': [""gikinawaajibii'igan+NI+Sg+3SgProxPoss""]}, {'word_form': ""ezhibii'igaadenig"", 'fst_analyses': [""izhibii'igaade+VII+Pcp+Pos+Neu+0SgObvSubj+0SgObvHead""]}, {'word_form': ""owaakaa'igan"", 'fst_analyses': [""waakaa'igan+NI+Sg+3SgProxPoss""]}, {'word_form': '.', 'fst_analyses': []}]",nj
Agwaataawag amikwag gii-bagozigoshkigewaad andawaabandamowaad waa'-miijiwaad oshki-mitigoonsan.,The beaver come out of the water when they make holes in ice looking for fresh saplings to eat.,"[{'word_form': 'agwaataawag', 'fst_analyses': ['agwaataa+VAI+Ind+Pos+Neu+3PlProxSubj']}, {'word_form': 'amikwag', 'fst_analyses': ['amik+NA+ProxPl']}, {'word_form': 'gii-bagozigoshkigewaad', 'fst_analyses': ['PVTense/gii+bagozigoshkige+VAI+Cnj+Pos+Neu+3PlProxSubj']}, {'word_form': 'andawaabandamowaad', 'fst_analyses': ['andawaabandan+VTI+Cnj+Pos+Neu+3PlProxSubj+0PlObj', 'andawaabandan+VTI+Cnj+Pos+Neu+3PlProxSubj+0SgObj']}, {'word_form': ""waa'-miijiwaad"", 'fst_analyses': []}, {'word_form': 'oshki-mitigoonsan', 'fst_analyses': ['PNLex/oshki+mitig+NA+Dim+ObvSg', 'PNLex/oshki+mitig+NI+Dim+Pl', 'PNLex/oshki+mitig+NA+Dim+ObvPl', 'PNLex/oshki+mitigoons+NI+Pl']}, {'word_form': '.', 'fst_analyses': []}]",nj
Odagwaabiiginaan amikwan gaa-gii-paashkizwaad.,He is puling the beaver he shot out of the water.,"[{'word_form': 'odagwaabiiginaan', 'fst_analyses': ['agwaabiigin+VTA+Ind+Pos+Neu+3SgProxSubj+3SgObvObj', 'agwaabiigin+VTA+Ind+Pos+Neu+3SgProxSubj+3PlObvObj', 'agwaabiiginan+VTI+Ind+Pos+Neu+3SgProxSubj+0SgObj']}, {'word_form': 'amikwan', 'fst_analyses': ['amik+NA+ObvPl', 'amik+NA+ObvSg']}, {'word_form': 'gaa-gii-paashkizwaad', 'fst_analyses': ['PVSub/gaa+PVTense/gii+baashkizwi+VTA+Cnj+Pos+Neu+3SgProxSubj+3SgObvObj', 'PVSub/gaa+PVTense/gii+baashkiz+VTA+Cnj+Pos+Neu+3SgProxSubj+3SgObvObj', 'PVSub/gaa+PVTense/gii+baashkizwi+VTA+Cnj+Pos+Neu+3SgProxSubj+3PlObvObj', 'PVSub/gaa+PVTense/gii+baashkiz+VTA+Cnj+Pos+Neu+3SgProxSubj+3PlObvObj']}, {'word_form': '.', 'fst_analyses': []}]",nj
Migiwag animoshag gabe-dibik.,Dogs barked all night.,"[{'word_form': 'migiwag', 'fst_analyses': ['migi+VAI+Ind+Pos+Neu+3PlProxSubj']}, {'word_form': 'animoshag', 'fst_analyses': ['animosh+NA+ProxPl']}, {'word_form': 'gabe-dibik', 'fst_analyses': ['gabe-dibik+ADVTmp', 'PVLex/gabe+dibik+ADVTmp']}, {'word_form': '.', 'fst_analyses': []}]",nj
Mooshkinatoon gizhaabikizigan gabe-dibik ji-biskaneg.,Fill the stove so the fire will go all night.,"[{'word_form': 'mooshkinatoon', 'fst_analyses': ['mooshkinatoon+VTI+Imp+Sim+2SgSubj+0PlObj', 'mooshkinatoon+VTI+Imp+Sim+2SgSubj+0SgObj']}, {'word_form': 'gizhaabikizigan', 'fst_analyses': ['gizhaabikizigan+NI+Sg']}, {'word_form': 'gabe-dibik', 'fst_analyses': ['gabe-dibik+ADVTmp', 'PVLex/gabe+dibik+ADVTmp']}, {'word_form': 'ji-biskaneg', 'fst_analyses': ['PVTense/daa+biskane+VII+Cnj+Pos+Neu+0SgSubj', 'PVTense/ga+biskane+VII+Cnj+Pos+Neu+0SgSubj', 'PVTense/daa+biskane+VII+Cnj+Pos+Neu+0PlSubj', 'PVTense/ga+biskane+VII+Cnj+Pos+Neu+0PlSubj']}, {'word_form': '.', 'fst_analyses': []}]",nj
Gabe-dibik ogii-takagonjidoon odoodooshaaboom.,She cooled off her jug of milk in the water overnight.,"[{'word_form': 'gabe-dibik', 'fst_analyses': ['gabe-dibik+ADVTmp', 'PVLex/gabe+dibik+ADVTmp']}, {'word_form': 'ogii-takagonjidoon', 'fst_analyses': ['PVTense/gii+dakagonjidoon+VTI+Ind+Pos+Neu+3SgProxSubj+0SgObj']}, {'word_form': 'odoodooshaaboom', 'fst_analyses': ['doodooshaaboo+NI+Poss+Sg+3SgProxPoss', 'doodooshaabo+NI+Poss+Sg+3SgProxPoss']}, {'word_form': '.', 'fst_analyses': []}]",nj
Aaniin enaabadak.,What's it for?,"[{'word_form': 'aaniin', 'fst_analyses': ['aaniin+PCInterj', 'aaniin+ADVInter']}, {'word_form': 'enaabadak', 'fst_analyses': ['inaabadad+VII+Pcp+Pos+Neu+0SgSubj+0SgHead']}, {'word_form': '.', 'fst_analyses': []}]",nj
Aaniin enaabadak o'owe zhaabonigan. / Mii owe ayaabajitoowaan gii-zhingibinagwaa amikwayaanag.,What is this needle used for? / This is the one I use for putting beaver hides on hoops.,"[{'word_form': 'aaniin', 'fst_analyses': ['aaniin+PCInterj', 'aaniin+ADVInter']}, {'word_form': 'enaabadak', 'fst_analyses': ['inaabadad+VII+Pcp+Pos+Neu+0SgSubj+0SgHead']}, {'word_form': ""o'owe"", 'fst_analyses': [""o'owe+PRONDem+NI+Sg""]}, {'word_form': 'zhaabonigan', 'fst_analyses': ['zhaabonigan+NI+Sg']}, {'word_form': '.', 'fst_analyses': []}, {'word_form': '/', 'fst_analyses': []}, {'word_form': 'mii', 'fst_analyses': ['mii+ADVPred']}, {'word_form': 'owe', 'fst_analyses': ['owe+PRONDem+NI+Sg']}, {'word_form': 'ayaabajitoowaan', 'fst_analyses': []}, {'word_form': 'gii-zhingibinagwaa', 'fst_analyses': ['PVTense/gii+zhingibizh+VTA+Cnj+Pos+Neu+1SgSubj+3PlProxObj']}, {'word_form': 'amikwayaanag', 'fst_analyses': ['amikwayaan+NA+ProxPl']}, {'word_form': '.', 'fst_analyses': []}]",nj
Giminjimenim ina.,Do you remember me?,"[{'word_form': 'giminjimenim', 'fst_analyses': ['minjimenim+VTA+Ind+Pos+Neu+2SgSubj+1SgObj']}, {'word_form': 'ina', 'fst_analyses': ['ina+PCDisc']}, {'word_form': '.', 'fst_analyses': []}]",nj
Giminjimenimaa na gii'-megwaashkawadiban wa'awe.,Do you remember meeting this person?,"[{'word_form': 'giminjimenimaa', 'fst_analyses': ['minjimenim+VTA+Ind+Pos+Neu+2SgSubj+3SgProxObj']}, {'word_form': 'na', 'fst_analyses': ['na+PCDisc']}, {'word_form': ""gii'-megwaashkawadiban"", 'fst_analyses': [""PVTense/gii'+megwaashkaw+VTA+Cnj+Pos+Prt+2SgSubj+3SgProxObj""]}, {'word_form': ""wa'awe"", 'fst_analyses': [""wa'awe+PRONDem+NA+ProxSg""]}, {'word_form': '.', 'fst_analyses': []}]",nj
Miziwe nibabaa-wiijitwaa anishinaabemowin dazhiikigaadeg.,I'm helping out everywhere with revitalizing the Native language.,"[{'word_form': 'miziwe', 'fst_analyses': ['miziwe+ADVLoc']}, {'word_form': 'nibabaa-wiijitwaa', 'fst_analyses': ['PVDir/babaa+wiijitwaa+VAI+Ind+Pos+Neu+1SgSubj']}, {'word_form': 'anishinaabemowin', 'fst_analyses': ['anishinaabemowin+NI+Sg']}, {'word_form': 'dazhiikigaadeg', 'fst_analyses': ['dazhiikigaade+VII+Cnj+Pos+Neu+0SgSubj', 'dazhiikigaade+VII+Cnj+Pos+Neu+0PlSubj']}, {'word_form': '.', 'fst_analyses': []}]",nj
Aandi eyaag okwadaawewigamig.,Where is the wholesale store?,"[{'word_form': 'aandi', 'fst_analyses': ['aandi+ADVInter']}, {'word_form': 'eyaag', 'fst_analyses': ['ayaa+VII+Pcp+Pos+Neu+0SgSubj+0SgHead']}, {'word_form': 'okwadaawewigamig', 'fst_analyses': ['okwadaawewigamig+NI+Sg']}, {'word_form': '.', 'fst_analyses': []}]",nj
Nimaagwaakwa'aanan wiigwaasi-makako-waakaayaagibijigan.,I clamp down the birch bark box rims.,"[{'word_form': ""nimaagwaakwa'aanan"", 'fst_analyses': [""maagwaakwa'an+VTI+Ind+Pos+Neu+1SgSubj+0PlObj""]}, {'word_form': 'wiigwaasi-makako-waakaayaagibijigan', 'fst_analyses': ['wiigwaasi-makako-waakaayaagibijigan+NI+Sg']}, {'word_form': '.', 'fst_analyses': []}]",nj
Aaniin miinawaa enaanagidooned.,What is he mouthing off about now?,"[{'word_form': 'aaniin', 'fst_analyses': ['aaniin+PCInterj', 'aaniin+ADVInter']}, {'word_form': 'miinawaa', 'fst_analyses': ['miinawaa+ADVConj']}, {'word_form': 'enaanagidooned', 'fst_analyses': ['inaanagidoone+VAI+Pcp+Pos+Neu+3SgProxSubj+3SgProxHead']}, {'word_form': '.', 'fst_analyses': []}]",nj
Omaanikaagon gizhaatewin gaa-onji-dewikwed Shirley.,Shirley has a headache because of the heat.,"[{'word_form': 'omaanikaagon', 'fst_analyses': []}, {'word_form': 'gizhaatewin', 'fst_analyses': ['gizhaatewin+NI+Sg']}, {'word_form': 'gaa-onji-dewikwed', 'fst_analyses': ['PVSub/gaa+PVRel/onji+dewikwe+VAI+Cnj+Pos+Neu+3SgProxSubj', 'PVTense/gii+PVRel/onji+dewikwe+VAI+Pcp+Pos+Neu+3SgProxSubj+3SgProxHead']}, {'word_form': 'shirley', 'fst_analyses': []}, {'word_form': '.', 'fst_analyses': []}]",nj
Maagoshkan ji-gibichibizoyan.,Step on your brakes to stop.,"[{'word_form': 'maagoshkan', 'fst_analyses': ['maagoshkan+VTI+Imp+Sim+2SgSubj+0PlObj', 'maagoshkan+VTI+Imp+Sim+2SgSubj+0SgObj']}, {'word_form': 'ji-gibichibizoyan', 'fst_analyses': ['PVTense/daa+gibichibizo+VAI+Cnj+Pos+Neu+2SgSubj', 'PVTense/ga+gibichibizo+VAI+Cnj+Pos+Neu+2SgSubj']}, {'word_form': '.', 'fst_analyses': []}]",nj
Awiya awasi-baawitig danwewezigewag.,There's somebody shooting on the other side of the rapids.,"[{'word_form': 'awiya', 'fst_analyses': ['awiya+PRONIndf+NA']}, {'word_form': 'awasi-baawitig', 'fst_analyses': ['PNLex/awasi+baawitig+NI+Sg', 'awasi-baawitig+ADVLoc']}, {'word_form': 'danwewezigewag', 'fst_analyses': ['danwewezige+VAI+Ind+Pos+Neu+3PlProxSubj']}, {'word_form': '.', 'fst_analyses': []}]",nj
Gii'-agaashiinyensi nindaanikoobijigan gaa-gii'-nitaawiigid. Gii'-niso-dibaabiishkoojiganezi eta awashime.,My great-grandchild was so small when he was born. He only weighed a little over three pounds.,"[{'word_form': ""gii'-agaashiinyensi"", 'fst_analyses': [""PVTense/gii'+agaashiinyensi+VAI+Ind+Pos+Neu+3SgProxSubj""]}, {'word_form': 'nindaanikoobijigan', 'fst_analyses': ['aanikoobijigan+NA+ProxSg+1SgPoss']}, {'word_form': ""gaa-gii'-nitaawiigid"", 'fst_analyses': []}, {'word_form': '.', 'fst_analyses': []}, {'word_form': ""gii'-niso-dibaabiishkoojiganezi"", 'fst_analyses': [""PVTense/gii'+niso-dibaabiishkoojiganezi+VAI+Ind+Pos+Neu+3SgProxSubj"", ""PVTense/gii'+PVQnt/niso+dibaabiishkoojiganezi+VAI+Ind+Pos+Neu+3SgProxSubj""]}, {'word_form': 'eta', 'fst_analyses': ['eta+ADVDeg']}, {'word_form': 'awashime', 'fst_analyses': ['awashime+ADVDeg']}, {'word_form': '.', 'fst_analyses': []}]",nj
Aaniin epiitagoodeg.,How high does it hang?,"[{'word_form': 'aaniin', 'fst_analyses': ['aaniin+PCInterj', 'aaniin+ADVInter']}, {'word_form': 'epiitagoodeg', 'fst_analyses': ['apiitagoode+VII+Pcp+Pos+Neu+0SgSubj+0SgHead']}, {'word_form': '.', 'fst_analyses': []}]",nj
Aaniin giin enendaman.,What do you think?,"[{'word_form': 'aaniin', 'fst_analyses': ['aaniin+PCInterj', 'aaniin+ADVInter']}, {'word_form': 'giin', 'fst_analyses': ['giin+PRONPer+NA+2Sg']}, {'word_form': 'enendaman', 'fst_analyses': []}, {'word_form': '.', 'fst_analyses': []}]",nj
Naajibatwaadan gigiishkiboojigan. Giga-andawinisemin.,Go run for your saw. We'll go get some firewood.,"[{'word_form': 'naajibatwaadan', 'fst_analyses': ['naajibatwaadan+VTI+Imp+Sim+2SgSubj+0PlObj', 'naajibatwaadan+VTI+Imp+Sim+2SgSubj+0SgObj']}, {'word_form': 'gigiishkiboojigan', 'fst_analyses': ['giishkiboojigan+NI+Sg+2SgPoss']}, {'word_form': '.', 'fst_analyses': []}, {'word_form': 'giga-andawinisemin', 'fst_analyses': ['PVTense/ga+andawinise+VAI+Ind+Pos+Neu+InclSubj']}, {'word_form': '.', 'fst_analyses': []}]",nj
Ginwaabiigizi manidoosh.,The bug is long.,"[{'word_form': 'ginwaabiigizi', 'fst_analyses': ['ginwaabiigizi+VAI+Ind+Pos+Neu+3SgProxSubj']}, {'word_form': 'manidoosh', 'fst_analyses': ['manidoosh+NA+ProxSg']}, {'word_form': '.', 'fst_analyses': []}]",nj
Wiinge naa inaadiwag niizhoodenyag.,My twins sure look alike.,"[{'word_form': 'wiinge', 'fst_analyses': ['wiinge+ADVDeg']}, {'word_form': 'naa', 'fst_analyses': ['naa+PCEmph']}, {'word_form': 'inaadiwag', 'fst_analyses': ['inaadiwag+VAI+Ind+Pos+Neu+3PlProxSubj+3PlProxObj']}, {'word_form': 'niizhoodenyag', 'fst_analyses': ['niizhoodenh+NA+ProxPl']}, {'word_form': '.', 'fst_analyses': []}]",nj
Nindinaadimin nimisenh,My older sister and I look alike.,"[{'word_form': 'nindinaadimin', 'fst_analyses': ['inaadiwag+VAI+Ind+Pos+Neu+ExclSubj+ExclObj']}, {'word_form': 'nimisenh', 'fst_analyses': ['miseny+NAD+ProxSg+1SgPoss']}]",nj
Azhe-giiwewidoon; onzaam agaasiigad. Gaawiin nindaa-debishkanziin.,Take it back because it's too small. I can't fit into it.,"[{'word_form': 'azhe-giiwewidoon;', 'fst_analyses': []}, {'word_form': 'onzaam', 'fst_analyses': ['onzaam+ADVQnt']}, {'word_form': 'agaasiigad', 'fst_analyses': ['agaasiigad+VII+Ind+Pos+Neu+0SgSubj']}, {'word_form': '.', 'fst_analyses': []}, {'word_form': 'gaawiin', 'fst_analyses': ['gaawiin+ADVNeg']}, {'word_form': 'nindaa-debishkanziin', 'fst_analyses': ['PVTense/daa+debishkan+VTI+Ind+Neg+Neu+1SgSubj+0SgObj']}, {'word_form': '.', 'fst_analyses': []}]",nj
Odaadowebishkaan obiinzikawaagan; onzaam agaasiigadini.,He split his jacket open because it's too small for him.,"[{'word_form': 'odaadowebishkaan', 'fst_analyses': ['daadowebishkan+VTI+Ind+Pos+Neu+3SgProxSubj+0SgObj']}, {'word_form': 'obiinzikawaagan;', 'fst_analyses': []}, {'word_form': 'onzaam', 'fst_analyses': ['onzaam+ADVQnt']}, {'word_form': 'agaasiigadini', 'fst_analyses': ['agaasiigad+VII+Ind+Pos+Neu+0SgObvSubj']}, {'word_form': '.', 'fst_analyses': []}]",nj
Nookizii gibakwezhiganikaan.,Your bannock is nice and soft.,"[{'word_form': 'nookizii', 'fst_analyses': []}, {'word_form': 'gibakwezhiganikaan', 'fst_analyses': ['bakwezhiganikaan+NA+ProxSg+2SgPoss']}, {'word_form': '.', 'fst_analyses': []}]",nj
Okosidoon misan ji-baategin.,Pile up the firewood to dry.,"[{'word_form': 'okosidoon', 'fst_analyses': ['okosidoon+VTI+Imp+Sim+2SgSubj+0PlObj', 'okosidoon+VTI+Imp+Sim+2SgSubj+0SgObj']}, {'word_form': 'misan', 'fst_analyses': ['mishi+NI+Pl']}, {'word_form': 'ji-baategin', 'fst_analyses': ['PVTense/daa+baate+VII+Cnj+Pos+Neu+0PlSubj', 'PVTense/ga+baate+VII+Cnj+Pos+Neu+0PlSubj']}, {'word_form': '.', 'fst_analyses': []}]",nj
Daga apii bi-wiiji'ishiikan wii'-okosidoowaan misan.,Could you please come and help me when I pile up the wood.,"[{'word_form': 'daga', 'fst_analyses': ['daga+PCDisc']}, {'word_form': 'apii', 'fst_analyses': ['apii+ADVTmp']}, {'word_form': ""bi-wiiji'ishiikan"", 'fst_analyses': [""PVDir/bi+wiiji'+VTA+Imp+Del+2SgSubj+1SgObj""]}, {'word_form': ""wii'-okosidoowaan"", 'fst_analyses': []}, {'word_form': 'misan', 'fst_analyses': ['mishi+NI+Pl']}, {'word_form': '.', 'fst_analyses': []}]",nj
Aaniin enendaagozid.,What do people think of h/? How is s/he regarded?,"[{'word_form': 'aaniin', 'fst_analyses': ['aaniin+PCInterj', 'aaniin+ADVInter']}, {'word_form': 'enendaagozid', 'fst_analyses': ['inendaagozi+VAI+Pcp+Pos+Neu+3SgProxSubj+3SgProxHead']}, {'word_form': '.', 'fst_analyses': []}]",nj
Maamakaadakamig inendaagozi gaa-anokiitang waakaa'igan.,It's amazing the way he's working on that house.,"[{'word_form': 'maamakaadakamig', 'fst_analyses': ['maamakaadakamig+PCDisc']}, {'word_form': 'inendaagozi', 'fst_analyses': ['inendaagozi+VAI+Ind+Pos+Neu+3SgProxSubj']}, {'word_form': 'gaa-anokiitang', 'fst_analyses': ['PVSub/gaa+anokiitan+VTI+Cnj+Pos+Neu+3SgProxSubj+0PlObj', 'PVSub/gaa+anokiitan+VTI+Cnj+Pos+Neu+3SgProxSubj+0SgObj']}, {'word_form': ""waakaa'igan"", 'fst_analyses': [""waakaa'igan+NI+Sg""]}, {'word_form': '.', 'fst_analyses': []}]",nj
Naada'wik agaaming gaa-madwe-biibaagid.,Go get the guy across the lake that's yelling  (to be picked up).,"[{'word_form': ""naada'wik"", 'fst_analyses': [""naada'wi+VTA+Cnj+Pos+Neu+3SgProxSubj+2SgObj"", ""naada'+VTA+Cnj+Pos+Neu+3SgProxSubj+2SgObj"", ""naada'wi+VTA+Imp+Sim+2PlSubj+3SgProxObj"", ""naada'+VTA+Imp+Sim+2PlSubj+3SgProxObj"", ""naada'wi+VTA+Imp+Sim+2PlSubj+3PlProxObj"", ""naada'+VTA+Imp+Sim+2PlSubj+3PlProxObj""]}, {'word_form': 'agaaming', 'fst_analyses': ['agaaming+ADVLoc']}, {'word_form': 'gaa-madwe-biibaagid', 'fst_analyses': ['PVSub/gaa+PVLex/madwe+biibaagi+VAI+Cnj+Pos+Neu+3SgProxSubj', 'PVTense/gii+PVLex/madwe+biibaagi+VAI+Pcp+Pos+Neu+3SgProxSubj+3SgProxHead']}, {'word_form': '.', 'fst_analyses': []}]",nj
Da-debibii na imaa omoodaabikong.,Will it (a liquid) fit in the jar?,"[{'word_form': 'da-debibii', 'fst_analyses': ['PVTense/ga+debibii+VII+Ind+Pos+Neu+0SgSubj']}, {'word_form': 'na', 'fst_analyses': ['na+PCDisc']}, {'word_form': 'imaa', 'fst_analyses': ['imaa+ADVLoc']}, {'word_form': 'omoodaabikong', 'fst_analyses': []}, {'word_form': '.', 'fst_analyses': []}]",nj
Biinjaya'ii danweweyaange oojiins.,You can hear the flies buzzing inside it.,"[{'word_form': ""biinjaya'ii"", 'fst_analyses': [""biinjaya'ii+ADVLoc""]}, {'word_form': 'danweweyaange', 'fst_analyses': ['danweweyaange+VAI+Ind+Pos+Neu+3SgProxSubj']}, {'word_form': 'oojiins', 'fst_analyses': ['oojiins+NA+ProxSg', 'oojii+NA+Dim+ProxSg']}, {'word_form': '.', 'fst_analyses': []}]",nj
Giizhoopizh giniijaanis dakobinad dikinaaganing.,Wrap up your child warm when you tie him in the cradle board.,"[{'word_form': 'giizhoopizh', 'fst_analyses': ['giizhoopizh+VTA+Imp+Sim+2SgSubj+3SgProxObj', 'giizhoopizh+VTA+Imp+Sim+2SgSubj+3PlProxObj']}, {'word_form': 'giniijaanis', 'fst_analyses': ['niijaanis+NAD+ProxSg+2SgPoss']}, {'word_form': 'dakobinad', 'fst_analyses': ['dakobizh+VTA+Cnj+Pos+Neu+2SgSubj+3SgProxObj']}, {'word_form': 'dikinaaganing', 'fst_analyses': ['dikinaagan+NI+Loc']}, {'word_form': '.', 'fst_analyses': []}]",nj
Gashkaabika'an gimiikana gaa-bi-onji-zaagijibizoyan.,Lock the gate on your driveway you just came out of.,"[{'word_form': ""gashkaabika'an"", 'fst_analyses': [""gashkaabika'an+VTI+Imp+Sim+2SgSubj+0PlObj"", ""gashkaabika'an+VTI+Imp+Sim+2SgSubj+0SgObj""]}, {'word_form': 'gimiikana', 'fst_analyses': ['miikana+NI+Sg+2SgPoss']}, {'word_form': 'gaa-bi-onji-zaagijibizoyan', 'fst_analyses': ['PVSub/gaa+PVDir/bi+PVRel/onji+zaagijibizo+VAI+Cnj+Pos+Neu+2SgSubj']}, {'word_form': '.', 'fst_analyses': []}]",nj
Gemaa gaye gidaa-wiindamawaa.,Or maybe you should tell him.,"[{'word_form': 'gemaa', 'fst_analyses': ['gemaa+ADVConj']}, {'word_form': 'gaye', 'fst_analyses': ['gaye+ADVConj']}, {'word_form': 'gidaa-wiindamawaa', 'fst_analyses': ['PVTense/daa+wiindamaw+VTA+Ind+Pos+Neu+2SgSubj+3SgProxObj']}, {'word_form': '.', 'fst_analyses': []}]",nj
Mewinzha apane gaa'-waabamagiban nimisenh.,It's been a long time since I've seen my younger sister.,"[{'word_form': 'mewinzha', 'fst_analyses': ['mewinzha+ADVTmp']}, {'word_form': 'apane', 'fst_analyses': ['apane+ADVTmp']}, {'word_form': ""gaa'-waabamagiban"", 'fst_analyses': []}, {'word_form': 'nimisenh', 'fst_analyses': ['miseny+NAD+ProxSg+1SgPoss']}, {'word_form': '.', 'fst_analyses': []}]",nj
Aaniin ekoonagak jiimaan?,How long is the boat?,"[{'word_form': 'aaniin', 'fst_analyses': ['aaniin+PCInterj', 'aaniin+ADVInter']}, {'word_form': 'ekoonagak', 'fst_analyses': ['akoonagad+VII+Pcp+Pos+Neu+0SgSubj+0SgHead']}, {'word_form': 'jiimaan', 'fst_analyses': ['jiimaan+NI+Sg']}, {'word_form': '?', 'fst_analyses': []}]",nj
Stacy gii-shizhookam gii-awi-bagidinisaadang ogizhaabikizigan agwajiing.,Stacy stepped on the dog poop when he went and filled up his stove outside.,"[{'word_form': 'stacy', 'fst_analyses': []}, {'word_form': 'gii-shizhookam', 'fst_analyses': ['PVTense/gii+zhizhookam+VAI+Ind+Pos+Neu+3SgProxSubj']}, {'word_form': 'gii-awi-bagidinisaadang', 'fst_analyses': ['PVTense/gii+PVDir/awi+bagidinisaadan+VTI+Cnj+Pos+Neu+3SgProxSubj+0PlObj', 'PVTense/gii+PVDir/awi+bagidinisaadan+VTI+Cnj+Pos+Neu+3SgProxSubj+0SgObj']}, {'word_form': 'ogizhaabikizigan', 'fst_analyses': ['gizhaabikizigan+NI+Sg+3SgProxPoss']}, {'word_form': 'agwajiing', 'fst_analyses': ['agwajiing+ADVLoc']}, {'word_form': '.', 'fst_analyses': []}]",nj
Maamaagojiibidoon gigiishkiboojigan ji-maajiibideg.,Prime your saw so it will start.,"[{'word_form': 'maamaagojiibidoon', 'fst_analyses': ['maamaagojiibidoon+VTI+Imp+Sim+2SgSubj+0PlObj', 'maamaagojiibidoon+VTI+Imp+Sim+2SgSubj+0SgObj']}, {'word_form': 'gigiishkiboojigan', 'fst_analyses': ['giishkiboojigan+NI+Sg+2SgPoss']}, {'word_form': 'ji-maajiibideg', 'fst_analyses': ['PVTense/daa+maajiibide+VII+Cnj+Pos+Neu+0SgSubj', 'PVTense/ga+maajiibide+VII+Cnj+Pos+Neu+0SgSubj', 'PVTense/daa+maajiibide+VII+Cnj+Pos+Neu+0PlSubj', 'PVTense/ga+maajiibide+VII+Cnj+Pos+Neu+0PlSubj']}, {'word_form': '.', 'fst_analyses': []}]",nj
Wawiinge sa naa.,Sure is nice.,"[{'word_form': 'wawiinge', 'fst_analyses': ['wawiinge+ADVMan']}, {'word_form': 'sa', 'fst_analyses': ['sa+PCDisc']}, {'word_form': 'naa', 'fst_analyses': ['naa+PCEmph']}, {'word_form': '.', 'fst_analyses': []}]",nj
Agaasoonagad ninjiimaan. Wawiinge gokokwaa.,My canoe is small. It's very tippy.,"[{'word_form': 'agaasoonagad', 'fst_analyses': ['agaasoonagad+VII+Ind+Pos+Neu+0SgSubj']}, {'word_form': 'ninjiimaan', 'fst_analyses': ['jiimaan+NI+Sg+1SgPoss']}, {'word_form': '.', 'fst_analyses': []}, {'word_form': 'wawiinge', 'fst_analyses': ['wawiinge+ADVMan']}, {'word_form': 'gokokwaa', 'fst_analyses': ['gokokwaa+VII+Ind+Pos+Neu+0SgSubj']}, {'word_form': '.', 'fst_analyses': []}]",nj
Nindagazomig gii-dibaajimod endasobiboonweyaan.,She embarasses me when she tells how old I am,"[{'word_form': 'nindagazomig', 'fst_analyses': ['agazom+VTA+Ind+Pos+Neu+3SgProxSubj+1SgObj']}, {'word_form': 'gii-dibaajimod', 'fst_analyses': ['PVTense/gii+dibaajimo+VAI+Cnj+Pos+Neu+3SgProxSubj']}, {'word_form': 'endasobiboonweyaan', 'fst_analyses': []}, {'word_form': '.', 'fst_analyses': []}]",nj
Agwanaatesidoon gimawinzwaanan jibwaa-baashkijiidegin.,Put your blueberries in the shade before they burst open from the sun.,"[{'word_form': 'agwanaatesidoon', 'fst_analyses': ['agwanaatesidoon+VTI+Imp+Sim+2SgSubj+0PlObj', 'agwanaatesidoon+VTI+Imp+Sim+2SgSubj+0SgObj']}, {'word_form': 'gimawinzwaanan', 'fst_analyses': ['mawinzwaan+NI+Pl+2SgPoss']}, {'word_form': 'jibwaa-baashkijiidegin', 'fst_analyses': ['PVTense/jibwaa+baashkijiide+VII+Cnj+Pos+Neu+0PlSubj']}, {'word_form': '.', 'fst_analyses': []}]",nj
Awenen awe gaa-oshibii'amawad.,Who are you writing (the letter) to?,"[{'word_form': 'awenen', 'fst_analyses': ['awenen+PRONInter+NA+ProxSg']}, {'word_form': 'awe', 'fst_analyses': ['awe+PRONDem+NA+ProxSg']}, {'word_form': ""gaa-oshibii'amawad"", 'fst_analyses': []}, {'word_form': '.', 'fst_analyses': []}]",nj
Binaabigwaniiyaashiwag gozigwaakominag.,The juneberries' flowers are blown down.,"[{'word_form': 'binaabigwaniiyaashiwag', 'fst_analyses': ['binaabigwaniiyaashi+VAI+Ind+Pos+Neu+3PlProxSubj']}, {'word_form': 'gozigwaakominag', 'fst_analyses': ['gozigwaakomin+NA+ProxPl']}, {'word_form': '.', 'fst_analyses': []}]",nj
Ogii-takobinaan oniijaanisensan wii'-nibe'aad.,She bundled her baby up to put him to sleep.,"[{'word_form': 'ogii-takobinaan', 'fst_analyses': ['PVTense/gii+dakobizh+VTA+Ind+Pos+Neu+3SgProxSubj+3SgObvObj', 'PVTense/gii+dakobizh+VTA+Ind+Pos+Neu+3SgProxSubj+3PlObvObj']}, {'word_form': 'oniijaanisensan', 'fst_analyses': ['niijaanis+NAD+Dim+ObvSg+3SgProxPoss', 'niijaanis+NAD+Dim+ObvPl+3SgProxPoss']}, {'word_form': ""wii'-nibe'aad"", 'fst_analyses': [""PVTense/wii'+nibe'+VTA+Cnj+Pos+Neu+3SgProxSubj+3SgObvObj"", ""PVTense/wii'+nibe'+VTA+Cnj+Pos+Neu+3SgProxSubj+3PlObvObj""]}, {'word_form': '.', 'fst_analyses': []}]",nj
Gego baashkizangen gegoo gaa-mamaajiimagak. Akawe weweni ando-gikendan jibwaa-baashkizaman.,Don't just shoot at anything that moves. Make sure you find out what it is before you fire at it.,"[{'word_form': 'gego', 'fst_analyses': ['gego+ADVNeg']}, {'word_form': 'baashkizangen', 'fst_analyses': ['baashkizan+VTI+Imp+Prb+2SgSubj+0PlObj', 'baashkizan+VTI+Imp+Prb+2SgSubj+0SgObj']}, {'word_form': 'gegoo', 'fst_analyses': ['gegoo+PRONIndf+NI']}, {'word_form': 'gaa-mamaajiimagak', 'fst_analyses': ['PVSub/gaa+mamaajii+VAI+Der/magad+VII+Cnj+Pos+Neu+0SgSubj', 'PVSub/gaa+mamaajiimagad+VII+Cnj+Pos+Neu+0SgSubj', 'PVSub/gaa+mamaajii+VAI+Der/magad+VII+Cnj+Pos+Neu+0PlSubj', 'PVSub/gaa+mamaajiimagad+VII+Cnj+Pos+Neu+0PlSubj', 'PVTense/gii+mamaajii+VAI+Der/magad+VII+Pcp+Pos+Neu+0SgSubj+0SgHead', 'PVTense/gii+mamaajiimagad+VII+Pcp+Pos+Neu+0SgSubj+0SgHead']}, {'word_form': '.', 'fst_analyses': []}, {'word_form': 'akawe', 'fst_analyses': ['akawe+ADVTmp']}, {'word_form': 'weweni', 'fst_analyses': ['weweni+ADVMan']}, {'word_form': 'ando-gikendan', 'fst_analyses': ['PVLex/ando+gikendam+VAI+Imp+Sim+2SgSubj', 'PVLex/ando+gikendan+VTI+Imp+Sim+2SgSubj+0PlObj', 'PVLex/ando+gikendan+VTI+Imp+Sim+2SgSubj+0SgObj']}, {'word_form': 'jibwaa-baashkizaman', 'fst_analyses': ['PVTense/jibwaa+baashkizan+VTI+Cnj+Pos+Neu+2SgSubj+0PlObj', 'PVTense/jibwaa+baashkizan+VTI+Cnj+Pos+Neu+2SgSubj+0SgObj']}, {'word_form': '.', 'fst_analyses': []}]",nj
Bagama'amaazo. Ganabaj gii'-niiwezhiwewag gaa-bikwaakwadoonsikewaad.,He came in singing. Maybe the baseball players won the game.,"[{'word_form': ""bagama'amaazo"", 'fst_analyses': [""bagama'amaazo+VAI+Ind+Pos+Neu+3SgProxSubj""]}, {'word_form': '.', 'fst_analyses': []}, {'word_form': 'ganabaj', 'fst_analyses': ['ganabaj+ADVMan']}, {'word_form': ""gii'-niiwezhiwewag"", 'fst_analyses': [""PVTense/gii'+niiwezhiwe+VAI+Ind+Pos+Neu+3PlProxSubj""]}, {'word_form': 'gaa-bikwaakwadoonsikewaad', 'fst_analyses': ['PVSub/gaa+bikwaakwadoonsike+VAI+Cnj+Pos+Neu+3PlProxSubj']}, {'word_form': '.', 'fst_analyses': []}]",nj
Dennis miinawaa ingoji ondamaajimodog gaa-onji-bezikaad.,Dennis was probably busy telling stories again somewhere. That's why he's late.,"[{'word_form': 'dennis', 'fst_analyses': []}, {'word_form': 'miinawaa', 'fst_analyses': ['miinawaa+ADVConj']}, {'word_form': 'ingoji', 'fst_analyses': ['ingoji+ADVDeg']}, {'word_form': 'ondamaajimodog', 'fst_analyses': ['ondamaajimo+VAI+Ind+Pos+Dub+3SgProxSubj']}, {'word_form': 'gaa-onji-bezikaad', 'fst_analyses': ['PVSub/gaa+PVRel/onji+bezikaa+VAI+Cnj+Pos+Neu+3SgProxSubj', 'PVTense/gii+PVRel/onji+bezikaa+VAI+Pcp+Pos+Neu+3SgProxSubj+3SgProxHead']}, {'word_form': '.', 'fst_analyses': []}]",nj
Maamaagojiibidoon gigiishkiboojigan ji-maajiibideg.,Prime your saw so it will start.,"[{'word_form': 'maamaagojiibidoon', 'fst_analyses': ['maamaagojiibidoon+VTI+Imp+Sim+2SgSubj+0PlObj', 'maamaagojiibidoon+VTI+Imp+Sim+2SgSubj+0SgObj']}, {'word_form': 'gigiishkiboojigan', 'fst_analyses': ['giishkiboojigan+NI+Sg+2SgPoss']}, {'word_form': 'ji-maajiibideg', 'fst_analyses': ['PVTense/daa+maajiibide+VII+Cnj+Pos+Neu+0SgSubj', 'PVTense/ga+maajiibide+VII+Cnj+Pos+Neu+0SgSubj', 'PVTense/daa+maajiibide+VII+Cnj+Pos+Neu+0PlSubj', 'PVTense/ga+maajiibide+VII+Cnj+Pos+Neu+0PlSubj']}, {'word_form': '.', 'fst_analyses': []}]",nj
Babiizigitaagozi gaa-bi-ganoozhid zhebaa. Agaawaa go ninisidotawaa.,He sounded hoarse when I called him this morning. I could barely understand him.,"[{'word_form': 'babiizigitaagozi', 'fst_analyses': ['babiizigitaagozi+VAI+Ind+Pos+Neu+3SgProxSubj']}, {'word_form': 'gaa-bi-ganoozhid', 'fst_analyses': ['PVSub/gaa+PVDir/bi+ganoozh+VTA+Cnj+Pos+Neu+3SgProxSubj+1SgObj']}, {'word_form': 'zhebaa', 'fst_analyses': ['zhebaa+ADVTmp']}, {'word_form': '.', 'fst_analyses': []}, {'word_form': 'agaawaa', 'fst_analyses': ['agaawaa+ADVDeg']}, {'word_form': 'go', 'fst_analyses': ['go+PCDisc']}, {'word_form': 'ninisidotawaa', 'fst_analyses': ['nisidotaw+VTA+Ind+Pos+Neu+1SgSubj+3SgProxObj']}, {'word_form': '.', 'fst_analyses': []}]",nj
Geyaabi ninibiiwaanikwe. Agwajiing niwii'-ando-bengwaanikweyaash.,My hair is till wet. I'm going outside to get my hair dry in the wind.,"[{'word_form': 'geyaabi', 'fst_analyses': ['geyaabi+ADVTmp']}, {'word_form': 'ninibiiwaanikwe', 'fst_analyses': ['nibiiwaanikwe+VAI+Ind+Pos+Neu+1SgSubj']}, {'word_form': '.', 'fst_analyses': []}, {'word_form': 'agwajiing', 'fst_analyses': ['agwajiing+ADVLoc']}, {'word_form': ""niwii'-ando-bengwaanikweyaash"", 'fst_analyses': [""PVTense/wii'+PVLex/ando+bengwaanikweyaashi+VAI+Ind+Pos+Neu+1SgSubj""]}, {'word_form': '.', 'fst_analyses': []}]",nj
Ogii'-agwaabinaan zhingwaakwan gaa-gii-piida'oonaad.,He pulled out the pine that he'd dragged here on the water.,"[{'word_form': ""ogii'-agwaabinaan"", 'fst_analyses': [""PVTense/gii'+agwaabizh+VTA+Ind+Pos+Neu+3SgProxSubj+3SgObvObj"", ""PVTense/gii'+agwaabizh+VTA+Ind+Pos+Neu+3SgProxSubj+3PlObvObj""]}, {'word_form': 'zhingwaakwan', 'fst_analyses': ['zhingwaak+NA+ObvPl', 'zhingwaak+NA+ObvSg']}, {'word_form': ""gaa-gii-piida'oonaad"", 'fst_analyses': [""PVSub/gaa+PVTense/gii+biida'oozh+VTA+Cnj+Pos+Neu+3SgProxSubj+3SgObvObj"", ""PVSub/gaa+PVTense/gii+biida'oozh+VTA+Cnj+Pos+Neu+3SgProxSubj+3PlObvObj""]}, {'word_form': '.', 'fst_analyses': []}]",nj
Nawaj agaasikodan gizhiiba'ataanaak. Agaashiinyi gaa-wii-shiiba'wad,Make your stretcher a little smaller. What you are going to stretch on it is pretty small.,"[{'word_form': 'nawaj', 'fst_analyses': ['nawaj+ADVDeg']}, {'word_form': 'agaasikodan', 'fst_analyses': ['agaasikodan+VTI+Imp+Sim+2SgSubj+0PlObj', 'agaasikodan+VTI+Imp+Sim+2SgSubj+0SgObj']}, {'word_form': ""gizhiiba'ataanaak"", 'fst_analyses': [""zhiiba'ataanaak+NI+Sg+2SgPoss""]}, {'word_form': '.', 'fst_analyses': []}, {'word_form': 'agaashiinyi', 'fst_analyses': ['agaashiinyi+VAI+Ind+Pos+Neu+3SgProxSubj']}, {'word_form': ""gaa-wii-shiiba'wad"", 'fst_analyses': [""PVSub/gaa+PVTense/wii+zhiiba'wi+VTA+Cnj+Pos+Neu+2SgSubj+3SgProxObj""]}]",nj
Wiinge bangan gii-naano-giizhigak. Gakina awiya maa'ishkamoog.,It's real quiet on Fridays. Everyone goes to town to shop.,"[{'word_form': 'wiinge', 'fst_analyses': ['wiinge+ADVDeg']}, {'word_form': 'bangan', 'fst_analyses': ['bangan+VII+Ind+Pos+Neu+0SgSubj']}, {'word_form': 'gii-naano-giizhigak', 'fst_analyses': ['PVTense/gii+naano-giizhigad+VII+Cnj+Pos+Neu+0SgSubj', 'PVTense/gii+PVQnt/naano+giizhigad+VII+Cnj+Pos+Neu+0SgSubj', 'PVTense/gii+naano-giizhigad+VII+Cnj+Pos+Neu+0PlSubj', 'PVTense/gii+PVQnt/naano+giizhigad+VII+Cnj+Pos+Neu+0PlSubj']}, {'word_form': '.', 'fst_analyses': []}, {'word_form': 'gakina', 'fst_analyses': ['gakina+ADVQnt']}, {'word_form': 'awiya', 'fst_analyses': ['awiya+PRONIndf+NA']}, {'word_form': ""maa'ishkamoog"", 'fst_analyses': [""maa'ishkam+VAI+Ind+Pos+Neu+3PlProxSubj""]}, {'word_form': '.', 'fst_analyses': []}]",nj
Apane go maajiidoon gibaashkizigani-mazina'igan andawenjigeyan.,Be sure to always take your gun permit long when you go hunting.,"[{'word_form': 'apane', 'fst_analyses': ['apane+ADVTmp']}, {'word_form': 'go', 'fst_analyses': ['go+PCDisc']}, {'word_form': 'maajiidoon', 'fst_analyses': ['maajiidoon+VTI+Imp+Sim+2SgSubj+0PlObj', 'maajiidoon+VTI+Imp+Sim+2SgSubj+0SgObj']}, {'word_form': ""gibaashkizigani-mazina'igan"", 'fst_analyses': [""baashkizigani-mazina'igan+NI+Sg+2SgPoss""]}, {'word_form': 'andawenjigeyan', 'fst_analyses': ['andawenjige+VAI+Cnj+Pos+Neu+2SgSubj']}, {'word_form': '.', 'fst_analyses': []}]",nj
Onjishkawa'o gaa-biidakwazhiwed.,The one paddling here is paddling against the wind.,"[{'word_form': ""onjishkawa'o"", 'fst_analyses': [""onjishkawa'o+VAI+Ind+Pos+Neu+3SgProxSubj""]}, {'word_form': 'gaa-biidakwazhiwed', 'fst_analyses': ['PVSub/gaa+biidakwazhiwe+VAI+Cnj+Pos+Neu+3SgProxSubj', 'PVTense/gii+biidakwazhiwe+VAI+Pcp+Pos+Neu+3SgProxSubj+3SgProxHead']}, {'word_form': '.', 'fst_analyses': []}]",nj
Aapiji minopogoziwag ashawenaniisi gii-abweng.,A grackle tastes very good when it's roasted over a fire.,"[{'word_form': 'aapiji', 'fst_analyses': ['aapiji+ADVDeg']}, {'word_form': 'minopogoziwag', 'fst_analyses': ['minopogozi+VAI+Ind+Pos+Neu+3PlProxSubj']}, {'word_form': 'ashawenaniisi', 'fst_analyses': ['ashawenaniisi+NA+ProxSg']}, {'word_form': 'gii-abweng', 'fst_analyses': ['PVTense/gii+abwe+VAI+Cnj+Pos+Neu+XSubj', 'PVTense/gii+abwen+VAIO+Cnj+Pos+Neu+XSubj+0PlObj', 'PVTense/gii+abwen+VAIO+Cnj+Pos+Neu+XSubj+0SgObj', 'PVTense/gii+abwen+VAIO+Cnj+Pos+Neu+XSubj+3SgProxObj', 'PVTense/gii+abwen+VAIO+Cnj+Pos+Neu+XSubj+3PlProxObj', 'PVTense/gii+abwen+VAIO+Cnj+Pos+Neu+XSubj']}, {'word_form': '.', 'fst_analyses': []}]",nj
Naangidaabii odaanaang gaa-bi-ayaad.,It's easy for him to pull the load because he's coming along behind (someone else).,"[{'word_form': 'naangidaabii', 'fst_analyses': ['naangidaabii+VAI+Ind+Pos+Neu+3SgProxSubj']}, {'word_form': 'odaanaang', 'fst_analyses': ['odaanaang+ADVLoc']}, {'word_form': 'gaa-bi-ayaad', 'fst_analyses': ['PVSub/gaa+PVDir/bi+ayaa+VAI+Cnj+Pos+Neu+3SgProxSubj', 'PVTense/gii+PVDir/bi+ayaa+VAI+Pcp+Pos+Neu+3SgProxSubj+3SgProxHead']}, {'word_form': '.', 'fst_analyses': []}]",nj
Odinaagoon ogozisan.,His son looks like him.,"[{'word_form': 'odinaagoon', 'fst_analyses': ['inaw+VTA+Ind+Pos+Neu+3PlObvSubj+3SgProxObj', 'inaw+VTA+Ind+Pos+Neu+3SgObvSubj+3SgProxObj']}, {'word_form': 'ogozisan', 'fst_analyses': ['gozis+NAD+ObvPl+3SgProxPoss', 'gozis+NAD+ObvSg+3SgProxPoss']}, {'word_form': '.', 'fst_analyses': []}]",nj
Odinawaan osayenyan,He looks like his older brother.,"[{'word_form': 'odinawaan', 'fst_analyses': ['inaw+VTA+Ind+Pos+Neu+3SgProxSubj+3SgObvObj', 'inaw+VTA+Ind+Pos+Neu+3SgProxSubj+3PlObvObj']}, {'word_form': 'osayenyan', 'fst_analyses': ['sayeny+NAD+ObvPl+3SgProxPoss', 'sayeny+NAD+ObvSg+3SgProxPoss']}]",nj
Ozhibii'igan gibiidamawin.,I'm bringing you the mail.,"[{'word_form': ""ozhibii'igan"", 'fst_analyses': [""ozhibii'igan+NI+Sg""]}, {'word_form': 'gibiidamawin', 'fst_analyses': ['biidamaw+VTA+Ind+Pos+Neu+1SgSubj+2SgObj']}, {'word_form': '.', 'fst_analyses': []}]",nj
Jiigasin izhi-boodawedaa.,Let's build a fire by the rock.,"[{'word_form': 'jiigasin', 'fst_analyses': ['jiigasin+ADVLoc']}, {'word_form': 'izhi-boodawedaa', 'fst_analyses': ['PVRel/izhi+boodawe+VAI+Imp+Del+InclSubj', 'PVRel/izhi+boodawe+VAI+Imp+Sim+InclSubj']}, {'word_form': '.', 'fst_analyses': []}]",nj
I'Iwidi ogidigamig gidaa-awi-nibaa.,You can go sleep upstairs.,"[{'word_form': ""i'iwidi"", 'fst_analyses': [""i'iwidi+ADVLoc""]}, {'word_form': 'ogidigamig', 'fst_analyses': ['ogidigamig+ADVLoc']}, {'word_form': 'gidaa-awi-nibaa', 'fst_analyses': ['PVTense/daa+PVDir/awi+nibaa+VAI+Ind+Pos+Neu+2SgSubj']}, {'word_form': '.', 'fst_analyses': []}]",nj
I'iwidi agaami-zaaga'igan wii-tazhi-niimiidim onaagoshig.,There's going to be a pow-wow over across the lake this evening.,"[{'word_form': ""i'iwidi"", 'fst_analyses': [""i'iwidi+ADVLoc""]}, {'word_form': ""agaami-zaaga'igan"", 'fst_analyses': [""PNLex/agaami+zaaga'igan+NI+Sg"", ""agaami-zaaga'igan+ADVLoc""]}, {'word_form': 'wii-tazhi-niimiidim', 'fst_analyses': []}, {'word_form': 'onaagoshig', 'fst_analyses': ['onaagoshin+VII+Cnj+Pos+Neu+0SgSubj', 'onaagoshin+VII+Cnj+Pos+Neu+0PlSubj']}, {'word_form': '.', 'fst_analyses': []}]",nj
Akawe waabandan enaanimak jibwaa-aazhawa'oyan.,Check the wind first before you go across (by boat).,"[{'word_form': 'akawe', 'fst_analyses': ['akawe+ADVTmp']}, {'word_form': 'waabandan', 'fst_analyses': ['waabandan+VTI+Imp+Sim+2SgSubj+0PlObj', 'waabandan+VTI+Imp+Sim+2SgSubj+0SgObj']}, {'word_form': 'enaanimak', 'fst_analyses': ['inaanimad+VII+Pcp+Pos+Neu+0SgSubj+0SgHead']}, {'word_form': ""jibwaa-aazhawa'oyan"", 'fst_analyses': [""PVTense/jibwaa+aazhawa'o+VAI+Cnj+Pos+Neu+2SgSubj""]}, {'word_form': '.', 'fst_analyses': []}]",nj
Wewiib aazhawa'odaa eshkwaa-dawaanimak.,Let's quickly paddle across since the wind has died down.,"[{'word_form': 'wewiib', 'fst_analyses': ['wewiib+ADVMan']}, {'word_form': ""aazhawa'odaa"", 'fst_analyses': [""aazhawa'o+VAI+Imp+Del+InclSubj"", ""aazhawa'o+VAI+Imp+Sim+InclSubj""]}, {'word_form': 'eshkwaa-dawaanimak', 'fst_analyses': ['PVLex/ishkwaa+dawaanimad+VII+Pcp+Pos+Neu+0SgSubj+0SgHead']}, {'word_form': '.', 'fst_analyses': []}]",nj
Ningii-pezhigookam gii-baashkizwag waawaashkeshi.,I was alone in the canoe when I shot the deer.,"[{'word_form': 'ningii-pezhigookam', 'fst_analyses': ['PVTense/gii+bezhigookam+VAI+Ind+Pos+Neu+1SgSubj']}, {'word_form': 'gii-baashkizwag', 'fst_analyses': ['PVTense/gii+baashkizwi+VTA+Cnj+Pos+Neu+1SgSubj+3SgProxObj', 'PVTense/gii+baashkiz+VTA+Cnj+Pos+Neu+1SgSubj+3SgProxObj']}, {'word_form': 'waawaashkeshi', 'fst_analyses': ['waawaashkeshi+NA+ProxSg']}, {'word_form': '.', 'fst_analyses': []}]",nj
Wekwaayaakwaang gii'-ani-izhi-gopibatoo waawaashkeshi.,The deer ran to the end of the woods.,"[{'word_form': 'wekwaayaakwaang', 'fst_analyses': []}, {'word_form': ""gii'-ani-izhi-gopibatoo"", 'fst_analyses': [""PVTense/gii'+PVDir/ani+PVRel/izhi+gopibatoo+VAI+Ind+Pos+Neu+3SgProxSubj""]}, {'word_form': 'waawaashkeshi', 'fst_analyses': ['waawaashkeshi+NA+ProxSg']}, {'word_form': '.', 'fst_analyses': []}]",nj
Giinetawind omaa gidayaamin.,We're the only ones here.,"[{'word_form': 'giinetawind', 'fst_analyses': ['giinetawind+PRONPer+NA+Incl']}, {'word_form': 'omaa', 'fst_analyses': ['omaa+ADVLoc']}, {'word_form': 'gidayaamin', 'fst_analyses': ['ayaa+VAI+Ind+Pos+Neu+InclSubj', 'ayaan+VTI+Ind+Pos+Neu+InclSubj+0PlObj', 'ayaan+VTI+Ind+Pos+Neu+InclSubj+0SgObj']}, {'word_form': '.', 'fst_analyses': []}]",nj
Wegonen gaa-pi-waabandaman gii-bi-bimibizoyan.,What did you see on your drive here?,"[{'word_form': 'wegonen', 'fst_analyses': ['wegonen+PRONInter+NI+Sg']}, {'word_form': 'gaa-pi-waabandaman', 'fst_analyses': []}, {'word_form': 'gii-bi-bimibizoyan', 'fst_analyses': ['PVTense/gii+PVDir/bi+bimibizo+VAI+Cnj+Pos+Neu+2SgSubj']}, {'word_form': '.', 'fst_analyses': []}]",nj
Gidaa-ozhitamaw ina minjikaawanag.,Can you make me some mitts?,"[{'word_form': 'gidaa-ozhitamaw', 'fst_analyses': ['PVTense/daa+ozhitamaw+VTA+Ind+Pos+Neu+2SgSubj+1SgObj']}, {'word_form': 'ina', 'fst_analyses': ['ina+PCDisc']}, {'word_form': 'minjikaawanag', 'fst_analyses': ['minjikaawan+NA+ProxPl']}, {'word_form': '.', 'fst_analyses': []}]",nj
Onzaam agaasiigiziwag niminjikaawanag. Ningii-kiikajininjiiwaj gii-gigishkawagwaa.,My mitts are too small and tight. My hands got cold when I wore them.,"[{'word_form': 'onzaam', 'fst_analyses': ['onzaam+ADVQnt']}, {'word_form': 'agaasiigiziwag', 'fst_analyses': ['agaasiigizi+VAI+Ind+Pos+Neu+3PlProxSubj']}, {'word_form': 'niminjikaawanag', 'fst_analyses': ['minjikaawan+NA+ProxPl+1SgPoss']}, {'word_form': '.', 'fst_analyses': []}, {'word_form': 'ningii-kiikajininjiiwaj', 'fst_analyses': ['PVTense/gii+giikajininjiiwaji+VAI+Ind+Pos+Neu+1SgSubj']}, {'word_form': 'gii-gigishkawagwaa', 'fst_analyses': ['PVTense/gii+gigishkaw+VTA+Cnj+Pos+Neu+1SgSubj+3PlProxObj']}, {'word_form': '.', 'fst_analyses': []}]",nj
Aaniin enigokwegiziwaad giminjikaawanag.,What size are your mittens?,"[{'word_form': 'aaniin', 'fst_analyses': ['aaniin+PCInterj', 'aaniin+ADVInter']}, {'word_form': 'enigokwegiziwaad', 'fst_analyses': []}, {'word_form': 'giminjikaawanag', 'fst_analyses': ['minjikaawan+NA+ProxPl+2SgPoss']}, {'word_form': '.', 'fst_analyses': []}]",nj
Maagizhaa awiya gidaa-wiidookawaa.,Maybe you can help somebody.,"[{'word_form': 'maagizhaa', 'fst_analyses': ['maagizhaa+ADVMan']}, {'word_form': 'awiya', 'fst_analyses': ['awiya+PRONIndf+NA']}, {'word_form': 'gidaa-wiidookawaa', 'fst_analyses': ['PVTense/daa+wiidookaw+VTA+Ind+Pos+Neu+2SgSubj+3SgProxObj']}, {'word_form': '.', 'fst_analyses': []}]",nj
Awiya ogii'-waabamaan jiigikana niibawinid.,He saw somebody standing by the road.,"[{'word_form': 'awiya', 'fst_analyses': ['awiya+PRONIndf+NA']}, {'word_form': ""ogii'-waabamaan"", 'fst_analyses': [""PVTense/gii'+waabam+VTA+Ind+Pos+Neu+3SgProxSubj+3SgObvObj"", ""PVTense/gii'+waabam+VTA+Ind+Pos+Neu+3SgProxSubj+3PlObvObj""]}, {'word_form': 'jiigikana', 'fst_analyses': ['jiigikana+ADVLoc']}, {'word_form': 'niibawinid', 'fst_analyses': ['niibawi+VAI+Cnj+Pos+Neu+3PlObvSubj', 'niibawi+VAI+Cnj+Pos+Neu+3SgObvSubj']}, {'word_form': '.', 'fst_analyses': []}]",nj
Awiya ningii'-noondawaa biibaagid gii-biidaabang.,I heard someone yelling at daybreak.,"[{'word_form': 'awiya', 'fst_analyses': ['awiya+PRONIndf+NA']}, {'word_form': ""ningii'-noondawaa"", 'fst_analyses': [""PVTense/gii'+noondaw+VTA+Ind+Pos+Neu+1SgSubj+3SgProxObj""]}, {'word_form': 'biibaagid', 'fst_analyses': ['biibaagi+VAI+Cnj+Pos+Neu+3SgProxSubj']}, {'word_form': 'gii-biidaabang', 'fst_analyses': ['PVTense/gii+biidaaban+VII+Cnj+Pos+Neu+0SgSubj', 'PVTense/gii+biidaaban+VII+Cnj+Pos+Neu+0PlSubj']}, {'word_form': '.', 'fst_analyses': []}]",nj
Gibaakwa'an ishkwaandem. Biindigeyaashi goon.,Shut the door. Snow is blowing inside.,"[{'word_form': ""gibaakwa'an"", 'fst_analyses': [""gibaakwa'an+VTI+Imp+Sim+2SgSubj+0PlObj"", ""gibaakwa'an+VTI+Imp+Sim+2SgSubj+0SgObj""]}, {'word_form': 'ishkwaandem', 'fst_analyses': ['ishkwaandem+NI+Sg']}, {'word_form': '.', 'fst_analyses': []}, {'word_form': 'biindigeyaashi', 'fst_analyses': ['biindigeyaashi+VAI+Ind+Pos+Neu+3SgProxSubj']}, {'word_form': 'goon', 'fst_analyses': ['goon+NA+ProxSg']}, {'word_form': '.', 'fst_analyses': []}]",nj
Wegodogwenan onowe dinominan.,I wonder what kind of berries these are?,"[{'word_form': 'wegodogwenan', 'fst_analyses': ['wegodogwenan+PRONDub+NI+Pl']}, {'word_form': 'onowe', 'fst_analyses': ['onowe+PRONDem+NI+Pl', 'onowe+PRONDem+NA+ObvSg', 'onowe+PRONDem+NA+ObvPl']}, {'word_form': 'dinominan', 'fst_analyses': []}, {'word_form': '.', 'fst_analyses': []}]",nj
Jiigi-waakaa'igan dana'amaazo.,He's singing right by the side of the house.,"[{'word_form': ""jiigi-waakaa'igan"", 'fst_analyses': [""PNLex/jiigi+waakaa'igan+NI+Sg"", ""jiigi-waakaa'igan+ADVLoc""]}, {'word_form': ""dana'amaazo"", 'fst_analyses': [""dana'amaazo+VAI+Ind+Pos+Neu+3SgProxSubj""]}, {'word_form': '.', 'fst_analyses': []}]",nj
Onzaamiino goon.,There's a whole lot of snow.,"[{'word_form': 'onzaamiino', 'fst_analyses': ['onzaamiino+VAI+Ind+Pos+Neu+3SgProxSubj']}, {'word_form': 'goon', 'fst_analyses': ['goon+NA+ProxSg']}, {'word_form': '.', 'fst_analyses': []}]",nj
Onzaamiinowag animoshag omaa ishkoniganing. Miziwe wiinichigewag.,There's too many dogs on this reserve. They make a mess all over.,"[{'word_form': 'onzaamiinowag', 'fst_analyses': ['onzaamiino+VAI+Ind+Pos+Neu+3PlProxSubj']}, {'word_form': 'animoshag', 'fst_analyses': ['animosh+NA+ProxPl']}, {'word_form': 'omaa', 'fst_analyses': ['omaa+ADVLoc']}, {'word_form': 'ishkoniganing', 'fst_analyses': ['ishkonigan+NI+Loc']}, {'word_form': '.', 'fst_analyses': []}, {'word_form': 'miziwe', 'fst_analyses': ['miziwe+ADVLoc']}, {'word_form': 'wiinichigewag', 'fst_analyses': ['wiinichige+VAI+Ind+Pos+Neu+3PlProxSubj']}, {'word_form': '.', 'fst_analyses': []}]",nj
Gakina gii'-ani-naazibiiyaawanidiwag waa'-andowazhashkwewaad.,They all went down to the lake to go hunt for muskrats.,"[{'word_form': 'gakina', 'fst_analyses': ['gakina+ADVQnt']}, {'word_form': ""gii'-ani-naazibiiyaawanidiwag"", 'fst_analyses': [""PVTense/gii'+PVDir/ani+naazibiiyaawanidiwag+VAI+Ind+Pos+Neu+3PlProxSubj+3PlProxObj""]}, {'word_form': ""waa'-andowazhashkwewaad"", 'fst_analyses': []}, {'word_form': '.', 'fst_analyses': []}]",nj
Gidaa-dibaakwa'aan epiitadeyaag gibiskitenaagan izhi-niiwin minik.,Measure the four corners of your birch bark basket to make sure they're even in depth.,"[{'word_form': ""gidaa-dibaakwa'aan"", 'fst_analyses': [""PVTense/daa+dibaakwa'an+VTI+Ind+Pos+Neu+2SgSubj+0SgObj""]}, {'word_form': 'epiitadeyaag', 'fst_analyses': ['apiitadeyaa+VII+Pcp+Pos+Neu+0SgSubj+0SgHead']}, {'word_form': 'gibiskitenaagan', 'fst_analyses': ['biskitenaagan+NI+Sg+2SgPoss']}, {'word_form': 'izhi-niiwin', 'fst_analyses': ['PVRel/izhi+niiwinoon+VII+Ind+Pos+Neu+0SgSubj']}, {'word_form': 'minik', 'fst_analyses': ['minik+ADVQnt']}, {'word_form': '.', 'fst_analyses': []}]",nj
Bwaawaakidewan misan. Ganabaj onzaam ashkibiigisagadoon.,The firewood can't burn. Maybe it's too waterlogged.,"[{'word_form': 'bwaawaakidewan', 'fst_analyses': ['bwaawaakide+VII+Ind+Pos+Neu+0PlSubj']}, {'word_form': 'misan', 'fst_analyses': ['mishi+NI+Pl']}, {'word_form': '.', 'fst_analyses': []}, {'word_form': 'ganabaj', 'fst_analyses': ['ganabaj+ADVMan']}, {'word_form': 'onzaam', 'fst_analyses': ['onzaam+ADVQnt']}, {'word_form': 'ashkibiigisagadoon', 'fst_analyses': ['ashkibiigisagad+VII+Ind+Pos+Neu+0PlSubj']}, {'word_form': '.', 'fst_analyses': []}]",nj
Aaniin ekoonagak jiimaan?,How long is the boat?,"[{'word_form': 'aaniin', 'fst_analyses': ['aaniin+PCInterj', 'aaniin+ADVInter']}, {'word_form': 'ekoonagak', 'fst_analyses': ['akoonagad+VII+Pcp+Pos+Neu+0SgSubj+0SgHead']}, {'word_form': 'jiimaan', 'fst_analyses': ['jiimaan+NI+Sg']}, {'word_form': '?', 'fst_analyses': []}]",nj
Daajigade mamadookizi.,A coot is clumsy.,"[{'word_form': 'daajigade', 'fst_analyses': ['daajigade+NA+ProxSg']}, {'word_form': 'mamadookizi', 'fst_analyses': ['mamadookizi+VAI+Ind+Pos+Neu+3SgProxSubj']}, {'word_form': '.', 'fst_analyses': []}]",nj
Biinjidaw danwewebide naabikwaanens.,I hear a boat inland.,"[{'word_form': 'biinjidaw', 'fst_analyses': ['biinjidaw+ADVLoc']}, {'word_form': 'danwewebide', 'fst_analyses': ['danwewebide+VII+Ind+Pos+Neu+0SgSubj']}, {'word_form': 'naabikwaanens', 'fst_analyses': ['naabikwaanens+NI+Sg', 'naabikwaan+NI+Dim+Sg']}, {'word_form': '.', 'fst_analyses': []}]",nj
Niizhiwag niniijaanisag.,I have two children.,"[{'word_form': 'niizhiwag', 'fst_analyses': ['niizhiwag+VAIPL+Ind+Pos+Neu+3PlProxSubj']}, {'word_form': 'niniijaanisag', 'fst_analyses': ['niijaanis+NAD+ProxPl+1SgPoss']}, {'word_form': '.', 'fst_analyses': []}]",nj
Akawe niwii'-ozhige jibwaa-bagamibiisaang.,I want to set up the tent before the rain gets here.,"[{'word_form': 'akawe', 'fst_analyses': ['akawe+ADVTmp']}, {'word_form': ""niwii'-ozhige"", 'fst_analyses': [""PVTense/wii'+ozhige+VAI+Ind+Pos+Neu+1SgSubj""]}, {'word_form': 'jibwaa-bagamibiisaang', 'fst_analyses': ['PVTense/jibwaa+bagamibiisaan+VII+Cnj+Pos+Neu+0SgSubj', 'PVTense/jibwaa+bagamibiisaan+VII+Cnj+Pos+Neu+0PlSubj']}, {'word_form': '.', 'fst_analyses': []}]",nj
Waawiikaa na ginaanaagadawenimaa gimishoomisiban.,Do you ever think about your late grandfather?,"[{'word_form': 'waawiikaa', 'fst_analyses': ['waawiikaa+ADVTmp']}, {'word_form': 'na', 'fst_analyses': ['na+PCDisc']}, {'word_form': 'ginaanaagadawenimaa', 'fst_analyses': ['naanaagadawenim+VTA+Ind+Pos+Neu+2SgSubj+3SgProxObj']}, {'word_form': 'gimishoomisiban', 'fst_analyses': ['mishoomis+NAD+Pret+ProxSg+2SgPoss']}, {'word_form': '.', 'fst_analyses': []}]",nj
Miskogizi miskwaabiimag.,The red willow has red twigs.,"[{'word_form': 'miskogizi', 'fst_analyses': ['miskogizi+VAI+Ind+Pos+Neu+3SgProxSubj']}, {'word_form': 'miskwaabiimag', 'fst_analyses': ['miskwaabiimag+NA+ProxSg']}, {'word_form': '.', 'fst_analyses': []}]",nj
Ishpimiing odinoo'igaagenan odoopwaaganan gaa-gaagiigidod.,She points her pipe stem toward the sky as she prays.,"[{'word_form': 'ishpimiing', 'fst_analyses': ['ishpimiing+ADVLoc']}, {'word_form': ""odinoo'igaagenan"", 'fst_analyses': []}, {'word_form': 'odoopwaaganan', 'fst_analyses': ['opwaagan+NA+ObvPl+3SgProxPoss', 'opwaagan+NA+ObvSg+3SgProxPoss']}, {'word_form': 'gaa-gaagiigidod', 'fst_analyses': ['PVSub/gaa+gaagiigido+VAI+Cnj+Pos+Neu+3SgProxSubj', 'PVTense/gii+gaagiigido+VAI+Pcp+Pos+Neu+3SgProxSubj+3SgProxHead']}, {'word_form': '.', 'fst_analyses': []}]",nj
Ishpimiing niizh gizhibaayaashiwag migiziwag.,There's two eagles circling up in the sky.,"[{'word_form': 'ishpimiing', 'fst_analyses': ['ishpimiing+ADVLoc']}, {'word_form': 'niizh', 'fst_analyses': ['niizh+NUM']}, {'word_form': 'gizhibaayaashiwag', 'fst_analyses': ['gizhibaayaashi+VAI+Ind+Pos+Neu+3PlProxSubj']}, {'word_form': 'migiziwag', 'fst_analyses': ['migizi+NA+ProxPl']}, {'word_form': '.', 'fst_analyses': []}]",nj
Mizhaabikaang onji-agwaakawewag gaa-pi-aazhawagaakowaad.,The ones crossing the lake came ashore by the rock.,"[{'word_form': 'mizhaabikaang', 'fst_analyses': []}, {'word_form': 'onji-agwaakawewag', 'fst_analyses': ['PVRel/onji+agwaakawe+VAI+Ind+Pos+Neu+3PlProxSubj']}, {'word_form': 'gaa-pi-aazhawagaakowaad', 'fst_analyses': []}, {'word_form': '.', 'fst_analyses': []}]",nj
Waaboozwayaan gidaa-gibishe'onan giishpin aazhawagaakowin zaaga'igan gii-gichi-gisinaag.,You should put some rabbit skin in your ear if you are crossing the lake on a really cold day.,"[{'word_form': 'waaboozwayaan', 'fst_analyses': ['waaboozwayaan+NA+ProxSg']}, {'word_form': ""gidaa-gibishe'onan"", 'fst_analyses': []}, {'word_form': 'giishpin', 'fst_analyses': ['giishpin+ADVGram']}, {'word_form': 'aazhawagaakowin', 'fst_analyses': []}, {'word_form': ""zaaga'igan"", 'fst_analyses': [""zaaga'igan+NI+Sg""]}, {'word_form': 'gii-gichi-gisinaag', 'fst_analyses': ['PVTense/gii+PVLex/gichi+gisinaa+VII+Cnj+Pos+Neu+0SgSubj', 'PVTense/gii+PVLex/gichi+gisinaa+VII+Cnj+Pos+Neu+0PlSubj']}, {'word_form': '.', 'fst_analyses': []}]",nj
Wegonen wenji-ondenimaad.,Why is he so envious of him?,"[{'word_form': 'wegonen', 'fst_analyses': ['wegonen+PRONInter+NI+Sg']}, {'word_form': 'wenji-ondenimaad', 'fst_analyses': []}, {'word_form': '.', 'fst_analyses': []}]",nj
Giga-gizhaagamizamawin waa'-mina'inaan.,I'll heat up something for you to drink.,"[{'word_form': 'giga-gizhaagamizamawin', 'fst_analyses': ['PVTense/ga+gizhaagamizamaw+VTA+Ind+Pos+Neu+1SgSubj+2SgObj']}, {'word_form': ""waa'-mina'inaan"", 'fst_analyses': []}, {'word_form': '.', 'fst_analyses': []}]",nj
Obwaamaan ji-manisaagod odawemaan.,He refused to cut wood for his sister.,"[{'word_form': 'obwaamaan', 'fst_analyses': ['bwaam+VTA+Ind+Pos+Neu+3SgProxSubj+3SgObvObj', 'bwaam+VTA+Ind+Pos+Neu+3SgProxSubj+3PlObvObj']}, {'word_form': 'ji-manisaagod', 'fst_analyses': ['PVTense/daa+manisaw+VTA+Cnj+Pos+Neu+3PlObvSubj+3SgProxObj', 'PVTense/ga+manisaw+VTA+Cnj+Pos+Neu+3PlObvSubj+3SgProxObj', 'PVTense/daa+manisaw+VTA+Cnj+Pos+Neu+3SgObvSubj+3SgProxObj', 'PVTense/ga+manisaw+VTA+Cnj+Pos+Neu+3SgObvSubj+3SgProxObj', 'PVTense/daa+manisaw+VTA+Cnj+Pos+Neu+0SgSubj+3SgProxObj', 'PVTense/ga+manisaw+VTA+Cnj+Pos+Neu+0SgSubj+3SgProxObj', 'PVTense/daa+manisaw+VTA+Cnj+Pos+Neu+0PlSubj+3SgProxObj', 'PVTense/ga+manisaw+VTA+Cnj+Pos+Neu+0PlSubj+3SgProxObj']}, {'word_form': 'odawemaan', 'fst_analyses': ['dawemaaw+NAD+ObvPl+3SgProxPoss', 'dawemaa+NAD+ObvPl+3SgProxPoss', 'dawemaaw+NAD+ObvSg+3SgProxPoss', 'dawemaa+NAD+ObvSg+3SgProxPoss']}, {'word_form': '.', 'fst_analyses': []}]",nj
Ningii'-wiindamawaa noozhis Jason apane ji-niimasemaawed.,I've told my grandson Jason to always carry his tobacco with him.,"[{'word_form': ""ningii'-wiindamawaa"", 'fst_analyses': [""PVTense/gii'+wiindamaw+VTA+Ind+Pos+Neu+1SgSubj+3SgProxObj""]}, {'word_form': 'noozhis', 'fst_analyses': ['oozhis+NAD+ProxSg+1SgPoss']}, {'word_form': 'jason', 'fst_analyses': []}, {'word_form': 'apane', 'fst_analyses': ['apane+ADVTmp']}, {'word_form': 'ji-niimasemaawed', 'fst_analyses': ['PVTense/daa+niimasemaawe+VAI+Cnj+Pos+Neu+3SgProxSubj', 'PVTense/ga+niimasemaawe+VAI+Cnj+Pos+Neu+3SgProxSubj']}, {'word_form': '.', 'fst_analyses': []}]",nj
Agaamaakwaa debwewidam gookooko'oo.,An owl can be heard from in the woods across the ridge.,"[{'word_form': 'agaamaakwaa', 'fst_analyses': ['agaamaakwaa+ADVLoc']}, {'word_form': 'debwewidam', 'fst_analyses': ['debwewidam+VAI+Ind+Pos+Neu+3SgProxSubj']}, {'word_form': ""gookooko'oo"", 'fst_analyses': [""gookooko'oo+NA+ProxSg""]}, {'word_form': '.', 'fst_analyses': []}]",nj
Andoojiishkan akawe miikana jibwaa-aazhawagaakobizoyan.,First feel for the trail with your foot before you drive across the ice.,"[{'word_form': 'andoojiishkan', 'fst_analyses': ['nandoojiishkan+VTI+Imp+Sim+2SgSubj+0PlObj', 'andoojiishkan+VTI+Imp+Sim+2SgSubj+0PlObj', 'nandoojiishkan+VTI+Imp+Sim+2SgSubj+0SgObj', 'andoojiishkan+VTI+Imp+Sim+2SgSubj+0SgObj']}, {'word_form': 'akawe', 'fst_analyses': ['akawe+ADVTmp']}, {'word_form': 'miikana', 'fst_analyses': ['miikana+NI+Sg']}, {'word_form': 'jibwaa-aazhawagaakobizoyan', 'fst_analyses': ['PVTense/jibwaa+aazhawagaakobizo+VAI+Cnj+Pos+Neu+2SgSubj']}, {'word_form': '.', 'fst_analyses': []}]",nj
Niigaan 'i jiimaan izhi-atoon.,Put it in the front of the canoe.,"[{'word_form': 'niigaan', 'fst_analyses': ['niigaan+ADVLoc']}, {'word_form': ""'i"", 'fst_analyses': [""'i+PRONDem+NI+Sg""]}, {'word_form': 'jiimaan', 'fst_analyses': ['jiimaan+NI+Sg']}, {'word_form': 'izhi-atoon', 'fst_analyses': ['PVRel/izhi+atoon+VTI+Imp+Sim+2SgSubj+0PlObj', 'PVRel/izhi+atoon+VTI+Imp+Sim+2SgSubj+0SgObj']}, {'word_form': '.', 'fst_analyses': []}]",nj
Aasamisag agoodoon gimishoomis omazinaakizon.,Hang your grandfather's picture on the wall.,"[{'word_form': 'aasamisag', 'fst_analyses': ['aasamisag+NI+Sg']}, {'word_form': 'agoodoon', 'fst_analyses': ['agoodoo+VAI+Imp+Sim+2SgSubj', 'agoodoon+VTI+Imp+Sim+2SgSubj+0PlObj', 'agoodoon+VTI+Imp+Sim+2SgSubj+0SgObj']}, {'word_form': 'gimishoomis', 'fst_analyses': ['mishoomis+NAD+ProxSg+2SgPoss']}, {'word_form': 'omazinaakizon', 'fst_analyses': ['mazinaakizon+NI+Sg+3SgProxPoss']}, {'word_form': '.', 'fst_analyses': []}]",nj
Mitakamig niwii-tazhi-aseke.,I'm going to work the hide right on the ground.,"[{'word_form': 'mitakamig', 'fst_analyses': ['mitakamig+ADVLoc']}, {'word_form': 'niwii-tazhi-aseke', 'fst_analyses': ['PVTense/wii+PVRel/dazhi+aseke+VAI+Ind+Pos+Neu+1SgSubj']}, {'word_form': '.', 'fst_analyses': []}]",nj
Obwaawibidoon zhinoodaagan aana-wiikobidood. Ganabaj agwaakwadin mitakamig.,He is unable to pull the rope. Maybe it's frozen to the ground.,"[{'word_form': 'obwaawibidoon', 'fst_analyses': ['bwaawibidoon+VTI+Ind+Pos+Neu+3SgProxSubj+0SgObj']}, {'word_form': 'zhinoodaagan', 'fst_analyses': ['zhinoodaagan+NI+Sg']}, {'word_form': 'aana-wiikobidood', 'fst_analyses': ['PVTense/aana+wiikobidoon+VTI+Cnj+Pos+Neu+3SgProxSubj+0PlObj', 'PVTense/aana+wiikobidoon+VTI+Cnj+Pos+Neu+3SgProxSubj+0SgObj']}, {'word_form': '.', 'fst_analyses': []}, {'word_form': 'ganabaj', 'fst_analyses': ['ganabaj+ADVMan']}, {'word_form': 'agwaakwadin', 'fst_analyses': ['agwaakwadin+VII+Ind+Pos+Neu+0SgSubj']}, {'word_form': 'mitakamig', 'fst_analyses': ['mitakamig+ADVLoc']}, {'word_form': '.', 'fst_analyses': []}]",nj
Awiya ogii'-nagadaanan omakizinan anaamaya'ii ninibewining.,Somebody left their shoes under my bed.,"[{'word_form': 'awiya', 'fst_analyses': ['awiya+PRONIndf+NA']}, {'word_form': ""ogii'-nagadaanan"", 'fst_analyses': [""PVTense/gii'+nagadan+VTI+Ind+Pos+Neu+3PlObvSubj+0PlObj"", ""PVTense/gii'+nagadan+VTI+Ind+Pos+Neu+3SgObvSubj+0PlObj"", ""PVTense/gii'+nagadan+VTI+Ind+Pos+Neu+3SgProxSubj+0PlObj""]}, {'word_form': 'omakizinan', 'fst_analyses': ['makizin+NI+Pl+3SgProxPoss']}, {'word_form': ""anaamaya'ii"", 'fst_analyses': [""anaamaya'ii+ADVLoc""]}, {'word_form': 'ninibewining', 'fst_analyses': ['nibewin+NI+Loc+1SgPoss']}, {'word_form': '.', 'fst_analyses': []}]",nj
Gego waniikeken ji-izhiwidamaageyan gimakizinikaanan. Waabang da-giba'igaade ozhibii'igewigamig.,Don't forget to take your moccasins you made. The office will be closed tomorrow.,"[{'word_form': 'gego', 'fst_analyses': ['gego+ADVNeg']}, {'word_form': 'waniikeken', 'fst_analyses': ['waniike+VAI+Imp+Prb+2SgSubj', 'waniiken+VAIO+Imp+Prb+2SgSubj+0PlObj', 'waniiken+VAIO+Imp+Prb+2SgSubj+0SgObj']}, {'word_form': 'ji-izhiwidamaageyan', 'fst_analyses': ['PVTense/daa+izhiwidamaage+VAI+Cnj+Pos+Neu+2SgSubj', 'PVTense/ga+izhiwidamaage+VAI+Cnj+Pos+Neu+2SgSubj']}, {'word_form': 'gimakizinikaanan', 'fst_analyses': ['makizinikaan+NI+Pl+2SgPoss']}, {'word_form': '.', 'fst_analyses': []}, {'word_form': 'waabang', 'fst_analyses': ['waaban+VII+Cnj+Pos+Neu+0SgSubj', 'waaban+VII+Cnj+Pos+Neu+0PlSubj']}, {'word_form': ""da-giba'igaade"", 'fst_analyses': [""PVTense/ga+giba'igaade+VII+Ind+Pos+Neu+0SgSubj""]}, {'word_form': ""ozhibii'igewigamig"", 'fst_analyses': [""ozhibii'igewigamig+NI+Sg""]}, {'word_form': '.', 'fst_analyses': []}]",nj
Marie ningii'-wiidoopamig gii-giizhizwag waabooz.,Marie came and ate with me when I cooked a rabbit.,"[{'word_form': 'marie', 'fst_analyses': []}, {'word_form': ""ningii'-wiidoopamig"", 'fst_analyses': [""PVTense/gii'+wiidoopam+VTA+Ind+Pos+Neu+3SgProxSubj+1SgObj""]}, {'word_form': 'gii-giizhizwag', 'fst_analyses': ['PVTense/gii+giizhizwi+VTA+Cnj+Pos+Neu+1SgSubj+3SgProxObj']}, {'word_form': 'waabooz', 'fst_analyses': ['waabooz+NA+ProxSg']}, {'word_form': '.', 'fst_analyses': []}]",nj
Mangidiyeyaa ninaabikwaanensiwi-jiimaan.,My motorboat has a wide rear end.,"[{'word_form': 'mangidiyeyaa', 'fst_analyses': ['mangidiyeyaa+VII+Ind+Pos+Neu+0SgSubj']}, {'word_form': 'ninaabikwaanensiwi-jiimaan', 'fst_analyses': ['naabikwaanensiwi-jiimaan+NI+Sg+1SgPoss']}, {'word_form': '.', 'fst_analyses': []}]",nj
Babaamikawe imaa waabizheshi.,A marten left tracks going around there.,"[{'word_form': 'babaamikawe', 'fst_analyses': ['babaamikawe+VAI+Ind+Pos+Neu+3SgProxSubj']}, {'word_form': 'imaa', 'fst_analyses': ['imaa+ADVLoc']}, {'word_form': 'waabizheshi', 'fst_analyses': ['waabizheshi+NA+ProxSg']}, {'word_form': '.', 'fst_analyses': []}]",nj
Naazibiiwanen gidaya'iiman waa'-maajiidooyan.,Pack all your stuff down to the lake that you're going to take wirh you.,"[{'word_form': 'naazibiiwanen', 'fst_analyses': ['naazibii+VAI+Cnj+Pos+Dub+2SgSubj', 'naazibiiwanen+VAIO+Imp+Sim+2SgSubj+0PlObj', 'naazibiiwanen+VAIO+Imp+Sim+2SgSubj+0SgObj', 'naazibiiwanen+VAIO+Imp+Sim+2SgSubj+3PlProx', 'naazibiiwanen+VAIO+Imp+Sim+2SgSubj+3SgProx', 'naazibiiwanen+VAIO+Imp+Sim+2SgSubj']}, {'word_form': ""gidaya'iiman"", 'fst_analyses': [""aya'ii+NI+Poss+Pl+2SgPoss""]}, {'word_form': ""waa'-maajiidooyan"", 'fst_analyses': []}, {'word_form': '.', 'fst_analyses': []}]",nj
Aanind ogaadoon enaajimod. Gaawiin gakina dibaajimosii.,He's hiding the rest of the story. He's not telling all of it,"[{'word_form': 'aanind', 'fst_analyses': ['aanind+ADVQnt']}, {'word_form': 'ogaadoon', 'fst_analyses': ['gaadoon+VTI+Ind+Pos+Neu+3SgProxSubj+0SgObj']}, {'word_form': 'enaajimod', 'fst_analyses': ['inaajimo+VAI+Pcp+Pos+Neu+3SgProxSubj+3SgProxHead']}, {'word_form': '.', 'fst_analyses': []}, {'word_form': 'gaawiin', 'fst_analyses': ['gaawiin+ADVNeg']}, {'word_form': 'gakina', 'fst_analyses': ['gakina+ADVQnt']}, {'word_form': 'dibaajimosii', 'fst_analyses': ['dibaajimo+VAI+Ind+Neg+Neu+3SgProxSubj']}, {'word_form': '.', 'fst_analyses': []}]",nj
Gaawiin awiya abisii omaa endaayan gii-bi-izhaayaan gii-onaagoshig.,There was no one home when I came to your house last evening.,"[{'word_form': 'gaawiin', 'fst_analyses': ['gaawiin+ADVNeg']}, {'word_form': 'awiya', 'fst_analyses': ['awiya+PRONIndf+NA']}, {'word_form': 'abisii', 'fst_analyses': ['abi+VAI+Ind+Neg+Neu+3SgProxSubj']}, {'word_form': 'omaa', 'fst_analyses': ['omaa+ADVLoc']}, {'word_form': 'endaayan', 'fst_analyses': []}, {'word_form': 'gii-bi-izhaayaan', 'fst_analyses': ['PVTense/gii+bi-izhaa+VAI+Cnj+Pos+Neu+1SgSubj', 'PVTense/gii+PVDir/bi+izhaa+VAI+Cnj+Pos+Neu+1SgSubj']}, {'word_form': 'gii-onaagoshig', 'fst_analyses': ['PVTense/gii+onaagoshin+VII+Cnj+Pos+Neu+0SgSubj', 'PVTense/gii+onaagoshin+VII+Cnj+Pos+Neu+0PlSubj']}, {'word_form': '.', 'fst_analyses': []}]",nj
Anooj igo odoodawaan odayensan.,He's playing with his pet in a rough way.,"[{'word_form': 'anooj', 'fst_analyses': ['anooj+ADVQnt']}, {'word_form': 'igo', 'fst_analyses': ['igo+PCEmph']}, {'word_form': 'odoodawaan', 'fst_analyses': ['doodaw+VTA+Ind+Pos+Neu+3SgProxSubj+3SgObvObj', 'doodaw+VTA+Ind+Pos+Neu+3SgProxSubj+3PlObvObj']}, {'word_form': 'odayensan', 'fst_analyses': ['day+NAD+Dim+ObvSg+3SgProxPoss', 'day+NAD+Dim+ObvPl+3SgProxPoss']}, {'word_form': '.', 'fst_analyses': []}]",nj
Badakidoon giwaaginogaan.,Set up your lodge.,"[{'word_form': 'badakidoon', 'fst_analyses': ['badakidoon+VTI+Imp+Sim+2SgSubj+0PlObj', 'badakidoon+VTI+Imp+Sim+2SgSubj+0SgObj']}, {'word_form': 'giwaaginogaan', 'fst_analyses': ['waaginogaan+NI+Sg+2SgPoss']}, {'word_form': '.', 'fst_analyses': []}]",nj
Akawe waaginan mitigoon wii'-ozhitooyan waaginogaan.,Bend the sticks of the frame before making the waaginogaan.,"[{'word_form': 'akawe', 'fst_analyses': ['akawe+ADVTmp']}, {'word_form': 'waaginan', 'fst_analyses': ['waaginan+VTI+Imp+Sim+2SgSubj+0PlObj', 'waaginan+VTI+Imp+Sim+2SgSubj+0SgObj']}, {'word_form': 'mitigoon', 'fst_analyses': ['mitig+NA+ObvSg', 'mitig+NI+Pl', 'mitig+NA+ObvPl']}, {'word_form': ""wii'-ozhitooyan"", 'fst_analyses': [""PVTense/wii'+ozhitoon+VTI+Cnj+Pos+Neu+2SgSubj+0PlObj"", ""PVTense/wii'+ozhitoon+VTI+Cnj+Pos+Neu+2SgSubj+0SgObj""]}, {'word_form': 'waaginogaan', 'fst_analyses': ['waaginogaan+NI+Sg']}, {'word_form': '.', 'fst_analyses': []}]",nj
Gaawiin zaabowesii aana-gii-gaagiigidod.,You can hardly hear her when she's trying to talk.,"[{'word_form': 'gaawiin', 'fst_analyses': ['gaawiin+ADVNeg']}, {'word_form': 'zaabowesii', 'fst_analyses': ['zaabowesii+VAI+Ind+Neg+Neu+3SgProxSubj']}, {'word_form': 'aana-gii-gaagiigidod', 'fst_analyses': ['PVTense/aana+PVTense/gii+gaagiigido+VAI+Cnj+Pos+Neu+3SgProxSubj']}, {'word_form': '.', 'fst_analyses': []}]",nj
Waaboozwayaan gidaa-gibishe'onan giishpin aazhawagaakowin zaaga'igan gii-gichi-gisinaag.,You should put some rabbit skin in your ear if you are crossing the lake on a really cold day.,"[{'word_form': 'waaboozwayaan', 'fst_analyses': ['waaboozwayaan+NA+ProxSg']}, {'word_form': ""gidaa-gibishe'onan"", 'fst_analyses': []}, {'word_form': 'giishpin', 'fst_analyses': ['giishpin+ADVGram']}, {'word_form': 'aazhawagaakowin', 'fst_analyses': []}, {'word_form': ""zaaga'igan"", 'fst_analyses': [""zaaga'igan+NI+Sg""]}, {'word_form': 'gii-gichi-gisinaag', 'fst_analyses': ['PVTense/gii+PVLex/gichi+gisinaa+VII+Cnj+Pos+Neu+0SgSubj', 'PVTense/gii+PVLex/gichi+gisinaa+VII+Cnj+Pos+Neu+0PlSubj']}, {'word_form': '.', 'fst_analyses': []}]",nj
Aandi John endazhishimod. | Aazha gii-pimi-gabikooshimo.,Where is John dancing? | He passed by already.,"[{'word_form': 'aandi', 'fst_analyses': ['aandi+ADVInter']}, {'word_form': 'john', 'fst_analyses': []}, {'word_form': 'endazhishimod', 'fst_analyses': ['dazhishimo+VAI+Pcp+Pos+Neu+3SgProxSubj+3SgProxHead']}, {'word_form': '.', 'fst_analyses': []}, {'word_form': '|', 'fst_analyses': []}, {'word_form': 'aazha', 'fst_analyses': ['aazha+ADVTmp']}, {'word_form': 'gii-pimi-gabikooshimo', 'fst_analyses': ['PVTense/gii+PVDir/bimi+gabikooshimo+VAI+Ind+Pos+Neu+3SgProxSubj']}, {'word_form': '.', 'fst_analyses': []}]",nj
Ogiji-waakaa'igan gii'-ondagoojin.,He fell off the roof.,"[{'word_form': ""ogiji-waakaa'igan"", 'fst_analyses': [""PNLex/ogiji+waakaa'igan+NI+Sg"", ""ogiji-waakaa'igan+ADVLoc""]}, {'word_form': ""gii'-ondagoojin"", 'fst_analyses': [""PVTense/gii'+ondagoojin+VAI+Ind+Pos+Neu+3SgProxSubj""]}, {'word_form': '.', 'fst_analyses': []}]",nj
Gii-kawaasin nimbagiwaanegamig.,My tent blew down.,"[{'word_form': 'gii-kawaasin', 'fst_analyses': ['PVTense/gii+gawaasin+VII+Ind+Pos+Neu+0SgSubj']}, {'word_form': 'nimbagiwaanegamig', 'fst_analyses': ['bagiwaanegamig+NI+Sg+1SgPoss']}, {'word_form': '.', 'fst_analyses': []}]",nj
Boozaabikinigan ginigawinan waasigani-bimideng.,Mix the oil into the gas.,"[{'word_form': 'boozaabikinigan', 'fst_analyses': ['boozaabikinigan+NI+Sg']}, {'word_form': 'ginigawinan', 'fst_analyses': ['ginigawinan+VTI+Imp+Sim+2SgSubj+0PlObj', 'ginigawinan+VTI+Imp+Sim+2SgSubj+0SgObj']}, {'word_form': 'waasigani-bimideng', 'fst_analyses': ['waasigani-bimide+NI+Loc']}, {'word_form': '.', 'fst_analyses': []}]",nj
Wanakwaandag onji-bookobizh waa'-apishimonikaageyan zhingobiig.,Break off the ends of boughs from the fir when you make bedding (in a lodge).,"[{'word_form': 'wanakwaandag', 'fst_analyses': ['wanakwaandag+NI+Sg']}, {'word_form': 'onji-bookobizh', 'fst_analyses': ['PVRel/onji+bookobizh+VTA+Imp+Sim+2SgSubj+3SgProxObj', 'PVRel/onji+bookobizh+VTA+Imp+Sim+2SgSubj+3PlProxObj']}, {'word_form': ""waa'-apishimonikaageyan"", 'fst_analyses': []}, {'word_form': 'zhingobiig', 'fst_analyses': ['zhingob+NA+ProxPl']}, {'word_form': '.', 'fst_analyses': []}]",nj
Giga-dakaabaawe bakobiiseyan mikwamiiwaaboong.,You'll get chilled and sick if you fall into the icy water.,"[{'word_form': 'giga-dakaabaawe', 'fst_analyses': ['PVTense/ga+dakaabaawe+VAI+Ind+Pos+Neu+2SgSubj']}, {'word_form': 'bakobiiseyan', 'fst_analyses': ['bakobiise+VAI+Cnj+Pos+Neu+2SgSubj']}, {'word_form': 'mikwamiiwaaboong', 'fst_analyses': []}, {'word_form': '.', 'fst_analyses': []}]",nj
Aabitawikana ogii-pi-onjikadaan omashkimod. Jiimaan idash ogii'-madaabiiwidoon.,He left his packsack halfway along the portage. He brought the canoe down instead.,"[{'word_form': 'aabitawikana', 'fst_analyses': ['aabitawikana+ADVLoc']}, {'word_form': 'ogii-pi-onjikadaan', 'fst_analyses': []}, {'word_form': 'omashkimod', 'fst_analyses': ['mashkimod+NI+Sg+3SgProxPoss']}, {'word_form': '.', 'fst_analyses': []}, {'word_form': 'jiimaan', 'fst_analyses': ['jiimaan+NI+Sg']}, {'word_form': 'idash', 'fst_analyses': ['idash+ADVConj']}, {'word_form': ""ogii'-madaabiiwidoon"", 'fst_analyses': [""PVTense/gii'+madaabiiwidoon+VTI+Ind+Pos+Neu+3SgProxSubj+0SgObj""]}, {'word_form': '.', 'fst_analyses': []}]",nj
Aakwaapine ikwe gii-nitaawiginaawasod.,A woman has severe pain giving birth.,"[{'word_form': 'aakwaapine', 'fst_analyses': ['aakwaapine+VAI+Ind+Pos+Neu+3SgProxSubj']}, {'word_form': 'ikwe', 'fst_analyses': ['ikwe+NA+ProxSg']}, {'word_form': 'gii-nitaawiginaawasod', 'fst_analyses': ['PVTense/gii+nitaawiginaawaso+VAI+Cnj+Pos+Neu+3SgProxSubj']}, {'word_form': '.', 'fst_analyses': []}]",nj
Obagidenimaan odaabaanan; onzaam gaawiin waabisii geyaabi ji-bimibizod.,He's giving up his car because he doesn't see well enough anymore to drive.,"[{'word_form': 'obagidenimaan', 'fst_analyses': ['bagidenim+VTA+Ind+Pos+Neu+3SgProxSubj+3SgObvObj', 'bagidenim+VTA+Ind+Pos+Neu+3SgProxSubj+3PlObvObj']}, {'word_form': 'odaabaanan;', 'fst_analyses': []}, {'word_form': 'onzaam', 'fst_analyses': ['onzaam+ADVQnt']}, {'word_form': 'gaawiin', 'fst_analyses': ['gaawiin+ADVNeg']}, {'word_form': 'waabisii', 'fst_analyses': ['waabi+VAI+Ind+Neg+Neu+3SgProxSubj']}, {'word_form': 'geyaabi', 'fst_analyses': ['geyaabi+ADVTmp']}, {'word_form': 'ji-bimibizod', 'fst_analyses': ['PVTense/daa+bimibizo+VAI+Cnj+Pos+Neu+3SgProxSubj', 'PVTense/ga+bimibizo+VAI+Cnj+Pos+Neu+3SgProxSubj']}, {'word_form': '.', 'fst_analyses': []}]",nj
Endaso-giizis nimbiidaagoo nimindimoowe-mazina'igan.,I get my old-age pension check every month.,"[{'word_form': 'endaso-giizis', 'fst_analyses': ['endaso-giizis+ADVTmp']}, {'word_form': 'nimbiidaagoo', 'fst_analyses': ['biidaw+VTA+Ind+Pos+Neu+XSubj+1SgObj']}, {'word_form': ""nimindimoowe-mazina'igan"", 'fst_analyses': []}, {'word_form': '.', 'fst_analyses': []}]",nj
Ozaawegadoon ningibiiga'iganan.,My curtains are brown.,"[{'word_form': 'ozaawegadoon', 'fst_analyses': ['ozaawegad+VII+Ind+Pos+Neu+0PlSubj']}, {'word_form': ""ningibiiga'iganan"", 'fst_analyses': [""gibiiga'igan+NI+Pl+1SgPoss""]}, {'word_form': '.', 'fst_analyses': []}]",nj
Niinitam ninga-giziininaagane.,I'll do this dishes this time.,"[{'word_form': 'niinitam', 'fst_analyses': ['niinitam+PRONPer+NA+1Sg']}, {'word_form': 'ninga-giziininaagane', 'fst_analyses': ['PVTense/ga+giziininaagane+VAI+Ind+Pos+Neu+1SgSubj']}, {'word_form': '.', 'fst_analyses': []}]",nj
Gabenaagosh ninooshkaachige.,I've been winnowing rice all evening.,"[{'word_form': 'gabenaagosh', 'fst_analyses': ['gabenaagosh+ADVTmp']}, {'word_form': 'ninooshkaachige', 'fst_analyses': ['nooshkaachige+VAI+Ind+Pos+Neu+1SgSubj']}, {'word_form': '.', 'fst_analyses': []}]",nj
Jiigibiig onji-maadasaa.,He's setting his net out from the shore.,"[{'word_form': 'jiigibiig', 'fst_analyses': ['jiigibiig+ADVLoc']}, {'word_form': 'onji-maadasaa', 'fst_analyses': []}, {'word_form': '.', 'fst_analyses': []}]",nj
Nimiigaadaan indakiim ji-ganawendamaan.,I'm fighting to keep my land.,"[{'word_form': 'nimiigaadaan', 'fst_analyses': ['miigaadan+VTI+Ind+Pos+Neu+1SgSubj+0SgObj']}, {'word_form': 'indakiim', 'fst_analyses': ['aki+NI+Poss+Sg+1SgPoss']}, {'word_form': 'ji-ganawendamaan', 'fst_analyses': ['PVTense/daa+ganawendan+VTI+Cnj+Pos+Neu+1SgSubj+0PlObj', 'PVTense/ga+ganawendan+VTI+Cnj+Pos+Neu+1SgSubj+0PlObj', 'PVTense/daa+ganawendan+VTI+Cnj+Pos+Neu+1SgSubj+0SgObj', 'PVTense/ga+ganawendan+VTI+Cnj+Pos+Neu+1SgSubj+0SgObj']}, {'word_form': '.', 'fst_analyses': []}]",nj
Anaamibiig ningii-paashkizwaa amik.,I shot a beaver under the water.,"[{'word_form': 'anaamibiig', 'fst_analyses': ['anaamibiig+ADVLoc']}, {'word_form': 'ningii-paashkizwaa', 'fst_analyses': ['PVTense/gii+baashkizwi+VTA+Ind+Pos+Neu+1SgSubj+3SgProxObj', 'PVTense/gii+baashkiz+VTA+Ind+Pos+Neu+1SgSubj+3SgProxObj']}, {'word_form': 'amik', 'fst_analyses': ['amik+NA+ProxSg']}, {'word_form': '.', 'fst_analyses': []}]",nj
Ogii'-napaadaabiigisidoon ogiishkiboojiganeyaab.,He put his saw chain on backwards.,"[{'word_form': ""ogii'-napaadaabiigisidoon"", 'fst_analyses': [""PVTense/gii'+napaadaabiigisidoon+VTI+Ind+Pos+Neu+3SgProxSubj+0SgObj""]}, {'word_form': 'ogiishkiboojiganeyaab', 'fst_analyses': ['giishkiboojiganeyaab+NI+Sg+3SgProxPoss']}, {'word_form': '.', 'fst_analyses': []}]",nj
Awasi-niibinong ningii-paasiminaanike.,I dried some berries the summer before last.,"[{'word_form': 'awasi-niibinong', 'fst_analyses': ['PVLex/awasi+niibinong+ADVTmp', 'awasi-niibinong+ADVTmp']}, {'word_form': 'ningii-paasiminaanike', 'fst_analyses': ['PVTense/gii+baasiminaanike+VAI+Ind+Pos+Neu+1SgSubj']}, {'word_form': '.', 'fst_analyses': []}]",nj
Ikwanaamose gii-wiindamawag ezhiwebizinid odedeyan.,She gasped when I told her the condition of her father.,"[{'word_form': 'ikwanaamose', 'fst_analyses': ['ikwanaamose+VAI+Ind+Pos+Neu+3SgProxSubj']}, {'word_form': 'gii-wiindamawag', 'fst_analyses': ['PVTense/gii+wiindamaw+VTA+Cnj+Pos+Neu+1SgSubj+3SgProxObj']}, {'word_form': 'ezhiwebizinid', 'fst_analyses': []}, {'word_form': 'odedeyan', 'fst_analyses': ['dedey+NAD+ObvPl+3SgProxPoss', 'dedey+NAD+ObvSg+3SgProxPoss']}, {'word_form': '.', 'fst_analyses': []}]",nj
Bakaan inaajimo awedi bezhig apiich idash wa'awe.,That one tells different story than this one.,"[{'word_form': 'bakaan', 'fst_analyses': ['bakaan+ADVMan']}, {'word_form': 'inaajimo', 'fst_analyses': ['inaajimo+VAI+Ind+Pos+Neu+3SgProxSubj']}, {'word_form': 'awedi', 'fst_analyses': ['awedi+PRONDem+NA+ProxSg']}, {'word_form': 'bezhig', 'fst_analyses': ['bezhig+NUM']}, {'word_form': 'apiich', 'fst_analyses': ['apiich+ADVGram']}, {'word_form': 'idash', 'fst_analyses': ['idash+ADVConj']}, {'word_form': ""wa'awe"", 'fst_analyses': [""wa'awe+PRONDem+NA+ProxSg""]}, {'word_form': '.', 'fst_analyses': []}]",nj
Aanind ogaadoon enaajimod. Gaawiin gakina dibaajimosii.,He's hiding the rest of the story. He's not telling all of it,"[{'word_form': 'aanind', 'fst_analyses': ['aanind+ADVQnt']}, {'word_form': 'ogaadoon', 'fst_analyses': ['gaadoon+VTI+Ind+Pos+Neu+3SgProxSubj+0SgObj']}, {'word_form': 'enaajimod', 'fst_analyses': ['inaajimo+VAI+Pcp+Pos+Neu+3SgProxSubj+3SgProxHead']}, {'word_form': '.', 'fst_analyses': []}, {'word_form': 'gaawiin', 'fst_analyses': ['gaawiin+ADVNeg']}, {'word_form': 'gakina', 'fst_analyses': ['gakina+ADVQnt']}, {'word_form': 'dibaajimosii', 'fst_analyses': ['dibaajimo+VAI+Ind+Neg+Neu+3SgProxSubj']}, {'word_form': '.', 'fst_analyses': []}]",nj
Awenen waa'-ozaawaakizwaad giboziganan. Midaaswi awiyag gidaa-ashamaanaanig.,Who's going to make the toast.? We've got ten people to feed out there.,"[{'word_form': 'awenen', 'fst_analyses': ['awenen+PRONInter+NA+ProxSg']}, {'word_form': ""waa'-ozaawaakizwaad"", 'fst_analyses': []}, {'word_form': 'giboziganan', 'fst_analyses': ['gibozigan+NA+ObvPl', 'gibozigan+NA+ObvSg', 'gibozigan+NI+Pl']}, {'word_form': '.', 'fst_analyses': []}, {'word_form': 'midaaswi', 'fst_analyses': ['midaaswi+NUM']}, {'word_form': 'awiyag', 'fst_analyses': ['awiyag+PRONIndf+NA+ProxPl']}, {'word_form': 'gidaa-ashamaanaanig', 'fst_analyses': ['PVTense/daa+asham+VTA+Ind+Pos+Neu+InclSubj+3PlProxObj', 'PVTense/daa+asham+VTA+Ind+Pos+Neu+InclSubj+3PlObvObj']}, {'word_form': '.', 'fst_analyses': []}]",nj
Nimookawaadaan nindanokiiwin. Ningii'-wanitoon.,I'm crying for my job. I lost it!,"[{'word_form': 'nimookawaadaan', 'fst_analyses': ['mookawaadan+VTI+Ind+Pos+Neu+1SgSubj+0SgObj']}, {'word_form': 'nindanokiiwin', 'fst_analyses': ['anokiiwin+NI+Sg+1SgPoss']}, {'word_form': '.', 'fst_analyses': []}, {'word_form': ""ningii'-wanitoon"", 'fst_analyses': [""PVTense/gii'+wanitoon+VTI+Ind+Pos+Neu+1SgSubj+0SgObj""]}, {'word_form': '.', 'fst_analyses': []}]",nj
Giinetawaa gigikenimininim nitaa-aagimikeyeg.,You are the only ones I know that know how to make snowshoes.,"[{'word_form': 'giinetawaa', 'fst_analyses': ['giinetawaa+PRONPer+NA+2Pl']}, {'word_form': 'gigikenimininim', 'fst_analyses': ['gikenim+VTA+Ind+Pos+Neu+1SgSubj+2PlObj']}, {'word_form': 'nitaa-aagimikeyeg', 'fst_analyses': ['PVLex/nitaa+aagimike+VAI+Cnj+Pos+Neu+2PlSubj']}, {'word_form': '.', 'fst_analyses': []}]",nj
Waabang wii'-na'inigaazo gaa-gii'-ishkwaa-ayaad.,The funeral for the deceased is tomorrow.,"[{'word_form': 'waabang', 'fst_analyses': ['waaban+VII+Cnj+Pos+Neu+0SgSubj', 'waaban+VII+Cnj+Pos+Neu+0PlSubj']}, {'word_form': ""wii'-na'inigaazo"", 'fst_analyses': [""PVTense/wii'+na'inigaazo+VAI+Ind+Pos+Neu+3SgProxSubj""]}, {'word_form': ""gaa-gii'-ishkwaa-ayaad"", 'fst_analyses': [""PVSub/gaa+PVTense/gii'+ishkwaa-ayaa+VAI+Cnj+Pos+Neu+3SgProxSubj"", ""PVSub/gaa+PVTense/gii'+PVLex/ishkwaa+ayaa+VAI+Cnj+Pos+Neu+3SgProxSubj"", ""PVTense/gii+PVTense/gii'+ishkwaa-ayaa+VAI+Pcp+Pos+Neu+3SgProxSubj+3SgProxHead"", ""PVTense/gii+PVTense/gii'+PVLex/ishkwaa+ayaa+VAI+Pcp+Pos+Neu+3SgProxSubj+3SgProxHead""]}, {'word_form': '.', 'fst_analyses': []}]",nj
Gibaakwa'an ishkwaandem. Biindigeyaashi goon.,Shut the door. Snow is blowing inside.,"[{'word_form': ""gibaakwa'an"", 'fst_analyses': [""gibaakwa'an+VTI+Imp+Sim+2SgSubj+0PlObj"", ""gibaakwa'an+VTI+Imp+Sim+2SgSubj+0SgObj""]}, {'word_form': 'ishkwaandem', 'fst_analyses': ['ishkwaandem+NI+Sg']}, {'word_form': '.', 'fst_analyses': []}, {'word_form': 'biindigeyaashi', 'fst_analyses': ['biindigeyaashi+VAI+Ind+Pos+Neu+3SgProxSubj']}, {'word_form': 'goon', 'fst_analyses': ['goon+NA+ProxSg']}, {'word_form': '.', 'fst_analyses': []}]",nj
Niwii'-ishkwii niin. Gaawiin niwii'-izhaasii.,I'm want to stay behind. I don't want to go.,"[{'word_form': ""niwii'-ishkwii"", 'fst_analyses': [""PVTense/wii'+ishkwii+VAI+Ind+Pos+Neu+1SgSubj""]}, {'word_form': 'niin', 'fst_analyses': ['niin+PRONPer+NA+1Sg']}, {'word_form': '.', 'fst_analyses': []}, {'word_form': 'gaawiin', 'fst_analyses': ['gaawiin+ADVNeg']}, {'word_form': ""niwii'-izhaasii"", 'fst_analyses': [""PVTense/wii'+izhaa+VAI+Ind+Neg+Neu+1SgSubj""]}, {'word_form': '.', 'fst_analyses': []}]",nj
Jiigaabikaang agomo noosa'owesi.,The bass is still in the water by the rock.,"[{'word_form': 'jiigaabikaang', 'fst_analyses': []}, {'word_form': 'agomo', 'fst_analyses': ['agomo+VAI+Ind+Pos+Neu+3SgProxSubj']}, {'word_form': ""noosa'owesi"", 'fst_analyses': [""noosa'owesi+NA+ProxSg""]}, {'word_form': '.', 'fst_analyses': []}]",nj
Zhiibaayaazhogan akawe agomodaa.,Let's go stay under the bridge. [in a canoe],"[{'word_form': 'zhiibaayaazhogan', 'fst_analyses': ['zhiibaayaazhogan+ADVLoc']}, {'word_form': 'akawe', 'fst_analyses': ['akawe+ADVTmp']}, {'word_form': 'agomodaa', 'fst_analyses': ['agomo+VAI+Imp+Del+InclSubj', 'agomo+VAI+Imp+Sim+InclSubj']}, {'word_form': '.', 'fst_analyses': []}]",nj
Aaniin epiitaagamishkaag gimiskwiim.,How high is your blood pressure?,"[{'word_form': 'aaniin', 'fst_analyses': ['aaniin+PCInterj', 'aaniin+ADVInter']}, {'word_form': 'epiitaagamishkaag', 'fst_analyses': ['apiitaagamishkaa+VII+Pcp+Pos+Neu+0SgSubj+0SgHead']}, {'word_form': 'gimiskwiim', 'fst_analyses': ['miskwi+NI+Poss+Sg+2SgPoss']}, {'word_form': '.', 'fst_analyses': []}]",nj
Aaniin enigokwaabikizid.,What size is it? How Big is it?,"[{'word_form': 'aaniin', 'fst_analyses': ['aaniin+PCInterj', 'aaniin+ADVInter']}, {'word_form': 'enigokwaabikizid', 'fst_analyses': ['inigokwaabikizi+VAI+Pcp+Pos+Neu+3SgProxSubj+3SgProxHead']}, {'word_form': '.', 'fst_analyses': []}]",nj
Akawe gidaa-giigid jibwaa-gagwedweyan.,You should phone first before you ask.,"[{'word_form': 'akawe', 'fst_analyses': ['akawe+ADVTmp']}, {'word_form': 'gidaa-giigid', 'fst_analyses': ['PVTense/daa+giigido+VAI+Ind+Pos+Neu+2SgSubj']}, {'word_form': 'jibwaa-gagwedweyan', 'fst_analyses': ['PVTense/jibwaa+gagwedwe+VAI+Cnj+Pos+Neu+2SgSubj']}, {'word_form': '.', 'fst_analyses': []}]",nj
Jiigashkiig agoodoon aki waa'-apambinaawasoyan.,Hang up the moss you are going to use for the cradle board by the muskeg.,"[{'word_form': 'jiigashkiig', 'fst_analyses': ['jiigashkiig+ADVLoc']}, {'word_form': 'agoodoon', 'fst_analyses': ['agoodoo+VAI+Imp+Sim+2SgSubj', 'agoodoon+VTI+Imp+Sim+2SgSubj+0PlObj', 'agoodoon+VTI+Imp+Sim+2SgSubj+0SgObj']}, {'word_form': 'aki', 'fst_analyses': ['aki+NI+Sg']}, {'word_form': ""waa'-apambinaawasoyan"", 'fst_analyses': []}, {'word_form': '.', 'fst_analyses': []}]",nj
Aaniin ezhiwebinang ogiishkiboojigan gii-gawiboojiged. Odanibenaan ina.,How doe she handle her saw when she's taking a tree down? Does she tilt it sideways?,"[{'word_form': 'aaniin', 'fst_analyses': ['aaniin+PCInterj', 'aaniin+ADVInter']}, {'word_form': 'ezhiwebinang', 'fst_analyses': []}, {'word_form': 'ogiishkiboojigan', 'fst_analyses': ['giishkiboojigan+NI+Sg+3SgProxPoss']}, {'word_form': 'gii-gawiboojiged', 'fst_analyses': ['PVTense/gii+gawiboojige+VAI+Cnj+Pos+Neu+3SgProxSubj']}, {'word_form': '.', 'fst_analyses': []}, {'word_form': 'odanibenaan', 'fst_analyses': ['aniben+VTA+Ind+Pos+Neu+3SgProxSubj+3SgObvObj', 'aniben+VTA+Ind+Pos+Neu+3SgProxSubj+3PlObvObj', 'anibenan+VTI+Ind+Pos+Neu+3SgProxSubj+0SgObj']}, {'word_form': 'ina', 'fst_analyses': ['ina+PCDisc']}, {'word_form': '.', 'fst_analyses': []}]",nj
Gizhiigizan giwaaboowaan jibwaa-gawishimoyan.,Heat up your blanket before you go to bed.,"[{'word_form': 'gizhiigizan', 'fst_analyses': ['gizhiigizan+VTI+Imp+Sim+2SgSubj+0PlObj', 'gizhiigizan+VTI+Imp+Sim+2SgSubj+0SgObj']}, {'word_form': 'giwaaboowaan', 'fst_analyses': []}, {'word_form': 'jibwaa-gawishimoyan', 'fst_analyses': ['PVTense/jibwaa+gawishimo+VAI+Cnj+Pos+Neu+2SgSubj']}, {'word_form': '.', 'fst_analyses': []}]",nj
Awasi-biboonong ningii-pagida'waa anaamizigwam.,Winter before last I set nets under the ice.,"[{'word_form': 'awasi-biboonong', 'fst_analyses': ['PVLex/awasi+biboonong+ADVTmp', 'awasi-biboonong+ADVTmp']}, {'word_form': ""ningii-pagida'waa"", 'fst_analyses': [""PVTense/gii+bagida'waa+VAI+Ind+Pos+Neu+1SgSubj""]}, {'word_form': 'anaamizigwam', 'fst_analyses': ['anaamizigwam+ADVLoc']}, {'word_form': '.', 'fst_analyses': []}]",nj
Naajigwaazh gigaanda'igwaason gaa-gii-pishigonad anaamidoopowinaak. Mitig aabajitoon ji-naajigwaanad.,Rake out the thimble you dropped under the table. Use a stick to rake it out with.,"[{'word_form': 'naajigwaazh', 'fst_analyses': ['naajigwaazh+VTA+Imp+Sim+2SgSubj+3SgProxObj', 'naajigwaazh+VTA+Imp+Sim+2SgSubj+3PlProxObj']}, {'word_form': ""gigaanda'igwaason"", 'fst_analyses': [""gaanda'igwaason+NI+Sg+2SgPoss"", ""gaanda'igwaason+NA+ProxSg+2SgPoss""]}, {'word_form': 'gaa-gii-pishigonad', 'fst_analyses': ['PVSub/gaa+PVTense/gii+bishigon+VTA+Cnj+Pos+Neu+2SgSubj+3SgProxObj']}, {'word_form': 'anaamidoopowinaak', 'fst_analyses': ['anaamidoopowinaak+ADVLoc']}, {'word_form': '.', 'fst_analyses': []}, {'word_form': 'mitig', 'fst_analyses': ['mitig+NA+ProxSg', 'mitig+NI+Sg']}, {'word_form': 'aabajitoon', 'fst_analyses': ['aabajitoon+VTI+Imp+Sim+2SgSubj+0PlObj', 'aabajitoon+VTI+Imp+Sim+2SgSubj+0SgObj']}, {'word_form': 'ji-naajigwaanad', 'fst_analyses': ['PVTense/daa+naajigwaazh+VTA+Cnj+Pos+Neu+2SgSubj+3SgProxObj', 'PVTense/ga+naajigwaazh+VTA+Cnj+Pos+Neu+2SgSubj+3SgProxObj']}, {'word_form': '.', 'fst_analyses': []}]",nj
Azhiwaa na gimoozhwaagan.,Are your scissors dull?,"[{'word_form': 'azhiwaa', 'fst_analyses': ['azhiwaa+VII+Ind+Pos+Neu+0SgSubj']}, {'word_form': 'na', 'fst_analyses': ['na+PCDisc']}, {'word_form': 'gimoozhwaagan', 'fst_analyses': ['moozhwaagan+NI+Sg+2SgPoss']}, {'word_form': '.', 'fst_analyses': []}]",nj
Moozhwaagan gigiishkizhigaagen.,You use scissors to cut something.,"[{'word_form': 'moozhwaagan', 'fst_analyses': ['moozhwaagan+NI+Sg']}, {'word_form': 'gigiishkizhigaagen', 'fst_analyses': ['giishkizhigaagen+VAIO+Ind+Pos+Neu+2SgSubj+0SgObj']}, {'word_form': '.', 'fst_analyses': []}]",nj
Moozhwaagan aabajitoon wii'-onizhaman wiigwaas.,Use scissors to cut out birch bark.,"[{'word_form': 'moozhwaagan', 'fst_analyses': ['moozhwaagan+NI+Sg']}, {'word_form': 'aabajitoon', 'fst_analyses': ['aabajitoon+VTI+Imp+Sim+2SgSubj+0PlObj', 'aabajitoon+VTI+Imp+Sim+2SgSubj+0SgObj']}, {'word_form': ""wii'-onizhaman"", 'fst_analyses': [""PVTense/wii'+onizhan+VTI+Cnj+Pos+Neu+2SgSubj+0PlObj"", ""PVTense/wii'+onizhan+VTI+Cnj+Pos+Neu+2SgSubj+0SgObj""]}, {'word_form': 'wiigwaas', 'fst_analyses': ['wiigwaas+NA+ProxSg', 'wiigwaas+NI+Sg']}, {'word_form': '.', 'fst_analyses': []}]",nj
Gaawiin gaashaasinoon nimoozhwaagan.,My scissors are dull.,"[{'word_form': 'gaawiin', 'fst_analyses': ['gaawiin+ADVNeg']}, {'word_form': 'gaashaasinoon', 'fst_analyses': ['gaashaa+VII+Ind+Neg+Neu+0PlSubj', 'gaashaa+VII+Ind+Neg+Neu+0SgSubj']}, {'word_form': 'nimoozhwaagan', 'fst_analyses': ['moozhwaagan+NI+Sg+1SgPoss']}, {'word_form': '.', 'fst_analyses': []}]",nj
Apenimon gigitiziimag ji-gikinoo'amawikwaa ge-izhi-bimiwidooyan gibimaadiziwin.,Rely on your parents to teach you how to carry on your life in the future.,"[{'word_form': 'apenimon', 'fst_analyses': ['apenimo+VAI+Imp+Sim+2SgSubj', 'apenimon+VAIO+Imp+Sim+2SgSubj+0PlObj', 'apenimon+VAIO+Imp+Sim+2SgSubj+0SgObj', 'apenimon+VAIO+Imp+Sim+2SgSubj+3PlProx', 'apenimon+VAIO+Imp+Sim+2SgSubj+3SgProx', 'apenimon+VAIO+Imp+Sim+2SgSubj']}, {'word_form': 'gigitiziimag', 'fst_analyses': ['gitiziim+NAD+ProxPl+2SgPoss']}, {'word_form': ""ji-gikinoo'amawikwaa"", 'fst_analyses': []}, {'word_form': 'ge-izhi-bimiwidooyan', 'fst_analyses': []}, {'word_form': 'gibimaadiziwin', 'fst_analyses': ['bimaadiziwin+NI+Sg+2SgPoss']}, {'word_form': '.', 'fst_analyses': []}]",nj
Ningii-tajise ji-gii'-andawaabandamaambaan.,I didn't have time to go get it.,"[{'word_form': 'ningii-tajise', 'fst_analyses': ['PVTense/gii+dajise+VAI+Ind+Pos+Neu+1SgSubj']}, {'word_form': ""ji-gii'-andawaabandamaambaan"", 'fst_analyses': [""PVTense/daa+PVTense/gii'+andawaabandan+VTI+Cnj+Pos+Prt+1SgSubj+0PlObj"", ""PVTense/ga+PVTense/gii'+andawaabandan+VTI+Cnj+Pos+Prt+1SgSubj+0PlObj"", ""PVTense/daa+PVTense/gii'+andawaabandan+VTI+Cnj+Pos+Prt+1SgSubj+0SgObj"", ""PVTense/ga+PVTense/gii'+andawaabandan+VTI+Cnj+Pos+Prt+1SgSubj+0SgObj""]}, {'word_form': '.', 'fst_analyses': []}]",nj
Naniizaanendan epizoyan gi... gidoodaabaanens. Mookaagonasowag asiniig.,Be careful where you drive your skidoo. The rocks are coming out of the melting snow.,"[{'word_form': 'naniizaanendan', 'fst_analyses': ['naniizaanendan+VTI+Imp+Sim+2SgSubj+0PlObj', 'naniizaanendan+VTI+Imp+Sim+2SgSubj+0SgObj']}, {'word_form': 'epizoyan', 'fst_analyses': []}, {'word_form': 'gi...', 'fst_analyses': []}, {'word_form': 'gidoodaabaanens', 'fst_analyses': ['odaabaan+NI+Dim+Sg+2SgPoss', 'odaabaan+NA+Dim+ProxSg+2SgPoss']}, {'word_form': '.', 'fst_analyses': []}, {'word_form': 'mookaagonasowag', 'fst_analyses': ['mookaagonaso+VAI+Ind+Pos+Neu+3PlProxSubj']}, {'word_form': 'asiniig', 'fst_analyses': ['asin+NA+ProxPl']}, {'word_form': '.', 'fst_analyses': []}]",nj
Omiigaadaan odanokiiwin ji-ganawendang.,She's fighting to keep her job.,"[{'word_form': 'omiigaadaan', 'fst_analyses': ['miigaadan+VTI+Ind+Pos+Neu+3SgProxSubj+0SgObj']}, {'word_form': 'odanokiiwin', 'fst_analyses': ['anokiiwin+NI+Sg+3SgProxPoss']}, {'word_form': 'ji-ganawendang', 'fst_analyses': ['PVTense/daa+ganawendan+VTI+Cnj+Pos+Neu+3SgProxSubj+0PlObj', 'PVTense/ga+ganawendan+VTI+Cnj+Pos+Neu+3SgProxSubj+0PlObj', 'PVTense/daa+ganawendan+VTI+Cnj+Pos+Neu+3SgProxSubj+0SgObj', 'PVTense/ga+ganawendan+VTI+Cnj+Pos+Neu+3SgProxSubj+0SgObj']}, {'word_form': '.', 'fst_analyses': []}]",nj
Niiwing ningii-pi-gabadoomin gii-bi-nita'amaang.,We had to portage four times coming up against the current.,"[{'word_form': 'niiwing', 'fst_analyses': ['niiwinoon+VII+Cnj+Pos+Neu+0SgSubj', 'niiwinoon+VII+Cnj+Pos+Neu+0PlSubj', 'niiwing+ADVTmp']}, {'word_form': 'ningii-pi-gabadoomin', 'fst_analyses': ['PVTense/gii+PVDir/bi+gabadoo+VAI+Ind+Pos+Neu+ExclSubj']}, {'word_form': ""gii-bi-nita'amaang"", 'fst_analyses': [""PVTense/gii+PVDir/bi+nita'am+VAI+Cnj+Pos+Neu+ExclSubj""]}, {'word_form': '.', 'fst_analyses': []}]",nj
Anishinaabewanjigewag geyaabi gaa-onji-mino-ayaawaad.,They eat traditional food so that's why they're are still healthy.,"[{'word_form': 'anishinaabewanjigewag', 'fst_analyses': ['anishinaabewanjige+VAI+Ind+Pos+Neu+3PlProxSubj']}, {'word_form': 'geyaabi', 'fst_analyses': ['geyaabi+ADVTmp']}, {'word_form': 'gaa-onji-mino-ayaawaad', 'fst_analyses': ['PVSub/gaa+PVRel/onji+mino-ayaa+VAI+Cnj+Pos+Neu+3PlProxSubj', 'PVSub/gaa+PVRel/onji+PVLex/mino+ayaa+VAI+Cnj+Pos+Neu+3PlProxSubj', 'PVSub/gaa+PVRel/onji+PVLex/mino+ayaaw+VTA+Cnj+Pos+Neu+3SgProxSubj+3SgObvObj', 'PVSub/gaa+PVRel/onji+PVLex/mino+ayaaw+VTA+Cnj+Pos+Neu+3SgProxSubj+3PlObvObj']}, {'word_form': '.', 'fst_analyses': []}]",nj
Biindikomaaning zhegonan gimookomaan jibwaa-beshininjiishinan.,Put your knife in the case before you cut your hand on it.,"[{'word_form': 'biindikomaaning', 'fst_analyses': ['biindikomaan+NI+Loc']}, {'word_form': 'zhegonan', 'fst_analyses': ['zhegonan+VTI+Imp+Sim+2SgSubj+0PlObj', 'zhegonan+VTI+Imp+Sim+2SgSubj+0SgObj']}, {'word_form': 'gimookomaan', 'fst_analyses': ['mookomaan+NI+Sg+2SgPoss']}, {'word_form': 'jibwaa-beshininjiishinan', 'fst_analyses': ['PVTense/jibwaa+beshininjiishin+VAI+Cnj+Pos+Neu+2SgSubj']}, {'word_form': '.', 'fst_analyses': []}]",nj
Gaag obishagaakwamaa' mitigoo'.,A porcupine eats bark off trees.,"[{'word_form': 'gaag', 'fst_analyses': ['gaag+NA+ProxSg']}, {'word_form': ""obishagaakwamaa'"", 'fst_analyses': ['bishagaakwam+VTA+Ind+Pos+Neu+3SgProxSubj+3PlObvObj']}, {'word_form': ""mitigoo'"", 'fst_analyses': ['mitig+NA+ObvPl']}, {'word_form': '.', 'fst_analyses': []}]",nj
Onjikadan gidanokiiwin gidoozhibii'igewigamigong.,Leave your work at your office.,"[{'word_form': 'onjikadan', 'fst_analyses': []}, {'word_form': 'gidanokiiwin', 'fst_analyses': ['anokiiwin+NI+Sg+2SgPoss']}, {'word_form': ""gidoozhibii'igewigamigong"", 'fst_analyses': [""ozhibii'igewigamig+NI+Loc+2SgPoss""]}, {'word_form': '.', 'fst_analyses': []}]",nj
Inoo'amaw inakeya'ii ge-izhi-onabid.,Point out to her where she should sit.,"[{'word_form': ""inoo'amaw"", 'fst_analyses': [""inoo'amaw+VTA+Imp+Sim+2SgSubj+3SgProxObj"", ""inoo'amaw+VTA+Imp+Sim+2SgSubj+3PlProxObj""]}, {'word_form': ""inakeya'ii"", 'fst_analyses': [""inakeya'ii+ADVDeg""]}, {'word_form': 'ge-izhi-onabid', 'fst_analyses': []}, {'word_form': '.', 'fst_analyses': []}]",nj
Ogodaagaminaan nibi epiitaagamidenig. Owanakoninj odaabajitoon.,She tested the temperature of the water using the tip of her finger.,"[{'word_form': 'ogodaagaminaan', 'fst_analyses': ['godaagaminan+VTI+Ind+Pos+Neu+3SgProxSubj+0SgObj']}, {'word_form': 'nibi', 'fst_analyses': ['nibi+NI+Sg']}, {'word_form': 'epiitaagamidenig', 'fst_analyses': ['apiitaagamide+VII+Pcp+Pos+Neu+0SgObvSubj+0SgObvHead']}, {'word_form': '.', 'fst_analyses': []}, {'word_form': 'owanakoninj', 'fst_analyses': ['wanakoninj+NI+Sg+3SgProxPoss']}, {'word_form': 'odaabajitoon', 'fst_analyses': ['aabajitoon+VTI+Ind+Pos+Neu+3SgProxSubj+0SgObj']}, {'word_form': '.', 'fst_analyses': []}]",nj
Mishawaagonag odizhiweba'aan bikwaakwadoons.,He hit his (golf)ball right out on a field of snow,"[{'word_form': 'mishawaagonag', 'fst_analyses': ['mishawaagonag+ADVLoc']}, {'word_form': ""odizhiweba'aan"", 'fst_analyses': [""izhiweba'an+VTI+Ind+Pos+Neu+3SgProxSubj+0SgObj""]}, {'word_form': 'bikwaakwadoons', 'fst_analyses': ['bikwaakwadoons+NI+Sg', 'bikwaakwad+NI+Dim+Sg']}, {'word_form': '.', 'fst_analyses': []}]",nj
Dakisijiganing izhi-atoon gaa-gii'-ishkwandaman ji-wanaajisinzinog.,Put your leftovers in the refrigerator so they don't spoil.,"[{'word_form': 'dakisijiganing', 'fst_analyses': ['dakisijigan+NI+Loc']}, {'word_form': 'izhi-atoon', 'fst_analyses': ['PVRel/izhi+atoon+VTI+Imp+Sim+2SgSubj+0PlObj', 'PVRel/izhi+atoon+VTI+Imp+Sim+2SgSubj+0SgObj']}, {'word_form': ""gaa-gii'-ishkwandaman"", 'fst_analyses': [""PVSub/gaa+PVTense/gii'+ishkwandan+VTI+Cnj+Pos+Neu+2SgSubj+0PlObj"", ""PVSub/gaa+PVTense/gii'+ishkwandan+VTI+Cnj+Pos+Neu+2SgSubj+0SgObj""]}, {'word_form': 'ji-wanaajisinzinog', 'fst_analyses': ['PVTense/daa+wanaajisin+VII+Cnj+Neg+Neu+0PlSubj', 'PVTense/ga+wanaajisin+VII+Cnj+Neg+Neu+0PlSubj', 'PVTense/daa+wanaajisin+VII+Cnj+Neg+Neu+0SgSubj', 'PVTense/ga+wanaajisin+VII+Cnj+Neg+Neu+0SgSubj']}, {'word_form': '.', 'fst_analyses': []}]",nj
Dazhi-agwaanaaso gaa-gii'-maa'ishkang. Gii-kichi-adaawe.,The one who went shopping is unloading there. He bought lots.,"[{'word_form': 'dazhi-agwaanaaso', 'fst_analyses': ['PVRel/dazhi+agwaanaaso+VAI+Ind+Pos+Neu+3SgProxSubj']}, {'word_form': ""gaa-gii'-maa'ishkang"", 'fst_analyses': [""PVSub/gaa+PVTense/gii'+maa'ishkam+VAI+Cnj+Pos+Neu+3SgProxSubj"", ""PVTense/gii+PVTense/gii'+maa'ishkam+VAI+Pcp+Pos+Neu+3SgProxSubj+3SgProxHead"", ""PVTense/gii+PVTense/gii'+maa'ishkam+VAI+Pcp+Pos+Neu+3PlProxSubj+3PlProxHead""]}, {'word_form': '.', 'fst_analyses': []}, {'word_form': 'gii-kichi-adaawe', 'fst_analyses': ['PVTense/gii+PVLex/gichi+adaawen+VAIO+Ind+Pos+Neu+3SgProxSubj', 'PVTense/gii+PVLex/gichi+adaawe+VAI+Ind+Pos+Neu+3SgProxSubj']}, {'word_form': '.', 'fst_analyses': []}]",nj
Babaa-aazhawaakwii-gwaashkwani waabizheshi andone'ang waa'-miijid.,A marten jumps form one tree to another looking for food.,"[{'word_form': 'babaa-aazhawaakwii-gwaashkwani', 'fst_analyses': []}, {'word_form': 'waabizheshi', 'fst_analyses': ['waabizheshi+NA+ProxSg']}, {'word_form': ""andone'ang"", 'fst_analyses': [""andone'an+VTI+Cnj+Pos+Neu+3SgProxSubj+0PlObj"", ""andone'an+VTI+Cnj+Pos+Neu+3SgProxSubj+0SgObj""]}, {'word_form': ""waa'-miijid"", 'fst_analyses': []}, {'word_form': '.', 'fst_analyses': []}]",nj
Amik giinwanaamo. Gabeya'ii jibwaa-mooshkamod.,A beaver takes a long deep breath. It's a long time before it has to surface.,"[{'word_form': 'amik', 'fst_analyses': ['amik+NA+ProxSg']}, {'word_form': 'giinwanaamo', 'fst_analyses': []}, {'word_form': '.', 'fst_analyses': []}, {'word_form': ""gabeya'ii"", 'fst_analyses': [""gabeya'ii+ADVTmp""]}, {'word_form': 'jibwaa-mooshkamod', 'fst_analyses': ['PVTense/jibwaa+mooshkamo+VAI+Cnj+Pos+Neu+3SgProxSubj']}, {'word_form': '.', 'fst_analyses': []}]",nj
Baapaawaange maang gii-mooshkamod.,A loon flaps its wings when it comes out of the water.,"[{'word_form': 'baapaawaange', 'fst_analyses': ['baapaawaange+VAI+Ind+Pos+Neu+3SgProxSubj']}, {'word_form': 'maang', 'fst_analyses': ['maang+NA+ProxSg']}, {'word_form': 'gii-mooshkamod', 'fst_analyses': ['PVTense/gii+mooshkamo+VAI+Cnj+Pos+Neu+3SgProxSubj']}, {'word_form': '.', 'fst_analyses': []}]",nj
Wiiba noongom ani-gashkiidibikad. Miidog 'i zhigwa ani-ishpi-dagwaagig.,It's getting dark earlier know. It must getting into fall now.,"[{'word_form': 'wiiba', 'fst_analyses': ['wiiba+ADVTmp']}, {'word_form': 'noongom', 'fst_analyses': ['noongom+ADVTmp']}, {'word_form': 'ani-gashkiidibikad', 'fst_analyses': ['PVDir/ani+gashkiidibikad+VII+Ind+Pos+Neu+0SgSubj']}, {'word_form': '.', 'fst_analyses': []}, {'word_form': 'miidog', 'fst_analyses': []}, {'word_form': ""'i"", 'fst_analyses': [""'i+PRONDem+NI+Sg""]}, {'word_form': 'zhigwa', 'fst_analyses': ['zhigwa+ADVTmp']}, {'word_form': 'ani-ishpi-dagwaagig', 'fst_analyses': ['PVDir/ani+ishpi-dagwaagin+VII+Cnj+Pos+Neu+0SgSubj', 'PVDir/ani+PVLex/ishpi+dagwaagin+VII+Cnj+Pos+Neu+0SgSubj', 'PVDir/ani+ishpi-dagwaagin+VII+Cnj+Pos+Neu+0PlSubj', 'PVDir/ani+PVLex/ishpi+dagwaagin+VII+Cnj+Pos+Neu+0PlSubj']}, {'word_form': '.', 'fst_analyses': []}]",nj
Naawi-minis debinaagwad migiziwazison.,You can see an eagle's nest at the middle of the island.,"[{'word_form': 'naawi-minis', 'fst_analyses': ['PNLex/naawi+minis+NI+Sg', 'naawi-minis+ADVLoc']}, {'word_form': 'debinaagwad', 'fst_analyses': ['debinaagwad+VII+Ind+Pos+Neu+0SgSubj']}, {'word_form': 'migiziwazison', 'fst_analyses': ['migiziwazison+NI+Sg']}, {'word_form': '.', 'fst_analyses': []}]",nj
Dibikong nimaamaa gii-pi-zhegoshing ninibewining.,Last night my mother squeezed into bed with me.,"[{'word_form': 'dibikong', 'fst_analyses': ['dibikong+ADVTmp']}, {'word_form': 'nimaamaa', 'fst_analyses': ['maamaay+NAD+ProxSg+1SgPoss', 'maamaa+NAD+ProxSg+1SgPoss']}, {'word_form': 'gii-pi-zhegoshing', 'fst_analyses': ['PVTense/gii+PVDir/bi+zhegoshin+VAI+Cnj+Pos+Neu+3SgProxSubj']}, {'word_form': 'ninibewining', 'fst_analyses': ['nibewin+NI+Loc+1SgPoss']}, {'word_form': '.', 'fst_analyses': []}]",nj
Ogidadoopowinaak ashi gibakwezhiganikaan.,Put your bannock on top of the table.,"[{'word_form': 'ogidadoopowinaak', 'fst_analyses': ['ogidadoopowinaak+ADVLoc']}, {'word_form': 'ashi', 'fst_analyses': ['ashi+VTA+Imp+Sim+2SgSubj+3SgProxObj', 'ashi+VTA+Imp+Sim+2SgSubj+3PlProxObj', 'ashi+ADVConj']}, {'word_form': 'gibakwezhiganikaan', 'fst_analyses': ['bakwezhiganikaan+NA+ProxSg+2SgPoss']}, {'word_form': '.', 'fst_analyses': []}]",nj
Jiigishkode onji-giizhizwi gibakwezhiganikaan. Aasamishim.,Cook your bannock by the side of the fire. Stand it up facing the fire.,"[{'word_form': 'jiigishkode', 'fst_analyses': ['jiigishkode+ADVLoc']}, {'word_form': 'onji-giizhizwi', 'fst_analyses': ['PVRel/onji+giizhizwi+VTA+Imp+Sim+2SgSubj+3SgProxObj', 'PVRel/onji+giizhizwi+VTA+Imp+Sim+2SgSubj+3PlProxObj']}, {'word_form': 'gibakwezhiganikaan', 'fst_analyses': ['bakwezhiganikaan+NA+ProxSg+2SgPoss']}, {'word_form': '.', 'fst_analyses': []}, {'word_form': 'aasamishim', 'fst_analyses': ['aasamishim+VTA+Imp+Sim+2SgSubj+3SgProxObj', 'aasamishim+VTA+Imp+Sim+2SgSubj+3PlProxObj']}, {'word_form': '.', 'fst_analyses': []}]",nj
Gichi-waawaashkeshiwan ogii-mikonizhikawaan.,He chased the big buck down.,"[{'word_form': 'gichi-waawaashkeshiwan', 'fst_analyses': ['PNLex/gichi+waawaashkeshi+NA+ObvPl', 'PNLex/gichi+waawaashkeshi+NA+ObvSg', 'PNLex/chi+waawaashkeshi+NA+ObvPl+2SgPoss', 'PNLex/chi+waawaashkeshi+NA+ObvSg+2SgPoss']}, {'word_form': 'ogii-mikonizhikawaan', 'fst_analyses': ['PVTense/gii+mikonizhikaw+VTA+Ind+Pos+Neu+3SgProxSubj+3SgObvObj', 'PVTense/gii+mikonizhikaw+VTA+Ind+Pos+Neu+3SgProxSubj+3PlObvObj']}, {'word_form': '.', 'fst_analyses': []}]",nj
Minisinadaawangaang danaamiwag giigoonyag.,Fish spawn on sand bars.,"[{'word_form': 'minisinadaawangaang', 'fst_analyses': []}, {'word_form': 'danaamiwag', 'fst_analyses': ['danaamiwag+VAIPL+Ind+Pos+Neu+3PlProxSubj']}, {'word_form': 'giigoonyag', 'fst_analyses': ['giigoonh+NA+ProxPl']}, {'word_form': '.', 'fst_analyses': []}]",nj
Aaniin enaanimak.,How is the wind?,"[{'word_form': 'aaniin', 'fst_analyses': ['aaniin+PCInterj', 'aaniin+ADVInter']}, {'word_form': 'enaanimak', 'fst_analyses': ['inaanimad+VII+Pcp+Pos+Neu+0SgSubj+0SgHead']}, {'word_form': '.', 'fst_analyses': []}]",nj
Akawe waabandan enaanimak jibwaa-aazhawa'oyan.,Check the wind first before you go across (by boat).,"[{'word_form': 'akawe', 'fst_analyses': ['akawe+ADVTmp']}, {'word_form': 'waabandan', 'fst_analyses': ['waabandan+VTI+Imp+Sim+2SgSubj+0PlObj', 'waabandan+VTI+Imp+Sim+2SgSubj+0SgObj']}, {'word_form': 'enaanimak', 'fst_analyses': ['inaanimad+VII+Pcp+Pos+Neu+0SgSubj+0SgHead']}, {'word_form': ""jibwaa-aazhawa'oyan"", 'fst_analyses': [""PVTense/jibwaa+aazhawa'o+VAI+Cnj+Pos+Neu+2SgSubj""]}, {'word_form': '.', 'fst_analyses': []}]",nj
Ganabaj wiiba da-bwaanawi'o nimishoomis. Mashkikiiwininiwan odigoon okanaapined.,I think my grandfather won't be able (to walk) soon. The doctor told him he has arthritis.,"[{'word_form': 'ganabaj', 'fst_analyses': ['ganabaj+ADVMan']}, {'word_form': 'wiiba', 'fst_analyses': ['wiiba+ADVTmp']}, {'word_form': ""da-bwaanawi'o"", 'fst_analyses': [""PVTense/ga+bwaanawi'o+VAI+Ind+Pos+Neu+3SgProxSubj""]}, {'word_form': 'nimishoomis', 'fst_analyses': ['mishoomis+NAD+ProxSg+1SgPoss']}, {'word_form': '.', 'fst_analyses': []}, {'word_form': 'mashkikiiwininiwan', 'fst_analyses': ['mashkikiiwinini+NA+ObvPl', 'mashkikiiwinini+NA+ObvSg']}, {'word_form': 'odigoon', 'fst_analyses': ['izhi+VTA+Ind+Pos+Neu+3PlObvSubj+3SgProxObj', 'izhi+VTA+Ind+Pos+Neu+3SgObvSubj+3SgProxObj']}, {'word_form': 'okanaapined', 'fst_analyses': ['okanaapine+VAI+Cnj+Pos+Neu+3SgProxSubj']}, {'word_form': '.', 'fst_analyses': []}]",nj
Aaniin ekwaabiigakin gimakizineyaabiin.,How long are your shoelaces?,"[{'word_form': 'aaniin', 'fst_analyses': ['aaniin+PCInterj', 'aaniin+ADVInter']}, {'word_form': 'ekwaabiigakin', 'fst_analyses': ['akwaabiigad+VII+Pcp+Pos+Neu+0PlSubj+0PlHead']}, {'word_form': 'gimakizineyaabiin', 'fst_analyses': ['makizineyaab+NI+Pl+2SgPoss']}, {'word_form': '.', 'fst_analyses': []}]",nj
Diba'iganaaakoons aabajitoon wii-kikendaman ekwaabiigak.,Use a ruler to find out how long it is.,"[{'word_form': ""diba'iganaaakoons"", 'fst_analyses': []}, {'word_form': 'aabajitoon', 'fst_analyses': ['aabajitoon+VTI+Imp+Sim+2SgSubj+0PlObj', 'aabajitoon+VTI+Imp+Sim+2SgSubj+0SgObj']}, {'word_form': 'wii-kikendaman', 'fst_analyses': ['PVTense/wii+gikendam+VAI+Cnj+Pos+Neu+2SgSubj', 'PVTense/wii+gikendan+VTI+Cnj+Pos+Neu+2SgSubj+0PlObj', 'PVTense/wii+gikendan+VTI+Cnj+Pos+Neu+2SgSubj+0SgObj']}, {'word_form': 'ekwaabiigak', 'fst_analyses': ['akwaabiigad+VII+Pcp+Pos+Neu+0SgSubj+0SgHead']}, {'word_form': '.', 'fst_analyses': []}]",nj
Ogidaagonag izhi-asham bineshiinyensag.,Put the bird feed on top of the snow. (= Feed the small birds on top of the snow.),"[{'word_form': 'ogidaagonag', 'fst_analyses': ['ogidaagonag+ADVLoc']}, {'word_form': 'izhi-asham', 'fst_analyses': ['PVRel/izhi+asham+VTA+Imp+Sim+2SgSubj+3SgProxObj', 'PVRel/izhi+asham+VTA+Imp+Sim+2SgSubj+3PlProxObj']}, {'word_form': 'bineshiinyensag', 'fst_analyses': ['bineshiinh+NA+Dim+ProxPl']}, {'word_form': '.', 'fst_analyses': []}]",nj
Boodaashkaa waawaashkeshi; onzaam gabeyi'ii agoojin mitigong.,The deer is bloated because it been hanging too long on the tree.,"[{'word_form': 'boodaashkaa', 'fst_analyses': []}, {'word_form': 'waawaashkeshi;', 'fst_analyses': []}, {'word_form': 'onzaam', 'fst_analyses': ['onzaam+ADVQnt']}, {'word_form': ""gabeyi'ii"", 'fst_analyses': []}, {'word_form': 'agoojin', 'fst_analyses': ['agoojin+VAI+Ind+Pos+Neu+3SgProxSubj']}, {'word_form': 'mitigong', 'fst_analyses': ['mitig+NA+Loc', 'mitig+NI+Loc']}, {'word_form': '.', 'fst_analyses': []}]",nj
Jiigishkwaand namadabin.,Sit down by the door.,"[{'word_form': 'jiigishkwaand', 'fst_analyses': ['jiigishkwaand+ADVLoc']}, {'word_form': 'namadabin', 'fst_analyses': ['namadabi+VAI+Imp+Sim+2SgSubj']}, {'word_form': '.', 'fst_analyses': []}]",nj
Ogii-padakinaa' odaagima' jiigishkwaand.,He stood his snowshoes up at the door.,"[{'word_form': ""ogii-padakinaa'"", 'fst_analyses': ['PVTense/gii+badakizh+VTA+Ind+Pos+Neu+3SgProxSubj+3PlObvObj']}, {'word_form': ""odaagima'"", 'fst_analyses': ['aagim+NA+ObvPl+3SgProxPoss']}, {'word_form': 'jiigishkwaand', 'fst_analyses': ['jiigishkwaand+ADVLoc']}, {'word_form': '.', 'fst_analyses': []}]",nj
Ginwaakwad gikiwe'on gaa-izhi-wewebaasing,The pole where the flag flies is pretty tall.,"[{'word_form': 'ginwaakwad', 'fst_analyses': ['ginwaakwad+VII+Ind+Pos+Neu+0SgSubj']}, {'word_form': ""gikiwe'on"", 'fst_analyses': [""gikiwe'on+NI+Sg""]}, {'word_form': 'gaa-izhi-wewebaasing', 'fst_analyses': ['PVSub/gaa+PVRel/izhi+wewebaasin+VII+Cnj+Pos+Neu+0SgSubj', 'PVSub/gaa+PVRel/izhi+wewebaasin+VII+Cnj+Pos+Neu+0PlSubj', 'PVTense/gii+PVRel/izhi+wewebaasin+VII+Pcp+Pos+Neu+0SgSubj+0SgHead']}]",nj
Nindaanis ningii-pi-ashamig odishkwanjiganiwaa.,My daughter brought me their leftovers to eat.,"[{'word_form': 'nindaanis', 'fst_analyses': ['daanis+NAD+ProxSg+1SgPoss']}, {'word_form': 'ningii-pi-ashamig', 'fst_analyses': ['PVTense/gii+PVDir/bi+asham+VTA+Ind+Pos+Neu+3SgProxSubj+1SgObj']}, {'word_form': 'odishkwanjiganiwaa', 'fst_analyses': ['ishkwanjigan+NI+Sg+3PlProxPoss']}, {'word_form': '.', 'fst_analyses': []}]",nj
Gidaa-ashamaa giday gidishkwanjigan.,You can feed your dog your leftovers.,"[{'word_form': 'gidaa-ashamaa', 'fst_analyses': ['PVTense/daa+asham+VTA+Ind+Pos+Neu+2SgSubj+3SgProxObj']}, {'word_form': 'giday', 'fst_analyses': ['day+NAD+ProxSg+2SgPoss']}, {'word_form': 'gidishkwanjigan', 'fst_analyses': ['ishkwanjigan+NI+Sg+2SgPoss']}, {'word_form': '.', 'fst_analyses': []}]",nj
Zhigwa bagakinaagwad mii 'i gaa-ishkwaa-awang.,It's clear now since the fog has lifted.,"[{'word_form': 'zhigwa', 'fst_analyses': ['zhigwa+ADVTmp']}, {'word_form': 'bagakinaagwad', 'fst_analyses': ['bagakinaagwad+VII+Ind+Pos+Neu+0SgSubj']}, {'word_form': 'mii', 'fst_analyses': ['mii+ADVPred']}, {'word_form': ""'i"", 'fst_analyses': [""'i+PRONDem+NI+Sg""]}, {'word_form': 'gaa-ishkwaa-awang', 'fst_analyses': ['PVSub/gaa+PVLex/ishkwaa+awan+VII+Cnj+Pos+Neu+0SgSubj', 'PVSub/gaa+PVLex/ishkwaa+awan+VII+Cnj+Pos+Neu+0PlSubj', 'PVTense/gii+PVLex/ishkwaa+awan+VII+Pcp+Pos+Neu+0SgSubj+0SgHead']}, {'word_form': '.', 'fst_analyses': []}]",nj
Gidaa-gii-pina'ige jibwaa-bagamibiisaang.,You should take your laundry down before the rain gets here.,"[{'word_form': ""gidaa-gii-pina'ige"", 'fst_analyses': [""PVTense/daa+PVTense/gii+bina'ige+VAI+Ind+Pos+Neu+2SgSubj""]}, {'word_form': 'jibwaa-bagamibiisaang', 'fst_analyses': ['PVTense/jibwaa+bagamibiisaan+VII+Cnj+Pos+Neu+0SgSubj', 'PVTense/jibwaa+bagamibiisaan+VII+Cnj+Pos+Neu+0PlSubj']}, {'word_form': '.', 'fst_analyses': []}]",nj
Wegonen apane wenji-nishkaaji-giigidod gidede.,Why does your dad always speak so angrily?,"[{'word_form': 'wegonen', 'fst_analyses': ['wegonen+PRONInter+NI+Sg']}, {'word_form': 'apane', 'fst_analyses': ['apane+ADVTmp']}, {'word_form': 'wenji-nishkaaji-giigidod', 'fst_analyses': ['PVRel/onji+PVLex/nishkaaji+giigido+VAI+Pcp+Pos+Neu+3SgProxSubj+3SgProxHead']}, {'word_form': 'gidede', 'fst_analyses': ['dedey+NAD+ProxSg+2SgPoss']}, {'word_form': '.', 'fst_analyses': []}]",nj
Nimayaawibani' jibwaa-waabamigooyaan.,I jumped up and straightened myself out before anybody saw me.,"[{'word_form': ""nimayaawibani'"", 'fst_analyses': [""mayaawibani'o+VAI+Ind+Pos+Neu+1SgSubj""]}, {'word_form': 'jibwaa-waabamigooyaan', 'fst_analyses': ['PVTense/jibwaa+waabam+VTA+Cnj+Pos+Neu+XSubj+1SgObj']}, {'word_form': '.', 'fst_analyses': []}]",nj
Akawe wii'-apatoo adaawewigamigong. Noondese doodooshaaboo.,She's going to take a run to the store first. The milk has run out.,"[{'word_form': 'akawe', 'fst_analyses': ['akawe+ADVTmp']}, {'word_form': ""wii'-apatoo"", 'fst_analyses': [""PVTense/wii'+apatoo+VAI+Ind+Pos+Neu+3SgProxSubj""]}, {'word_form': 'adaawewigamigong', 'fst_analyses': ['adaawewigamig+NI+Loc']}, {'word_form': '.', 'fst_analyses': []}, {'word_form': 'noondese', 'fst_analyses': ['noondese+VAI+Ind+Pos+Neu+3SgProxSubj', 'noondese+VII+Ind+Pos+Neu+0SgSubj']}, {'word_form': 'doodooshaaboo', 'fst_analyses': ['doodooshaaboo+NI+Sg']}, {'word_form': '.', 'fst_analyses': []}]",nj
Wiikwaasinjigan aabajitoon wii-chiishada'igeyan. Wiikwaasinoon gaa-biiwisingin michisag.,Use a vacuum cleaner when you want to sweep up something. Stuff scattered on the floor is sucked up.,"[{'word_form': 'wiikwaasinjigan', 'fst_analyses': ['wiikwaasinjigan+NI+Sg']}, {'word_form': 'aabajitoon', 'fst_analyses': ['aabajitoon+VTI+Imp+Sim+2SgSubj+0PlObj', 'aabajitoon+VTI+Imp+Sim+2SgSubj+0SgObj']}, {'word_form': ""wii-chiishada'igeyan"", 'fst_analyses': [""PVTense/wii+jiishada'ige+VAI+Cnj+Pos+Neu+2SgSubj""]}, {'word_form': '.', 'fst_analyses': []}, {'word_form': 'wiikwaasinoon', 'fst_analyses': ['wiikwaasin+VII+Ind+Pos+Neu+0PlSubj']}, {'word_form': 'gaa-biiwisingin', 'fst_analyses': ['PVSub/gaa+biiwisin+VII+Cnj+Pos+Neu+0PlSubj', 'PVTense/gii+biiwisin+VII+Pcp+Pos+Neu+0PlSubj+0PlHead']}, {'word_form': 'michisag', 'fst_analyses': ['michisag+NI+Sg', 'michisag+ADVLoc']}, {'word_form': '.', 'fst_analyses': []}]",nj
Aaniin epiitagoodooyan gima'iingani-nagwaaganan.,How high do you put your wolf snares?,"[{'word_form': 'aaniin', 'fst_analyses': ['aaniin+PCInterj', 'aaniin+ADVInter']}, {'word_form': 'epiitagoodooyan', 'fst_analyses': []}, {'word_form': ""gima'iingani-nagwaaganan"", 'fst_analyses': [""ma'iingani-nagwaagan+NI+Pl+2SgPoss""]}, {'word_form': '.', 'fst_analyses': []}]",nj
Agaaming iwidi ningii'-onjikadaan bezhig nindabwi.,I left one of my paddles across the lake.,"[{'word_form': 'agaaming', 'fst_analyses': ['agaaming+ADVLoc']}, {'word_form': 'iwidi', 'fst_analyses': ['iwidi+ADVLoc']}, {'word_form': ""ningii'-onjikadaan"", 'fst_analyses': []}, {'word_form': 'bezhig', 'fst_analyses': ['bezhig+NUM']}, {'word_form': 'nindabwi', 'fst_analyses': ['abwi+NI+Sg+1SgPoss']}, {'word_form': '.', 'fst_analyses': []}]",nj
Gagaanwaakwadoon abwiin.,Paddles are long.,"[{'word_form': 'gagaanwaakwadoon', 'fst_analyses': ['gagaanwaakwadoon+VIIPL+Ind+Pos+Neu+0PlSubj']}, {'word_form': 'abwiin', 'fst_analyses': ['abwi+NI+Pl']}, {'word_form': '.', 'fst_analyses': []}]",nj
Odaabiskobidoon gete-zhiibiigishkaawayaanish. Owii'-aabajitoon miskogaadeyaab.,She's unraveling an old sweater. She wants to use the yarn.,"[{'word_form': 'odaabiskobidoon', 'fst_analyses': ['aabiskobidoon+VTI+Ind+Pos+Neu+3SgProxSubj+0SgObj']}, {'word_form': 'gete-zhiibiigishkaawayaanish', 'fst_analyses': ['PNLex/gete+zhiibiigishkaawayaan+NI+Pej+Sg']}, {'word_form': '.', 'fst_analyses': []}, {'word_form': ""owii'-aabajitoon"", 'fst_analyses': [""PVTense/wii'+aabajitoon+VTI+Ind+Pos+Neu+3SgProxSubj+0SgObj""]}, {'word_form': 'miskogaadeyaab', 'fst_analyses': ['miskogaadeyaab+NI+Sg']}, {'word_form': '.', 'fst_analyses': []}]",nj
Niwiidanokiimaagan dakoonagiziwan odoodaabaanan.,My coworker has a short car.,"[{'word_form': 'niwiidanokiimaagan', 'fst_analyses': ['wiidanokiimaagan+NA+ProxSg+1SgPoss']}, {'word_form': 'dakoonagiziwan', 'fst_analyses': ['dakoonagizi+VAI+Ind+Pos+Neu+3PlObvSubj', 'dakoonagizi+VAI+Ind+Pos+Neu+3SgObvSubj']}, {'word_form': 'odoodaabaanan', 'fst_analyses': ['odaabaan+NI+Pl+3SgProxPoss', 'odaabaan+NA+ObvPl+3SgProxPoss', 'odaabaan+NA+ObvSg+3SgProxPoss']}, {'word_form': '.', 'fst_analyses': []}]",nj
Gaa-izhi-neyaabikaanig bi-onji-agwaakawewag.,Their tracks come off the water at the rocky point.,"[{'word_form': 'gaa-izhi-neyaabikaanig', 'fst_analyses': ['PVSub/gaa+PVRel/izhi+neyaabikaa+VII+Cnj+Pos+Neu+0PlObvSubj', 'PVSub/gaa+PVRel/izhi+neyaabikaa+VII+Cnj+Pos+Neu+0SgObvSubj', 'PVTense/gii+PVRel/izhi+neyaabikaa+VII+Pcp+Pos+Neu+0SgObvSubj+0SgObvHead']}, {'word_form': 'bi-onji-agwaakawewag', 'fst_analyses': ['PVDir/bi+PVRel/onji+agwaakawe+VAI+Ind+Pos+Neu+3PlProxSubj']}, {'word_form': '.', 'fst_analyses': []}]",nj
Ningii-pishigonaa a' zhooniyaans imaa mitaamik.,I dropped a coin down onto the bottom (of the well).,"[{'word_form': 'ningii-pishigonaa', 'fst_analyses': ['PVTense/gii+bishigon+VTA+Ind+Pos+Neu+1SgSubj+3SgProxObj']}, {'word_form': ""a'"", 'fst_analyses': [""a'+PRONDem+NA+ProxSg""]}, {'word_form': 'zhooniyaans', 'fst_analyses': ['zhooniyaans+NA+ProxSg', 'zhooniyaa+NA+Dim+ProxSg', 'zhooniyaa+NI+Dim+Sg']}, {'word_form': 'imaa', 'fst_analyses': ['imaa+ADVLoc']}, {'word_form': 'mitaamik', 'fst_analyses': ['mitaamik+ADVLoc']}, {'word_form': '.', 'fst_analyses': []}]",nj
Aaniin epiitendaagwak gidikidowin.,What is the value of your word? = Are you lying?,"[{'word_form': 'aaniin', 'fst_analyses': ['aaniin+PCInterj', 'aaniin+ADVInter']}, {'word_form': 'epiitendaagwak', 'fst_analyses': ['apiitendaagwad+VII+Pcp+Pos+Neu+0SgSubj+0SgHead']}, {'word_form': 'gidikidowin', 'fst_analyses': ['ikidowin+NI+Sg+2SgPoss']}, {'word_form': '.', 'fst_analyses': []}]",nj
Ge niinawind ningii'-aanikanootaamin ikidowinan.,We helped translate the words too.,"[{'word_form': 'ge', 'fst_analyses': ['ge+ADVConj']}, {'word_form': 'niinawind', 'fst_analyses': ['niinawind+PRONPer+NA+Excl']}, {'word_form': ""ningii'-aanikanootaamin"", 'fst_analyses': [""PVTense/gii'+aanikanootan+VTI+Ind+Pos+Neu+ExclSubj+0PlObj"", ""PVTense/gii'+aanikanootan+VTI+Ind+Pos+Neu+ExclSubj+0SgObj""]}, {'word_form': 'ikidowinan', 'fst_analyses': ['ikidowin+NI+Pl']}, {'word_form': '.', 'fst_analyses': []}]",nj
Ominosidoon odikidowin.,She spoke her speech perfectly.,"[{'word_form': 'ominosidoon', 'fst_analyses': ['minosidoon+VTI+Ind+Pos+Neu+3SgProxSubj+0SgObj']}, {'word_form': 'odikidowin', 'fst_analyses': ['ikidowin+NI+Sg+3SgProxPoss']}, {'word_form': '.', 'fst_analyses': []}]",nj
Zhebaa nitam gii'-oda'amii nindaanisens.,My little daughter took her first step this morning,"[{'word_form': 'zhebaa', 'fst_analyses': ['zhebaa+ADVTmp']}, {'word_form': 'nitam', 'fst_analyses': ['nitam+ADVLoc']}, {'word_form': ""gii'-oda'amii"", 'fst_analyses': [""PVTense/gii'+oda'amii+VAI+Ind+Pos+Neu+3SgProxSubj""]}, {'word_form': 'nindaanisens', 'fst_analyses': ['daanis+NAD+Dim+ProxSg+1SgPoss']}, {'word_form': '.', 'fst_analyses': []}]",nj
Nindooshki-aanikoobijiganens jiikinaagozi; mamaanganowe. Gezhibaayaaniwanook izhinikaazo.,My latest great-grandchild is so cute; she's got chubby cheeks. Her name is Gezhibaayaaniwanook.,"[{'word_form': 'nindooshki-aanikoobijiganens', 'fst_analyses': ['PNLex/oshki+aanikoobijigan+NA+Dim+ProxSg+1SgPoss']}, {'word_form': 'jiikinaagozi;', 'fst_analyses': []}, {'word_form': 'mamaanganowe', 'fst_analyses': ['mamaanganowe+VAI+Ind+Pos+Neu+3SgProxSubj']}, {'word_form': '.', 'fst_analyses': []}, {'word_form': 'gezhibaayaaniwanook', 'fst_analyses': []}, {'word_form': 'izhinikaazo', 'fst_analyses': ['izhinikaazo+VAI+Ind+Pos+Neu+3SgProxSubj']}, {'word_form': '.', 'fst_analyses': []}]",nj
Bijiinag ninga-gikendaan ge-izhitooyaan.,I'll know how to do it later.,"[{'word_form': 'bijiinag', 'fst_analyses': ['bijiinag+ADVTmp']}, {'word_form': 'ninga-gikendaan', 'fst_analyses': ['PVTense/ga+gikendan+VTI+Ind+Pos+Neu+1SgSubj+0SgObj']}, {'word_form': 'ge-izhitooyaan', 'fst_analyses': []}, {'word_form': '.', 'fst_analyses': []}]",nj
Bijiinag igo biidaabang giga-bakinasabiimin.,We'll pull out our net as early as dawn.,"[{'word_form': 'bijiinag', 'fst_analyses': ['bijiinag+ADVTmp']}, {'word_form': 'igo', 'fst_analyses': ['igo+PCEmph']}, {'word_form': 'biidaabang', 'fst_analyses': ['biidaaban+VII+Cnj+Pos+Neu+0SgSubj', 'biidaaban+VII+Cnj+Pos+Neu+0PlSubj']}, {'word_form': 'giga-bakinasabiimin', 'fst_analyses': ['PVTense/ga+bakinasabii+VAI+Ind+Pos+Neu+InclSubj']}, {'word_form': '.', 'fst_analyses': []}]",nj
Gegaa ningii-pisikawaa makwa gii-bimi-aazhawa'adood.,I almost hit the bear as it was crossing the road.,"[{'word_form': 'gegaa', 'fst_analyses': ['gegaa+ADVDeg']}, {'word_form': 'ningii-pisikawaa', 'fst_analyses': ['PVTense/gii+bisikaw+VTA+Ind+Pos+Neu+1SgSubj+3SgProxObj']}, {'word_form': 'makwa', 'fst_analyses': ['makwa+NA+ProxSg']}, {'word_form': ""gii-bimi-aazhawa'adood"", 'fst_analyses': [""PVTense/gii+PVDir/bimi+aazhawa'adoo+VAI+Cnj+Pos+Neu+3SgProxSubj""]}, {'word_form': '.', 'fst_analyses': []}]",nj
Niwaabowayaan aapiji gipagiigad. Gaawiin gegoo biitoowaabowayaan nindaabajitoosiin.,My blanket is very thick. I don't use any kind of cover under it.,"[{'word_form': 'niwaabowayaan', 'fst_analyses': ['waabowayaan+NI+Sg+1SgPoss']}, {'word_form': 'aapiji', 'fst_analyses': ['aapiji+ADVDeg']}, {'word_form': 'gipagiigad', 'fst_analyses': ['gipagiigad+VII+Ind+Pos+Neu+0SgSubj']}, {'word_form': '.', 'fst_analyses': []}, {'word_form': 'gaawiin', 'fst_analyses': ['gaawiin+ADVNeg']}, {'word_form': 'gegoo', 'fst_analyses': ['gegoo+PRONIndf+NI']}, {'word_form': 'biitoowaabowayaan', 'fst_analyses': []}, {'word_form': 'nindaabajitoosiin', 'fst_analyses': []}, {'word_form': '.', 'fst_analyses': []}]",nj
Wegonen wenji-mawiyan.,Why are you crying?,"[{'word_form': 'wegonen', 'fst_analyses': ['wegonen+PRONInter+NI+Sg']}, {'word_form': 'wenji-mawiyan', 'fst_analyses': []}, {'word_form': '.', 'fst_analyses': []}]",nj
Ningwaagonenan moozonagizh gaa-gii'-ondaabasaman.,Put the moose sausage you smoked in the snow (to cool it).,"[{'word_form': 'ningwaagonenan', 'fst_analyses': ['ningwaagonenan+VTI+Imp+Sim+2SgSubj+0PlObj', 'ningwaagonenan+VTI+Imp+Sim+2SgSubj+0SgObj']}, {'word_form': 'moozonagizh', 'fst_analyses': ['moozonagizh+NI+Sg']}, {'word_form': ""gaa-gii'-ondaabasaman"", 'fst_analyses': [""PVSub/gaa+PVTense/gii'+ondaabasan+VTI+Cnj+Pos+Neu+2SgSubj+0PlObj"", ""PVSub/gaa+PVTense/gii'+ondaabasan+VTI+Cnj+Pos+Neu+2SgSubj+0SgObj""]}, {'word_form': '.', 'fst_analyses': []}]",nj
Ningii-pawaanigoo ji-gigishkamaan zhiibaashka'igani-magoodaas.,Someone had a dream for me to wear a jingle dress.,"[{'word_form': 'ningii-pawaanigoo', 'fst_analyses': ['PVTense/gii+bawaazh+VTA+Ind+Pos+Neu+XSubj+1SgObj']}, {'word_form': 'ji-gigishkamaan', 'fst_analyses': ['PVTense/daa+gigishkan+VTI+Cnj+Pos+Neu+1SgSubj+0PlObj', 'PVTense/ga+gigishkan+VTI+Cnj+Pos+Neu+1SgSubj+0PlObj', 'PVTense/daa+gigishkan+VTI+Cnj+Pos+Neu+1SgSubj+0SgObj', 'PVTense/ga+gigishkan+VTI+Cnj+Pos+Neu+1SgSubj+0SgObj']}, {'word_form': ""zhiibaashka'igani-magoodaas"", 'fst_analyses': [""zhiibaashka'igani-magoodaas+NI+Sg""]}, {'word_form': '.', 'fst_analyses': []}]",nj
Awasajiw daa.,She lives over the hill,"[{'word_form': 'awasajiw', 'fst_analyses': ['awasajiw+ADVLoc']}, {'word_form': 'daa', 'fst_analyses': ['daa+VAI+Ind+Pos+Neu+3SgProxSubj']}, {'word_form': '.', 'fst_analyses': []}]",nj
Aabitawinaagaans ningii'-minikwen zhoominaabo. Ningii'-mookamanjitoon.,I drank half a glass of wine. I could feel it.,"[{'word_form': 'aabitawinaagaans', 'fst_analyses': ['aabitawinaagaans+ADVQnt']}, {'word_form': ""ningii'-minikwen"", 'fst_analyses': [""PVTense/gii'+minikwen+VAIO+Ind+Pos+Neu+1SgSubj+0SgObj""]}, {'word_form': 'zhoominaabo', 'fst_analyses': ['zhoominaabo+NI+Sg']}, {'word_form': '.', 'fst_analyses': []}, {'word_form': ""ningii'-mookamanjitoon"", 'fst_analyses': [""PVTense/gii'+mookamanjitoon+VTI+Ind+Pos+Neu+1SgSubj+0SgObj""]}, {'word_form': '.', 'fst_analyses': []}]",nj
Enigok gaandanaamo ikwe wewiib ji-nitaawiginaawasod.,A woman pushes hard for a quick childbirth.,"[{'word_form': 'enigok', 'fst_analyses': ['enigok+ADVDeg']}, {'word_form': 'gaandanaamo', 'fst_analyses': ['gaandanaamo+VAI+Ind+Pos+Neu+3SgProxSubj']}, {'word_form': 'ikwe', 'fst_analyses': ['ikwe+NA+ProxSg']}, {'word_form': 'wewiib', 'fst_analyses': ['wewiib+ADVMan']}, {'word_form': 'ji-nitaawiginaawasod', 'fst_analyses': ['PVTense/daa+nitaawiginaawaso+VAI+Cnj+Pos+Neu+3SgProxSubj', 'PVTense/ga+nitaawiginaawaso+VAI+Cnj+Pos+Neu+3SgProxSubj']}, {'word_form': '.', 'fst_analyses': []}]",nj
Zhaagwenimo ji-gagwedwed ji-anokii'ind.,S/he is reluctant to ask for a job.,"[{'word_form': 'zhaagwenimo', 'fst_analyses': ['zhaagwenimo+VAI+Ind+Pos+Neu+3SgProxSubj']}, {'word_form': 'ji-gagwedwed', 'fst_analyses': ['PVTense/daa+gagwedwe+VAI+Cnj+Pos+Neu+3SgProxSubj', 'PVTense/ga+gagwedwe+VAI+Cnj+Pos+Neu+3SgProxSubj']}, {'word_form': ""ji-anokii'ind"", 'fst_analyses': [""PVTense/daa+anokii'+VTA+Cnj+Pos+Neu+XSubj+3SgProxObj"", ""PVTense/ga+anokii'+VTA+Cnj+Pos+Neu+XSubj+3SgProxObj""]}, {'word_form': '.', 'fst_analyses': []}]",nj
Aaniin dash apii waa'-maajii-gitigeyan.,When are you going to start putting your garden in?,"[{'word_form': 'aaniin', 'fst_analyses': ['aaniin+PCInterj', 'aaniin+ADVInter']}, {'word_form': 'dash', 'fst_analyses': ['dash+ADVConj']}, {'word_form': 'apii', 'fst_analyses': ['apii+ADVTmp']}, {'word_form': ""waa'-maajii-gitigeyan"", 'fst_analyses': []}, {'word_form': '.', 'fst_analyses': []}]",nj
NImbaapi'idiz gii-waabandamaan biimaakwa'owaan.,I laughed at myself when I noticed I buttoned myself up crooked.,"[{'word_form': ""nimbaapi'idiz"", 'fst_analyses': [""baapi'+VTA+Reflex/dizo+VAI+Ind+Pos+Neu+1SgSubj+1SgObj"", ""baapi'idizo+VAI+Ind+Pos+Neu+1SgSubj+1SgObj""]}, {'word_form': 'gii-waabandamaan', 'fst_analyses': ['PVTense/gii+waabandan+VTI+Cnj+Pos+Neu+1SgSubj+0PlObj', 'PVTense/gii+waabandan+VTI+Cnj+Pos+Neu+1SgSubj+0SgObj']}, {'word_form': ""biimaakwa'owaan"", 'fst_analyses': []}, {'word_form': '.', 'fst_analyses': []}]",nj
Ningii-kagwejimigoo ji-gikinoo'amaageyaan gakinoo'amaadiiyigamigong anishinaabemowin ji-dazhindamaan.,I was asked to teach at the school to teach about the Native language.,"[{'word_form': 'ningii-kagwejimigoo', 'fst_analyses': ['PVTense/gii+gagwejim+VTA+Ind+Pos+Neu+XSubj+1SgObj']}, {'word_form': ""ji-gikinoo'amaageyaan"", 'fst_analyses': [""PVTense/daa+gikinoo'amaage+VAI+Cnj+Pos+Neu+1SgSubj"", ""PVTense/ga+gikinoo'amaage+VAI+Cnj+Pos+Neu+1SgSubj""]}, {'word_form': ""gakinoo'amaadiiyigamigong"", 'fst_analyses': []}, {'word_form': 'anishinaabemowin', 'fst_analyses': ['anishinaabemowin+NI+Sg']}, {'word_form': 'ji-dazhindamaan', 'fst_analyses': ['PVTense/daa+dazhindan+VTI+Cnj+Pos+Neu+1SgSubj+0PlObj', 'PVTense/ga+dazhindan+VTI+Cnj+Pos+Neu+1SgSubj+0PlObj', 'PVTense/daa+dazhindan+VTI+Cnj+Pos+Neu+1SgSubj+0SgObj', 'PVTense/ga+dazhindan+VTI+Cnj+Pos+Neu+1SgSubj+0SgObj']}, {'word_form': '.', 'fst_analyses': []}]",nj
Angashkomaa akawe ninga-gagwejimaa.,Let me ask him first.,"[{'word_form': 'angashkomaa', 'fst_analyses': []}, {'word_form': 'akawe', 'fst_analyses': ['akawe+ADVTmp']}, {'word_form': 'ninga-gagwejimaa', 'fst_analyses': ['PVTense/ga+gagwejim+VTA+Ind+Pos+Neu+1SgSubj+3SgProxObj']}, {'word_form': '.', 'fst_analyses': []}]",nj
Gitigewinini omaajinizhikawaa' obizhikiima'.,The farmer is chasing his cattle (out of the pasture).,"[{'word_form': 'gitigewinini', 'fst_analyses': ['gitigewinini+NA+ProxSg']}, {'word_form': ""omaajinizhikawaa'"", 'fst_analyses': ['maajinizhikaw+VTA+Ind+Pos+Neu+3SgProxSubj+3PlObvObj']}, {'word_form': ""obizhikiima'"", 'fst_analyses': ['bizhiki+NA+Poss+ObvPl+3SgProxPoss']}, {'word_form': '.', 'fst_analyses': []}]",nj
Dibaabam odaabaanag jibwaa-azhebizoyan.,Check for cars before back out.,"[{'word_form': 'dibaabam', 'fst_analyses': ['dibaabam+VTA+Imp+Sim+2SgSubj+3SgProxObj', 'dibaabam+VTA+Imp+Sim+2SgSubj+3PlProxObj']}, {'word_form': 'odaabaanag', 'fst_analyses': ['odaabaazh+VTA+Cnj+Pos+Neu+1SgSubj+3SgProxObj', 'odaabaan+NA+ProxPl']}, {'word_form': 'jibwaa-azhebizoyan', 'fst_analyses': ['PVTense/jibwaa+azhebizo+VAI+Cnj+Pos+Neu+2SgSubj']}, {'word_form': '.', 'fst_analyses': []}]",nj
Odibaabamaan minik eyaawaad zhooniyaan.,She's checking how much money she has.,"[{'word_form': 'odibaabamaan', 'fst_analyses': ['dibaabam+VTA+Ind+Pos+Neu+3SgProxSubj+3SgObvObj', 'dibaabam+VTA+Ind+Pos+Neu+3SgProxSubj+3PlObvObj']}, {'word_form': 'minik', 'fst_analyses': ['minik+ADVQnt']}, {'word_form': 'eyaawaad', 'fst_analyses': []}, {'word_form': 'zhooniyaan', 'fst_analyses': ['zhooniyaa+NA+ObvPl', 'zhooniyaa+NA+ObvSg', 'zhooniyaa+NI+Pl']}, {'word_form': '.', 'fst_analyses': []}]",nj
Aazha apane gii'-awasewa'o.,He paddled around the bend already,"[{'word_form': 'aazha', 'fst_analyses': ['aazha+ADVTmp']}, {'word_form': 'apane', 'fst_analyses': ['apane+ADVTmp']}, {'word_form': ""gii'-awasewa'o"", 'fst_analyses': [""PVTense/gii'+awasewa'o+VAI+Ind+Pos+Neu+3SgProxSubj""]}, {'word_form': '.', 'fst_analyses': []}]",nj
Gichi-agaaming ningii-pi-ondaandawe.,I walked here across the the bridge from International Falls.,"[{'word_form': 'gichi-agaaming', 'fst_analyses': ['PVLex/gichi+agaaming+ADVLoc']}, {'word_form': 'ningii-pi-ondaandawe', 'fst_analyses': ['PVTense/gii+PVDir/bi+ondaandawe+VAI+Ind+Pos+Neu+1SgSubj']}, {'word_form': '.', 'fst_analyses': []}]",nj
Waasa danwewidamoog ma'iinganag.,I can hear the wolves in the distance.,"[{'word_form': 'waasa', 'fst_analyses': ['waasa+ADVLoc']}, {'word_form': 'danwewidamoog', 'fst_analyses': ['danwewidam+VAI+Ind+Pos+Neu+3PlProxSubj']}, {'word_form': ""ma'iinganag"", 'fst_analyses': [""ma'iingan+NA+ProxPl""]}, {'word_form': '.', 'fst_analyses': []}]",nj
Waasa noopimiing odoondaawanaawaa' asinii' gaa-madoodiswaagewaad.,They hauled stones from way off in the woods to use for the sweat lodge.,"[{'word_form': 'waasa', 'fst_analyses': ['waasa+ADVLoc']}, {'word_form': 'noopimiing', 'fst_analyses': ['noopimiing+ADVLoc']}, {'word_form': ""odoondaawanaawaa'"", 'fst_analyses': ['ondaawazh+VTA+Ind+Pos+Neu+3PlProxSubj+3PlObvObj']}, {'word_form': ""asinii'"", 'fst_analyses': ['asin+NA+ObvPl']}, {'word_form': 'gaa-madoodiswaagewaad', 'fst_analyses': ['PVSub/gaa+madoodiswaagen+VAIO+Cnj+Pos+Neu+3PlProxSubj+0PlObj', 'PVSub/gaa+madoodiswaagen+VAIO+Cnj+Pos+Neu+3PlProxSubj+0SgObj', 'PVSub/gaa+madoodiswaagen+VAIO+Cnj+Pos+Neu+3PlProxSubj+3SgObvObj', 'PVSub/gaa+madoodiswaagen+VAIO+Cnj+Pos+Neu+3PlProxSubj+3PlObvObj', 'PVSub/gaa+madoodiswaagen+VAIO+Cnj+Pos+Neu+3PlProxSubj']}, {'word_form': '.', 'fst_analyses': []}]",nj
Agawaateyaabikaang izhi-agoke aasaakamig. Mii 'imaa wenji-gikendaman aandi nake giiwedinong.,Moss grows on the shady side of rock. That's where you can learn which way is north.,"[{'word_form': 'agawaateyaabikaang', 'fst_analyses': []}, {'word_form': 'izhi-agoke', 'fst_analyses': ['PVRel/izhi+agoke+VAI+Ind+Pos+Neu+3SgProxSubj', 'PVRel/izhi+agoke+VII+Ind+Pos+Neu+0SgSubj']}, {'word_form': 'aasaakamig', 'fst_analyses': ['aasaakamig+NI+Sg']}, {'word_form': '.', 'fst_analyses': []}, {'word_form': 'mii', 'fst_analyses': ['mii+ADVPred']}, {'word_form': ""'imaa"", 'fst_analyses': [""'imaa+ADVLoc""]}, {'word_form': 'wenji-gikendaman', 'fst_analyses': []}, {'word_form': 'aandi', 'fst_analyses': ['aandi+ADVInter']}, {'word_form': 'nake', 'fst_analyses': ['nake+ADVLoc']}, {'word_form': 'giiwedinong', 'fst_analyses': ['giiwedin+NI+Loc']}, {'word_form': '.', 'fst_analyses': []}]",nj
Ginigawinan ombisijigan wii-pakwezhiganikeyan.,Mix in baking powder when you  are going to make bannock.,"[{'word_form': 'ginigawinan', 'fst_analyses': ['ginigawinan+VTI+Imp+Sim+2SgSubj+0PlObj', 'ginigawinan+VTI+Imp+Sim+2SgSubj+0SgObj']}, {'word_form': 'ombisijigan', 'fst_analyses': ['ombisijigan+NI+Sg']}, {'word_form': 'wii-pakwezhiganikeyan', 'fst_analyses': ['PVTense/wii+bakwezhiganike+VAI+Cnj+Pos+Neu+2SgSubj']}, {'word_form': '.', 'fst_analyses': []}]",nj
Azhiwaasin moozhwaagan giishpin giishkizhaman biiwaabik maagizhaa ge mazina'igan.,Scissors get dull if you cut metal or paper.,"[{'word_form': 'azhiwaasin', 'fst_analyses': ['azhiwaasin+VII+Ind+Pos+Neu+0SgSubj']}, {'word_form': 'moozhwaagan', 'fst_analyses': ['moozhwaagan+NI+Sg']}, {'word_form': 'giishpin', 'fst_analyses': ['giishpin+ADVGram']}, {'word_form': 'giishkizhaman', 'fst_analyses': ['giishkizhan+VTI+Cnj+Pos+Neu+2SgSubj+0PlObj', 'giishkizhan+VTI+Cnj+Pos+Neu+2SgSubj+0SgObj']}, {'word_form': 'biiwaabik', 'fst_analyses': ['biiwaabik+NI+Sg']}, {'word_form': 'maagizhaa', 'fst_analyses': ['maagizhaa+ADVMan']}, {'word_form': 'ge', 'fst_analyses': ['ge+ADVConj']}, {'word_form': ""mazina'igan"", 'fst_analyses': [""mazina'igan+NA+ProxSg"", ""mazina'igan+NI+Sg""]}, {'word_form': '.', 'fst_analyses': []}]",nj
Eniwek igo niminomanji' noongom.,I feel  somewhat better today.,"[{'word_form': 'eniwek', 'fst_analyses': ['eniwek+ADVDeg']}, {'word_form': 'igo', 'fst_analyses': ['igo+PCEmph']}, {'word_form': ""niminomanji'"", 'fst_analyses': [""minomanji'o+VAI+Ind+Pos+Neu+1SgSubj""]}, {'word_form': 'noongom', 'fst_analyses': ['noongom+ADVTmp']}, {'word_form': '.', 'fst_analyses': []}]",nj
Ishkwe-oodenaang badakide nibewigamig gaa-izhi-nibaayaan,The hotel where I'm staying is at the edge of town,"[{'word_form': 'ishkwe-oodenaang', 'fst_analyses': ['PNLex/ishkwe+oodena+NI+Loc', 'ishkwe-oodena+NI+Loc']}, {'word_form': 'badakide', 'fst_analyses': ['badakide+VII+Ind+Pos+Neu+0SgSubj']}, {'word_form': 'nibewigamig', 'fst_analyses': ['nibewigamig+NI+Sg']}, {'word_form': 'gaa-izhi-nibaayaan', 'fst_analyses': ['PVSub/gaa+PVRel/izhi+nibaa+VAI+Cnj+Pos+Neu+1SgSubj']}]",nj
Aandi ezhi-badakideg gimadoodison.,Where is your sweat lodge set up?,"[{'word_form': 'aandi', 'fst_analyses': ['aandi+ADVInter']}, {'word_form': 'ezhi-badakideg', 'fst_analyses': ['PVRel/izhi+badakide+VII+Pcp+Pos+Neu+0SgSubj+0SgHead']}, {'word_form': 'gimadoodison', 'fst_analyses': ['madoodison+NI+Sg+2SgPoss']}, {'word_form': '.', 'fst_analyses': []}]",nj
Agwanaateng dazhi-anwebidaa.,Let's go rest in the shade.,"[{'word_form': 'agwanaateng', 'fst_analyses': []}, {'word_form': 'dazhi-anwebidaa', 'fst_analyses': ['PVRel/dazhi+anwebi+VAI+Imp+Del+InclSubj', 'PVRel/dazhi+anwebi+VAI+Imp+Sim+InclSubj']}, {'word_form': '.', 'fst_analyses': []}]",nj
Obi-zaagidoomaan ogwizisensan. Dikinaaganing dakobizowan.,He came out carrying his little son on his back in a cradle board.,"[{'word_form': 'obi-zaagidoomaan', 'fst_analyses': ['PVDir/bi+zaagidoom+VTA+Ind+Pos+Neu+3SgProxSubj+3SgObvObj', 'PVDir/bi+zaagidoom+VTA+Ind+Pos+Neu+3SgProxSubj+3PlObvObj']}, {'word_form': 'ogwizisensan', 'fst_analyses': ['gwizis+NAD+Dim+ObvSg+3SgProxPoss', 'gwizis+NAD+Dim+ObvPl+3SgProxPoss']}, {'word_form': '.', 'fst_analyses': []}, {'word_form': 'dikinaaganing', 'fst_analyses': ['dikinaagan+NI+Loc']}, {'word_form': 'dakobizowan', 'fst_analyses': ['dakobizo+VAI+Ind+Pos+Neu+3PlObvSubj', 'dakobizo+VAI+Ind+Pos+Neu+3SgObvSubj']}, {'word_form': '.', 'fst_analyses': []}]",nj
Mino-maajiiginoon ningitigaanan.,My garden is growing nicely. = My plants are growing nicely.,"[{'word_form': 'mino-maajiiginoon', 'fst_analyses': ['PVLex/mino+maajiigin+VII+Ind+Pos+Neu+0PlSubj']}, {'word_form': 'ningitigaanan', 'fst_analyses': ['gitigaan+NI+Pl+1SgPoss']}, {'word_form': '.', 'fst_analyses': []}]",nj
Agwajiing odaminowag abinoojiinyag.,The children are playing outside.,"[{'word_form': 'agwajiing', 'fst_analyses': ['agwajiing+ADVLoc']}, {'word_form': 'odaminowag', 'fst_analyses': ['odamino+VAI+Ind+Pos+Neu+3PlProxSubj']}, {'word_form': 'abinoojiinyag', 'fst_analyses': ['abinoojiinh+NA+ProxPl']}, {'word_form': '.', 'fst_analyses': []}]",nj
Wegonen endawendaman ji-biidaamawinaan.,What do you want me to bring back for you?,"[{'word_form': 'wegonen', 'fst_analyses': ['wegonen+PRONInter+NI+Sg']}, {'word_form': 'endawendaman', 'fst_analyses': []}, {'word_form': 'ji-biidaamawinaan', 'fst_analyses': []}, {'word_form': '.', 'fst_analyses': []}]",nj
Gidaa-ningaagonasige nibi andawendaman.,You can melt snow if you need water.,"[{'word_form': 'gidaa-ningaagonasige', 'fst_analyses': []}, {'word_form': 'nibi', 'fst_analyses': ['nibi+NI+Sg']}, {'word_form': 'andawendaman', 'fst_analyses': ['andawendam+VAI+Cnj+Pos+Neu+2SgSubj', 'andawendan+VTI+Cnj+Pos+Neu+2SgSubj+0PlObj', 'andawendan+VTI+Cnj+Pos+Neu+2SgSubj+0SgObj']}, {'word_form': '.', 'fst_analyses': []}]",nj
Bekaa bimibizon aazhawibizowin zaaga'igan gaa-gikendanziwan. Maagizhaa gidaa-bitaabikishin,Go slow going across when you don't know the lake. You might hit a reef.,"[{'word_form': 'bekaa', 'fst_analyses': ['bekaa+ADVMan']}, {'word_form': 'bimibizon', 'fst_analyses': ['bimibizo+VAI+Imp+Sim+2SgSubj']}, {'word_form': 'aazhawibizowin', 'fst_analyses': []}, {'word_form': ""zaaga'igan"", 'fst_analyses': [""zaaga'igan+NI+Sg""]}, {'word_form': 'gaa-gikendanziwan', 'fst_analyses': ['PVSub/gaa+gikendam+VAI+Cnj+Neg+Neu+2SgSubj', 'PVSub/gaa+gikendan+VTI+Cnj+Neg+Neu+2SgSubj+0PlObj', 'PVSub/gaa+gikendan+VTI+Cnj+Neg+Neu+2SgSubj+0SgObj']}, {'word_form': '.', 'fst_analyses': []}, {'word_form': 'maagizhaa', 'fst_analyses': ['maagizhaa+ADVMan']}, {'word_form': 'gidaa-bitaabikishin', 'fst_analyses': ['PVTense/daa+bitaabikishin+VAI+Ind+Pos+Neu+2SgSubj']}]",nj
Ogii'-agaashiinyi'aan gaa-gii'-ozhitamawaad odaminwaaganensan odaanisensan.,She  made the doll she made for her little daughter small.,"[{'word_form': ""ogii'-agaashiinyi'aan"", 'fst_analyses': [""PVTense/gii'+agaashiinyi'+VTA+Ind+Pos+Neu+3SgProxSubj+3SgObvObj"", ""PVTense/gii'+agaashiinyi'+VTA+Ind+Pos+Neu+3SgProxSubj+3PlObvObj""]}, {'word_form': ""gaa-gii'-ozhitamawaad"", 'fst_analyses': [""PVSub/gaa+PVTense/gii'+ozhitamaw+VTA+Cnj+Pos+Neu+3SgProxSubj+3SgObvObj"", ""PVSub/gaa+PVTense/gii'+ozhitamaw+VTA+Cnj+Pos+Neu+3SgProxSubj+3PlObvObj""]}, {'word_form': 'odaminwaaganensan', 'fst_analyses': ['odaminwaagan+NA+Dim+ObvSg', 'odaminwaagan+NI+Dim+Pl', 'odaminwaagan+NA+Dim+ObvPl']}, {'word_form': 'odaanisensan', 'fst_analyses': ['daanis+NAD+Dim+ObvSg+3SgProxPoss', 'daanis+NAD+Dim+ObvPl+3SgProxPoss']}, {'word_form': '.', 'fst_analyses': []}]",nj
Ogidaaki awi-dazhi-wiisinidaa.,Let's go eat on top of the hill.,"[{'word_form': 'ogidaaki', 'fst_analyses': ['ogidaaki+ADVLoc']}, {'word_form': 'awi-dazhi-wiisinidaa', 'fst_analyses': ['PVDir/awi+PVRel/dazhi+wiisini+VAI+Imp+Del+InclSubj', 'PVDir/awi+PVRel/dazhi+wiisini+VAI+Imp+Sim+InclSubj']}, {'word_form': '.', 'fst_analyses': []}]",nj
Aaniin ezhimaasod.,How is it's (animate) aroma?,"[{'word_form': 'aaniin', 'fst_analyses': ['aaniin+PCInterj', 'aaniin+ADVInter']}, {'word_form': 'ezhimaasod', 'fst_analyses': ['izhimaaso+VAI+Pcp+Pos+Neu+3SgProxSubj+3SgProxHead']}, {'word_form': '.', 'fst_analyses': []}]",nj
Ambe niimiitamawaadaa gaa-oshki-biindigeshimod.,Let's dance for the new dancer entering for the first time.,"[{'word_form': 'ambe', 'fst_analyses': ['ambe+PCInterj']}, {'word_form': 'niimiitamawaadaa', 'fst_analyses': ['niimiitamaw+VTA+Imp+Sim+InclSubj+3PlObvObj', 'niimiitamaw+VTA+Imp+Sim+InclSubj+3SgObvObj', 'niimiitamaw+VTA+Imp+Sim+InclSubj+3SgProxObj']}, {'word_form': 'gaa-oshki-biindigeshimod', 'fst_analyses': ['PVSub/gaa+PVLex/oshki+biindigeshimo+VAI+Cnj+Pos+Neu+3SgProxSubj', 'PVTense/gii+PVLex/oshki+biindigeshimo+VAI+Pcp+Pos+Neu+3SgProxSubj+3SgProxHead']}, {'word_form': '.', 'fst_analyses': []}]",nj
Gaawiin ganabaj indaa-debwetawaasii gaa-gii-kagwejimid wii'-wiidigemid.,I probably won't marry that guy that asked me to marry him.,"[{'word_form': 'gaawiin', 'fst_analyses': ['gaawiin+ADVNeg']}, {'word_form': 'ganabaj', 'fst_analyses': ['ganabaj+ADVMan']}, {'word_form': 'indaa-debwetawaasii', 'fst_analyses': ['PVTense/daa+debwetaw+VTA+Ind+Neg+Neu+1SgSubj+3SgProxObj']}, {'word_form': 'gaa-gii-kagwejimid', 'fst_analyses': ['PVSub/gaa+PVTense/gii+gagwejim+VTA+Cnj+Pos+Neu+3SgProxSubj+1SgObj']}, {'word_form': ""wii'-wiidigemid"", 'fst_analyses': [""PVTense/wii'+wiidigem+VTA+Cnj+Pos+Neu+3SgProxSubj+1SgObj""]}, {'word_form': '.', 'fst_analyses': []}]",nj
Niiyo-diba'igan odakwegizhaan bagiwaaniigin waa'-magoodaasikaaged.,She cuts four yards of fabric to make a dress out of.,"[{'word_form': ""niiyo-diba'igan"", 'fst_analyses': [""niiyo-diba'igan+NUM""]}, {'word_form': 'odakwegizhaan', 'fst_analyses': ['dakwegizhan+VTI+Ind+Pos+Neu+3SgProxSubj+0SgObj', 'akwegizhan+VTI+Ind+Pos+Neu+3SgProxSubj+0SgObj']}, {'word_form': 'bagiwaaniigin', 'fst_analyses': ['bagiwaaniigin+NI+Sg']}, {'word_form': ""waa'-magoodaasikaaged"", 'fst_analyses': []}, {'word_form': '.', 'fst_analyses': []}]",nj
Ani-ishpi-niibing da-aditewan miinan.,The berries will be ripe towards the last part of the summer.,"[{'word_form': 'ani-ishpi-niibing', 'fst_analyses': ['PVDir/ani+ishpi-niibin+VII+Cnj+Pos+Neu+0SgSubj', 'PVDir/ani+PVLex/ishpi+niibin+VII+Cnj+Pos+Neu+0SgSubj', 'PVDir/ani+ishpi-niibin+VII+Cnj+Pos+Neu+0PlSubj', 'PVDir/ani+PVLex/ishpi+niibin+VII+Cnj+Pos+Neu+0PlSubj']}, {'word_form': 'da-aditewan', 'fst_analyses': ['PVTense/ga+adite+VII+Ind+Pos+Neu+0PlSubj']}, {'word_form': 'miinan', 'fst_analyses': ['miinan+NI+Pl', 'miin+NI+Pl']}, {'word_form': '.', 'fst_analyses': []}]",nj
Ikwabi dawishkawaad waa-piindigenid.,He moves out of the way to let the people in.,"[{'word_form': 'ikwabi', 'fst_analyses': ['ikwabi+VAI+Ind+Pos+Neu+3SgProxSubj']}, {'word_form': 'dawishkawaad', 'fst_analyses': ['dawishkaw+VTA+Cnj+Pos+Neu+3SgProxSubj+3SgObvObj', 'dawishkaw+VTA+Cnj+Pos+Neu+3SgProxSubj+3PlObvObj']}, {'word_form': 'waa-piindigenid', 'fst_analyses': []}, {'word_form': '.', 'fst_analyses': []}]",nj
Jiigishkode onji-giizhizwi gibakwezhiganikaan. Aasamishim.,Cook your bannock by the side of the fire. Stand it up facing the fire.,"[{'word_form': 'jiigishkode', 'fst_analyses': ['jiigishkode+ADVLoc']}, {'word_form': 'onji-giizhizwi', 'fst_analyses': ['PVRel/onji+giizhizwi+VTA+Imp+Sim+2SgSubj+3SgProxObj', 'PVRel/onji+giizhizwi+VTA+Imp+Sim+2SgSubj+3PlProxObj']}, {'word_form': 'gibakwezhiganikaan', 'fst_analyses': ['bakwezhiganikaan+NA+ProxSg+2SgPoss']}, {'word_form': '.', 'fst_analyses': []}, {'word_form': 'aasamishim', 'fst_analyses': ['aasamishim+VTA+Imp+Sim+2SgSubj+3SgProxObj', 'aasamishim+VTA+Imp+Sim+2SgSubj+3PlProxObj']}, {'word_form': '.', 'fst_analyses': []}]",nj
Marie ningii'-wiidoopamig gii-giizhizwag waabooz.,Marie came and ate with me when I cooked a rabbit.,"[{'word_form': 'marie', 'fst_analyses': []}, {'word_form': ""ningii'-wiidoopamig"", 'fst_analyses': [""PVTense/gii'+wiidoopam+VTA+Ind+Pos+Neu+3SgProxSubj+1SgObj""]}, {'word_form': 'gii-giizhizwag', 'fst_analyses': ['PVTense/gii+giizhizwi+VTA+Cnj+Pos+Neu+1SgSubj+3SgProxObj']}, {'word_form': 'waabooz', 'fst_analyses': ['waabooz+NA+ProxSg']}, {'word_form': '.', 'fst_analyses': []}]",nj
Dennis ogii-kiizhizwaan zhiishiiban zhebaa. Manoomin ogii-tagozaan. Waa!,Dennis cooked a duck this morning. He cooks it with rice. Waa!,"[{'word_form': 'dennis', 'fst_analyses': []}, {'word_form': 'ogii-kiizhizwaan', 'fst_analyses': ['PVTense/gii+giizhizwi+VTA+Ind+Pos+Neu+3SgProxSubj+3SgObvObj', 'PVTense/gii+giizhizwi+VTA+Ind+Pos+Neu+3SgProxSubj+3PlObvObj']}, {'word_form': 'zhiishiiban', 'fst_analyses': ['zhiishiib+NA+ObvPl', 'zhiishiib+NA+ObvSg']}, {'word_form': 'zhebaa', 'fst_analyses': ['zhebaa+ADVTmp']}, {'word_form': '.', 'fst_analyses': []}, {'word_form': 'manoomin', 'fst_analyses': ['manoomin+NI+Sg']}, {'word_form': 'ogii-tagozaan', 'fst_analyses': ['PVTense/gii+dagozan+VTI+Ind+Pos+Neu+3SgProxSubj+0SgObj']}, {'word_form': '.', 'fst_analyses': []}, {'word_form': 'waa', 'fst_analyses': ['waa+PCDisc']}, {'word_form': '!', 'fst_analyses': []}]",nj
Dabasaya'ii ningii-onzaabamaag gaa-gidochigewaad.,I watched the concert from down below the stage.,"[{'word_form': ""dabasaya'ii"", 'fst_analyses': [""dabasaya'ii+ADVLoc""]}, {'word_form': 'ningii-onzaabamaag', 'fst_analyses': ['PVTense/gii+onzaabam+VTA+Ind+Pos+Neu+1SgSubj+3PlProxObj']}, {'word_form': 'gaa-gidochigewaad', 'fst_analyses': ['PVSub/gaa+gidochige+VAI+Cnj+Pos+Neu+3PlProxSubj']}, {'word_form': '.', 'fst_analyses': []}]",nj
Agwaasidoon ginitiikaan jibwaa-mashkawaagamideg.,Set your tea off the fire before it gets strong.,"[{'word_form': 'agwaasidoon', 'fst_analyses': ['agwaasidoon+VTI+Imp+Sim+2SgSubj+0PlObj', 'agwaasidoon+VTI+Imp+Sim+2SgSubj+0SgObj']}, {'word_form': 'ginitiikaan', 'fst_analyses': ['nitiikaan+NI+Sg+2SgPoss']}, {'word_form': 'jibwaa-mashkawaagamideg', 'fst_analyses': ['PVTense/jibwaa+mashkawaagamide+VII+Cnj+Pos+Neu+0SgSubj', 'PVTense/jibwaa+mashkawaagamide+VII+Cnj+Pos+Neu+0PlSubj']}, {'word_form': '.', 'fst_analyses': []}]",nj
Aapiji aaskwanizi gwiingwiishi.,The grey jay is very greedy (about food).,"[{'word_form': 'aapiji', 'fst_analyses': ['aapiji+ADVDeg']}, {'word_form': 'aaskwanizi', 'fst_analyses': []}, {'word_form': 'gwiingwiishi', 'fst_analyses': ['gwiingwiishi+NA+ProxSg']}, {'word_form': '.', 'fst_analyses': []}]",nj
Aaniin enagindaman manoomin ningo-dibaabiishkoojigan.,How much do you charge for a pound of wild rice?,"[{'word_form': 'aaniin', 'fst_analyses': ['aaniin+PCInterj', 'aaniin+ADVInter']}, {'word_form': 'enagindaman', 'fst_analyses': []}, {'word_form': 'manoomin', 'fst_analyses': ['manoomin+NI+Sg']}, {'word_form': 'ningo-dibaabiishkoojigan', 'fst_analyses': ['PNQnt/ningo+dibaabiishkoojigan+NI+Sg', 'ningo-dibaabiishkoojigan+NUM']}, {'word_form': '.', 'fst_analyses': []}]",nj
Mary miinawaa Rose nagaji'idiwag ezhichigewaad. Gikendamoog apii ge-nagishkodaadiwaad.,Mary and Rose are so familiar with each other. They know exactly when to meet.,"[{'word_form': 'mary', 'fst_analyses': []}, {'word_form': 'miinawaa', 'fst_analyses': ['miinawaa+ADVConj']}, {'word_form': 'rose', 'fst_analyses': []}, {'word_form': ""nagaji'idiwag"", 'fst_analyses': [""nagaji'+VTA+Recip/di+VAI+Ind+Pos+Neu+3PlProxSubj+3PlProxObj"", ""nagaji'idiwag+VAI+Ind+Pos+Neu+3PlProxSubj+3PlProxObj""]}, {'word_form': 'ezhichigewaad', 'fst_analyses': []}, {'word_form': '.', 'fst_analyses': []}, {'word_form': 'gikendamoog', 'fst_analyses': ['gikendam+VAI+Ind+Pos+Neu+3PlProxSubj']}, {'word_form': 'apii', 'fst_analyses': ['apii+ADVTmp']}, {'word_form': 'ge-nagishkodaadiwaad', 'fst_analyses': []}, {'word_form': '.', 'fst_analyses': []}]",nj
Wiinaabikadoon gidoonaaganan. Gidaa-giziibiiginaanin.,Your dishes are dirty. We should wash them.,"[{'word_form': 'wiinaabikadoon', 'fst_analyses': ['wiinaabikad+VII+Ind+Pos+Neu+0PlSubj']}, {'word_form': 'gidoonaaganan', 'fst_analyses': ['onaagan+NI+Pl+2SgPoss']}, {'word_form': '.', 'fst_analyses': []}, {'word_form': 'gidaa-giziibiiginaanin', 'fst_analyses': []}, {'word_form': '.', 'fst_analyses': []}]",nj
Giga-binaanikwe odisaabandaman ani-gichi-aya'aawiyan.,You'll start to lose hair as you get older.,"[{'word_form': 'giga-binaanikwe', 'fst_analyses': ['PVTense/ga+binaanikwe+VAI+Ind+Pos+Neu+2SgSubj']}, {'word_form': 'odisaabandaman', 'fst_analyses': ['odisaabandan+VTI+Cnj+Pos+Neu+2SgSubj+0PlObj', 'odisaabandan+VTI+Cnj+Pos+Neu+2SgSubj+0SgObj']}, {'word_form': ""ani-gichi-aya'aawiyan"", 'fst_analyses': [""PVDir/ani+gichi-aya'aawi+VAI+Cnj+Pos+Neu+2SgSubj""]}, {'word_form': '.', 'fst_analyses': []}]",nj
Biina'wi mashkimodaang.,Put it [something animate] in the sack.,"[{'word_form': ""biina'wi"", 'fst_analyses': [""biina'wi+VTA+Imp+Sim+2SgSubj+3SgProxObj"", ""biina'+VTA+Imp+Sim+2SgSubj+3SgProxObj"", ""biina'wi+VTA+Imp+Sim+2SgSubj+3PlProxObj"", ""biina'+VTA+Imp+Sim+2SgSubj+3PlProxObj""]}, {'word_form': 'mashkimodaang', 'fst_analyses': ['mashkimod+NI+Loc']}, {'word_form': '.', 'fst_analyses': []}]",nj
Odoozhiiginaan waa'-inizhang omazinigwaasowin.,She's shaping the paper to cut the design out for her beadwork.,"[{'word_form': 'odoozhiiginaan', 'fst_analyses': ['ozhiigin+VTA+Ind+Pos+Neu+3SgProxSubj+3SgObvObj', 'ozhiigin+VTA+Ind+Pos+Neu+3SgProxSubj+3PlObvObj', 'ozhiiginan+VTI+Ind+Pos+Neu+3SgProxSubj+0SgObj']}, {'word_form': ""waa'-inizhang"", 'fst_analyses': []}, {'word_form': 'omazinigwaasowin', 'fst_analyses': ['mazinigwaasowin+NI+Sg+3SgProxPoss']}, {'word_form': '.', 'fst_analyses': []}]",nj
Akawe weweni ogii'-izhiiginaan jibwaa-maajinizha'ang odoozhibii'amaagewin.,He folded his letter neatly before sending it off.,"[{'word_form': 'akawe', 'fst_analyses': ['akawe+ADVTmp']}, {'word_form': 'weweni', 'fst_analyses': ['weweni+ADVMan']}, {'word_form': ""ogii'-izhiiginaan"", 'fst_analyses': [""PVTense/gii'+izhiigin+VTA+Ind+Pos+Neu+3SgProxSubj+3SgObvObj"", ""PVTense/gii'+izhiigin+VTA+Ind+Pos+Neu+3SgProxSubj+3PlObvObj"", ""PVTense/gii'+izhiiginan+VTI+Ind+Pos+Neu+3SgProxSubj+0SgObj""]}, {'word_form': ""jibwaa-maajinizha'ang"", 'fst_analyses': [""PVTense/jibwaa+maajinizha'an+VTI+Cnj+Pos+Neu+3SgProxSubj+0PlObj"", ""PVTense/jibwaa+maajinizha'an+VTI+Cnj+Pos+Neu+3SgProxSubj+0SgObj""]}, {'word_form': ""odoozhibii'amaagewin"", 'fst_analyses': []}, {'word_form': '.', 'fst_analyses': []}]",nj
Bwaawidaabii gaa-niigaanidaabiid.,The one pulling a sled load at the front has a hard time pulling.,"[{'word_form': 'bwaawidaabii', 'fst_analyses': ['bwaawidaabii+VAI+Ind+Pos+Neu+3SgProxSubj']}, {'word_form': 'gaa-niigaanidaabiid', 'fst_analyses': ['PVSub/gaa+niigaanidaabii+VAI+Cnj+Pos+Neu+3SgProxSubj', 'PVTense/gii+niigaanidaabii+VAI+Pcp+Pos+Neu+3SgProxSubj+3SgProxHead']}, {'word_form': '.', 'fst_analyses': []}]",nj
Omba'an giwanii'igan jibwaa-bakobii'aman.,Set the trap before you put it in the water.,"[{'word_form': ""omba'an"", 'fst_analyses': [""omba'an+VTI+Imp+Sim+2SgSubj+0PlObj"", ""omba'an+VTI+Imp+Sim+2SgSubj+0SgObj""]}, {'word_form': ""giwanii'igan"", 'fst_analyses': [""wanii'igan+NI+Sg+2SgPoss""]}, {'word_form': ""jibwaa-bakobii'aman"", 'fst_analyses': [""PVTense/jibwaa+bakobii'an+VTI+Cnj+Pos+Neu+2SgSubj+0PlObj"", ""PVTense/jibwaa+bakobii'an+VTI+Cnj+Pos+Neu+2SgSubj+0SgObj""]}, {'word_form': '.', 'fst_analyses': []}]",nj
Wegonen iwedi ezhibii'igaadeg agwaakwa'igan. Biibaagadaandim ina.,What does that sign over there say? It there a sale?,"[{'word_form': 'wegonen', 'fst_analyses': ['wegonen+PRONInter+NI+Sg']}, {'word_form': 'iwedi', 'fst_analyses': ['iwedi+PRONDem+NI+Sg']}, {'word_form': ""ezhibii'igaadeg"", 'fst_analyses': [""izhibii'igaade+VII+Pcp+Pos+Neu+0SgSubj+0SgHead""]}, {'word_form': ""agwaakwa'igan"", 'fst_analyses': [""agwaakwa'igan+NI+Sg""]}, {'word_form': '.', 'fst_analyses': []}, {'word_form': 'biibaagadaandim', 'fst_analyses': ['biibaagadaandi+VAI+Ind+Pos+Neu+XSubj']}, {'word_form': 'ina', 'fst_analyses': ['ina+PCDisc']}, {'word_form': '.', 'fst_analyses': []}]",nj
Aaniin ezhibii'igaadenig endaad.,What is her address?,"[{'word_form': 'aaniin', 'fst_analyses': ['aaniin+PCInterj', 'aaniin+ADVInter']}, {'word_form': ""ezhibii'igaadenig"", 'fst_analyses': [""izhibii'igaade+VII+Pcp+Pos+Neu+0SgObvSubj+0SgObvHead""]}, {'word_form': 'endaad', 'fst_analyses': ['daa+VAI+Pcp+Pos+Neu+3SgProxSubj+3SgProxHead']}, {'word_form': '.', 'fst_analyses': []}]",nj
Mii 'iwe nangwana ezhibii'igaadeg.,So that's what that letter (or note) says,"[{'word_form': 'mii', 'fst_analyses': ['mii+ADVPred']}, {'word_form': ""'iwe"", 'fst_analyses': [""'iwe+PRONDem+NI+Sg""]}, {'word_form': 'nangwana', 'fst_analyses': ['nangwana+PCDisc']}, {'word_form': ""ezhibii'igaadeg"", 'fst_analyses': [""izhibii'igaade+VII+Pcp+Pos+Neu+0SgSubj+0SgHead""]}, {'word_form': '.', 'fst_analyses': []}]",nj
Aabiskweginan moozo-wiiyaas ji-ningising.,Unwrap the moose meat so it will thaw out.,"[{'word_form': 'aabiskweginan', 'fst_analyses': ['aabiskweginan+VTI+Imp+Sim+2SgSubj+0PlObj', 'aabiskweginan+VTI+Imp+Sim+2SgSubj+0SgObj']}, {'word_form': 'moozo-wiiyaas', 'fst_analyses': ['moozo-wiiyaas+NI+Sg']}, {'word_form': 'ji-ningising', 'fst_analyses': ['PVTense/daa+ningisin+VII+Cnj+Pos+Neu+0SgSubj', 'PVTense/ga+ningisin+VII+Cnj+Pos+Neu+0SgSubj', 'PVTense/daa+ningisin+VII+Cnj+Pos+Neu+0PlSubj', 'PVTense/ga+ningisin+VII+Cnj+Pos+Neu+0PlSubj']}, {'word_form': '.', 'fst_analyses': []}]",nj
Ningii-shegwaabideshkaagon moozo-wiiyaas gii-miijiyaan bijiinaago.,Some moose meat got stuck between my teeth when I was eating yesterday.,"[{'word_form': 'ningii-shegwaabideshkaagon', 'fst_analyses': ['PVTense/gii+zhegwaabideshkaw+VTA+Ind+Pos+Neu+0SgSubj+1SgObj']}, {'word_form': 'moozo-wiiyaas', 'fst_analyses': ['moozo-wiiyaas+NI+Sg']}, {'word_form': 'gii-miijiyaan', 'fst_analyses': ['PVTense/gii+miijin+VTI+Cnj+Pos+Neu+1SgSubj+0PlObj', 'PVTense/gii+miijin+VTI+Cnj+Pos+Neu+1SgSubj+0SgObj']}, {'word_form': 'bijiinaago', 'fst_analyses': ['bijiinaago+ADVTmp']}, {'word_form': '.', 'fst_analyses': []}]",nj
Minomaasige gaa-zaasakokwaadang moozo-wiiyaas.,The aroma of the fried moose meat smells beautiful. = S/he's making a beautiful aroma frying up the moose meat.,"[{'word_form': 'minomaasige', 'fst_analyses': ['minomaasige+VAI+Ind+Pos+Neu+3SgProxSubj']}, {'word_form': 'gaa-zaasakokwaadang', 'fst_analyses': ['PVSub/gaa+zaasakokwaadan+VTI+Cnj+Pos+Neu+3SgProxSubj+0PlObj', 'PVSub/gaa+zaasakokwaadan+VTI+Cnj+Pos+Neu+3SgProxSubj+0SgObj']}, {'word_form': 'moozo-wiiyaas', 'fst_analyses': ['moozo-wiiyaas+NI+Sg']}, {'word_form': '.', 'fst_analyses': []}]",nj
Nisayenh ganabaj bagidenimo. Gaawiin ogashkitoosiin geyaabi ji-wiisinid; onzaam gichi-aakozi.,I think my brother is giving up. He isn't able to eat anymore because his is so very sick.,"[{'word_form': 'nisayenh', 'fst_analyses': ['sayeny+NAD+ProxSg+1SgPoss']}, {'word_form': 'ganabaj', 'fst_analyses': ['ganabaj+ADVMan']}, {'word_form': 'bagidenimo', 'fst_analyses': ['bagidenimo+VAI+Ind+Pos+Neu+3SgProxSubj']}, {'word_form': '.', 'fst_analyses': []}, {'word_form': 'gaawiin', 'fst_analyses': ['gaawiin+ADVNeg']}, {'word_form': 'ogashkitoosiin', 'fst_analyses': ['gashkitoon+VTI+Ind+Neg+Neu+3SgProxSubj+0SgObj']}, {'word_form': 'geyaabi', 'fst_analyses': ['geyaabi+ADVTmp']}, {'word_form': 'ji-wiisinid;', 'fst_analyses': []}, {'word_form': 'onzaam', 'fst_analyses': ['onzaam+ADVQnt']}, {'word_form': 'gichi-aakozi', 'fst_analyses': ['PVLex/gichi+aakozin+VAIO+Ind+Pos+Neu+3SgProxSubj', 'PVLex/gichi+aakozi+VAI+Ind+Pos+Neu+3SgProxSubj']}, {'word_form': '.', 'fst_analyses': []}]",nj
Wiineta go agwaa'amaazo.,He's only dishing it out for himself.,"[{'word_form': 'wiineta', 'fst_analyses': ['wiineta+PRONPer+NA+3Sg']}, {'word_form': 'go', 'fst_analyses': ['go+PCDisc']}, {'word_form': ""agwaa'amaazo"", 'fst_analyses': [""agwaa'amaazo+VAI+Ind+Pos+Neu+3SgProxSubj""]}, {'word_form': '.', 'fst_analyses': []}]",nj
Awenen igiwe ikwewag.,Who are those women?,"[{'word_form': 'awenen', 'fst_analyses': ['awenen+PRONInter+NA+ProxSg']}, {'word_form': 'igiwe', 'fst_analyses': ['igiwe+PRONDem+NA+ProxPl']}, {'word_form': 'ikwewag', 'fst_analyses': ['ikwe+NA+ProxPl']}, {'word_form': '.', 'fst_analyses': []}]",nj
Awenenag igiwe gaa-biindigewaad ininiwag.,Who are those men who just came in?,"[{'word_form': 'awenenag', 'fst_analyses': ['awenenag+PRONInter+NA+ProxPl']}, {'word_form': 'igiwe', 'fst_analyses': ['igiwe+PRONDem+NA+ProxPl']}, {'word_form': 'gaa-biindigewaad', 'fst_analyses': ['PVSub/gaa+biindige+VAI+Cnj+Pos+Neu+3PlProxSubj']}, {'word_form': 'ininiwag', 'fst_analyses': ['inini+NA+ProxPl']}, {'word_form': '.', 'fst_analyses': []}]",nj
Aaniin giin enamanji'oyan noongom.,How are you feeling now?,"[{'word_form': 'aaniin', 'fst_analyses': ['aaniin+PCInterj', 'aaniin+ADVInter']}, {'word_form': 'giin', 'fst_analyses': ['giin+PRONPer+NA+2Sg']}, {'word_form': ""enamanji'oyan"", 'fst_analyses': []}, {'word_form': 'noongom', 'fst_analyses': ['noongom+ADVTmp']}, {'word_form': '.', 'fst_analyses': []}]",nj
Eniwek igo babenag noongom inamanji'o.,She's feeling somewhat better today.,"[{'word_form': 'eniwek', 'fst_analyses': ['eniwek+ADVDeg']}, {'word_form': 'igo', 'fst_analyses': ['igo+PCEmph']}, {'word_form': 'babenag', 'fst_analyses': ['babenag+ADVTmp']}, {'word_form': 'noongom', 'fst_analyses': ['noongom+ADVTmp']}, {'word_form': ""inamanji'o"", 'fst_analyses': [""inamanji'o+VAI+Ind+Pos+Neu+3SgProxSubj""]}, {'word_form': '.', 'fst_analyses': []}]",nj
Ogaashiboodoon owewebanaabaan wii'-ando-bagidaabiid.,He's sharpening his hooks to go set a line.,"[{'word_form': 'ogaashiboodoon', 'fst_analyses': ['gaashiboodoon+VTI+Ind+Pos+Neu+3SgProxSubj+0SgObj']}, {'word_form': 'owewebanaabaan', 'fst_analyses': ['wewebanaabaan+NI+Sg+3SgProxPoss']}, {'word_form': ""wii'-ando-bagidaabiid"", 'fst_analyses': [""PVTense/wii'+PVLex/ando+bagidaabii+VAI+Cnj+Pos+Neu+3SgProxSubj""]}, {'word_form': '.', 'fst_analyses': []}]",nj
Weweni ozagakiiginaa' ogiziingwe'ona' gaa-paasonid.,She folded her towels neatly after they were dry.,"[{'word_form': 'weweni', 'fst_analyses': ['weweni+ADVMan']}, {'word_form': ""ozagakiiginaa'"", 'fst_analyses': ['zagakiigin+VTA+Ind+Pos+Neu+3SgProxSubj+3PlObvObj']}, {'word_form': ""ogiziingwe'ona'"", 'fst_analyses': [""giziingwe'on+NA+ObvPl+3SgProxPoss""]}, {'word_form': 'gaa-paasonid', 'fst_analyses': []}, {'word_form': '.', 'fst_analyses': []}]",nj
Onizhan gaa-gii-peshibii'aman.,Cut out what you traced on it.,"[{'word_form': 'onizhan', 'fst_analyses': ['onizhan+VTI+Imp+Sim+2SgSubj+0PlObj', 'onizhan+VTI+Imp+Sim+2SgSubj+0SgObj']}, {'word_form': ""gaa-gii-peshibii'aman"", 'fst_analyses': [""PVSub/gaa+PVTense/gii+beshibii'an+VTI+Cnj+Pos+Neu+2SgSubj+0PlObj"", ""PVSub/gaa+PVTense/gii+beshibii'an+VTI+Cnj+Pos+Neu+2SgSubj+0SgObj""]}, {'word_form': '.', 'fst_analyses': []}]",nj
Gabe-niibin nimbabaa-mawinz.,I've been going around picking berries all summer.,"[{'word_form': 'gabe-niibin', 'fst_analyses': ['PVLex/gabe+niibin+VII+Ind+Pos+Neu+0SgSubj', 'gabe-niibin+ADVTmp']}, {'word_form': 'nimbabaa-mawinz', 'fst_analyses': ['PVDir/babaa+mawinzo+VAI+Ind+Pos+Neu+1SgSubj']}, {'word_form': '.', 'fst_analyses': []}]",nj
Aaniin gaa'-igooyan gaa'-onji-ishkwaataayan gidanokiiwin.,What did they say to you to make you quit your job?,"[{'word_form': 'aaniin', 'fst_analyses': ['aaniin+PCInterj', 'aaniin+ADVInter']}, {'word_form': ""gaa'-igooyan"", 'fst_analyses': []}, {'word_form': ""gaa'-onji-ishkwaataayan"", 'fst_analyses': []}, {'word_form': 'gidanokiiwin', 'fst_analyses': ['anokiiwin+NI+Sg+2SgPoss']}, {'word_form': '.', 'fst_analyses': []}]",nj
Geget nindebwetaan nindinaabandamowin.,I really believe in my visions.,"[{'word_form': 'geget', 'fst_analyses': ['geget+ADVMan']}, {'word_form': 'nindebwetaan', 'fst_analyses': ['debwetan+VTI+Ind+Pos+Neu+1SgSubj+0SgObj']}, {'word_form': 'nindinaabandamowin', 'fst_analyses': ['inaabandamowin+NI+Sg+1SgPoss']}, {'word_form': '.', 'fst_analyses': []}]",nj
Agwajiing odaminowag abinoojiinyag.,The children are playing outside.,"[{'word_form': 'agwajiing', 'fst_analyses': ['agwajiing+ADVLoc']}, {'word_form': 'odaminowag', 'fst_analyses': ['odamino+VAI+Ind+Pos+Neu+3PlProxSubj']}, {'word_form': 'abinoojiinyag', 'fst_analyses': ['abinoojiinh+NA+ProxPl']}, {'word_form': '.', 'fst_analyses': []}]",nj
Ningii'-mikwendamose gaa'-atoowaan mewinzha gaa-gii'-wanitoowaan.,I suddenly remembered where I put the stuff I lost a long time ago.,"[{'word_form': ""ningii'-mikwendamose"", 'fst_analyses': [""PVTense/gii'+mikwendamose+VAI+Ind+Pos+Neu+1SgSubj""]}, {'word_form': ""gaa'-atoowaan"", 'fst_analyses': []}, {'word_form': 'mewinzha', 'fst_analyses': ['mewinzha+ADVTmp']}, {'word_form': ""gaa-gii'-wanitoowaan"", 'fst_analyses': []}, {'word_form': '.', 'fst_analyses': []}]",nj
Niwii'-wiinibiigadisaan niwaabishki-zhiibiigishkaawayaan.,I tie-dyed my white sweatshirt.,"[{'word_form': ""niwii'-wiinibiigadisaan"", 'fst_analyses': [""PVTense/wii'+wiinibiigadisan+VTI+Ind+Pos+Neu+1SgSubj+0SgObj""]}, {'word_form': 'niwaabishki-zhiibiigishkaawayaan', 'fst_analyses': ['PNLex/waabishki+zhiibiigishkaawayaan+NI+Sg+1SgPoss']}, {'word_form': '.', 'fst_analyses': []}]",nj
Ningii-tazhwaanikweyaabaawe gii-ani-aazhawa'adoowaan jibwaa-biindigawag nindaanis.,My hair got straightened in the rain before I got across to my daughter's place.,"[{'word_form': 'ningii-tazhwaanikweyaabaawe', 'fst_analyses': ['PVTense/gii+dazhwaanikweyaabaawe+VAI+Ind+Pos+Neu+1SgSubj']}, {'word_form': ""gii-ani-aazhawa'adoowaan"", 'fst_analyses': []}, {'word_form': 'jibwaa-biindigawag', 'fst_analyses': ['PVTense/jibwaa+biindigaw+VTA+Cnj+Pos+Neu+1SgSubj+3SgProxObj']}, {'word_form': 'nindaanis', 'fst_analyses': ['daanis+NAD+ProxSg+1SgPoss']}, {'word_form': '.', 'fst_analyses': []}]",nj
Odadima'aan gaa-bimaasininig jiimaan.,He caught up to the canoe that blew away.,"[{'word_form': ""odadima'aan"", 'fst_analyses': [""adima'an+VTI+Ind+Pos+Neu+3SgProxSubj+0SgObj""]}, {'word_form': 'gaa-bimaasininig', 'fst_analyses': ['PVSub/gaa+bimaasin+VII+Cnj+Pos+Neu+0PlObvSubj', 'PVSub/gaa+bimaasin+VII+Cnj+Pos+Neu+0SgObvSubj', 'PVTense/gii+bimaasin+VII+Pcp+Pos+Neu+0SgObvSubj+0SgObvHead']}, {'word_form': 'jiimaan', 'fst_analyses': ['jiimaan+NI+Sg']}, {'word_form': '.', 'fst_analyses': []}]",nj
Mazinaagonesin enigokozided.,There are marks in the snow of how big his feet are.,"[{'word_form': 'mazinaagonesin', 'fst_analyses': ['mazinaagonesin+VII+Ind+Pos+Neu+0SgSubj']}, {'word_form': 'enigokozided', 'fst_analyses': ['inigokozide+VAI+Pcp+Pos+Neu+3SgProxSubj+3SgProxHead']}, {'word_form': '.', 'fst_analyses': []}]",nj
Zhaawanong izhisewag maangwag gii-dagwaagig.,Loons fly south in the fall.,"[{'word_form': 'zhaawanong', 'fst_analyses': ['zhaawanong+ADVLoc']}, {'word_form': 'izhisewag', 'fst_analyses': ['izhise+VAI+Ind+Pos+Neu+3PlProxSubj']}, {'word_form': 'maangwag', 'fst_analyses': ['maang+NA+ProxPl']}, {'word_form': 'gii-dagwaagig', 'fst_analyses': ['PVTense/gii+dagwaagin+VII+Cnj+Pos+Neu+0SgSubj', 'PVTense/gii+dagwaagin+VII+Cnj+Pos+Neu+0PlSubj']}, {'word_form': '.', 'fst_analyses': []}]",nj
Gego mashi bawa'angen manoomin baamaa binaabigwaniig.,Don't rice yet until the flowers fall.,"[{'word_form': 'gego', 'fst_analyses': ['gego+ADVNeg']}, {'word_form': 'mashi', 'fst_analyses': ['mashi+ADVTmp']}, {'word_form': ""bawa'angen"", 'fst_analyses': [""bawa'am+VAI+Imp+Prb+2SgSubj"", ""bawa'an+VTI+Imp+Prb+2SgSubj+0PlObj"", ""bawa'an+VTI+Imp+Prb+2SgSubj+0SgObj""]}, {'word_form': 'manoomin', 'fst_analyses': ['manoomin+NI+Sg']}, {'word_form': 'baamaa', 'fst_analyses': ['baamaa+ADVTmp']}, {'word_form': 'binaabigwaniig', 'fst_analyses': ['binaabigwanii+VII+Cnj+Pos+Neu+0SgSubj', 'binaabigwanii+VII+Cnj+Pos+Neu+0PlSubj']}, {'word_form': '.', 'fst_analyses': []}]",nj
Gego mashi biindigeken. Geyaabi nibiiwisagaa. Noongom nindishkwaa-giziisaginige.,Don't come in yet. The floor is still wet. I just now finished washing it.,"[{'word_form': 'gego', 'fst_analyses': ['gego+ADVNeg']}, {'word_form': 'mashi', 'fst_analyses': ['mashi+ADVTmp']}, {'word_form': 'biindigeken', 'fst_analyses': ['biindige+VAI+Imp+Prb+2SgSubj']}, {'word_form': '.', 'fst_analyses': []}, {'word_form': 'geyaabi', 'fst_analyses': ['geyaabi+ADVTmp']}, {'word_form': 'nibiiwisagaa', 'fst_analyses': ['nibiiwisagaa+VII+Ind+Pos+Neu+0SgSubj']}, {'word_form': '.', 'fst_analyses': []}, {'word_form': 'noongom', 'fst_analyses': ['noongom+ADVTmp']}, {'word_form': 'nindishkwaa-giziisaginige', 'fst_analyses': ['PVLex/ishkwaa+giziisaginige+VAI+Ind+Pos+Neu+1SgSubj']}, {'word_form': '.', 'fst_analyses': []}]",nj
Gego mashi gashkaakowebinangen. Biindig imaa ate aabaabika'igan.,Don't slam the door yet. The key is still inside.,"[{'word_form': 'gego', 'fst_analyses': ['gego+ADVNeg']}, {'word_form': 'mashi', 'fst_analyses': ['mashi+ADVTmp']}, {'word_form': 'gashkaakowebinangen', 'fst_analyses': ['gashkaakowebinan+VTI+Imp+Prb+2SgSubj+0PlObj', 'gashkaakowebinan+VTI+Imp+Prb+2SgSubj+0SgObj']}, {'word_form': '.', 'fst_analyses': []}, {'word_form': 'biindig', 'fst_analyses': ['biindig+ADVLoc']}, {'word_form': 'imaa', 'fst_analyses': ['imaa+ADVLoc']}, {'word_form': 'ate', 'fst_analyses': ['ate+VII+Ind+Pos+Neu+0SgSubj']}, {'word_form': ""aabaabika'igan"", 'fst_analyses': [""aabaabika'igan+NI+Sg""]}, {'word_form': '.', 'fst_analyses': []}]",nj
Mitigong ondanjige baapaase. Mii iwe gaa-onji-bagone'waad mitigoo',A redheaded woodpecker gets its food from a tree. That's why it makes holes in the tree.,"[{'word_form': 'mitigong', 'fst_analyses': ['mitig+NA+Loc', 'mitig+NI+Loc']}, {'word_form': 'ondanjige', 'fst_analyses': ['ondanjige+VAI+Ind+Pos+Neu+3SgProxSubj']}, {'word_form': 'baapaase', 'fst_analyses': ['baapaase+NA+ProxSg']}, {'word_form': '.', 'fst_analyses': []}, {'word_form': 'mii', 'fst_analyses': ['mii+ADVPred']}, {'word_form': 'iwe', 'fst_analyses': ['iwe+PRONDem+NI+Sg']}, {'word_form': ""gaa-onji-bagone'waad"", 'fst_analyses': [""PVSub/gaa+PVRel/onji+bagone'wi+VTA+Cnj+Pos+Neu+3SgProxSubj+3SgObvObj"", ""PVSub/gaa+PVRel/onji+bagone'+VTA+Cnj+Pos+Neu+3SgProxSubj+3SgObvObj"", ""PVSub/gaa+PVRel/onji+bagone'wi+VTA+Cnj+Pos+Neu+3SgProxSubj+3PlObvObj"", ""PVSub/gaa+PVRel/onji+bagone'+VTA+Cnj+Pos+Neu+3SgProxSubj+3PlObvObj""]}, {'word_form': ""mitigoo'"", 'fst_analyses': ['mitig+NA+ObvPl']}]",nj
Anaamiindim waasagwinjin zhooniyaans.,There's a quarter shining on the bottom.,"[{'word_form': 'anaamiindim', 'fst_analyses': ['anaamiindim+ADVLoc']}, {'word_form': 'waasagwinjin', 'fst_analyses': []}, {'word_form': 'zhooniyaans', 'fst_analyses': ['zhooniyaans+NA+ProxSg', 'zhooniyaa+NA+Dim+ProxSg', 'zhooniyaa+NI+Dim+Sg']}, {'word_form': '.', 'fst_analyses': []}]",nj
Agwaaweba'an zhinoodaagan anaamiindim gaa-agwindeg.,Flick out the rope that's under the water.,"[{'word_form': ""agwaaweba'an"", 'fst_analyses': [""agwaaweba'an+VTI+Imp+Sim+2SgSubj+0PlObj"", ""agwaaweba'an+VTI+Imp+Sim+2SgSubj+0SgObj""]}, {'word_form': 'zhinoodaagan', 'fst_analyses': ['zhinoodaagan+NI+Sg']}, {'word_form': 'anaamiindim', 'fst_analyses': ['anaamiindim+ADVLoc']}, {'word_form': 'gaa-agwindeg', 'fst_analyses': ['PVSub/gaa+agwinde+VII+Cnj+Pos+Neu+0SgSubj', 'PVSub/gaa+agwinde+VII+Cnj+Pos+Neu+0PlSubj', 'PVTense/gii+agwinde+VII+Pcp+Pos+Neu+0SgSubj+0SgHead']}, {'word_form': '.', 'fst_analyses': []}]",nj
Gibishe'on waaboozwayaan wii-pimoseyan gii-gichi-gisinaag.,Stick some rabbit skin in your ear if you are going to go walking on a real cold day.,"[{'word_form': ""gibishe'on"", 'fst_analyses': [""gibishe'o+VAI+Imp+Sim+2SgSubj""]}, {'word_form': 'waaboozwayaan', 'fst_analyses': ['waaboozwayaan+NA+ProxSg']}, {'word_form': 'wii-pimoseyan', 'fst_analyses': ['PVTense/wii+bimose+VAI+Cnj+Pos+Neu+2SgSubj']}, {'word_form': 'gii-gichi-gisinaag', 'fst_analyses': ['PVTense/gii+PVLex/gichi+gisinaa+VII+Cnj+Pos+Neu+0SgSubj', 'PVTense/gii+PVLex/gichi+gisinaa+VII+Cnj+Pos+Neu+0PlSubj']}, {'word_form': '.', 'fst_analyses': []}]",nj
Ningii-pawaanigoo ji-gigishkamaan zhiibaashka'igani-magoodaas.,Someone had a dream for me to wear a jingle dress.,"[{'word_form': 'ningii-pawaanigoo', 'fst_analyses': ['PVTense/gii+bawaazh+VTA+Ind+Pos+Neu+XSubj+1SgObj']}, {'word_form': 'ji-gigishkamaan', 'fst_analyses': ['PVTense/daa+gigishkan+VTI+Cnj+Pos+Neu+1SgSubj+0PlObj', 'PVTense/ga+gigishkan+VTI+Cnj+Pos+Neu+1SgSubj+0PlObj', 'PVTense/daa+gigishkan+VTI+Cnj+Pos+Neu+1SgSubj+0SgObj', 'PVTense/ga+gigishkan+VTI+Cnj+Pos+Neu+1SgSubj+0SgObj']}, {'word_form': ""zhiibaashka'igani-magoodaas"", 'fst_analyses': [""zhiibaashka'igani-magoodaas+NI+Sg""]}, {'word_form': '.', 'fst_analyses': []}]",nj
Anaamisag dazhewag waawaabiganoojiinyag.,Mice nest under the floor.,"[{'word_form': 'anaamisag', 'fst_analyses': ['anaamisag+ADVLoc']}, {'word_form': 'dazhewag', 'fst_analyses': ['dazhe+VAI+Ind+Pos+Neu+3PlProxSubj']}, {'word_form': 'waawaabiganoojiinyag', 'fst_analyses': ['waawaabiganoojiinh+NA+ProxPl']}, {'word_form': '.', 'fst_analyses': []}]",nj
Eniwek igo babenag indinamanji' noongom. Bijiinaago nawaj ningii'-maanamanji'.,I feel a little better today than I did. Yesterday I felt worse.,"[{'word_form': 'eniwek', 'fst_analyses': ['eniwek+ADVDeg']}, {'word_form': 'igo', 'fst_analyses': ['igo+PCEmph']}, {'word_form': 'babenag', 'fst_analyses': ['babenag+ADVTmp']}, {'word_form': ""indinamanji'"", 'fst_analyses': [""inamanji'o+VAI+Ind+Pos+Neu+1SgSubj""]}, {'word_form': 'noongom', 'fst_analyses': ['noongom+ADVTmp']}, {'word_form': '.', 'fst_analyses': []}, {'word_form': 'bijiinaago', 'fst_analyses': ['bijiinaago+ADVTmp']}, {'word_form': 'nawaj', 'fst_analyses': ['nawaj+ADVDeg']}, {'word_form': ""ningii'-maanamanji'"", 'fst_analyses': [""PVTense/gii'+maanamanji'o+VAI+Ind+Pos+Neu+1SgSubj""]}, {'word_form': '.', 'fst_analyses': []}]",nj
Mayaawibidoon onaagan gaa-anibesing jibwaa-ziigiseg ginaboobiim.,Turn that slanted dish up straight before the soup spills.,"[{'word_form': 'mayaawibidoon', 'fst_analyses': ['mayaawibidoon+VTI+Imp+Sim+2SgSubj+0PlObj', 'mayaawibidoon+VTI+Imp+Sim+2SgSubj+0SgObj']}, {'word_form': 'onaagan', 'fst_analyses': ['onaagan+NI+Sg']}, {'word_form': 'gaa-anibesing', 'fst_analyses': ['PVSub/gaa+anibesin+VII+Cnj+Pos+Neu+0SgSubj', 'PVSub/gaa+anibesin+VII+Cnj+Pos+Neu+0PlSubj', 'PVTense/gii+anibesin+VII+Pcp+Pos+Neu+0SgSubj+0SgHead']}, {'word_form': 'jibwaa-ziigiseg', 'fst_analyses': ['PVTense/jibwaa+ziigise+VII+Cnj+Pos+Neu+0SgSubj', 'PVTense/jibwaa+ziigise+VII+Cnj+Pos+Neu+0PlSubj']}, {'word_form': 'ginaboobiim', 'fst_analyses': ['naboob+NI+Poss+Sg+2SgPoss']}, {'word_form': '.', 'fst_analyses': []}]",nj
Onzaam agaasaabikad ninitiiwinaagaans. Gaawiin inde-minikwesii.,My teacup is too small. I didn't get enough to drink.,"[{'word_form': 'onzaam', 'fst_analyses': ['onzaam+ADVQnt']}, {'word_form': 'agaasaabikad', 'fst_analyses': ['agaasaabikad+VII+Ind+Pos+Neu+0SgSubj']}, {'word_form': 'ninitiiwinaagaans', 'fst_analyses': ['nitiiwinaagaans+NI+Sg+1SgPoss']}, {'word_form': '.', 'fst_analyses': []}, {'word_form': 'gaawiin', 'fst_analyses': ['gaawiin+ADVNeg']}, {'word_form': 'inde-minikwesii', 'fst_analyses': ['PVLex/de+minikwe+VAI+Ind+Neg+Neu+1SgSubj', 'PVLex/de+minikwen+VAIO+Ind+Neg+Neu+1SgSubj']}, {'word_form': '.', 'fst_analyses': []}]",nj
Apiichi-gagiibaadizi gaa-onji-gibaakwa'ond.,He's in jail because he's so foolish.,"[{'word_form': 'apiichi-gagiibaadizi', 'fst_analyses': ['PVRel/apiichi+gagiibaadizi+VAI+Ind+Pos+Neu+3SgProxSubj']}, {'word_form': ""gaa-onji-gibaakwa'ond"", 'fst_analyses': [""PVSub/gaa+PVRel/onji+gibaakwa'+VTA+Cnj+Pos+Neu+XSubj+3SgProxObj""]}, {'word_form': '.', 'fst_analyses': []}]",nj
Aaniin epiichi-biboong.,How far along in the winter is it?,"[{'word_form': 'aaniin', 'fst_analyses': ['aaniin+PCInterj', 'aaniin+ADVInter']}, {'word_form': 'epiichi-biboong', 'fst_analyses': ['PVRel/apiichi+biboon+VII+Pcp+Pos+Neu+0SgSubj+0SgHead']}, {'word_form': '.', 'fst_analyses': []}]",nj
Enigok nindanokiitaan gaa-gii-igoowaan ji-inanokiiyaan.,I work hard at what I was told to do for my job.,"[{'word_form': 'enigok', 'fst_analyses': ['enigok+ADVDeg']}, {'word_form': 'nindanokiitaan', 'fst_analyses': ['anokiitan+VTI+Ind+Pos+Neu+1SgSubj+0SgObj']}, {'word_form': 'gaa-gii-igoowaan', 'fst_analyses': []}, {'word_form': 'ji-inanokiiyaan', 'fst_analyses': ['PVTense/daa+inanokii+VAI+Cnj+Pos+Neu+1SgSubj', 'PVTense/ga+inanokii+VAI+Cnj+Pos+Neu+1SgSubj']}, {'word_form': '.', 'fst_analyses': []}]",nj
Enigok gaandanaamo ikwe wewiib ji-nitaawiginaawasod.,A woman pushes hard for a quick childbirth.,"[{'word_form': 'enigok', 'fst_analyses': ['enigok+ADVDeg']}, {'word_form': 'gaandanaamo', 'fst_analyses': ['gaandanaamo+VAI+Ind+Pos+Neu+3SgProxSubj']}, {'word_form': 'ikwe', 'fst_analyses': ['ikwe+NA+ProxSg']}, {'word_form': 'wewiib', 'fst_analyses': ['wewiib+ADVMan']}, {'word_form': 'ji-nitaawiginaawasod', 'fst_analyses': ['PVTense/daa+nitaawiginaawaso+VAI+Cnj+Pos+Neu+3SgProxSubj', 'PVTense/ga+nitaawiginaawaso+VAI+Cnj+Pos+Neu+3SgProxSubj']}, {'word_form': '.', 'fst_analyses': []}]",nj
Aandi endanwewebijiged.,Where's that sound of it rooting around coming from?,"[{'word_form': 'aandi', 'fst_analyses': ['aandi+ADVInter']}, {'word_form': 'endanwewebijiged', 'fst_analyses': ['danwewebijige+VAI+Pcp+Pos+Neu+3SgProxSubj+3SgProxHead']}, {'word_form': '.', 'fst_analyses': []}]",nj
Binaagoneyaashiwag mitigoog.,The snow is blowing down off the trees.,"[{'word_form': 'binaagoneyaashiwag', 'fst_analyses': ['binaagoneyaashi+VAI+Ind+Pos+Neu+3PlProxSubj']}, {'word_form': 'mitigoog', 'fst_analyses': ['mitig+NA+ProxPl']}, {'word_form': '.', 'fst_analyses': []}]",nj
Aaboojiigin gii-paaswad nigigwayaan.,Turn an otter hide fur-side out after you dry it.,"[{'word_form': 'aaboojiigin', 'fst_analyses': ['aaboojiigin+VTA+Imp+Sim+2SgSubj+3SgProxObj', 'aaboojiigin+VTA+Imp+Sim+2SgSubj+3PlProxObj']}, {'word_form': 'gii-paaswad', 'fst_analyses': ['PVTense/gii+baaswi+VTA+Cnj+Pos+Neu+2SgSubj+3SgProxObj', 'PVTense/gii+baas+VTA+Cnj+Pos+Neu+2SgSubj+3SgProxObj']}, {'word_form': 'nigigwayaan', 'fst_analyses': ['nigigwayaan+NA+ProxSg']}, {'word_form': '.', 'fst_analyses': []}]",nj
Giga-dakizidewaj. Gidaa-biitakizine.,Your feet will get cold. You should put your shoes on.,"[{'word_form': 'giga-dakizidewaj', 'fst_analyses': ['PVTense/ga+dakizidewaji+VAI+Ind+Pos+Neu+2SgSubj']}, {'word_form': '.', 'fst_analyses': []}, {'word_form': 'gidaa-biitakizine', 'fst_analyses': ['PVTense/daa+biitakizine+VAI+Ind+Pos+Neu+2SgSubj']}, {'word_form': '.', 'fst_analyses': []}]",nj
Ningizan ashkikomaan. Wiimbikozh nabagisag. Mii 'imaa izhi-ziiginan gaa-gii'-ningizaman ashkikomaan.,Melt lead. Carve a hollow in a board. Pour the lead you've melted in there (to make buckshot).,"[{'word_form': 'ningizan', 'fst_analyses': ['ningizan+VTI+Imp+Sim+2SgSubj+0PlObj', 'ningizan+VTI+Imp+Sim+2SgSubj+0SgObj']}, {'word_form': 'ashkikomaan', 'fst_analyses': ['ashkikomaan+NI+Sg']}, {'word_form': '.', 'fst_analyses': []}, {'word_form': 'wiimbikozh', 'fst_analyses': ['wiimbikozh+VTA+Imp+Sim+2SgSubj+3SgProxObj', 'wiimbikozh+VTA+Imp+Sim+2SgSubj+3PlProxObj']}, {'word_form': 'nabagisag', 'fst_analyses': ['nabagisag+NA+ProxSg']}, {'word_form': '.', 'fst_analyses': []}, {'word_form': 'mii', 'fst_analyses': ['mii+ADVPred']}, {'word_form': ""'imaa"", 'fst_analyses': [""'imaa+ADVLoc""]}, {'word_form': 'izhi-ziiginan', 'fst_analyses': ['PVRel/izhi+ziiginan+VTI+Imp+Sim+2SgSubj+0PlObj', 'PVRel/izhi+ziiginan+VTI+Imp+Sim+2SgSubj+0SgObj']}, {'word_form': ""gaa-gii'-ningizaman"", 'fst_analyses': [""PVSub/gaa+PVTense/gii'+ningizan+VTI+Cnj+Pos+Neu+2SgSubj+0PlObj"", ""PVSub/gaa+PVTense/gii'+ningizan+VTI+Cnj+Pos+Neu+2SgSubj+0SgObj""]}, {'word_form': 'ashkikomaan', 'fst_analyses': ['ashkikomaan+NI+Sg']}, {'word_form': '.', 'fst_analyses': []}]",nj
Gikinawaaj inanjige'aa.,He has to eat certain kinds of food.,"[{'word_form': 'gikinawaaj', 'fst_analyses': ['gikinawaaj+ADVMan']}, {'word_form': ""inanjige'aa"", 'fst_analyses': [""inanjige'+VTA+Ind+Pos+Neu+XSubj+3SgProxObj""]}, {'word_form': '.', 'fst_analyses': []}]",nj
Zhiibaa-minis inasaadaa.,Let's set the net in the channel between islands.,"[{'word_form': 'zhiibaa-minis', 'fst_analyses': ['PNLex/zhiibaa+minis+NI+Sg']}, {'word_form': 'inasaadaa', 'fst_analyses': []}, {'word_form': '.', 'fst_analyses': []}]",nj
Aaniin epiichaag oodenaang? |  Niisimidana daso-diba'igan apiichaa.,How far to town? | I think it is about thirty miles.,"[{'word_form': 'aaniin', 'fst_analyses': ['aaniin+PCInterj', 'aaniin+ADVInter']}, {'word_form': 'epiichaag', 'fst_analyses': ['apiichaa+VII+Pcp+Pos+Neu+0SgSubj+0SgHead']}, {'word_form': 'oodenaang', 'fst_analyses': ['oodena+NI+Loc']}, {'word_form': '?', 'fst_analyses': []}, {'word_form': '|', 'fst_analyses': []}, {'word_form': 'niisimidana', 'fst_analyses': []}, {'word_form': ""daso-diba'igan"", 'fst_analyses': [""daso-diba'igan+NUM""]}, {'word_form': 'apiichaa', 'fst_analyses': ['apiichaa+VII+Ind+Pos+Neu+0SgSubj']}, {'word_form': '.', 'fst_analyses': []}]",nj
Aaniin epiichaag ezhi-wekwaamog miikana.,How far is the end of the road?,"[{'word_form': 'aaniin', 'fst_analyses': ['aaniin+PCInterj', 'aaniin+ADVInter']}, {'word_form': 'epiichaag', 'fst_analyses': ['apiichaa+VII+Pcp+Pos+Neu+0SgSubj+0SgHead']}, {'word_form': 'ezhi-wekwaamog', 'fst_analyses': ['PVRel/izhi+wekwaamon+VII+Pcp+Pos+Neu+0SgSubj+0SgHead']}, {'word_form': 'miikana', 'fst_analyses': ['miikana+NI+Sg']}, {'word_form': '.', 'fst_analyses': []}]",nj
Gii-ziigwang agwaataawag miskwaadesiwag gii-ando-owaawanowaad.,In the spring the mud turtles come ashore to lay their eggs.,"[{'word_form': 'gii-ziigwang', 'fst_analyses': ['PVTense/gii+ziigwan+VII+Cnj+Pos+Neu+0SgSubj', 'PVTense/gii+ziigwan+VII+Cnj+Pos+Neu+0PlSubj']}, {'word_form': 'agwaataawag', 'fst_analyses': ['agwaataa+VAI+Ind+Pos+Neu+3PlProxSubj']}, {'word_form': 'miskwaadesiwag', 'fst_analyses': ['miskwaadesi+NA+ProxPl']}, {'word_form': 'gii-ando-owaawanowaad', 'fst_analyses': ['PVTense/gii+PVLex/ando+owaawano+VAI+Cnj+Pos+Neu+3PlProxSubj']}, {'word_form': '.', 'fst_analyses': []}]",nj
Gegaa ningii-pisikawaa makwa gii-bimi-aazhawa'adood.,I almost hit the bear as it was crossing the road.,"[{'word_form': 'gegaa', 'fst_analyses': ['gegaa+ADVDeg']}, {'word_form': 'ningii-pisikawaa', 'fst_analyses': ['PVTense/gii+bisikaw+VTA+Ind+Pos+Neu+1SgSubj+3SgProxObj']}, {'word_form': 'makwa', 'fst_analyses': ['makwa+NA+ProxSg']}, {'word_form': ""gii-bimi-aazhawa'adood"", 'fst_analyses': [""PVTense/gii+PVDir/bimi+aazhawa'adoo+VAI+Cnj+Pos+Neu+3SgProxSubj""]}, {'word_form': '.', 'fst_analyses': []}]",nj
Ningii-tazhwaanikweyaabaawe gii-ani-aazhawa'adoowaan jibwaa-biindigawag nindaanis.,My hair got straightened in the rain before I got across to my daughter's place.,"[{'word_form': 'ningii-tazhwaanikweyaabaawe', 'fst_analyses': ['PVTense/gii+dazhwaanikweyaabaawe+VAI+Ind+Pos+Neu+1SgSubj']}, {'word_form': ""gii-ani-aazhawa'adoowaan"", 'fst_analyses': []}, {'word_form': 'jibwaa-biindigawag', 'fst_analyses': ['PVTense/jibwaa+biindigaw+VTA+Cnj+Pos+Neu+1SgSubj+3SgProxObj']}, {'word_form': 'nindaanis', 'fst_analyses': ['daanis+NAD+ProxSg+1SgPoss']}, {'word_form': '.', 'fst_analyses': []}]",nj
Ombweyaagama'an ginaboobiim jibwaa-agwaabikideg.,Stir up your soup before it burns to the pan.,"[{'word_form': ""ombweyaagama'an"", 'fst_analyses': [""ombweyaagama'an+VTI+Imp+Sim+2SgSubj+0PlObj"", ""ombweyaagama'an+VTI+Imp+Sim+2SgSubj+0SgObj""]}, {'word_form': 'ginaboobiim', 'fst_analyses': ['naboob+NI+Poss+Sg+2SgPoss']}, {'word_form': 'jibwaa-agwaabikideg', 'fst_analyses': ['PVTense/jibwaa+agwaabikide+VII+Cnj+Pos+Neu+0SgSubj', 'PVTense/jibwaa+agwaabikide+VII+Cnj+Pos+Neu+0PlSubj']}, {'word_form': '.', 'fst_analyses': []}]",nj
Endaso-gigizheb agwajiing ninando-biindaakoojige.,I go outside and offer tobacco every morning.,"[{'word_form': 'endaso-gigizheb', 'fst_analyses': ['endaso-gigizheb+ADVTmp']}, {'word_form': 'agwajiing', 'fst_analyses': ['agwajiing+ADVLoc']}, {'word_form': 'ninando-biindaakoojige', 'fst_analyses': ['PVLex/ando+biindaakoojige+VAI+Ind+Pos+Neu+1SgSubj', 'PVLex/ando+biindaakoojige+VAI+Ind+Pos+Neu+1SgSubj']}, {'word_form': '.', 'fst_analyses': []}]",nj
Ninga-jiishada'aan akwaandawaagan.,I'll sweep the steps.,"[{'word_form': ""ninga-jiishada'aan"", 'fst_analyses': [""PVTense/ga+jiishada'an+VTI+Ind+Pos+Neu+1SgSubj+0SgObj""]}, {'word_form': 'akwaandawaagan', 'fst_analyses': ['akwaandawaagan+NI+Sg']}, {'word_form': '.', 'fst_analyses': []}]",nj
Jiishada'igan aabajitoon ji-jiishada'aman gaa-gii-pinizaman.,Use a broom to sweep up what you drop when you're cooking.,"[{'word_form': ""jiishada'igan"", 'fst_analyses': [""jiishada'igan+NI+Sg""]}, {'word_form': 'aabajitoon', 'fst_analyses': ['aabajitoon+VTI+Imp+Sim+2SgSubj+0PlObj', 'aabajitoon+VTI+Imp+Sim+2SgSubj+0SgObj']}, {'word_form': ""ji-jiishada'aman"", 'fst_analyses': [""PVTense/daa+jiishada'an+VTI+Cnj+Pos+Neu+2SgSubj+0PlObj"", ""PVTense/ga+jiishada'an+VTI+Cnj+Pos+Neu+2SgSubj+0PlObj"", ""PVTense/daa+jiishada'an+VTI+Cnj+Pos+Neu+2SgSubj+0SgObj"", ""PVTense/ga+jiishada'an+VTI+Cnj+Pos+Neu+2SgSubj+0SgObj""]}, {'word_form': 'gaa-gii-pinizaman', 'fst_analyses': []}, {'word_form': '.', 'fst_analyses': []}]",nj
Zhaabonigan obimiwidoon waabizheshi.,The marten carries a needle.,"[{'word_form': 'zhaabonigan', 'fst_analyses': ['zhaabonigan+NI+Sg']}, {'word_form': 'obimiwidoon', 'fst_analyses': ['bimiwidoon+VTI+Ind+Pos+Neu+3SgProxSubj+0SgObj']}, {'word_form': 'waabizheshi', 'fst_analyses': ['waabizheshi+NA+ProxSg']}, {'word_form': '.', 'fst_analyses': []}]",nj
Daga maajaan miinawaa nagamon. Gigagwaanisagitaagoz gosha.,Go and sing again. You sound awesome!,"[{'word_form': 'daga', 'fst_analyses': ['daga+PCDisc']}, {'word_form': 'maajaan', 'fst_analyses': ['maajaa+VAI+Imp+Sim+2SgSubj']}, {'word_form': 'miinawaa', 'fst_analyses': ['miinawaa+ADVConj']}, {'word_form': 'nagamon', 'fst_analyses': ['nagamo+VAI+Imp+Sim+2SgSubj', 'nagamon+NI+Sg']}, {'word_form': '.', 'fst_analyses': []}, {'word_form': 'gigagwaanisagitaagoz', 'fst_analyses': ['gagwaanisagitaagozi+VAI+Ind+Pos+Neu+2SgSubj']}, {'word_form': 'gosha', 'fst_analyses': ['gosha+PCEmph']}, {'word_form': '.', 'fst_analyses': []}]",nj
Ogii'-miikinzomaan wiitaawisan gii-waabamaad.,He teased his brother-in-law when he saw him.,"[{'word_form': ""ogii'-miikinzomaan"", 'fst_analyses': [""PVTense/gii'+miikinzom+VTA+Ind+Pos+Neu+3SgProxSubj+3SgObvObj"", ""PVTense/gii'+miikinzom+VTA+Ind+Pos+Neu+3SgProxSubj+3PlObvObj""]}, {'word_form': 'wiitaawisan', 'fst_analyses': ['iitaawis+NAD+ObvPl+3SgProxPoss', 'iitaawis+NAD+ObvSg+3SgProxPoss']}, {'word_form': 'gii-waabamaad', 'fst_analyses': ['PVTense/gii+waabam+VTA+Cnj+Pos+Neu+3SgProxSubj+3SgObvObj', 'PVTense/gii+waabam+VTA+Cnj+Pos+Neu+3SgProxSubj+3PlObvObj']}, {'word_form': '.', 'fst_analyses': []}]",nj
Ningii-kwanabaabog gii-bi-niishiboonoyaan.,I tipped over shooting the rapids.,"[{'word_form': 'ningii-kwanabaabog', 'fst_analyses': ['PVTense/gii+gwanabaabogo+VAI+Ind+Pos+Neu+1SgSubj']}, {'word_form': 'gii-bi-niishiboonoyaan', 'fst_analyses': ['PVTense/gii+PVDir/bi+niishiboono+VAI+Cnj+Pos+Neu+1SgSubj']}, {'word_form': '.', 'fst_analyses': []}]",nj
Ambegish mino-giizhigak waabang. Gidaa-andobinewemin.,I hope it's a nice day tomorrow. We could go partridge hunting.,"[{'word_form': 'ambegish', 'fst_analyses': ['ambegish+ADVPred']}, {'word_form': 'mino-giizhigak', 'fst_analyses': ['mino-giizhigad+VII+Cnj+Pos+Neu+0SgSubj', 'PVLex/mino+giizhigad+VII+Cnj+Pos+Neu+0SgSubj', 'mino-giizhigad+VII+Cnj+Pos+Neu+0PlSubj', 'PVLex/mino+giizhigad+VII+Cnj+Pos+Neu+0PlSubj']}, {'word_form': 'waabang', 'fst_analyses': ['waaban+VII+Cnj+Pos+Neu+0SgSubj', 'waaban+VII+Cnj+Pos+Neu+0PlSubj']}, {'word_form': '.', 'fst_analyses': []}, {'word_form': 'gidaa-andobinewemin', 'fst_analyses': ['PVTense/daa+andobinewe+VAI+Ind+Pos+Neu+InclSubj']}, {'word_form': '.', 'fst_analyses': []}]",nj
Gichiwishkaa giwanii'igan.,Your trap is stuck.,"[{'word_form': 'gichiwishkaa', 'fst_analyses': ['gichiwishkaa+VAI+Ind+Pos+Neu+3SgProxSubj', 'gichiwishkaa+VII+Ind+Pos+Neu+0SgSubj']}, {'word_form': ""giwanii'igan"", 'fst_analyses': [""wanii'igan+NI+Sg+2SgPoss""]}, {'word_form': '.', 'fst_analyses': []}]",nj
Bangii nindewaawigane.,I've got a bit of a backache.,"[{'word_form': 'bangii', 'fst_analyses': ['bangii+ADVQnt']}, {'word_form': 'nindewaawigane', 'fst_analyses': ['dewaawigane+VAI+Ind+Pos+Neu+1SgSubj']}, {'word_form': '.', 'fst_analyses': []}]",nj
Nindagazomig gii-dibaajimod endasobiboonweyaan.,She embarasses me when she tells how old I am,"[{'word_form': 'nindagazomig', 'fst_analyses': ['agazom+VTA+Ind+Pos+Neu+3SgProxSubj+1SgObj']}, {'word_form': 'gii-dibaajimod', 'fst_analyses': ['PVTense/gii+dibaajimo+VAI+Cnj+Pos+Neu+3SgProxSubj']}, {'word_form': 'endasobiboonweyaan', 'fst_analyses': []}, {'word_form': '.', 'fst_analyses': []}]",nj
Mii aazha gii'-oditang de-dasobiboonwed ji-ishkwaa-anokiid.,He's already reached the age of retirement.,"[{'word_form': 'mii', 'fst_analyses': ['mii+ADVPred']}, {'word_form': 'aazha', 'fst_analyses': ['aazha+ADVTmp']}, {'word_form': ""gii'-oditang"", 'fst_analyses': [""PVTense/gii'+oditan+VTI+Cnj+Pos+Neu+3SgProxSubj+0PlObj"", ""PVTense/gii'+oditan+VTI+Cnj+Pos+Neu+3SgProxSubj+0SgObj""]}, {'word_form': 'de-dasobiboonwed', 'fst_analyses': ['PVLex/de+dasobiboonwe+VAI+Cnj+Pos+Neu+3SgProxSubj']}, {'word_form': 'ji-ishkwaa-anokiid', 'fst_analyses': ['PVTense/daa+PVLex/ishkwaa+anokii+VAI+Cnj+Pos+Neu+3SgProxSubj', 'PVTense/ga+PVLex/ishkwaa+anokii+VAI+Cnj+Pos+Neu+3SgProxSubj']}, {'word_form': '.', 'fst_analyses': []}]",nj
Bangii eta ningii'-ondiz gaa-gii'-inanokii'igoowaan.,I only earned a little bit for that job.,"[{'word_form': 'bangii', 'fst_analyses': ['bangii+ADVQnt']}, {'word_form': 'eta', 'fst_analyses': ['eta+ADVDeg']}, {'word_form': ""ningii'-ondiz"", 'fst_analyses': [""PVTense/gii'+ondizi+VAI+Ind+Pos+Neu+1SgSubj""]}, {'word_form': ""gaa-gii'-inanokii'igoowaan"", 'fst_analyses': []}, {'word_form': '.', 'fst_analyses': []}]",nj
Aakoziiyigamigong dapine.,He's in the hospital sick.,"[{'word_form': 'aakoziiyigamigong', 'fst_analyses': []}, {'word_form': 'dapine', 'fst_analyses': ['dapine+VAI+Ind+Pos+Neu+3SgProxSubj']}, {'word_form': '.', 'fst_analyses': []}]",nj
Ge niinawind ningii'-aanikanootaamin ikidowinan.,We helped translate the words too.,"[{'word_form': 'ge', 'fst_analyses': ['ge+ADVConj']}, {'word_form': 'niinawind', 'fst_analyses': ['niinawind+PRONPer+NA+Excl']}, {'word_form': ""ningii'-aanikanootaamin"", 'fst_analyses': [""PVTense/gii'+aanikanootan+VTI+Ind+Pos+Neu+ExclSubj+0PlObj"", ""PVTense/gii'+aanikanootan+VTI+Ind+Pos+Neu+ExclSubj+0SgObj""]}, {'word_form': 'ikidowinan', 'fst_analyses': ['ikidowin+NI+Pl']}, {'word_form': '.', 'fst_analyses': []}]",nj
Aabita-biboon aapiji besho-giizhigad.,In the middle of the winter the days are very short.,"[{'word_form': 'aabita-biboon', 'fst_analyses': ['PVQnt/aabita+biboon+VII+Ind+Pos+Neu+0SgSubj', 'aabita-biboon+VII+Ind+Pos+Neu+0SgSubj']}, {'word_form': 'aapiji', 'fst_analyses': ['aapiji+ADVDeg']}, {'word_form': 'besho-giizhigad', 'fst_analyses': ['besho-giizhigad+VII+Ind+Pos+Neu+0SgSubj', 'PVLex/besho+giizhigad+VII+Ind+Pos+Neu+0SgSubj']}, {'word_form': '.', 'fst_analyses': []}]",nj
Aanind ogaadoon enaajimod. Gaawiin gakina dibaajimosii.,He's hiding the rest of the story. He's not telling all of it,"[{'word_form': 'aanind', 'fst_analyses': ['aanind+ADVQnt']}, {'word_form': 'ogaadoon', 'fst_analyses': ['gaadoon+VTI+Ind+Pos+Neu+3SgProxSubj+0SgObj']}, {'word_form': 'enaajimod', 'fst_analyses': ['inaajimo+VAI+Pcp+Pos+Neu+3SgProxSubj+3SgProxHead']}, {'word_form': '.', 'fst_analyses': []}, {'word_form': 'gaawiin', 'fst_analyses': ['gaawiin+ADVNeg']}, {'word_form': 'gakina', 'fst_analyses': ['gakina+ADVQnt']}, {'word_form': 'dibaajimosii', 'fst_analyses': ['dibaajimo+VAI+Ind+Neg+Neu+3SgProxSubj']}, {'word_form': '.', 'fst_analyses': []}]",nj
Odenaniw obiijimaanjigaagen; mii ezhichiged ginebig.,What a snake does is uses its tongue to smell with.,"[{'word_form': 'odenaniw', 'fst_analyses': ['denaniw+NID+Sg+3SgProxPoss']}, {'word_form': 'obiijimaanjigaagen;', 'fst_analyses': []}, {'word_form': 'mii', 'fst_analyses': ['mii+ADVPred']}, {'word_form': 'ezhichiged', 'fst_analyses': ['izhichige+VAI+Pcp+Pos+Neu+3SgProxSubj+3SgProxHead']}, {'word_form': 'ginebig', 'fst_analyses': ['ginebig+NA+ProxSg']}, {'word_form': '.', 'fst_analyses': []}]",nj
Aazha gikendaagozi awenen ge-niiwezhiwed niigaanendaagoziwin.,It's pretty well known already who is going to win the leadership.,"[{'word_form': 'aazha', 'fst_analyses': ['aazha+ADVTmp']}, {'word_form': 'gikendaagozi', 'fst_analyses': ['gikendaagozi+VAI+Ind+Pos+Neu+3SgProxSubj']}, {'word_form': 'awenen', 'fst_analyses': ['awenen+PRONInter+NA+ProxSg']}, {'word_form': 'ge-niiwezhiwed', 'fst_analyses': []}, {'word_form': 'niigaanendaagoziwin', 'fst_analyses': ['niigaanendaagoziwin+NI+Sg']}, {'word_form': '.', 'fst_analyses': []}]",nj
Onzaam bangii ningii'-miigwechiwi'aa.,I didn't thank him enough.,"[{'word_form': 'onzaam', 'fst_analyses': ['onzaam+ADVQnt']}, {'word_form': 'bangii', 'fst_analyses': ['bangii+ADVQnt']}, {'word_form': ""ningii'-miigwechiwi'aa"", 'fst_analyses': [""PVTense/gii'+miigwechiwi'+VTA+Ind+Pos+Neu+1SgSubj+3SgProxObj""]}, {'word_form': '.', 'fst_analyses': []}]",nj
Omayaawishimaan odakikoon jibwaa-ziigaagonashinid.,S/he straightens h/ pail before the sun melts the snow out from under it (and it tilts and spills).,"[{'word_form': 'omayaawishimaan', 'fst_analyses': ['mayaawishim+VTA+Ind+Pos+Neu+3SgProxSubj+3SgObvObj', 'mayaawishim+VTA+Ind+Pos+Neu+3SgProxSubj+3PlObvObj']}, {'word_form': 'odakikoon', 'fst_analyses': ['akik+NA+ObvSg+3SgProxPoss', 'akik+NA+ObvPl+3SgProxPoss']}, {'word_form': 'jibwaa-ziigaagonashinid', 'fst_analyses': []}, {'word_form': '.', 'fst_analyses': []}]",nj
Giiwedin. Wiikwaasin wii-kisinaag.,There's a north wind. The wind is bring the cold this way.,"[{'word_form': 'giiwedin', 'fst_analyses': ['giiwedin+NI+Sg', 'giiwedin+VII+Ind+Pos+Neu+0SgSubj']}, {'word_form': '.', 'fst_analyses': []}, {'word_form': 'wiikwaasin', 'fst_analyses': ['wiikwaasin+VII+Ind+Pos+Neu+0SgSubj']}, {'word_form': 'wii-kisinaag', 'fst_analyses': ['PVTense/wii+gisinaa+VII+Cnj+Pos+Neu+0SgSubj', 'PVTense/wii+gisinaa+VII+Cnj+Pos+Neu+0PlSubj']}, {'word_form': '.', 'fst_analyses': []}]",nj
Wiikwaasinjigan aabajitoon wii-chiishada'igeyan. Wiikwaasinoon gaa-biiwisingin michisag.,Use a vacuum cleaner when you want to sweep up something. Stuff scattered on the floor is sucked up.,"[{'word_form': 'wiikwaasinjigan', 'fst_analyses': ['wiikwaasinjigan+NI+Sg']}, {'word_form': 'aabajitoon', 'fst_analyses': ['aabajitoon+VTI+Imp+Sim+2SgSubj+0PlObj', 'aabajitoon+VTI+Imp+Sim+2SgSubj+0SgObj']}, {'word_form': ""wii-chiishada'igeyan"", 'fst_analyses': [""PVTense/wii+jiishada'ige+VAI+Cnj+Pos+Neu+2SgSubj""]}, {'word_form': '.', 'fst_analyses': []}, {'word_form': 'wiikwaasinoon', 'fst_analyses': ['wiikwaasin+VII+Ind+Pos+Neu+0PlSubj']}, {'word_form': 'gaa-biiwisingin', 'fst_analyses': ['PVSub/gaa+biiwisin+VII+Cnj+Pos+Neu+0PlSubj', 'PVTense/gii+biiwisin+VII+Pcp+Pos+Neu+0PlSubj+0PlHead']}, {'word_form': 'michisag', 'fst_analyses': ['michisag+NI+Sg', 'michisag+ADVLoc']}, {'word_form': '.', 'fst_analyses': []}]",nj
Aaboojiigin gii-paaswad nigigwayaan.,Turn an otter hide fur-side out after you dry it.,"[{'word_form': 'aaboojiigin', 'fst_analyses': ['aaboojiigin+VTA+Imp+Sim+2SgSubj+3SgProxObj', 'aaboojiigin+VTA+Imp+Sim+2SgSubj+3PlProxObj']}, {'word_form': 'gii-paaswad', 'fst_analyses': ['PVTense/gii+baaswi+VTA+Cnj+Pos+Neu+2SgSubj+3SgProxObj', 'PVTense/gii+baas+VTA+Cnj+Pos+Neu+2SgSubj+3SgProxObj']}, {'word_form': 'nigigwayaan', 'fst_analyses': ['nigigwayaan+NA+ProxSg']}, {'word_form': '.', 'fst_analyses': []}]",nj
Awegwen igo odaa-noondawaan aandi eyaanid ininishiban gaa-initaagozid.,Anyone can tell it's a mallard duck by its sound.,"[{'word_form': 'awegwen', 'fst_analyses': ['awegwen+PRONDub+NA+ProxSg']}, {'word_form': 'igo', 'fst_analyses': ['igo+PCEmph']}, {'word_form': 'odaa-noondawaan', 'fst_analyses': ['PVTense/daa+noondaw+VTA+Ind+Pos+Neu+3SgProxSubj+3SgObvObj', 'PVTense/daa+noondaw+VTA+Ind+Pos+Neu+3SgProxSubj+3PlObvObj']}, {'word_form': 'aandi', 'fst_analyses': ['aandi+ADVInter']}, {'word_form': 'eyaanid', 'fst_analyses': []}, {'word_form': 'ininishiban', 'fst_analyses': ['ininishib+NA+ObvPl', 'ininishib+NA+ObvSg']}, {'word_form': 'gaa-initaagozid', 'fst_analyses': ['PVSub/gaa+initaagozi+VAI+Cnj+Pos+Neu+3SgProxSubj', 'PVTense/gii+initaagozi+VAI+Pcp+Pos+Neu+3SgProxSubj+3SgProxHead']}, {'word_form': '.', 'fst_analyses': []}]",nj
Niizho-mininj gii'-maajiigi noongom gaa-biboong noozhis Dana.,My grandchild Dana grew two inches this winter.,"[{'word_form': 'niizho-mininj', 'fst_analyses': ['niizho-mininj+NUM']}, {'word_form': ""gii'-maajiigi"", 'fst_analyses': [""PVTense/gii'+maajiigi+VAI+Ind+Pos+Neu+3SgProxSubj""]}, {'word_form': 'noongom', 'fst_analyses': ['noongom+ADVTmp']}, {'word_form': 'gaa-biboong', 'fst_analyses': ['PVSub/gaa+biboon+VII+Cnj+Pos+Neu+0SgSubj', 'PVSub/gaa+biboon+VII+Cnj+Pos+Neu+0PlSubj', 'PVTense/gii+biboon+VII+Pcp+Pos+Neu+0SgSubj+0SgHead']}, {'word_form': 'noozhis', 'fst_analyses': ['oozhis+NAD+ProxSg+1SgPoss']}, {'word_form': 'dana', 'fst_analyses': []}, {'word_form': '.', 'fst_analyses': []}]",nj
Ningii-siikoobiigamaa bagesaan.,I sucked the juice out of a plum.,"[{'word_form': 'ningii-siikoobiigamaa', 'fst_analyses': ['PVTense/gii+ziikoobiigam+VTA+Ind+Pos+Neu+1SgSubj+3SgProxObj']}, {'word_form': 'bagesaan', 'fst_analyses': ['bagesaan+NA+ProxSg']}, {'word_form': '.', 'fst_analyses': []}]",nj
Agwaashim giigoonyag gii-ishkwaa-naadasabiiyan.,Take the fish off the water after you have checked the net.,"[{'word_form': 'agwaashim', 'fst_analyses': ['agwaashim+VTA+Imp+Sim+2SgSubj+3SgProxObj', 'agwaashim+VTA+Imp+Sim+2SgSubj+3PlProxObj']}, {'word_form': 'giigoonyag', 'fst_analyses': ['giigoonh+NA+ProxPl']}, {'word_form': 'gii-ishkwaa-naadasabiiyan', 'fst_analyses': ['PVTense/gii+PVLex/ishkwaa+naadasabii+VAI+Cnj+Pos+Neu+2SgSubj']}, {'word_form': '.', 'fst_analyses': []}]",nj
Niizhoonikenin wii'-agwaashimad gijiibaakwaanakik. Gizhaabikizo.,Use two hands to take your pot out of the stove. It's pretty hot!,"[{'word_form': 'niizhoonikenin', 'fst_analyses': ['niizhoonikeni+VAI+Imp+Sim+2SgSubj']}, {'word_form': ""wii'-agwaashimad"", 'fst_analyses': [""PVTense/wii'+agwaashim+VTA+Cnj+Pos+Neu+2SgSubj+3SgProxObj""]}, {'word_form': 'gijiibaakwaanakik', 'fst_analyses': ['jiibaakwaanakik+NA+ProxSg+2SgPoss']}, {'word_form': '.', 'fst_analyses': []}, {'word_form': 'gizhaabikizo', 'fst_analyses': ['gizhaabikizo+VAI+Ind+Pos+Neu+3SgProxSubj']}, {'word_form': '.', 'fst_analyses': []}]",nj
Akawe niwii-pinaakwe'odiz jibwaa-maa'ishkamaan.,I'm going to comb my hair first before I go to town.,"[{'word_form': 'akawe', 'fst_analyses': ['akawe+ADVTmp']}, {'word_form': ""niwii-pinaakwe'odiz"", 'fst_analyses': [""PVTense/wii+binaakwe'wi+VTA+Reflex/dizo+VAI+Ind+Pos+Neu+1SgSubj+1SgObj"", ""PVTense/wii+binaakwe'+VTA+Reflex/dizo+VAI+Ind+Pos+Neu+1SgSubj+1SgObj"", ""PVTense/wii+binaakwe'odizo+VAI+Ind+Pos+Neu+1SgSubj+1SgObj""]}, {'word_form': ""jibwaa-maa'ishkamaan"", 'fst_analyses': [""PVTense/jibwaa+maa'ishkam+VAI+Cnj+Pos+Neu+1SgSubj""]}, {'word_form': '.', 'fst_analyses': []}]",nj
Gii-ziigwang agwaataawag miskwaadesiwag gii-ando-owaawanowaad.,In the spring the mud turtles come ashore to lay their eggs.,"[{'word_form': 'gii-ziigwang', 'fst_analyses': ['PVTense/gii+ziigwan+VII+Cnj+Pos+Neu+0SgSubj', 'PVTense/gii+ziigwan+VII+Cnj+Pos+Neu+0PlSubj']}, {'word_form': 'agwaataawag', 'fst_analyses': ['agwaataa+VAI+Ind+Pos+Neu+3PlProxSubj']}, {'word_form': 'miskwaadesiwag', 'fst_analyses': ['miskwaadesi+NA+ProxPl']}, {'word_form': 'gii-ando-owaawanowaad', 'fst_analyses': ['PVTense/gii+PVLex/ando+owaawano+VAI+Cnj+Pos+Neu+3PlProxSubj']}, {'word_form': '.', 'fst_analyses': []}]",nj
Miskwaadesi zaagikwegomo naawi-ziibi.,A mud turtle sticks its head out in the middle of the river.,"[{'word_form': 'miskwaadesi', 'fst_analyses': ['miskwaadesi+NA+ProxSg']}, {'word_form': 'zaagikwegomo', 'fst_analyses': ['zaagikwegomo+VAI+Ind+Pos+Neu+3SgProxSubj']}, {'word_form': 'naawi-ziibi', 'fst_analyses': ['PNLex/naawi+ziibi+NI+Sg', 'naawi-ziibi+ADVLoc']}, {'word_form': '.', 'fst_analyses': []}]",nj
Jiigi-waakaa'igan dana'amaazo.,He's singing right by the side of the house.,"[{'word_form': ""jiigi-waakaa'igan"", 'fst_analyses': [""PNLex/jiigi+waakaa'igan+NI+Sg"", ""jiigi-waakaa'igan+ADVLoc""]}, {'word_form': ""dana'amaazo"", 'fst_analyses': [""dana'amaazo+VAI+Ind+Pos+Neu+3SgProxSubj""]}, {'word_form': '.', 'fst_analyses': []}]",nj
Aandi nanda endana'amaazod gaa-debwewidang.,Where's that singing coming from?,"[{'word_form': 'aandi', 'fst_analyses': ['aandi+ADVInter']}, {'word_form': 'nanda', 'fst_analyses': []}, {'word_form': ""endana'amaazod"", 'fst_analyses': [""dana'amaazo+VAI+Pcp+Pos+Neu+3SgProxSubj+3SgProxHead""]}, {'word_form': 'gaa-debwewidang', 'fst_analyses': ['PVSub/gaa+debwewidam+VAI+Cnj+Pos+Neu+3SgProxSubj', 'PVTense/gii+debwewidam+VAI+Pcp+Pos+Neu+3SgProxSubj+3SgProxHead', 'PVTense/gii+debwewidam+VAI+Pcp+Pos+Neu+3PlProxSubj+3PlProxHead']}, {'word_form': '.', 'fst_analyses': []}]",nj
Zhaagooj igo inendam wii'-izhichiged.,He's going to go ahead and do it anyway.,"[{'word_form': 'zhaagooj', 'fst_analyses': ['zhaagooj+ADVMan']}, {'word_form': 'igo', 'fst_analyses': ['igo+PCEmph']}, {'word_form': 'inendam', 'fst_analyses': ['inendam+VAI+Ind+Pos+Neu+3SgProxSubj']}, {'word_form': ""wii'-izhichiged"", 'fst_analyses': [""PVTense/wii'+izhichige+VAI+Cnj+Pos+Neu+3SgProxSubj""]}, {'word_form': '.', 'fst_analyses': []}]",nj
Aangwaamas iidog mii gii-kiizhitooyaan nimaawandoogwaasonikaan.,I'm finally finishing my quilt.,"[{'word_form': 'aangwaamas', 'fst_analyses': ['aangwaamas+ADVTmp']}, {'word_form': 'iidog', 'fst_analyses': ['iidog+PCAsp']}, {'word_form': 'mii', 'fst_analyses': ['mii+ADVPred']}, {'word_form': 'gii-kiizhitooyaan', 'fst_analyses': ['PVTense/gii+giizhitoon+VTI+Cnj+Pos+Neu+1SgSubj+0PlObj', 'PVTense/gii+giizhitoon+VTI+Cnj+Pos+Neu+1SgSubj+0SgObj']}, {'word_form': 'nimaawandoogwaasonikaan', 'fst_analyses': ['maawandoogwaasonikaan+NI+Sg+1SgPoss']}, {'word_form': '.', 'fst_analyses': []}]",nj
Wewiib gagwe-giizhitoon gaa-dazhiikaman gigikinoo'amaagoowin.,Hurry up and finish your homework.,"[{'word_form': 'wewiib', 'fst_analyses': ['wewiib+ADVMan']}, {'word_form': 'gagwe-giizhitoon', 'fst_analyses': ['PVLex/gagwe+giizhitoon+VTI+Imp+Sim+2SgSubj+0PlObj', 'PVLex/gagwe+giizhitoon+VTI+Imp+Sim+2SgSubj+0SgObj']}, {'word_form': 'gaa-dazhiikaman', 'fst_analyses': ['PVSub/gaa+dazhiikan+VTI+Cnj+Pos+Neu+2SgSubj+0PlObj', 'PVSub/gaa+dazhiikan+VTI+Cnj+Pos+Neu+2SgSubj+0SgObj']}, {'word_form': ""gigikinoo'amaagoowin"", 'fst_analyses': [""gikinoo'amaagoowin+NI+Sg+2SgPoss""]}, {'word_form': '.', 'fst_analyses': []}]",nj
John ogii-kiizhitoon jiimaan gaa-gii'-ozhitood.,John finished the canoe he was making.,"[{'word_form': 'john', 'fst_analyses': []}, {'word_form': 'ogii-kiizhitoon', 'fst_analyses': ['PVTense/gii+giizhitoon+VTI+Ind+Pos+Neu+3SgProxSubj+0SgObj']}, {'word_form': 'jiimaan', 'fst_analyses': ['jiimaan+NI+Sg']}, {'word_form': ""gaa-gii'-ozhitood"", 'fst_analyses': [""PVSub/gaa+PVTense/gii'+ozhitoon+VTI+Cnj+Pos+Neu+3SgProxSubj+0PlObj"", ""PVSub/gaa+PVTense/gii'+ozhitoon+VTI+Cnj+Pos+Neu+3SgProxSubj+0SgObj""]}, {'word_form': '.', 'fst_analyses': []}]",nj
Giwii'-awi-ganawaabamaag ina giin gaa-wii-kagwejiiwaanidiwaad noongom gaa-dibikak.,Are you going to go watch the wrestling tonight?,"[{'word_form': ""giwii'-awi-ganawaabamaag"", 'fst_analyses': [""PVTense/wii'+PVDir/awi+ganawaabam+VTA+Ind+Pos+Neu+2SgSubj+3PlProxObj""]}, {'word_form': 'ina', 'fst_analyses': ['ina+PCDisc']}, {'word_form': 'giin', 'fst_analyses': ['giin+PRONPer+NA+2Sg']}, {'word_form': 'gaa-wii-kagwejiiwaanidiwaad', 'fst_analyses': ['PVSub/gaa+PVTense/wii+gagwejiiwaanidiwag+VAI+Cnj+Pos+Neu+3PlProxSubj+3PlProxObj', 'PVSub/gaa+PVTense/wii+gagwejiiwaazh+VTA+Recip/di+VAI+Cnj+Pos+Neu+3PlProxSubj+3PlProxObj']}, {'word_form': 'noongom', 'fst_analyses': ['noongom+ADVTmp']}, {'word_form': 'gaa-dibikak', 'fst_analyses': ['PVSub/gaa+dibikad+VII+Cnj+Pos+Neu+0SgSubj', 'PVSub/gaa+dibikad+VII+Cnj+Pos+Neu+0PlSubj', 'PVTense/gii+dibikad+VII+Pcp+Pos+Neu+0SgSubj+0SgHead']}, {'word_form': '.', 'fst_analyses': []}]",nj
Aaniin apii waa'-oshkidaabaaneyan?,When are you going to get a new car?,"[{'word_form': 'aaniin', 'fst_analyses': ['aaniin+PCInterj', 'aaniin+ADVInter']}, {'word_form': 'apii', 'fst_analyses': ['apii+ADVTmp']}, {'word_form': ""waa'-oshkidaabaaneyan"", 'fst_analyses': []}, {'word_form': '?', 'fst_analyses': []}]",nj
Gii-piniwebaasin waabowaan gaa-gii'-adoodooyaan ji-baateg.,The blanket I hung up on something to dry blew down.,"[{'word_form': 'gii-piniwebaasin', 'fst_analyses': ['PVTense/gii+biniwebaasin+VII+Ind+Pos+Neu+0SgSubj']}, {'word_form': 'waabowaan', 'fst_analyses': []}, {'word_form': ""gaa-gii'-adoodooyaan"", 'fst_analyses': []}, {'word_form': 'ji-baateg', 'fst_analyses': ['PVTense/daa+baate+VII+Cnj+Pos+Neu+0SgSubj', 'PVTense/ga+baate+VII+Cnj+Pos+Neu+0SgSubj', 'PVTense/daa+baate+VII+Cnj+Pos+Neu+0PlSubj', 'PVTense/ga+baate+VII+Cnj+Pos+Neu+0PlSubj']}, {'word_form': '.', 'fst_analyses': []}]",nj
Gii-piniwebaasin gaagaagiwi-wazison.,The raven's nest got blown down.,"[{'word_form': 'gii-piniwebaasin', 'fst_analyses': ['PVTense/gii+biniwebaasin+VII+Ind+Pos+Neu+0SgSubj']}, {'word_form': 'gaagaagiwi-wazison', 'fst_analyses': []}, {'word_form': '.', 'fst_analyses': []}]",nj
Obookosidoon waagaakwad gii-dwaa'iged; onzaam gipagadin.,He broke an axe when he cut a hole in the ice because the ice was too thick.,"[{'word_form': 'obookosidoon', 'fst_analyses': []}, {'word_form': 'waagaakwad', 'fst_analyses': ['waagaakwad+NI+Sg', 'waagaakwad+VII+Ind+Pos+Neu+0SgSubj']}, {'word_form': ""gii-dwaa'iged;"", 'fst_analyses': []}, {'word_form': 'onzaam', 'fst_analyses': ['onzaam+ADVQnt']}, {'word_form': 'gipagadin', 'fst_analyses': ['gipagadin+VII+Ind+Pos+Neu+0SgSubj']}, {'word_form': '.', 'fst_analyses': []}]",nj
Mashkawisin gaa-ototoseg.,The jello is firming up.,"[{'word_form': 'mashkawisin', 'fst_analyses': ['mashkawisin+VII+Ind+Pos+Neu+0SgSubj']}, {'word_form': 'gaa-ototoseg', 'fst_analyses': []}, {'word_form': '.', 'fst_analyses': []}]",nj
Mazinaagoneshin gaa'-izhi-nibaad waawaashkeshi.,A deer left an imprint of where it slept in the snow.,"[{'word_form': 'mazinaagoneshin', 'fst_analyses': ['mazinaagoneshin+VAI+Ind+Pos+Neu+3SgProxSubj']}, {'word_form': ""gaa'-izhi-nibaad"", 'fst_analyses': [""PVTense/gii'+PVRel/izhi+nibaa+VAI+Pcp+Pos+Neu+3SgProxSubj+3SgProxHead""]}, {'word_form': 'waawaashkeshi', 'fst_analyses': ['waawaashkeshi+NA+ProxSg']}, {'word_form': '.', 'fst_analyses': []}]",nj
Gii-oshki-niibing apii bakwaniiwan wiigwaasan.,The birch bark comes off the trees easily at the beginning of summer.,"[{'word_form': 'gii-oshki-niibing', 'fst_analyses': ['PVTense/gii+oshki-niibin+VII+Cnj+Pos+Neu+0SgSubj', 'PVTense/gii+PVLex/oshki+niibin+VII+Cnj+Pos+Neu+0SgSubj', 'PVTense/gii+oshki-niibin+VII+Cnj+Pos+Neu+0PlSubj', 'PVTense/gii+PVLex/oshki+niibin+VII+Cnj+Pos+Neu+0PlSubj']}, {'word_form': 'apii', 'fst_analyses': ['apii+ADVTmp']}, {'word_form': 'bakwaniiwan', 'fst_analyses': ['bakwanii+VII+Ind+Pos+Neu+0PlSubj', 'bakwanii+VAI+Ind+Pos+Neu+3PlObvSubj', 'bakwanii+VAI+Ind+Pos+Neu+3SgObvSubj']}, {'word_form': 'wiigwaasan', 'fst_analyses': ['wiigwaas+NA+ObvPl', 'wiigwaas+NA+ObvSg', 'wiigwaas+NI+Pl']}, {'word_form': '.', 'fst_analyses': []}]",nj
Mishawikwam awi-bagidaabiin.,Set a night line right out on the ice.,"[{'word_form': 'mishawikwam', 'fst_analyses': ['mishawikwam+ADVLoc']}, {'word_form': 'awi-bagidaabiin', 'fst_analyses': ['PVDir/awi+bagidaabii+VAI+Imp+Sim+2SgSubj']}, {'word_form': '.', 'fst_analyses': []}]",nj
Mishawikwam dazhi-wewebanaabii.,He's fishing out in the middle of the ice.,"[{'word_form': 'mishawikwam', 'fst_analyses': ['mishawikwam+ADVLoc']}, {'word_form': 'dazhi-wewebanaabii', 'fst_analyses': ['PVRel/dazhi+wewebanaabii+VAI+Ind+Pos+Neu+3SgProxSubj']}, {'word_form': '.', 'fst_analyses': []}]",nj
Ningii'-awi-mawadisaa nookomis zhebaa. Wiinge go ani-oziigiingwe. Gichi-aya'aawi.,I went to visit my grandma this morning. She has more wrinkles on her face. She's an elder.,"[{'word_form': ""ningii'-awi-mawadisaa"", 'fst_analyses': [""PVTense/gii'+PVDir/awi+mawadish+VTA+Ind+Pos+Neu+1SgSubj+3SgProxObj""]}, {'word_form': 'nookomis', 'fst_analyses': ['ookomis+NAD+ProxSg+1SgPoss']}, {'word_form': 'zhebaa', 'fst_analyses': ['zhebaa+ADVTmp']}, {'word_form': '.', 'fst_analyses': []}, {'word_form': 'wiinge', 'fst_analyses': ['wiinge+ADVDeg']}, {'word_form': 'go', 'fst_analyses': ['go+PCDisc']}, {'word_form': 'ani-oziigiingwe', 'fst_analyses': ['PVDir/ani+oziigiingwe+VAI+Ind+Pos+Neu+3SgProxSubj']}, {'word_form': '.', 'fst_analyses': []}, {'word_form': ""gichi-aya'aawi"", 'fst_analyses': [""gichi-aya'aawi+VAI+Ind+Pos+Neu+3SgProxSubj""]}, {'word_form': '.', 'fst_analyses': []}]",nj
Gidaa-bakinaa gidasab ji-baaswad.,You should pull up your net to dry it.,"[{'word_form': 'gidaa-bakinaa', 'fst_analyses': []}, {'word_form': 'gidasab', 'fst_analyses': ['asab+NA+ProxSg+2SgPoss']}, {'word_form': 'ji-baaswad', 'fst_analyses': ['PVTense/daa+baaswi+VTA+Cnj+Pos+Neu+2SgSubj+3SgProxObj', 'PVTense/ga+baaswi+VTA+Cnj+Pos+Neu+2SgSubj+3SgProxObj', 'PVTense/daa+baas+VTA+Cnj+Pos+Neu+2SgSubj+3SgProxObj', 'PVTense/ga+baas+VTA+Cnj+Pos+Neu+2SgSubj+3SgProxObj']}, {'word_form': '.', 'fst_analyses': []}]",nj
Onaazibiiwinaan odasabiin waa'-ando-bagida'waad.,She's taking her net down to the lake to set it.,"[{'word_form': 'onaazibiiwinaan', 'fst_analyses': ['naazibiiwizh+VTA+Ind+Pos+Neu+3SgProxSubj+3SgObvObj', 'naazibiiwizh+VTA+Ind+Pos+Neu+3SgProxSubj+3PlObvObj']}, {'word_form': 'odasabiin', 'fst_analyses': ['odasabii+VAI+Imp+Sim+2SgSubj', 'asab+NA+ObvSg+3SgProxPoss', 'asab+NA+ObvPl+3SgProxPoss']}, {'word_form': ""waa'-ando-bagida'waad"", 'fst_analyses': [""PVTense/wii'+PVLex/ando+bagida'waa+VAI+Pcp+Pos+Neu+3SgProxSubj+3SgProxHead""]}, {'word_form': '.', 'fst_analyses': []}]",nj
Aaboojiigin gii-paaswad nigigwayaan.,Turn an otter hide fur-side out after you dry it.,"[{'word_form': 'aaboojiigin', 'fst_analyses': ['aaboojiigin+VTA+Imp+Sim+2SgSubj+3SgProxObj', 'aaboojiigin+VTA+Imp+Sim+2SgSubj+3PlProxObj']}, {'word_form': 'gii-paaswad', 'fst_analyses': ['PVTense/gii+baaswi+VTA+Cnj+Pos+Neu+2SgSubj+3SgProxObj', 'PVTense/gii+baas+VTA+Cnj+Pos+Neu+2SgSubj+3SgProxObj']}, {'word_form': 'nigigwayaan', 'fst_analyses': ['nigigwayaan+NA+ProxSg']}, {'word_form': '.', 'fst_analyses': []}]",nj
Biiniigad ina gidadoopowiniigin.,Is your tablecloth clean?,"[{'word_form': 'biiniigad', 'fst_analyses': ['biiniigad+VII+Ind+Pos+Neu+0SgSubj']}, {'word_form': 'ina', 'fst_analyses': ['ina+PCDisc']}, {'word_form': 'gidadoopowiniigin', 'fst_analyses': ['adoopowiniigin+NI+Sg+2SgPoss']}, {'word_form': '.', 'fst_analyses': []}]",nj
Nabagisag apishim gijiibaakwaanakik ji-jaagidesinog gidadoopowiniigin.,Put a board under your pot so your tablecloth doesn't get burned.,"[{'word_form': 'nabagisag', 'fst_analyses': ['nabagisag+NA+ProxSg']}, {'word_form': 'apishim', 'fst_analyses': ['apishim+VTA+Imp+Sim+2SgSubj+3SgProxObj', 'apishim+VTA+Imp+Sim+2SgSubj+3PlProxObj']}, {'word_form': 'gijiibaakwaanakik', 'fst_analyses': ['jiibaakwaanakik+NA+ProxSg+2SgPoss']}, {'word_form': 'ji-jaagidesinog', 'fst_analyses': ['PVTense/daa+jaagide+VII+Cnj+Neg+Neu+0PlSubj', 'PVTense/ga+jaagide+VII+Cnj+Neg+Neu+0PlSubj', 'PVTense/daa+jaagide+VII+Cnj+Neg+Neu+0SgSubj', 'PVTense/ga+jaagide+VII+Cnj+Neg+Neu+0SgSubj']}, {'word_form': 'gidadoopowiniigin', 'fst_analyses': ['adoopowiniigin+NI+Sg+2SgPoss']}, {'word_form': '.', 'fst_analyses': []}]",nj
Wegonen gaa-kiishkizhigaageyan gii-giishkizhaman bashkwegin.,What did you cut with when you cut the hide.,"[{'word_form': 'wegonen', 'fst_analyses': ['wegonen+PRONInter+NI+Sg']}, {'word_form': 'gaa-kiishkizhigaageyan', 'fst_analyses': []}, {'word_form': 'gii-giishkizhaman', 'fst_analyses': ['PVTense/gii+giishkizhan+VTI+Cnj+Pos+Neu+2SgSubj+0PlObj', 'PVTense/gii+giishkizhan+VTI+Cnj+Pos+Neu+2SgSubj+0SgObj']}, {'word_form': 'bashkwegin', 'fst_analyses': ['bashkwegin+NI+Sg']}, {'word_form': '.', 'fst_analyses': []}]",nj
Anangoog bagakaanzhewag; noomag igo wii-kisinaa.,The stars are shining brightly; it will be cold for a while.,"[{'word_form': 'anangoog', 'fst_analyses': ['anang+NA+ProxPl']}, {'word_form': 'bagakaanzhewag;', 'fst_analyses': []}, {'word_form': 'noomag', 'fst_analyses': ['noomag+ADVTmp']}, {'word_form': 'igo', 'fst_analyses': ['igo+PCEmph']}, {'word_form': 'wii-kisinaa', 'fst_analyses': ['PVTense/wii+gisinaa+VII+Ind+Pos+Neu+0SgSubj']}, {'word_form': '.', 'fst_analyses': []}]",nj
Zhaagawibagizi miskwaabiimagoons.,Red willow has oval-shaped leaves.,"[{'word_form': 'zhaagawibagizi', 'fst_analyses': ['zhaagawibagizi+VAI+Ind+Pos+Neu+3SgProxSubj']}, {'word_form': 'miskwaabiimagoons', 'fst_analyses': ['miskwaabiimagoons+NA+ProxSg', 'miskwaabiimag+NA+Dim+ProxSg']}, {'word_form': '.', 'fst_analyses': []}]",nj
Mii awe miskwaabiimagoons ge-aabaji'ad ge-waakaagwa'wad gibiskitenaaganikaaning.,Red willow is what you sew around the rim of the birch bark basket you are making.,"[{'word_form': 'mii', 'fst_analyses': ['mii+ADVPred']}, {'word_form': 'awe', 'fst_analyses': ['awe+PRONDem+NA+ProxSg']}, {'word_form': 'miskwaabiimagoons', 'fst_analyses': ['miskwaabiimagoons+NA+ProxSg', 'miskwaabiimag+NA+Dim+ProxSg']}, {'word_form': ""ge-aabaji'ad"", 'fst_analyses': []}, {'word_form': ""ge-waakaagwa'wad"", 'fst_analyses': []}, {'word_form': 'gibiskitenaaganikaaning', 'fst_analyses': []}, {'word_form': '.', 'fst_analyses': []}]",nj
Maamaagojiishkan boodaajii'igan wii-poodaajii'aman gidapishimon.,Use the foot pump to inflate your air mattress.,"[{'word_form': 'maamaagojiishkan', 'fst_analyses': ['maamaagojiishkan+VTI+Imp+Sim+2SgSubj+0PlObj', 'maamaagojiishkan+VTI+Imp+Sim+2SgSubj+0SgObj']}, {'word_form': ""boodaajii'igan"", 'fst_analyses': [""boodaajii'igan+NI+Sg""]}, {'word_form': ""wii-poodaajii'aman"", 'fst_analyses': [""PVTense/wii+boodaajii'an+VTI+Cnj+Pos+Neu+2SgSubj+0PlObj"", ""PVTense/wii+boodaajii'an+VTI+Cnj+Pos+Neu+2SgSubj+0SgObj""]}, {'word_form': 'gidapishimon', 'fst_analyses': ['apishimon+NI+Sg+2SgPoss']}, {'word_form': '.', 'fst_analyses': []}]",nj
Aanak nanagamo ge-ani-onaagoshig.,A thrush sings towards evening.,"[{'word_form': 'aanak', 'fst_analyses': ['aanak+NA+ProxSg']}, {'word_form': 'nanagamo', 'fst_analyses': ['nanagamo+VAI+Ind+Pos+Neu+3SgProxSubj']}, {'word_form': 'ge-ani-onaagoshig', 'fst_analyses': []}, {'word_form': '.', 'fst_analyses': []}]",nj
Gakina awiya gidaa-manaaji'aa.,You should respect all living things.,"[{'word_form': 'gakina', 'fst_analyses': ['gakina+ADVQnt']}, {'word_form': 'awiya', 'fst_analyses': ['awiya+PRONIndf+NA']}, {'word_form': ""gidaa-manaaji'aa"", 'fst_analyses': [""PVTense/daa+manaaji'+VTA+Ind+Pos+Neu+2SgSubj+3SgProxObj""]}, {'word_form': '.', 'fst_analyses': []}]",nj
Waasaakwanjigewag waaboozoog. Mii omaa ge-izhi-agoodooyang.,Rabbits chewed the sticks bare. We'll set our snares here.,"[{'word_form': 'waasaakwanjigewag', 'fst_analyses': ['waasaakwanjige+VAI+Ind+Pos+Neu+3PlProxSubj']}, {'word_form': 'waaboozoog', 'fst_analyses': ['waabooz+NA+ProxPl']}, {'word_form': '.', 'fst_analyses': []}, {'word_form': 'mii', 'fst_analyses': ['mii+ADVPred']}, {'word_form': 'omaa', 'fst_analyses': ['omaa+ADVLoc']}, {'word_form': 'ge-izhi-agoodooyang', 'fst_analyses': []}, {'word_form': '.', 'fst_analyses': []}]",nj
Weweni inanjige'idizon. Gego miijiken gaa-boozaag.,Keep to a proper diet. Don't eat fatty things.,"[{'word_form': 'weweni', 'fst_analyses': ['weweni+ADVMan']}, {'word_form': ""inanjige'idizon"", 'fst_analyses': [""inanjige'+VTA+Reflex/dizo+VAI+Imp+Sim+2SgSubj+2SgObj"", ""inanjige'idizo+VAI+Imp+Sim+2SgSubj+2SgObj""]}, {'word_form': '.', 'fst_analyses': []}, {'word_form': 'gego', 'fst_analyses': ['gego+ADVNeg']}, {'word_form': 'miijiken', 'fst_analyses': ['miijin+VTI+Imp+Prb+2SgSubj+0PlObj', 'miijin+VTI+Imp+Prb+2SgSubj+0SgObj']}, {'word_form': 'gaa-boozaag', 'fst_analyses': ['PVSub/gaa+boozaa+VII+Cnj+Pos+Neu+0SgSubj', 'PVSub/gaa+boozaa+VII+Cnj+Pos+Neu+0PlSubj', 'PVTense/gii+boozaa+VII+Pcp+Pos+Neu+0SgSubj+0SgHead']}, {'word_form': '.', 'fst_analyses': []}]",nj
Gaag obishagaakwamaa' mitigoo'.,A porcupine eats bark off trees.,"[{'word_form': 'gaag', 'fst_analyses': ['gaag+NA+ProxSg']}, {'word_form': ""obishagaakwamaa'"", 'fst_analyses': ['bishagaakwam+VTA+Ind+Pos+Neu+3SgProxSubj+3PlObvObj']}, {'word_form': ""mitigoo'"", 'fst_analyses': ['mitig+NA+ObvPl']}, {'word_form': '.', 'fst_analyses': []}]",nj
Mikwamiiwan miikana. Ozhaashamon.,The road icy. It's pretty slippery.,"[{'word_form': 'mikwamiiwan', 'fst_analyses': ['mikwamiiwan+VII+Ind+Pos+Neu+0SgSubj']}, {'word_form': 'miikana', 'fst_analyses': ['miikana+NI+Sg']}, {'word_form': '.', 'fst_analyses': []}, {'word_form': 'ozhaashamon', 'fst_analyses': ['ozhaashamon+VII+Ind+Pos+Neu+0SgSubj']}, {'word_form': '.', 'fst_analyses': []}]",nj
Nawaj bekaa ikidon.,Say it slower.,"[{'word_form': 'nawaj', 'fst_analyses': ['nawaj+ADVDeg']}, {'word_form': 'bekaa', 'fst_analyses': ['bekaa+ADVMan']}, {'word_form': 'ikidon', 'fst_analyses': ['ikido+VAI+Imp+Sim+2SgSubj']}, {'word_form': '.', 'fst_analyses': []}]",nj
Bekaa akawe.,Wait a minute!,"[{'word_form': 'bekaa', 'fst_analyses': ['bekaa+ADVMan']}, {'word_form': 'akawe', 'fst_analyses': ['akawe+ADVTmp']}, {'word_form': '.', 'fst_analyses': []}]",nj
Bekaa kawe.,Wait a minute!,"[{'word_form': 'bekaa', 'fst_analyses': ['bekaa+ADVMan']}, {'word_form': 'kawe', 'fst_analyses': ['kawe+ADVTmp']}, {'word_form': '.', 'fst_analyses': []}]",nj
Jiigi-gizhaabikizigan onji-baasan gidazhiganan.,Dry your socks near the stove.,"[{'word_form': 'jiigi-gizhaabikizigan', 'fst_analyses': ['PNLex/jiigi+gizhaabikizigan+NI+Sg', 'jiigi-gizhaabikizigan+ADVLoc']}, {'word_form': 'onji-baasan', 'fst_analyses': ['PVRel/onji+baasan+VTI+Imp+Sim+2SgSubj+0PlObj', 'PVRel/onji+baasan+VTI+Imp+Sim+2SgSubj+0SgObj']}, {'word_form': 'gidazhiganan', 'fst_analyses': ['azhigan+NI+Pl+2SgPoss']}, {'word_form': '.', 'fst_analyses': []}]",nj
Bi-zaagidademo gaa'-ishkwaa-ganawaabandang enaatesenig.,She came out crying after watching the movie.,"[{'word_form': 'bi-zaagidademo', 'fst_analyses': ['PVDir/bi+zaagidademo+VAI+Ind+Pos+Neu+3SgProxSubj']}, {'word_form': ""gaa'-ishkwaa-ganawaabandang"", 'fst_analyses': []}, {'word_form': 'enaatesenig', 'fst_analyses': ['inaatese+VII+Pcp+Pos+Neu+0SgObvSubj+0SgObvHead']}, {'word_form': '.', 'fst_analyses': []}]",nj
Nisawaabik ningii'-waabamaa ginebig.,I saw a snake between the rocks.,"[{'word_form': 'nisawaabik', 'fst_analyses': ['nisawaabik+ADVLoc']}, {'word_form': ""ningii'-waabamaa"", 'fst_analyses': [""PVTense/gii'+waabam+VTA+Ind+Pos+Neu+1SgSubj+3SgProxObj""]}, {'word_form': 'ginebig', 'fst_analyses': ['ginebig+NA+ProxSg']}, {'word_form': '.', 'fst_analyses': []}]",nj
Aandi enaawanaad asinii'.,Where is s/he hauling the rocks to?,"[{'word_form': 'aandi', 'fst_analyses': ['aandi+ADVInter']}, {'word_form': 'enaawanaad', 'fst_analyses': []}, {'word_form': ""asinii'"", 'fst_analyses': ['asin+NA+ObvPl']}, {'word_form': '.', 'fst_analyses': []}]",nj
Manginaagozi mikwam gaa-waasishing minisaabikong.,There is a big shining pile of ice on the reef.,"[{'word_form': 'manginaagozi', 'fst_analyses': ['manginaagozi+VAI+Ind+Pos+Neu+3SgProxSubj']}, {'word_form': 'mikwam', 'fst_analyses': ['mikwam+NA+ProxSg']}, {'word_form': 'gaa-waasishing', 'fst_analyses': []}, {'word_form': 'minisaabikong', 'fst_analyses': ['minisaabik+NI+Loc']}, {'word_form': '.', 'fst_analyses': []}]",nj
Naawi-baawitig inaaboono gaa-niishiboonod.,The one shooting the rapids goes down in the middle.,"[{'word_form': 'naawi-baawitig', 'fst_analyses': ['PNLex/naawi+baawitig+NI+Sg', 'naawi-baawitig+ADVLoc']}, {'word_form': 'inaaboono', 'fst_analyses': ['inaaboono+VAI+Ind+Pos+Neu+3SgProxSubj']}, {'word_form': 'gaa-niishiboonod', 'fst_analyses': ['PVSub/gaa+niishiboono+VAI+Cnj+Pos+Neu+3SgProxSubj', 'PVTense/gii+niishiboono+VAI+Pcp+Pos+Neu+3SgProxSubj+3SgProxHead']}, {'word_form': '.', 'fst_analyses': []}]",nj
Biite gizhibaayaaboode naawi-baawitig.,The foam eddies around in the middle of the rapids.,"[{'word_form': 'biite', 'fst_analyses': ['biite+NI+Sg']}, {'word_form': 'gizhibaayaaboode', 'fst_analyses': ['gizhibaayaaboode+VII+Ind+Pos+Neu+0SgSubj']}, {'word_form': 'naawi-baawitig', 'fst_analyses': ['PNLex/naawi+baawitig+NI+Sg', 'naawi-baawitig+ADVLoc']}, {'word_form': '.', 'fst_analyses': []}]",nj
Aaniin epiitagoojing.,How high does it (animate) hang?,"[{'word_form': 'aaniin', 'fst_analyses': ['aaniin+PCInterj', 'aaniin+ADVInter']}, {'word_form': 'epiitagoojing', 'fst_analyses': ['apiitagoojin+VAI+Pcp+Pos+Neu+3SgProxSubj+3SgProxHead']}, {'word_form': '.', 'fst_analyses': []}]",nj
Badakakiise mookomaan gii-apagidooyaan. Gegoo wii'-minose.,The knife sticks in the ground when I throw it. There's going to be good luck.,"[{'word_form': 'badakakiise', 'fst_analyses': []}, {'word_form': 'mookomaan', 'fst_analyses': ['mookomaan+NI+Sg']}, {'word_form': 'gii-apagidooyaan', 'fst_analyses': ['PVTense/gii+apagidoon+VTI+Cnj+Pos+Neu+1SgSubj+0PlObj', 'PVTense/gii+apagidoon+VTI+Cnj+Pos+Neu+1SgSubj+0SgObj']}, {'word_form': '.', 'fst_analyses': []}, {'word_form': 'gegoo', 'fst_analyses': ['gegoo+PRONIndf+NI']}, {'word_form': ""wii'-minose"", 'fst_analyses': [""PVTense/wii'+minose+VAI+Ind+Pos+Neu+3SgProxSubj"", ""PVTense/wii'+minose+VII+Ind+Pos+Neu+0SgSubj""]}, {'word_form': '.', 'fst_analyses': []}]",nj
Aana-wii-koji'aa ji-anokaadang.,They're going to try her to work on it.,"[{'word_form': ""aana-wii-koji'aa"", 'fst_analyses': [""PVTense/aana+PVTense/wii+goji'+VTA+Ind+Pos+Neu+XSubj+3SgProxObj""]}, {'word_form': 'ji-anokaadang', 'fst_analyses': ['PVTense/daa+anokaadan+VTI+Cnj+Pos+Neu+3SgProxSubj+0PlObj', 'PVTense/ga+anokaadan+VTI+Cnj+Pos+Neu+3SgProxSubj+0PlObj', 'PVTense/daa+anokaadan+VTI+Cnj+Pos+Neu+3SgProxSubj+0SgObj', 'PVTense/ga+anokaadan+VTI+Cnj+Pos+Neu+3SgProxSubj+0SgObj']}, {'word_form': '.', 'fst_analyses': []}]",nj
Andoojiishkan akawe miikana jibwaa-aazhawagaakobizoyan.,First feel for the trail with your foot before you drive across the ice.,"[{'word_form': 'andoojiishkan', 'fst_analyses': ['nandoojiishkan+VTI+Imp+Sim+2SgSubj+0PlObj', 'andoojiishkan+VTI+Imp+Sim+2SgSubj+0PlObj', 'nandoojiishkan+VTI+Imp+Sim+2SgSubj+0SgObj', 'andoojiishkan+VTI+Imp+Sim+2SgSubj+0SgObj']}, {'word_form': 'akawe', 'fst_analyses': ['akawe+ADVTmp']}, {'word_form': 'miikana', 'fst_analyses': ['miikana+NI+Sg']}, {'word_form': 'jibwaa-aazhawagaakobizoyan', 'fst_analyses': ['PVTense/jibwaa+aazhawagaakobizo+VAI+Cnj+Pos+Neu+2SgSubj']}, {'word_form': '.', 'fst_analyses': []}]",nj
Miiwan onowe.,These are the ones.,"[{'word_form': 'miiwan', 'fst_analyses': ['miiwan+ADVPred']}, {'word_form': 'onowe', 'fst_analyses': ['onowe+PRONDem+NI+Pl', 'onowe+PRONDem+NA+ObvSg', 'onowe+PRONDem+NA+ObvPl']}, {'word_form': '.', 'fst_analyses': []}]",nj
Giga-wanishin giishpin banitawad imaa ge-onji-bakebizoyan.,You''ll be lost if you misunderstand where to turn off.,"[{'word_form': 'giga-wanishin', 'fst_analyses': ['PVTense/ga+wanishin+VAI+Ind+Pos+Neu+2SgSubj']}, {'word_form': 'giishpin', 'fst_analyses': ['giishpin+ADVGram']}, {'word_form': 'banitawad', 'fst_analyses': ['banitaw+VTA+Cnj+Pos+Neu+2SgSubj+3SgProxObj']}, {'word_form': 'imaa', 'fst_analyses': ['imaa+ADVLoc']}, {'word_form': 'ge-onji-bakebizoyan', 'fst_analyses': []}, {'word_form': '.', 'fst_analyses': []}]",nj
Gii-pinigwaashkoni jibwaa-bakebizod.,S/he jumped off before s/he went off the road.,"[{'word_form': 'gii-pinigwaashkoni', 'fst_analyses': ['PVTense/gii+binigwaashkoni+VAI+Ind+Pos+Neu+3SgProxSubj']}, {'word_form': 'jibwaa-bakebizod', 'fst_analyses': ['PVTense/jibwaa+bakebizo+VAI+Cnj+Pos+Neu+3SgProxSubj']}, {'word_form': '.', 'fst_analyses': []}]",nj
Niwiisagibinig mashkikiiwinini gii-maamaagonid gaa-izhi-wiisagendamaan.,The doctor hurt me when he was pressing on my sore.,"[{'word_form': 'niwiisagibinig', 'fst_analyses': ['wiisagibizh+VTA+Ind+Pos+Neu+3SgProxSubj+1SgObj']}, {'word_form': 'mashkikiiwinini', 'fst_analyses': ['mashkikiiwinini+NA+ProxSg']}, {'word_form': 'gii-maamaagonid', 'fst_analyses': ['PVTense/gii+maamaagon+VTA+Cnj+Pos+Neu+3SgProxSubj+1SgObj']}, {'word_form': 'gaa-izhi-wiisagendamaan', 'fst_analyses': ['PVSub/gaa+PVRel/izhi+wiisagendam+VAI+Cnj+Pos+Neu+1SgSubj']}, {'word_form': '.', 'fst_analyses': []}]",nj
Dabasaanakwadook oboonitoon ataagewin.,Dabasaanakwadook is quitting gambling.,"[{'word_form': 'dabasaanakwadook', 'fst_analyses': []}, {'word_form': 'oboonitoon', 'fst_analyses': ['boonitoon+VTI+Ind+Pos+Neu+3SgProxSubj+0SgObj']}, {'word_form': 'ataagewin', 'fst_analyses': ['ataagewin+NI+Sg']}, {'word_form': '.', 'fst_analyses': []}]",nj
Gii-panaandawe gaa-niisaaboojiged.,The one pushing the logs down the rapids fell off.,"[{'word_form': 'gii-panaandawe', 'fst_analyses': ['PVTense/gii+banaandawe+VAI+Ind+Pos+Neu+3SgProxSubj']}, {'word_form': 'gaa-niisaaboojiged', 'fst_analyses': ['PVSub/gaa+niisaaboojige+VAI+Cnj+Pos+Neu+3SgProxSubj', 'PVTense/gii+niisaaboojige+VAI+Pcp+Pos+Neu+3SgProxSubj+3SgProxHead']}, {'word_form': '.', 'fst_analyses': []}]",nj
Ozaawaagamin makade-mashkikiwaabo.,(The drink) coffee is brown.,"[{'word_form': 'ozaawaagamin', 'fst_analyses': ['ozaawaagamin+VII+Ind+Pos+Neu+0SgSubj']}, {'word_form': 'makade-mashkikiwaabo', 'fst_analyses': ['PNLex/makade+mashkikiwaabo+NI+Sg', 'makade-mashkikiwaabo+NI+Sg']}, {'word_form': '.', 'fst_analyses': []}]",nj
Ozaawadaawangad makade-mashkikiwaabo.,(Ground) coffee is brown.,"[{'word_form': 'ozaawadaawangad', 'fst_analyses': ['ozaawadaawangad+VII+Ind+Pos+Neu+0SgSubj']}, {'word_form': 'makade-mashkikiwaabo', 'fst_analyses': ['PNLex/makade+mashkikiwaabo+NI+Sg', 'makade-mashkikiwaabo+NI+Sg']}, {'word_form': '.', 'fst_analyses': []}]",nj
Giimooj ogaganoonaan.,He whispered to her.,"[{'word_form': 'giimooj', 'fst_analyses': ['giimooj+ADVMan']}, {'word_form': 'ogaganoonaan', 'fst_analyses': ['gaganoozh+VTA+Ind+Pos+Neu+3SgProxSubj+3SgObvObj', 'gaganoozh+VTA+Ind+Pos+Neu+3SgProxSubj+3PlObvObj']}, {'word_form': '.', 'fst_analyses': []}]",nj
Ningiziibiiginaanan onaaganan jibwaa-agwaakadodeg wiisiniwin.,I'm washing the dishes before the food sticks to them.,"[{'word_form': 'ningiziibiiginaanan', 'fst_analyses': ['giziibiiginan+VTI+Ind+Pos+Neu+1SgSubj+0PlObj']}, {'word_form': 'onaaganan', 'fst_analyses': ['onaagan+NI+Pl']}, {'word_form': 'jibwaa-agwaakadodeg', 'fst_analyses': []}, {'word_form': 'wiisiniwin', 'fst_analyses': ['wiisiniwin+NI+Sg']}, {'word_form': '.', 'fst_analyses': []}]",nj
Ozhisidoon onaaganan. Mii zhigwa go wiiba ji-wiisiniyang.,Set out the dishes. We're ready to eat.,"[{'word_form': 'ozhisidoon', 'fst_analyses': ['ozhisidoon+VTI+Imp+Sim+2SgSubj+0PlObj', 'ozhisidoon+VTI+Imp+Sim+2SgSubj+0SgObj']}, {'word_form': 'onaaganan', 'fst_analyses': ['onaagan+NI+Pl']}, {'word_form': '.', 'fst_analyses': []}, {'word_form': 'mii', 'fst_analyses': ['mii+ADVPred']}, {'word_form': 'zhigwa', 'fst_analyses': ['zhigwa+ADVTmp']}, {'word_form': 'go', 'fst_analyses': ['go+PCDisc']}, {'word_form': 'wiiba', 'fst_analyses': ['wiiba+ADVTmp']}, {'word_form': 'ji-wiisiniyang', 'fst_analyses': ['PVTense/daa+wiisini+VAI+Cnj+Pos+Neu+InclSubj', 'PVTense/ga+wiisini+VAI+Cnj+Pos+Neu+InclSubj']}, {'word_form': '.', 'fst_analyses': []}]",nj
Wiinaabikadoon gidoonaaganan. Gidaa-giziibiiginaanin.,Your dishes are dirty. We should wash them.,"[{'word_form': 'wiinaabikadoon', 'fst_analyses': ['wiinaabikad+VII+Ind+Pos+Neu+0PlSubj']}, {'word_form': 'gidoonaaganan', 'fst_analyses': ['onaagan+NI+Pl+2SgPoss']}, {'word_form': '.', 'fst_analyses': []}, {'word_form': 'gidaa-giziibiiginaanin', 'fst_analyses': []}, {'word_form': '.', 'fst_analyses': []}]",nj
Gewiin dagwii gaa-miigaadinid.,He joined in the fight too.,"[{'word_form': 'gewiin', 'fst_analyses': ['gewiin+PRONPer+NA+3Sg']}, {'word_form': 'dagwii', 'fst_analyses': ['dagwii+VAI+Ind+Pos+Neu+3SgProxSubj']}, {'word_form': 'gaa-miigaadinid', 'fst_analyses': ['PVSub/gaa+miigaadiwag+VAI+Cnj+Pos+Neu+3PlObvSubj+3PlObvObj']}, {'word_form': '.', 'fst_analyses': []}]",nj
Nindagwii gaa-waakaa'igewaad.,I am among the carpenters.,"[{'word_form': 'nindagwii', 'fst_analyses': ['dagwii+VAI+Ind+Pos+Neu+1SgSubj', 'agwiin+VAIO+Ind+Pos+Neu+1SgSubj', 'agwii+VAI+Ind+Pos+Neu+1SgSubj']}, {'word_form': ""gaa-waakaa'igewaad"", 'fst_analyses': [""PVSub/gaa+waakaa'ige+VAI+Cnj+Pos+Neu+3PlProxSubj""]}, {'word_form': '.', 'fst_analyses': []}]",nj
Aandi endanitaagozid gaa-biibaagid.,Which way is the yelling coming from?,"[{'word_form': 'aandi', 'fst_analyses': ['aandi+ADVInter']}, {'word_form': 'endanitaagozid', 'fst_analyses': ['danitaagozi+VAI+Pcp+Pos+Neu+3SgProxSubj+3SgProxHead']}, {'word_form': 'gaa-biibaagid', 'fst_analyses': ['PVSub/gaa+biibaagi+VAI+Cnj+Pos+Neu+3SgProxSubj', 'PVTense/gii+biibaagi+VAI+Pcp+Pos+Neu+3SgProxSubj+3SgProxHead']}, {'word_form': '.', 'fst_analyses': []}]",nj
Niningwaagone'aan niwanii'igan.,I cover my trap with snow.,"[{'word_form': ""niningwaagone'aan"", 'fst_analyses': [""ningwaagone'an+VTI+Ind+Pos+Neu+1SgSubj+0SgObj""]}, {'word_form': ""niwanii'igan"", 'fst_analyses': [""wanii'igan+NI+Sg+1SgPoss""]}, {'word_form': '.', 'fst_analyses': []}]",nj
Naawaajiwan badakidewan giwanii'iganan.,Your traps are in middle of the overflow.,"[{'word_form': 'naawaajiwan', 'fst_analyses': ['naawaajiwan+ADVLoc']}, {'word_form': 'badakidewan', 'fst_analyses': ['badakide+VII+Ind+Pos+Neu+0PlSubj']}, {'word_form': ""giwanii'iganan"", 'fst_analyses': [""wanii'igan+NI+Pl+2SgPoss""]}, {'word_form': '.', 'fst_analyses': []}]",nj
Aaniin enakamigaag.,What is the ground like?,"[{'word_form': 'aaniin', 'fst_analyses': ['aaniin+PCInterj', 'aaniin+ADVInter']}, {'word_form': 'enakamigaag', 'fst_analyses': ['inakamigaa+VII+Pcp+Pos+Neu+0SgSubj+0SgHead']}, {'word_form': '.', 'fst_analyses': []}]",nj
I'Iwidi ogidigamig gidaa-awi-nibaa.,You can go sleep upstairs.,"[{'word_form': ""i'iwidi"", 'fst_analyses': [""i'iwidi+ADVLoc""]}, {'word_form': 'ogidigamig', 'fst_analyses': ['ogidigamig+ADVLoc']}, {'word_form': 'gidaa-awi-nibaa', 'fst_analyses': ['PVTense/daa+PVDir/awi+nibaa+VAI+Ind+Pos+Neu+2SgSubj']}, {'word_form': '.', 'fst_analyses': []}]",nj
Ogidigamig danwewengwaamo nimishoomis.,I hear my grandfather snoring upstairs.,"[{'word_form': 'ogidigamig', 'fst_analyses': ['ogidigamig+ADVLoc']}, {'word_form': 'danwewengwaamo', 'fst_analyses': ['danwewengwaamo+VAI+Ind+Pos+Neu+3SgProxSubj']}, {'word_form': 'nimishoomis', 'fst_analyses': ['mishoomis+NAD+ProxSg+1SgPoss']}, {'word_form': '.', 'fst_analyses': []}]",nj
Nimamigobidoonan miinan gaa-mashkawaakwadingin bangii wii-siiginamaan nindoonaaganing.,I rub the frozen blueberries (in the bag) to pour a few onto my plate.,"[{'word_form': 'nimamigobidoonan', 'fst_analyses': ['mamigobidoon+VTI+Ind+Pos+Neu+1SgSubj+0PlObj']}, {'word_form': 'miinan', 'fst_analyses': ['miinan+NI+Pl', 'miin+NI+Pl']}, {'word_form': 'gaa-mashkawaakwadingin', 'fst_analyses': ['PVSub/gaa+mashkawaakwadin+VII+Cnj+Pos+Neu+0PlSubj', 'PVTense/gii+mashkawaakwadin+VII+Pcp+Pos+Neu+0PlSubj+0PlHead']}, {'word_form': 'bangii', 'fst_analyses': ['bangii+ADVQnt']}, {'word_form': 'wii-siiginamaan', 'fst_analyses': ['PVTense/wii+ziiginan+VTI+Cnj+Pos+Neu+1SgSubj+0PlObj', 'PVTense/wii+ziiginan+VTI+Cnj+Pos+Neu+1SgSubj+0SgObj']}, {'word_form': 'nindoonaaganing', 'fst_analyses': ['onaagan+NI+Loc+1SgPoss']}, {'word_form': '.', 'fst_analyses': []}]",nj
Onzaam da-aako-zhiiwizi niibiwa atooyan ziinzibaakwad.,It will be extremely sweet if you put a lot of sugar on it.,"[{'word_form': 'onzaam', 'fst_analyses': ['onzaam+ADVQnt']}, {'word_form': 'da-aako-zhiiwizi', 'fst_analyses': ['PVTense/ga+PVLex/aako+zhiiwizi+VAI+Ind+Pos+Neu+3SgProxSubj']}, {'word_form': 'niibiwa', 'fst_analyses': ['niibiwa+ADVQnt']}, {'word_form': 'atooyan', 'fst_analyses': ['atoon+VTI+Cnj+Pos+Neu+2SgSubj+0PlObj', 'atoon+VTI+Cnj+Pos+Neu+2SgSubj+0SgObj']}, {'word_form': 'ziinzibaakwad', 'fst_analyses': ['ziinzibaakwad+NI+Sg']}, {'word_form': '.', 'fst_analyses': []}]",nj
Ningii'-noonde-giishkaajim minik waa'-inaajimoyaambaan gii-bi-biindiged nindoogimaan.,I had to cut my story off when my boss came in.,"[{'word_form': ""ningii'-noonde-giishkaajim"", 'fst_analyses': [""PVTense/gii'+PVLex/noonde+giishkaajimo+VAI+Ind+Pos+Neu+1SgSubj""]}, {'word_form': 'minik', 'fst_analyses': ['minik+ADVQnt']}, {'word_form': ""waa'-inaajimoyaambaan"", 'fst_analyses': []}, {'word_form': 'gii-bi-biindiged', 'fst_analyses': ['PVTense/gii+PVDir/bi+biindige+VAI+Cnj+Pos+Neu+3SgProxSubj']}, {'word_form': 'nindoogimaan', 'fst_analyses': ['ogimaa+NA+ObvPl+1SgPoss', 'ogimaa+NA+ObvSg+1SgPoss']}, {'word_form': '.', 'fst_analyses': []}]",nj
Abaabikizwi zhooshkwa'igan,Heat up the iron.,"[{'word_form': 'abaabikizwi', 'fst_analyses': ['abaabikizwi+VTA+Imp+Sim+2SgSubj+3SgProxObj', 'abaabikizwi+VTA+Imp+Sim+2SgSubj+3PlProxObj']}, {'word_form': ""zhooshkwa'igan"", 'fst_analyses': [""zhooshkwa'igan+NA+ProxSg""]}]",nj
Gii-kadiskaabiigise nizhooshkwa'igan. Gaawiin madwegamizosii.,My iron got unplugged. I don't hear it sizzling anymore.,"[{'word_form': 'gii-kadiskaabiigise', 'fst_analyses': []}, {'word_form': ""nizhooshkwa'igan"", 'fst_analyses': [""zhooshkwa'igan+NA+ProxSg+1SgPoss""]}, {'word_form': '.', 'fst_analyses': []}, {'word_form': 'gaawiin', 'fst_analyses': ['gaawiin+ADVNeg']}, {'word_form': 'madwegamizosii', 'fst_analyses': ['madwegamizo+VAI+Ind+Neg+Neu+3SgProxSubj']}, {'word_form': '.', 'fst_analyses': []}]",nj
Zhooshkwa'igan aabaji' wii-shooshkwega'aman gigishkiganan.,Use an iron when you want to press clothes.,"[{'word_form': ""zhooshkwa'igan"", 'fst_analyses': [""zhooshkwa'igan+NA+ProxSg""]}, {'word_form': ""aabaji'"", 'fst_analyses': [""aabaji'+VTA+Imp+Sim+2SgSubj+3SgProxObj"", ""aabaji'+VTA+Imp+Sim+2SgSubj+3PlProxObj""]}, {'word_form': ""wii-shooshkwega'aman"", 'fst_analyses': [""PVTense/wii+zhooshkwega'an+VTI+Cnj+Pos+Neu+2SgSubj+0PlObj"", ""PVTense/wii+zhooshkwega'an+VTI+Cnj+Pos+Neu+2SgSubj+0SgObj""]}, {'word_form': 'gigishkiganan', 'fst_analyses': ['gigishkigan+NI+Pl']}, {'word_form': '.', 'fst_analyses': []}]",nj
Ambegish ina niin.,Are you wishing for me?,"[{'word_form': 'ambegish', 'fst_analyses': ['ambegish+ADVPred']}, {'word_form': 'ina', 'fst_analyses': ['ina+PCDisc']}, {'word_form': 'niin', 'fst_analyses': ['niin+PRONPer+NA+1Sg']}, {'word_form': '.', 'fst_analyses': []}]",nj
Ambegish mino-giizhigak waabang. Gidaa-andobinewemin.,I hope it's a nice day tomorrow. We could go partridge hunting.,"[{'word_form': 'ambegish', 'fst_analyses': ['ambegish+ADVPred']}, {'word_form': 'mino-giizhigak', 'fst_analyses': ['mino-giizhigad+VII+Cnj+Pos+Neu+0SgSubj', 'PVLex/mino+giizhigad+VII+Cnj+Pos+Neu+0SgSubj', 'mino-giizhigad+VII+Cnj+Pos+Neu+0PlSubj', 'PVLex/mino+giizhigad+VII+Cnj+Pos+Neu+0PlSubj']}, {'word_form': 'waabang', 'fst_analyses': ['waaban+VII+Cnj+Pos+Neu+0SgSubj', 'waaban+VII+Cnj+Pos+Neu+0PlSubj']}, {'word_form': '.', 'fst_analyses': []}, {'word_form': 'gidaa-andobinewemin', 'fst_analyses': ['PVTense/daa+andobinewe+VAI+Ind+Pos+Neu+InclSubj']}, {'word_form': '.', 'fst_analyses': []}]",nj
Ozhitoon gibashkweginwekizinan jibwaa-maajii-niimi'iding.,Make your moccasins before the powwow season starts.,"[{'word_form': 'ozhitoon', 'fst_analyses': ['ozhitoon+VTI+Imp+Sim+2SgSubj+0PlObj', 'ozhitoon+VTI+Imp+Sim+2SgSubj+0SgObj']}, {'word_form': 'gibashkweginwekizinan', 'fst_analyses': ['bashkweginwekizin+NI+Pl+2SgPoss']}, {'word_form': ""jibwaa-maajii-niimi'iding"", 'fst_analyses': [""PVTense/jibwaa+PVLex/maajii+niimi'+VTA+Recip/di+VAI+Cnj+Pos+Neu+XSubj+XObj"", ""PVTense/jibwaa+PVLex/maajii+niimi'idiwag+VAI+Cnj+Pos+Neu+XSubj+XObj""]}, {'word_form': '.', 'fst_analyses': []}]",nj
Bagosinoon nimbashkweginwekizinan.,My hide moccasins have holes worn in them.,"[{'word_form': 'bagosinoon', 'fst_analyses': ['bagosin+VII+Ind+Pos+Neu+0PlSubj']}, {'word_form': 'nimbashkweginwekizinan', 'fst_analyses': ['bashkweginwekizin+NI+Pl+1SgPoss']}, {'word_form': '.', 'fst_analyses': []}]",nj
Niwii'-andawaabamaag gaa-gii'-nagajibizowaad.,I'm going to go look for the ones that missed the ride.,"[{'word_form': ""niwii'-andawaabamaag"", 'fst_analyses': [""PVTense/wii'+andawaabam+VTA+Ind+Pos+Neu+1SgSubj+3PlProxObj""]}, {'word_form': ""gaa-gii'-nagajibizowaad"", 'fst_analyses': [""PVSub/gaa+PVTense/gii'+nagajibizo+VAI+Cnj+Pos+Neu+3PlProxSubj""]}, {'word_form': '.', 'fst_analyses': []}]",nj
NIngii-tebaabamaa mooz ani-aazhawaakwa'ang .,I saw a moose going across the forested ridge.,"[{'word_form': 'ningii-tebaabamaa', 'fst_analyses': ['PVTense/gii+debaabam+VTA+Ind+Pos+Neu+1SgSubj+3SgProxObj']}, {'word_form': 'mooz', 'fst_analyses': ['moonz+NA+ProxSg', 'mooz+NA+ProxSg']}, {'word_form': ""ani-aazhawaakwa'ang"", 'fst_analyses': []}, {'word_form': '.', 'fst_analyses': []}, {'word_form': '', 'fst_analyses': []}]",nj
Bagamaashiwag aandegwag gii-zhaawani-nooding.,The crows arrive when there's a south wind.,"[{'word_form': 'bagamaashiwag', 'fst_analyses': ['bagamaashi+VAI+Ind+Pos+Neu+3PlProxSubj']}, {'word_form': 'aandegwag', 'fst_analyses': ['aandeg+NA+ProxPl']}, {'word_form': 'gii-zhaawani-nooding', 'fst_analyses': ['PVTense/gii+zhaawani-noodin+VII+Cnj+Pos+Neu+0SgSubj', 'PVTense/gii+PVLex/zhaawani+noodin+VII+Cnj+Pos+Neu+0SgSubj', 'PVTense/gii+zhaawani-noodin+VII+Cnj+Pos+Neu+0PlSubj', 'PVTense/gii+PVLex/zhaawani+noodin+VII+Cnj+Pos+Neu+0PlSubj']}, {'word_form': '.', 'fst_analyses': []}]",nj
Aandi ezhidaabaadang,Where is s/he dragging it?,"[{'word_form': 'aandi', 'fst_analyses': ['aandi+ADVInter']}, {'word_form': 'ezhidaabaadang', 'fst_analyses': []}]",nj
Obaabikaang giga-ani-izhi-zhiibaabizomin (in the motorboat).,We'll go through the rocky narrows.,"[{'word_form': 'obaabikaang', 'fst_analyses': []}, {'word_form': 'giga-ani-izhi-zhiibaabizomin', 'fst_analyses': ['PVTense/ga+PVDir/ani+PVRel/izhi+zhiibaabizo+VAI+Ind+Pos+Neu+InclSubj']}, {'word_form': '(', 'fst_analyses': []}, {'word_form': 'in', 'fst_analyses': []}, {'word_form': 'the', 'fst_analyses': []}, {'word_form': 'motorboat)', 'fst_analyses': []}, {'word_form': '.', 'fst_analyses': []}]",nj
Zhiibaabizon gaa-izhi-zhiibaajiwang.,Drive through the big culvert.,"[{'word_form': 'zhiibaabizon', 'fst_analyses': ['zhiibaabizo+VAI+Imp+Sim+2SgSubj']}, {'word_form': 'gaa-izhi-zhiibaajiwang', 'fst_analyses': ['PVSub/gaa+PVRel/izhi+zhiibaajiwan+VII+Cnj+Pos+Neu+0SgSubj', 'PVSub/gaa+PVRel/izhi+zhiibaajiwan+VII+Cnj+Pos+Neu+0PlSubj', 'PVTense/gii+PVRel/izhi+zhiibaajiwan+VII+Pcp+Pos+Neu+0SgSubj+0SgHead']}, {'word_form': '.', 'fst_analyses': []}]",nj
Aaniin ezhigaabawid.,How does s/he stand?,"[{'word_form': 'aaniin', 'fst_analyses': ['aaniin+PCInterj', 'aaniin+ADVInter']}, {'word_form': 'ezhigaabawid', 'fst_analyses': ['izhigaabawi+VAI+Pcp+Pos+Neu+3SgProxSubj+3SgProxHead']}, {'word_form': '.', 'fst_analyses': []}]",nj
Bakeya'ii izhigaabawi gii-ani-gabikawag.,He stepped aside as I passed.,"[{'word_form': ""bakeya'ii"", 'fst_analyses': []}, {'word_form': 'izhigaabawi', 'fst_analyses': ['izhigaabawi+VAI+Ind+Pos+Neu+3SgProxSubj']}, {'word_form': 'gii-ani-gabikawag', 'fst_analyses': ['PVTense/gii+PVDir/ani+gabikaw+VTA+Cnj+Pos+Neu+1SgSubj+3SgProxObj']}, {'word_form': '.', 'fst_analyses': []}]",nj
Bakaan inaajimo awedi bezhig apiich idash wa'awe.,That one tells different story than this one.,"[{'word_form': 'bakaan', 'fst_analyses': ['bakaan+ADVMan']}, {'word_form': 'inaajimo', 'fst_analyses': ['inaajimo+VAI+Ind+Pos+Neu+3SgProxSubj']}, {'word_form': 'awedi', 'fst_analyses': ['awedi+PRONDem+NA+ProxSg']}, {'word_form': 'bezhig', 'fst_analyses': ['bezhig+NUM']}, {'word_form': 'apiich', 'fst_analyses': ['apiich+ADVGram']}, {'word_form': 'idash', 'fst_analyses': ['idash+ADVConj']}, {'word_form': ""wa'awe"", 'fst_analyses': [""wa'awe+PRONDem+NA+ProxSg""]}, {'word_form': '.', 'fst_analyses': []}]",nj
Ningii-shegwaabideshkaagon moozo-wiiyaas gii-miijiyaan bijiinaago.,Some moose meat got stuck between my teeth when I was eating yesterday.,"[{'word_form': 'ningii-shegwaabideshkaagon', 'fst_analyses': ['PVTense/gii+zhegwaabideshkaw+VTA+Ind+Pos+Neu+0SgSubj+1SgObj']}, {'word_form': 'moozo-wiiyaas', 'fst_analyses': ['moozo-wiiyaas+NI+Sg']}, {'word_form': 'gii-miijiyaan', 'fst_analyses': ['PVTense/gii+miijin+VTI+Cnj+Pos+Neu+1SgSubj+0PlObj', 'PVTense/gii+miijin+VTI+Cnj+Pos+Neu+1SgSubj+0SgObj']}, {'word_form': 'bijiinaago', 'fst_analyses': ['bijiinaago+ADVTmp']}, {'word_form': '.', 'fst_analyses': []}]",nj
Aaniish enendaman gaa-gii-kagwejiminaan.,So what do you think of what I asked you?,"[{'word_form': 'aaniish', 'fst_analyses': ['aaniish+ADVInter']}, {'word_form': 'enendaman', 'fst_analyses': []}, {'word_form': 'gaa-gii-kagwejiminaan', 'fst_analyses': ['PVSub/gaa+PVTense/gii+gagwejim+VTA+Cnj+Pos+Neu+1SgSubj+2SgObj']}, {'word_form': '.', 'fst_analyses': []}]",nj
Hugo agaamakiing ondaadizi.,Hugo hails from Europe.,"[{'word_form': 'hugo', 'fst_analyses': []}, {'word_form': 'agaamakiing', 'fst_analyses': ['agaamakiing+ADVLoc']}, {'word_form': 'ondaadizi', 'fst_analyses': ['ondaadizi+VAI+Ind+Pos+Neu+3SgProxSubj']}, {'word_form': '.', 'fst_analyses': []}]",nj
Maagizhaa maawiin.,Maybe so.,"[{'word_form': 'maagizhaa', 'fst_analyses': ['maagizhaa+ADVMan']}, {'word_form': 'maawiin', 'fst_analyses': ['maawiin+ADVMan']}, {'word_form': '.', 'fst_analyses': []}]",nj
Mii maawiin i'iw waa'-izhichiged.,I guess that's what he's going to do.,"[{'word_form': 'mii', 'fst_analyses': ['mii+ADVPred']}, {'word_form': 'maawiin', 'fst_analyses': ['maawiin+ADVMan']}, {'word_form': ""i'iw"", 'fst_analyses': [""i'iw+PRONDem+NI+Sg""]}, {'word_form': ""waa'-izhichiged"", 'fst_analyses': [""PVTense/wii'+izhichige+VAI+Pcp+Pos+Neu+3SgProxSubj+3SgProxHead""]}, {'word_form': '.', 'fst_analyses': []}]",nj
Maagizhaa maawiin giga-izhaamin waabang.,Maybe we'll go there tomorrow.,"[{'word_form': 'maagizhaa', 'fst_analyses': ['maagizhaa+ADVMan']}, {'word_form': 'maawiin', 'fst_analyses': ['maawiin+ADVMan']}, {'word_form': 'giga-izhaamin', 'fst_analyses': ['PVTense/ga+izhaa+VAI+Ind+Pos+Neu+InclSubj']}, {'word_form': 'waabang', 'fst_analyses': ['waaban+VII+Cnj+Pos+Neu+0SgSubj', 'waaban+VII+Cnj+Pos+Neu+0PlSubj']}, {'word_form': '.', 'fst_analyses': []}]",nj
Maamaagojiishkan boodaajii'igan wii-poodaajii'aman gidapishimon.,Use the foot pump to inflate your air mattress.,"[{'word_form': 'maamaagojiishkan', 'fst_analyses': ['maamaagojiishkan+VTI+Imp+Sim+2SgSubj+0PlObj', 'maamaagojiishkan+VTI+Imp+Sim+2SgSubj+0SgObj']}, {'word_form': ""boodaajii'igan"", 'fst_analyses': [""boodaajii'igan+NI+Sg""]}, {'word_form': ""wii-poodaajii'aman"", 'fst_analyses': [""PVTense/wii+boodaajii'an+VTI+Cnj+Pos+Neu+2SgSubj+0PlObj"", ""PVTense/wii+boodaajii'an+VTI+Cnj+Pos+Neu+2SgSubj+0SgObj""]}, {'word_form': 'gidapishimon', 'fst_analyses': ['apishimon+NI+Sg+2SgPoss']}, {'word_form': '.', 'fst_analyses': []}]",nj
Namanjinikaaning ani-izhi-bake'adoo.,He walk off the trail to the left side.,"[{'word_form': 'namanjinikaaning', 'fst_analyses': ['namanjinikaan+NI+Loc']}, {'word_form': ""ani-izhi-bake'adoo"", 'fst_analyses': [""PVDir/ani+PVRel/izhi+bake'adoo+VAI+Ind+Pos+Neu+3SgProxSubj""]}, {'word_form': '.', 'fst_analyses': []}]",nj
Onzaam agaasaakozi nindoodaabaanaak. Gaawiin gakina nindaa-debibidaabiisiinan,My toboggan is too small. I can't carry everything on it.,"[{'word_form': 'onzaam', 'fst_analyses': ['onzaam+ADVQnt']}, {'word_form': 'agaasaakozi', 'fst_analyses': ['agaasaakozi+VAI+Ind+Pos+Neu+3SgProxSubj']}, {'word_form': 'nindoodaabaanaak', 'fst_analyses': ['odaabaanaak+NA+ProxSg+1SgPoss']}, {'word_form': '.', 'fst_analyses': []}, {'word_form': 'gaawiin', 'fst_analyses': ['gaawiin+ADVNeg']}, {'word_form': 'gakina', 'fst_analyses': ['gakina+ADVQnt']}, {'word_form': 'nindaa-debibidaabiisiinan', 'fst_analyses': []}]",nj
Bagwaabikishkaa gwaaba'iganish wenji-onjigaag.,The old dipper has got a hole in it; that's why it leaks.,"[{'word_form': 'bagwaabikishkaa', 'fst_analyses': ['bagwaabikishkaa+VII+Ind+Pos+Neu+0SgSubj']}, {'word_form': ""gwaaba'iganish"", 'fst_analyses': [""gwaaba'igan+NI+Pej+Sg""]}, {'word_form': 'wenji-onjigaag', 'fst_analyses': ['PVRel/onji+onjigaa+VII+Pcp+Pos+Neu+0SgSubj+0SgHead']}, {'word_form': '.', 'fst_analyses': []}]",nj
Niiyo-diba'igan odakwegizhaan bagiwaaniigin waa'-magoodaasikaaged.,She cuts four yards of fabric to make a dress out of.,"[{'word_form': ""niiyo-diba'igan"", 'fst_analyses': [""niiyo-diba'igan+NUM""]}, {'word_form': 'odakwegizhaan', 'fst_analyses': ['dakwegizhan+VTI+Ind+Pos+Neu+3SgProxSubj+0SgObj', 'akwegizhan+VTI+Ind+Pos+Neu+3SgProxSubj+0SgObj']}, {'word_form': 'bagiwaaniigin', 'fst_analyses': ['bagiwaaniigin+NI+Sg']}, {'word_form': ""waa'-magoodaasikaaged"", 'fst_analyses': []}, {'word_form': '.', 'fst_analyses': []}]",nj
"Gagwejindiyok ""Aandi waa'-izhi-ando-bawa'ameg.""",Ask each other where you'd like to go to pick rice.,"[{'word_form': 'gagwejindiyok', 'fst_analyses': ['gagwejindiwag+VAI+Imp+Sim+2PlSubj+2PlObj']}, {'word_form': '""aandi', 'fst_analyses': []}, {'word_form': 'waa\'-izhi-ando-bawa\'ameg.""', 'fst_analyses': []}]",nj
Gego wiinishkawishiken.,Don't get me dirty (by contact with me).,"[{'word_form': 'gego', 'fst_analyses': ['gego+ADVNeg']}, {'word_form': 'wiinishkawishiken', 'fst_analyses': ['wiinishkaw+VTA+Imp+Prb+2SgSubj+1SgObj']}, {'word_form': '.', 'fst_analyses': []}]",nj
Naanaagazotaw ekidod.,Really listen to and analyze what he's saying.,"[{'word_form': 'naanaagazotaw', 'fst_analyses': ['naanaagazotaw+VTA+Imp+Sim+2SgSubj+3SgProxObj', 'naanaagazotaw+VTA+Imp+Sim+2SgSubj+3PlProxObj']}, {'word_form': 'ekidod', 'fst_analyses': ['ikido+VAI+Pcp+Pos+Neu+3SgProxSubj+3SgProxHead']}, {'word_form': '.', 'fst_analyses': []}]",nj
Baakaabowen akik jibwaa-ziigaajiwanzod.,Loosen the lid on your pot before it boils over.,"[{'word_form': 'baakaabowen', 'fst_analyses': ['baakaabowen+VTA+Imp+Sim+2SgSubj+3SgProxObj', 'baakaabowen+VTA+Imp+Sim+2SgSubj+3PlProxObj']}, {'word_form': 'akik', 'fst_analyses': ['akik+NA+ProxSg']}, {'word_form': 'jibwaa-ziigaajiwanzod', 'fst_analyses': ['PVTense/jibwaa+ziigaajiwanzo+VAI+Cnj+Pos+Neu+3SgProxSubj', 'PVTense/jibwaa+ziigaajiwanzwi+VTA+Cnj+Pos+Neu+3SgProxSubj+1SgObj', 'PVTense/jibwaa+ziigaajiwanz+VTA+Cnj+Pos+Neu+3SgProxSubj+1SgObj']}, {'word_form': '.', 'fst_analyses': []}]",nj
Aandi waa-tanadaanding maadinawe-giizhigak.,Where is the sale going to be on Saturday?,"[{'word_form': 'aandi', 'fst_analyses': ['aandi+ADVInter']}, {'word_form': 'waa-tanadaanding', 'fst_analyses': []}, {'word_form': 'maadinawe-giizhigak', 'fst_analyses': []}, {'word_form': '.', 'fst_analyses': []}]",nj
Gii'-mookoshin gaa-gii-piningwaamod dibikong.,He cried when he fell out of bed last night.,"[{'word_form': ""gii'-mookoshin"", 'fst_analyses': [""PVTense/gii'+mookoshin+VAI+Ind+Pos+Neu+3SgProxSubj""]}, {'word_form': 'gaa-gii-piningwaamod', 'fst_analyses': ['PVSub/gaa+PVTense/gii+biningwaamo+VAI+Cnj+Pos+Neu+3SgProxSubj', 'PVTense/gii+PVTense/gii+biningwaamo+VAI+Pcp+Pos+Neu+3SgProxSubj+3SgProxHead']}, {'word_form': 'dibikong', 'fst_analyses': ['dibikong+ADVTmp']}, {'word_form': '.', 'fst_analyses': []}]",nj
Giziibiigitigwaanen gookomis; onzaam wiinaanikwe.,Wash your granmother's hair because it's dirty.,"[{'word_form': 'giziibiigitigwaanen', 'fst_analyses': ['giziibiigitigwaane+VAI+Imp+Sim+2SgSubj', 'giziibiigitigwaanen+VTA+Imp+Sim+2SgSubj+3SgProxObj', 'giziibiigitigwaanen+VTA+Imp+Sim+2SgSubj+3PlProxObj']}, {'word_form': 'gookomis;', 'fst_analyses': []}, {'word_form': 'onzaam', 'fst_analyses': ['onzaam+ADVQnt']}, {'word_form': 'wiinaanikwe', 'fst_analyses': ['wiinaanikwe+VAI+Ind+Pos+Neu+3SgProxSubj']}, {'word_form': '.', 'fst_analyses': []}]",nj
Giikadaabaawe noozhis; onzaam gabeya'ii bagizo.,My grandchild got chilled in the water because she was swimming too long.,"[{'word_form': 'giikadaabaawe', 'fst_analyses': ['giikadaabaawe+VAI+Ind+Pos+Neu+3SgProxSubj']}, {'word_form': 'noozhis;', 'fst_analyses': []}, {'word_form': 'onzaam', 'fst_analyses': ['onzaam+ADVQnt']}, {'word_form': ""gabeya'ii"", 'fst_analyses': [""gabeya'ii+ADVTmp""]}, {'word_form': 'bagizo', 'fst_analyses': ['bagizo+VAI+Ind+Pos+Neu+3SgProxSubj']}, {'word_form': '.', 'fst_analyses': []}]",nj
Ningii-noonde-gimiwanish gii-bi-giiweyaan. Ningiikadaabaawe.,I got caught in the rain on my way home. Now I'm cold.,"[{'word_form': 'ningii-noonde-gimiwanish', 'fst_analyses': ['PVTense/gii+PVLex/noonde+gimiwanishi+VAI+Ind+Pos+Neu+1SgSubj']}, {'word_form': 'gii-bi-giiweyaan', 'fst_analyses': ['PVTense/gii+PVDir/bi+giiwe+VAI+Cnj+Pos+Neu+1SgSubj']}, {'word_form': '.', 'fst_analyses': []}, {'word_form': 'ningiikadaabaawe', 'fst_analyses': ['giikadaabaawe+VAI+Ind+Pos+Neu+1SgSubj']}, {'word_form': '.', 'fst_analyses': []}]",nj
Ogiimoodaapi'aan gaa-boogidaapinid.,He's secretly laughing at the one farting from laughing so hard.,"[{'word_form': ""ogiimoodaapi'aan"", 'fst_analyses': [""giimoodaapi'+VTA+Ind+Pos+Neu+3SgProxSubj+3SgObvObj"", ""giimoodaapi'+VTA+Ind+Pos+Neu+3SgProxSubj+3PlObvObj""]}, {'word_form': 'gaa-boogidaapinid', 'fst_analyses': ['PVSub/gaa+boogidaapi+VAI+Cnj+Pos+Neu+3PlObvSubj', 'PVSub/gaa+boogidaapi+VAI+Cnj+Pos+Neu+3SgObvSubj']}, {'word_form': '.', 'fst_analyses': []}]",nj
Wiisagipogwad. Onzaam mashkawaagamin.,It has a bitter taste to it. It's too strong a drink.,"[{'word_form': 'wiisagipogwad', 'fst_analyses': ['wiisagipogwad+VII+Ind+Pos+Neu+0SgSubj']}, {'word_form': '.', 'fst_analyses': []}, {'word_form': 'onzaam', 'fst_analyses': ['onzaam+ADVQnt']}, {'word_form': 'mashkawaagamin', 'fst_analyses': ['mashkawaagamin+VII+Ind+Pos+Neu+0SgSubj']}, {'word_form': '.', 'fst_analyses': []}]",nj
Aaniin ezhiwebinang ogiishkiboojigan gii-gawiboojiged. Odanibenaan ina.,How doe she handle her saw when she's taking a tree down? Does she tilt it sideways?,"[{'word_form': 'aaniin', 'fst_analyses': ['aaniin+PCInterj', 'aaniin+ADVInter']}, {'word_form': 'ezhiwebinang', 'fst_analyses': []}, {'word_form': 'ogiishkiboojigan', 'fst_analyses': ['giishkiboojigan+NI+Sg+3SgProxPoss']}, {'word_form': 'gii-gawiboojiged', 'fst_analyses': ['PVTense/gii+gawiboojige+VAI+Cnj+Pos+Neu+3SgProxSubj']}, {'word_form': '.', 'fst_analyses': []}, {'word_form': 'odanibenaan', 'fst_analyses': ['aniben+VTA+Ind+Pos+Neu+3SgProxSubj+3SgObvObj', 'aniben+VTA+Ind+Pos+Neu+3SgProxSubj+3PlObvObj', 'anibenan+VTI+Ind+Pos+Neu+3SgProxSubj+0SgObj']}, {'word_form': 'ina', 'fst_analyses': ['ina+PCDisc']}, {'word_form': '.', 'fst_analyses': []}]",nj
Binaabigwaniiyaashiwag gozigwaakominag.,The juneberries' flowers are blown down.,"[{'word_form': 'binaabigwaniiyaashiwag', 'fst_analyses': ['binaabigwaniiyaashi+VAI+Ind+Pos+Neu+3PlProxSubj']}, {'word_form': 'gozigwaakominag', 'fst_analyses': ['gozigwaakomin+NA+ProxPl']}, {'word_form': '.', 'fst_analyses': []}]",nj
Gego madwe'oone'igeken. Giga-ozha'waa gimaanataaninaan.,Don't make any noise on the canoe. You'll scare off our game.,"[{'word_form': 'gego', 'fst_analyses': ['gego+ADVNeg']}, {'word_form': ""madwe'oone'igeken"", 'fst_analyses': [""madwe'oone'ige+VAI+Imp+Prb+2SgSubj""]}, {'word_form': '.', 'fst_analyses': []}, {'word_form': ""giga-ozha'waa"", 'fst_analyses': [""PVTense/ga+ozha'wi+VTA+Ind+Pos+Neu+2SgSubj+3SgProxObj"", ""PVTense/ga+ozha'+VTA+Ind+Pos+Neu+2SgSubj+3SgProxObj""]}, {'word_form': 'gimaanataaninaan', 'fst_analyses': ['maanataan+NA+ProxSg+InclPoss']}, {'word_form': '.', 'fst_analyses': []}]",nj
Madwe'oone'ige gii-bi-mizhagaad dibaajimod bi-dagoshing.,He pounds on his canoe when he arrives announcing that he's there.,"[{'word_form': ""madwe'oone'ige"", 'fst_analyses': [""madwe'oone'ige+VAI+Ind+Pos+Neu+3SgProxSubj""]}, {'word_form': 'gii-bi-mizhagaad', 'fst_analyses': []}, {'word_form': 'dibaajimod', 'fst_analyses': ['dibaajimo+VAI+Cnj+Pos+Neu+3SgProxSubj']}, {'word_form': 'bi-dagoshing', 'fst_analyses': ['PVDir/bi+dagoshin+VAI+Cnj+Pos+Neu+3SgProxSubj']}, {'word_form': '.', 'fst_analyses': []}]",nj
Onjishkawa'o gaa-biidakwazhiwed. Baamaa naagaj da-bi-bagamakwazhiwe.,The one paddling here is going against the wind. It will be some time before he gets here.,"[{'word_form': ""onjishkawa'o"", 'fst_analyses': [""onjishkawa'o+VAI+Ind+Pos+Neu+3SgProxSubj""]}, {'word_form': 'gaa-biidakwazhiwed', 'fst_analyses': ['PVSub/gaa+biidakwazhiwe+VAI+Cnj+Pos+Neu+3SgProxSubj', 'PVTense/gii+biidakwazhiwe+VAI+Pcp+Pos+Neu+3SgProxSubj+3SgProxHead']}, {'word_form': '.', 'fst_analyses': []}, {'word_form': 'baamaa', 'fst_analyses': ['baamaa+ADVTmp']}, {'word_form': 'naagaj', 'fst_analyses': ['naagaj+ADVQnt']}, {'word_form': 'da-bi-bagamakwazhiwe', 'fst_analyses': ['PVTense/ga+PVDir/bi+bagamakwazhiwe+VAI+Ind+Pos+Neu+3SgProxSubj']}, {'word_form': '.', 'fst_analyses': []}]",nj
Wegonen iwedi gaa-madwe-ateg agaamikana.,What's that over there across the road?,"[{'word_form': 'wegonen', 'fst_analyses': ['wegonen+PRONInter+NI+Sg']}, {'word_form': 'iwedi', 'fst_analyses': ['iwedi+PRONDem+NI+Sg']}, {'word_form': 'gaa-madwe-ateg', 'fst_analyses': ['PVSub/gaa+PVLex/madwe+ate+VII+Cnj+Pos+Neu+0SgSubj', 'PVSub/gaa+PVLex/madwe+ate+VII+Cnj+Pos+Neu+0PlSubj', 'PVTense/gii+PVLex/madwe+ate+VII+Pcp+Pos+Neu+0SgSubj+0SgHead']}, {'word_form': 'agaamikana', 'fst_analyses': ['agaamikana+ADVLoc']}, {'word_form': '.', 'fst_analyses': []}]",nj
Zazegaa-ikwe Mary. Apane wiijitwaa gegoo,Mary is a good-natured woman. She always helps with things.,"[{'word_form': 'zazegaa-ikwe', 'fst_analyses': ['PNLex/zazegaa+ikwe+NA+ProxSg', 'zazegaa-ikwe+NA+ProxSg']}, {'word_form': 'mary', 'fst_analyses': []}, {'word_form': '.', 'fst_analyses': []}, {'word_form': 'apane', 'fst_analyses': ['apane+ADVTmp']}, {'word_form': 'wiijitwaa', 'fst_analyses': ['wiijitwaa+VAI+Ind+Pos+Neu+3SgProxSubj']}, {'word_form': 'gegoo', 'fst_analyses': ['gegoo+PRONIndf+NI']}]",nj
Geyaabi nibiiwashkaa manoomin. Baamaa bengwashkising giga-ando-bawa'aamin.,The rice stalks are still wet. We'll go and pick rice when they dry up.,"[{'word_form': 'geyaabi', 'fst_analyses': ['geyaabi+ADVTmp']}, {'word_form': 'nibiiwashkaa', 'fst_analyses': ['nibiiwashkaa+VII+Ind+Pos+Neu+0SgSubj']}, {'word_form': 'manoomin', 'fst_analyses': ['manoomin+NI+Sg']}, {'word_form': '.', 'fst_analyses': []}, {'word_form': 'baamaa', 'fst_analyses': ['baamaa+ADVTmp']}, {'word_form': 'bengwashkising', 'fst_analyses': ['bengwashkisin+VII+Cnj+Pos+Neu+0SgSubj', 'bengwashkisin+VII+Cnj+Pos+Neu+0PlSubj']}, {'word_form': ""giga-ando-bawa'aamin"", 'fst_analyses': [""PVTense/ga+PVLex/ando+bawa'an+VTI+Ind+Pos+Neu+InclSubj+0PlObj"", ""PVTense/ga+PVLex/ando+bawa'an+VTI+Ind+Pos+Neu+InclSubj+0SgObj"", ""PVTense/ga+PVLex/ando+bawa'am+VAI+Ind+Pos+Neu+InclSubj""]}, {'word_form': '.', 'fst_analyses': []}]",nj
Gabe-ziigwan ninoodamikwe.,I hunt beaver all spring long.,"[{'word_form': 'gabe-ziigwan', 'fst_analyses': ['PVLex/gabe+ziigwan+VII+Ind+Pos+Neu+0SgSubj', 'gabe-ziigwan+ADVTmp']}, {'word_form': 'ninoodamikwe', 'fst_analyses': ['noodamikwe+VAI+Ind+Pos+Neu+1SgSubj']}, {'word_form': '.', 'fst_analyses': []}]",nj
Miskwaadesi zaagikwegomo naawi-ziibi.,A mud turtle sticks its head out in the middle of the river.,"[{'word_form': 'miskwaadesi', 'fst_analyses': ['miskwaadesi+NA+ProxSg']}, {'word_form': 'zaagikwegomo', 'fst_analyses': ['zaagikwegomo+VAI+Ind+Pos+Neu+3SgProxSubj']}, {'word_form': 'naawi-ziibi', 'fst_analyses': ['PNLex/naawi+ziibi+NI+Sg', 'naawi-ziibi+ADVLoc']}, {'word_form': '.', 'fst_analyses': []}]",nj
Waabang niwii'-naajiwanii'ige. Niwii'-maajiidoonan gokeyawan.,Tomorrow I will check the traps. I will take some baits along.,"[{'word_form': 'waabang', 'fst_analyses': ['waaban+VII+Cnj+Pos+Neu+0SgSubj', 'waaban+VII+Cnj+Pos+Neu+0PlSubj']}, {'word_form': ""niwii'-naajiwanii'ige"", 'fst_analyses': [""PVTense/wii'+naajiwanii'ige+VAI+Ind+Pos+Neu+1SgSubj""]}, {'word_form': '.', 'fst_analyses': []}, {'word_form': ""niwii'-maajiidoonan"", 'fst_analyses': [""PVTense/wii'+maajiidoon+VTI+Ind+Pos+Neu+1SgSubj+0PlObj""]}, {'word_form': 'gokeyawan', 'fst_analyses': ['gokeyaw+NI+Pl']}, {'word_form': '.', 'fst_analyses': []}]",nj
Wiiba da-biigwaakide gizhaabikizigan.,Soon the stove will burn out (from using wood that burns too hot).,"[{'word_form': 'wiiba', 'fst_analyses': ['wiiba+ADVTmp']}, {'word_form': 'da-biigwaakide', 'fst_analyses': ['PVTense/ga+biigwaakide+VII+Ind+Pos+Neu+0SgSubj']}, {'word_form': 'gizhaabikizigan', 'fst_analyses': ['gizhaabikizigan+NI+Sg']}, {'word_form': '.', 'fst_analyses': []}]",nj
Adisamaw odasabiin.,Dye his net for him.,"[{'word_form': 'adisamaw', 'fst_analyses': ['adisamaw+VTA+Imp+Sim+2SgSubj+3SgProxObj', 'adisamaw+VTA+Imp+Sim+2SgSubj+3PlProxObj']}, {'word_form': 'odasabiin', 'fst_analyses': ['odasabii+VAI+Imp+Sim+2SgSubj', 'asab+NA+ObvSg+3SgProxPoss', 'asab+NA+ObvPl+3SgProxPoss']}, {'word_form': '.', 'fst_analyses': []}]",nj
Ozaawadaawangad makade-mashkikiwaabo.,(Ground) coffee is brown.,"[{'word_form': 'ozaawadaawangad', 'fst_analyses': ['ozaawadaawangad+VII+Ind+Pos+Neu+0SgSubj']}, {'word_form': 'makade-mashkikiwaabo', 'fst_analyses': ['PNLex/makade+mashkikiwaabo+NI+Sg', 'makade-mashkikiwaabo+NI+Sg']}, {'word_form': '.', 'fst_analyses': []}]",nj
Boozin gibakwezhiganikaan. Doodooshaaboo-bimide aabajitoon.,Grease your bannock. Use butter.,"[{'word_form': 'boozin', 'fst_analyses': ['boozi+VAI+Imp+Sim+2SgSubj', 'boozin+VTA+Imp+Sim+2SgSubj+3SgProxObj', 'boozin+VTA+Imp+Sim+2SgSubj+3PlProxObj']}, {'word_form': 'gibakwezhiganikaan', 'fst_analyses': ['bakwezhiganikaan+NA+ProxSg+2SgPoss']}, {'word_form': '.', 'fst_analyses': []}, {'word_form': 'doodooshaaboo-bimide', 'fst_analyses': ['doodooshaaboo-bimide+NI+Sg']}, {'word_form': 'aabajitoon', 'fst_analyses': ['aabajitoon+VTI+Imp+Sim+2SgSubj+0PlObj', 'aabajitoon+VTI+Imp+Sim+2SgSubj+0SgObj']}, {'word_form': '.', 'fst_analyses': []}]",nj
Nimbaakaako-dangishkaan endaayaan; onzaam mashkawaakosin.,I kicked my door open because it is stuck.,"[{'word_form': 'nimbaakaako-dangishkaan', 'fst_analyses': []}, {'word_form': 'endaayaan;', 'fst_analyses': []}, {'word_form': 'onzaam', 'fst_analyses': ['onzaam+ADVQnt']}, {'word_form': 'mashkawaakosin', 'fst_analyses': []}, {'word_form': '.', 'fst_analyses': []}]",nj
Gego babaamenimaaken animoshag gaa-miigaadiwaad. Giga-bitamigoog.,Don't bother the fighting dogs. They might accidentally bite you.,"[{'word_form': 'gego', 'fst_analyses': ['gego+ADVNeg']}, {'word_form': 'babaamenimaaken', 'fst_analyses': ['babaamenim+VTA+Imp+Prb+2SgSubj+3PlProxObj', 'babaamenim+VTA+Imp+Prb+2SgSubj+3SgProxObj']}, {'word_form': 'animoshag', 'fst_analyses': ['animosh+NA+ProxPl']}, {'word_form': 'gaa-miigaadiwaad', 'fst_analyses': ['PVSub/gaa+miigaadiwag+VAI+Cnj+Pos+Neu+3PlProxSubj+3PlProxObj']}, {'word_form': '.', 'fst_analyses': []}, {'word_form': 'giga-bitamigoog', 'fst_analyses': ['PVTense/ga+bitam+VTA+Ind+Pos+Neu+3PlProxSubj+2SgObj']}, {'word_form': '.', 'fst_analyses': []}]",nj
Aaniin epiitang jiimaan?,How heavy is the boat?,"[{'word_form': 'aaniin', 'fst_analyses': ['aaniin+PCInterj', 'aaniin+ADVInter']}, {'word_form': 'epiitang', 'fst_analyses': ['apiitan+VII+Pcp+Pos+Neu+0SgSubj+0SgHead']}, {'word_form': 'jiimaan', 'fst_analyses': ['jiimaan+NI+Sg']}, {'word_form': '?', 'fst_analyses': []}]",nj
Awasi-ziigwanong ningii'-noodaame.,The spring before last I speared fish.,"[{'word_form': 'awasi-ziigwanong', 'fst_analyses': ['PVLex/awasi+ziigwanong+ADVTmp', 'awasi-ziigwanong+ADVTmp']}, {'word_form': ""ningii'-noodaame"", 'fst_analyses': []}, {'word_form': '.', 'fst_analyses': []}]",nj
Odaatawe'aan waasakonenjigan; onzaam zasakaabizo.,He is putting the light out because he is blinded by the glare.,"[{'word_form': ""odaatawe'aan"", 'fst_analyses': [""aatawe'an+VTI+Ind+Pos+Neu+3SgProxSubj+0SgObj""]}, {'word_form': 'waasakonenjigan;', 'fst_analyses': []}, {'word_form': 'onzaam', 'fst_analyses': ['onzaam+ADVQnt']}, {'word_form': 'zasakaabizo', 'fst_analyses': []}, {'word_form': '.', 'fst_analyses': []}]",nj
Ningwaagonenan moozonagizh gaa-gii'-ondaabasaman.,Put the moose sausage you smoked in the snow (to cool it).,"[{'word_form': 'ningwaagonenan', 'fst_analyses': ['ningwaagonenan+VTI+Imp+Sim+2SgSubj+0PlObj', 'ningwaagonenan+VTI+Imp+Sim+2SgSubj+0SgObj']}, {'word_form': 'moozonagizh', 'fst_analyses': ['moozonagizh+NI+Sg']}, {'word_form': ""gaa-gii'-ondaabasaman"", 'fst_analyses': [""PVSub/gaa+PVTense/gii'+ondaabasan+VTI+Cnj+Pos+Neu+2SgSubj+0PlObj"", ""PVSub/gaa+PVTense/gii'+ondaabasan+VTI+Cnj+Pos+Neu+2SgSubj+0SgObj""]}, {'word_form': '.', 'fst_analyses': []}]",nj
Ozhaasiziwag giigoonyag gaa-gii-pida'anaayaan.,The fish I caught in the net were pretty slippery.,"[{'word_form': 'ozhaasiziwag', 'fst_analyses': []}, {'word_form': 'giigoonyag', 'fst_analyses': ['giigoonh+NA+ProxPl']}, {'word_form': ""gaa-gii-pida'anaayaan"", 'fst_analyses': [""PVSub/gaa+PVTense/gii+bida'anaa+VAI+Cnj+Pos+Neu+1SgSubj""]}, {'word_form': '.', 'fst_analyses': []}]",nj
Ningii'-wiisini'idizomin. Ningii-pida'anaamin gii-bagida'waayaang.,We got some food for ourselves. When got fish when we set the net.,"[{'word_form': ""ningii'-wiisini'idizomin"", 'fst_analyses': []}, {'word_form': '.', 'fst_analyses': []}, {'word_form': ""ningii-pida'anaamin"", 'fst_analyses': [""PVTense/gii+bida'anaa+VAI+Ind+Pos+Neu+ExclSubj""]}, {'word_form': ""gii-bagida'waayaang"", 'fst_analyses': [""PVTense/gii+bagida'waa+VAI+Cnj+Pos+Neu+ExclSubj""]}, {'word_form': '.', 'fst_analyses': []}]",nj
Waasa noopimiing danweweboojige gaa-giishka'aakwed.,You can hear the pulp cutter way back in the bush.,"[{'word_form': 'waasa', 'fst_analyses': ['waasa+ADVLoc']}, {'word_form': 'noopimiing', 'fst_analyses': ['noopimiing+ADVLoc']}, {'word_form': 'danweweboojige', 'fst_analyses': ['danweweboojige+VAI+Ind+Pos+Neu+3SgProxSubj']}, {'word_form': ""gaa-giishka'aakwed"", 'fst_analyses': [""PVSub/gaa+giishka'aakwe+VAI+Cnj+Pos+Neu+3SgProxSubj"", ""PVTense/gii+giishka'aakwe+VAI+Pcp+Pos+Neu+3SgProxSubj+3SgProxHead""]}, {'word_form': '.', 'fst_analyses': []}]",nj
Aandi ezhidaabaadamawaad.,Where is s/he dragging it for h/.,"[{'word_form': 'aandi', 'fst_analyses': ['aandi+ADVInter']}, {'word_form': 'ezhidaabaadamawaad', 'fst_analyses': []}, {'word_form': '.', 'fst_analyses': []}]",nj
Daabishkoo indigo izhinaagwadoon.,They look alike.,"[{'word_form': 'daabishkoo', 'fst_analyses': ['daabishkoo+ADVGram']}, {'word_form': 'indigo', 'fst_analyses': ['indigo+ADVMan']}, {'word_form': 'izhinaagwadoon', 'fst_analyses': ['izhinaagwad+VII+Ind+Pos+Neu+0PlSubj']}, {'word_form': '.', 'fst_analyses': []}]",nj
Daabishkoo izhinaagoziwag wiijikiwenyan.,He and his brother look alike.,"[{'word_form': 'daabishkoo', 'fst_analyses': ['daabishkoo+ADVGram']}, {'word_form': 'izhinaagoziwag', 'fst_analyses': ['izhinaagozi+VAI+Ind+Pos+Neu+3PlProxSubj']}, {'word_form': 'wiijikiwenyan', 'fst_analyses': ['iijikiwenhy+NAD+ObvPl+3SgProxPoss', 'iijikiweny+NAD+ObvPl+3SgProxPoss', 'iijikiwenhy+NAD+ObvSg+3SgProxPoss', 'iijikiweny+NAD+ObvSg+3SgProxPoss']}, {'word_form': '.', 'fst_analyses': []}]",nj
Gigii'-noondaan ina gii-kichi-bimaanimak dibikong?,Did you hear the big windstorm last night?,"[{'word_form': ""gigii'-noondaan"", 'fst_analyses': [""PVTense/gii'+noondan+VTI+Ind+Pos+Neu+2SgSubj+0SgObj""]}, {'word_form': 'ina', 'fst_analyses': ['ina+PCDisc']}, {'word_form': 'gii-kichi-bimaanimak', 'fst_analyses': ['PVTense/gii+PVLex/gichi+bimaanimad+VII+Cnj+Pos+Neu+0SgSubj', 'PVTense/gii+PVLex/gichi+bimaanimad+VII+Cnj+Pos+Neu+0PlSubj']}, {'word_form': 'dibikong', 'fst_analyses': ['dibikong+ADVTmp']}, {'word_form': '?', 'fst_analyses': []}]",nj
Ogii-pookogwebinaan zhiishiiban gaa-giiwaazikoozonid.,He broke the neck of the stunned duck.,"[{'word_form': 'ogii-pookogwebinaan', 'fst_analyses': ['PVTense/gii+bookogwebizh+VTA+Ind+Pos+Neu+3SgProxSubj+3SgObvObj', 'PVTense/gii+bookogwebizh+VTA+Ind+Pos+Neu+3SgProxSubj+3PlObvObj']}, {'word_form': 'zhiishiiban', 'fst_analyses': ['zhiishiib+NA+ObvPl', 'zhiishiib+NA+ObvSg']}, {'word_form': 'gaa-giiwaazikoozonid', 'fst_analyses': []}, {'word_form': '.', 'fst_analyses': []}]",nj
Wewiib niisaandawebatoo. Onando-nakwetaan obiiwaabikoonsim madwesininig.,He's rushing downstairs to go answer his ringing phone.,"[{'word_form': 'wewiib', 'fst_analyses': ['wewiib+ADVMan']}, {'word_form': 'niisaandawebatoo', 'fst_analyses': ['niisaandawebatoo+VAI+Ind+Pos+Neu+3SgProxSubj']}, {'word_form': '.', 'fst_analyses': []}, {'word_form': 'onando-nakwetaan', 'fst_analyses': ['PVLex/ando+nakwetan+VTI+Ind+Pos+Neu+3SgProxSubj+0SgObj']}, {'word_form': 'obiiwaabikoonsim', 'fst_analyses': ['biiwaabikoons+NI+Poss+Sg+3SgProxPoss', 'biiwaabik+NI+Dim+Poss+Sg+3SgProxPoss']}, {'word_form': 'madwesininig', 'fst_analyses': ['madwesin+VII+Cnj+Pos+Neu+0PlObvSubj', 'madwesin+VII+Cnj+Pos+Neu+0SgObvSubj']}, {'word_form': '.', 'fst_analyses': []}]",nj
Wanako'oning onji-zaagidaabate wiigiwaam.,Smoke is coming from the tip of the wigwam.,"[{'word_form': ""wanako'oning"", 'fst_analyses': []}, {'word_form': 'onji-zaagidaabate', 'fst_analyses': []}, {'word_form': 'wiigiwaam', 'fst_analyses': ['wiigiwaam+NI+Sg']}, {'word_form': '.', 'fst_analyses': []}]",nj
Zaagidaw niwii'-awi-izhi-bagida'waa.,I'm going to set a net at the mouth of the river.,"[{'word_form': 'zaagidaw', 'fst_analyses': ['zaagidaw+ADVLoc']}, {'word_form': ""niwii'-awi-izhi-bagida'waa"", 'fst_analyses': [""PVTense/wii'+PVDir/awi+PVRel/izhi+bagida'waa+VAI+Ind+Pos+Neu+1SgSubj""]}, {'word_form': '.', 'fst_analyses': []}]",nj
Ginandawenimin ji-bi-giiweyan.,I want you to come here.,"[{'word_form': 'ginandawenimin', 'fst_analyses': ['andawenim+VTA+Ind+Pos+Neu+1SgSubj+2SgObj', 'nandawenim+VTA+Ind+Pos+Neu+1SgSubj+2SgObj']}, {'word_form': 'ji-bi-giiweyan', 'fst_analyses': ['PVTense/daa+PVDir/bi+giiwe+VAI+Cnj+Pos+Neu+2SgSubj', 'PVTense/ga+PVDir/bi+giiwe+VAI+Cnj+Pos+Neu+2SgSubj']}, {'word_form': '.', 'fst_analyses': []}]",nj
Ginandawenim ina ji-wiijishimotawinaan.,Do you want me to dance with you?,"[{'word_form': 'ginandawenim', 'fst_analyses': ['andawenim+VTA+Ind+Pos+Neu+2SgSubj+1SgObj', 'nandawenim+VTA+Ind+Pos+Neu+2SgSubj+1SgObj']}, {'word_form': 'ina', 'fst_analyses': ['ina+PCDisc']}, {'word_form': 'ji-wiijishimotawinaan', 'fst_analyses': []}, {'word_form': '.', 'fst_analyses': []}]",nj
Niningwaagone'aan niwanii'igan.,I cover my trap with snow.,"[{'word_form': ""niningwaagone'aan"", 'fst_analyses': [""ningwaagone'an+VTI+Ind+Pos+Neu+1SgSubj+0SgObj""]}, {'word_form': ""niwanii'igan"", 'fst_analyses': [""wanii'igan+NI+Sg+1SgPoss""]}, {'word_form': '.', 'fst_analyses': []}]",nj
Aandi enaanimizid.,Where is s/he running to in flight?,"[{'word_form': 'aandi', 'fst_analyses': ['aandi+ADVInter']}, {'word_form': 'enaanimizid', 'fst_analyses': ['inaanimizi+VAI+Pcp+Pos+Neu+3SgProxSubj+3SgProxHead']}, {'word_form': '.', 'fst_analyses': []}]",nj
Ginwaabiigizhan zhinoodaagan waa'-wewebizonikaageyan.,Cut a long piece of rope to make a swing with.,"[{'word_form': 'ginwaabiigizhan', 'fst_analyses': ['ginwaabiigizhan+VTI+Imp+Sim+2SgSubj+0PlObj', 'ginwaabiigizhan+VTI+Imp+Sim+2SgSubj+0SgObj']}, {'word_form': 'zhinoodaagan', 'fst_analyses': ['zhinoodaagan+NI+Sg']}, {'word_form': ""waa'-wewebizonikaageyan"", 'fst_analyses': []}, {'word_form': '.', 'fst_analyses': []}]",nj
Awasi-minis ayindaawag gaa-manoominikewaad.,The ricers live on the other side of the island.,"[{'word_form': 'awasi-minis', 'fst_analyses': ['PNLex/awasi+minis+NI+Sg', 'awasi-minis+ADVLoc']}, {'word_form': 'ayindaawag', 'fst_analyses': ['ayindaa+VAI+Ind+Pos+Neu+3PlProxSubj']}, {'word_form': 'gaa-manoominikewaad', 'fst_analyses': ['PVSub/gaa+manoominike+VAI+Cnj+Pos+Neu+3PlProxSubj']}, {'word_form': '.', 'fst_analyses': []}]",nj
Indawaaj igo ningii'-miinaa ge-onji-bimibizod.,I gave him his gas money anyway.,"[{'word_form': 'indawaaj', 'fst_analyses': ['indawaaj+ADVMan']}, {'word_form': 'igo', 'fst_analyses': ['igo+PCEmph']}, {'word_form': ""ningii'-miinaa"", 'fst_analyses': [""PVTense/gii'+miizh+VTA+Ind+Pos+Neu+1SgSubj+3SgProxObj""]}, {'word_form': 'ge-onji-bimibizod', 'fst_analyses': []}, {'word_form': '.', 'fst_analyses': []}]",nj
Gego waniikeken ji-izhiwidamaageyan gimakizinikaanan. Waabang da-giba'igaade ozhibii'igewigamig.,Don't forget to take your moccasins you made. The office will be closed tomorrow.,"[{'word_form': 'gego', 'fst_analyses': ['gego+ADVNeg']}, {'word_form': 'waniikeken', 'fst_analyses': ['waniike+VAI+Imp+Prb+2SgSubj', 'waniiken+VAIO+Imp+Prb+2SgSubj+0PlObj', 'waniiken+VAIO+Imp+Prb+2SgSubj+0SgObj']}, {'word_form': 'ji-izhiwidamaageyan', 'fst_analyses': ['PVTense/daa+izhiwidamaage+VAI+Cnj+Pos+Neu+2SgSubj', 'PVTense/ga+izhiwidamaage+VAI+Cnj+Pos+Neu+2SgSubj']}, {'word_form': 'gimakizinikaanan', 'fst_analyses': ['makizinikaan+NI+Pl+2SgPoss']}, {'word_form': '.', 'fst_analyses': []}, {'word_form': 'waabang', 'fst_analyses': ['waaban+VII+Cnj+Pos+Neu+0SgSubj', 'waaban+VII+Cnj+Pos+Neu+0PlSubj']}, {'word_form': ""da-giba'igaade"", 'fst_analyses': [""PVTense/ga+giba'igaade+VII+Ind+Pos+Neu+0SgSubj""]}, {'word_form': ""ozhibii'igewigamig"", 'fst_analyses': [""ozhibii'igewigamig+NI+Sg""]}, {'word_form': '.', 'fst_analyses': []}]",nj
Aaniin amik enanjiged.,What does a beaver eat?,"[{'word_form': 'aaniin', 'fst_analyses': ['aaniin+PCInterj', 'aaniin+ADVInter']}, {'word_form': 'amik', 'fst_analyses': ['amik+NA+ProxSg']}, {'word_form': 'enanjiged', 'fst_analyses': ['inanjige+VAI+Pcp+Pos+Neu+3SgProxSubj+3SgProxHead']}, {'word_form': '.', 'fst_analyses': []}]",nj
Anooj igo inanjige. Mii 'i gaa-onji-ishpaagamishkaanig omiskwiim.,He eat junk food. That's why he has high blood pressure.,"[{'word_form': 'anooj', 'fst_analyses': ['anooj+ADVQnt']}, {'word_form': 'igo', 'fst_analyses': ['igo+PCEmph']}, {'word_form': 'inanjige', 'fst_analyses': ['inanjige+VAI+Ind+Pos+Neu+3SgProxSubj']}, {'word_form': '.', 'fst_analyses': []}, {'word_form': 'mii', 'fst_analyses': ['mii+ADVPred']}, {'word_form': ""'i"", 'fst_analyses': [""'i+PRONDem+NI+Sg""]}, {'word_form': 'gaa-onji-ishpaagamishkaanig', 'fst_analyses': ['PVSub/gaa+PVRel/onji+ishpaagamishkaa+VII+Cnj+Pos+Neu+0PlObvSubj', 'PVSub/gaa+PVRel/onji+ishpaagamishkaa+VII+Cnj+Pos+Neu+0SgObvSubj', 'PVTense/gii+PVRel/onji+ishpaagamishkaa+VII+Pcp+Pos+Neu+0SgObvSubj+0SgObvHead']}, {'word_form': 'omiskwiim', 'fst_analyses': ['miskwi+NI+Poss+Sg+3SgProxPoss']}, {'word_form': '.', 'fst_analyses': []}]",nj
Zhaagawibagizi miskwaabiimagoons.,Red willow has oval-shaped leaves.,"[{'word_form': 'zhaagawibagizi', 'fst_analyses': ['zhaagawibagizi+VAI+Ind+Pos+Neu+3SgProxSubj']}, {'word_form': 'miskwaabiimagoons', 'fst_analyses': ['miskwaabiimagoons+NA+ProxSg', 'miskwaabiimag+NA+Dim+ProxSg']}, {'word_form': '.', 'fst_analyses': []}]",nj
Odibi'aa' epiisikaanid.,He's keeping up with their speed.,"[{'word_form': ""odibi'aa'"", 'fst_analyses': [""dibi'+VTA+Ind+Pos+Neu+3SgProxSubj+3PlObvObj""]}, {'word_form': 'epiisikaanid', 'fst_analyses': []}, {'word_form': '.', 'fst_analyses': []}]",nj
Gaagiijijaane; onzaam omigiiwi biinjijaan.,His nose is sore because he has sores in his nose.,"[{'word_form': 'gaagiijijaane;', 'fst_analyses': []}, {'word_form': 'onzaam', 'fst_analyses': ['onzaam+ADVQnt']}, {'word_form': 'omigiiwi', 'fst_analyses': ['omigiiwi+VAI+Ind+Pos+Neu+3SgProxSubj']}, {'word_form': 'biinjijaan', 'fst_analyses': ['biinjijaan+ADVLoc']}, {'word_form': '.', 'fst_analyses': []}]",nj
Kelly mookwaakizo; onzaam gizhaateni.,Kelly is crying because of the heat from the sun.,"[{'word_form': 'kelly', 'fst_analyses': []}, {'word_form': 'mookwaakizo;', 'fst_analyses': []}, {'word_form': 'onzaam', 'fst_analyses': ['onzaam+ADVQnt']}, {'word_form': 'gizhaateni', 'fst_analyses': ['gizhaate+VII+Ind+Pos+Neu+0SgObvSubj']}, {'word_form': '.', 'fst_analyses': []}]",nj
Obwaanawitoon ji-boozid naabikwaanensiwi-jiimaan; onzaam ishpoonagadini.,He isn't able to get aboard the motorboat because its sides are too high.,"[{'word_form': 'obwaanawitoon', 'fst_analyses': ['bwaanawitoon+VTI+Ind+Pos+Neu+3SgProxSubj+0SgObj']}, {'word_form': 'ji-boozid', 'fst_analyses': ['PVTense/daa+boozi+VAI+Cnj+Pos+Neu+3SgProxSubj', 'PVTense/ga+boozi+VAI+Cnj+Pos+Neu+3SgProxSubj']}, {'word_form': 'naabikwaanensiwi-jiimaan;', 'fst_analyses': []}, {'word_form': 'onzaam', 'fst_analyses': ['onzaam+ADVQnt']}, {'word_form': 'ishpoonagadini', 'fst_analyses': ['ishpoonagad+VII+Ind+Pos+Neu+0SgObvSubj']}, {'word_form': '.', 'fst_analyses': []}]",nj
Aazha na gii'-ozhisinoon desabiwinan waa-tanakamigak.,Are the chairs already set up for the evernt.,"[{'word_form': 'aazha', 'fst_analyses': ['aazha+ADVTmp']}, {'word_form': 'na', 'fst_analyses': ['na+PCDisc']}, {'word_form': ""gii'-ozhisinoon"", 'fst_analyses': [""PVTense/gii'+ozhisin+VII+Ind+Pos+Neu+0PlSubj""]}, {'word_form': 'desabiwinan', 'fst_analyses': ['desabiwin+NI+Pl']}, {'word_form': 'waa-tanakamigak', 'fst_analyses': ['PVTense/wii+danakamigad+VII+Pcp+Pos+Neu+0SgSubj+0SgHead']}, {'word_form': '.', 'fst_analyses': []}]",nj
Abinoojiiyens akwaandaweyoode desabiwining. Awi-debibizh jibwaa-bangishing.,The baby is crawling up on the chair. Go grab him before he falls.,"[{'word_form': 'abinoojiiyens', 'fst_analyses': []}, {'word_form': 'akwaandaweyoode', 'fst_analyses': ['akwaandaweyoode+VAI+Ind+Pos+Neu+3SgProxSubj']}, {'word_form': 'desabiwining', 'fst_analyses': ['desabiwin+NI+Loc']}, {'word_form': '.', 'fst_analyses': []}, {'word_form': 'awi-debibizh', 'fst_analyses': ['PVDir/awi+debibizh+VTA+Imp+Sim+2SgSubj+3SgProxObj', 'PVDir/awi+debibizh+VTA+Imp+Sim+2SgSubj+3PlProxObj']}, {'word_form': 'jibwaa-bangishing', 'fst_analyses': ['PVTense/jibwaa+bangishin+VAI+Cnj+Pos+Neu+3SgProxSubj']}, {'word_form': '.', 'fst_analyses': []}]",nj
Zhooshkobidoon desabiwin ji-gibabisiwaan.,Push the chair over so you won't be sitting in the way.,"[{'word_form': 'zhooshkobidoon', 'fst_analyses': []}, {'word_form': 'desabiwin', 'fst_analyses': ['desabiwin+NI+Sg']}, {'word_form': 'ji-gibabisiwaan', 'fst_analyses': ['PVTense/daa+gibabi+VAI+Cnj+Neg+Neu+1SgSubj', 'PVTense/ga+gibabi+VAI+Cnj+Neg+Neu+1SgSubj']}, {'word_form': '.', 'fst_analyses': []}]",nj
Wiisagaabate omaa biindig. Ganabaj bagoshkaa okijaabik.,The smoke hurts the eyes in here. I think there is a hole in the chimney.,"[{'word_form': 'wiisagaabate', 'fst_analyses': ['wiisagaabate+VII+Ind+Pos+Neu+0SgSubj']}, {'word_form': 'omaa', 'fst_analyses': ['omaa+ADVLoc']}, {'word_form': 'biindig', 'fst_analyses': ['biindig+ADVLoc']}, {'word_form': '.', 'fst_analyses': []}, {'word_form': 'ganabaj', 'fst_analyses': ['ganabaj+ADVMan']}, {'word_form': 'bagoshkaa', 'fst_analyses': ['bagoshkaa+VAI+Ind+Pos+Neu+3SgProxSubj', 'bagoshkaa+VII+Ind+Pos+Neu+0SgSubj']}, {'word_form': 'okijaabik', 'fst_analyses': ['okijaabik+NI+Sg']}, {'word_form': '.', 'fst_analyses': []}]",nj
Jiigewe-minis ani-ipide naabikwaanens.,The boat is going along the side of the island.,"[{'word_form': 'jiigewe-minis', 'fst_analyses': ['PNLex/jiigewe+minis+NI+Sg', 'jiigewe-minis+ADVLoc']}, {'word_form': 'ani-ipide', 'fst_analyses': ['PVDir/ani+ipide+VII+Ind+Pos+Neu+0SgSubj']}, {'word_form': 'naabikwaanens', 'fst_analyses': ['naabikwaanens+NI+Sg', 'naabikwaan+NI+Dim+Sg']}, {'word_form': '.', 'fst_analyses': []}]",nj
Ningwaagonenan moozonagizh gaa-gii'-ondaabasaman.,Put the moose sausage you smoked in the snow (to cool it).,"[{'word_form': 'ningwaagonenan', 'fst_analyses': ['ningwaagonenan+VTI+Imp+Sim+2SgSubj+0PlObj', 'ningwaagonenan+VTI+Imp+Sim+2SgSubj+0SgObj']}, {'word_form': 'moozonagizh', 'fst_analyses': ['moozonagizh+NI+Sg']}, {'word_form': ""gaa-gii'-ondaabasaman"", 'fst_analyses': [""PVSub/gaa+PVTense/gii'+ondaabasan+VTI+Cnj+Pos+Neu+2SgSubj+0PlObj"", ""PVSub/gaa+PVTense/gii'+ondaabasan+VTI+Cnj+Pos+Neu+2SgSubj+0SgObj""]}, {'word_form': '.', 'fst_analyses': []}]",nj
Aaniin waa'-inizhang wiiyaas gaa-wii'-ondaabasang.,How is she going to cut the meat she's going to smoke?,"[{'word_form': 'aaniin', 'fst_analyses': ['aaniin+PCInterj', 'aaniin+ADVInter']}, {'word_form': ""waa'-inizhang"", 'fst_analyses': []}, {'word_form': 'wiiyaas', 'fst_analyses': ['wiiyaas+NI+Sg', 'iiyaas+NID+Sg+3SgProxPoss']}, {'word_form': ""gaa-wii'-ondaabasang"", 'fst_analyses': [""PVSub/gaa+PVTense/wii'+ondaabasan+VTI+Cnj+Pos+Neu+3SgProxSubj+0PlObj"", ""PVSub/gaa+PVTense/wii'+ondaabasan+VTI+Cnj+Pos+Neu+3SgProxSubj+0SgObj""]}, {'word_form': '.', 'fst_analyses': []}]",nj
Wegonenan dinowan gaa-dazhindaman.,What are those things you are talking about?,"[{'word_form': 'wegonenan', 'fst_analyses': ['wegonenan+PRONInter+NI+Pl']}, {'word_form': 'dinowan', 'fst_analyses': ['dinowan+PRONSim+NI+Pl', 'dinowan+PRONSim+NA+ObvSg', 'dinowan+PRONSim+NA+ObvPl']}, {'word_form': 'gaa-dazhindaman', 'fst_analyses': ['PVSub/gaa+dazhindan+VTI+Cnj+Pos+Neu+2SgSubj+0PlObj', 'PVSub/gaa+dazhindan+VTI+Cnj+Pos+Neu+2SgSubj+0SgObj']}, {'word_form': '.', 'fst_analyses': []}]",nj
Onjida go ge giin ji-wiijitwaayan,You really ought to help too.,"[{'word_form': 'onjida', 'fst_analyses': ['onjida+ADVMan']}, {'word_form': 'go', 'fst_analyses': ['go+PCDisc']}, {'word_form': 'ge', 'fst_analyses': ['ge+ADVConj']}, {'word_form': 'giin', 'fst_analyses': ['giin+PRONPer+NA+2Sg']}, {'word_form': 'ji-wiijitwaayan', 'fst_analyses': ['PVTense/daa+wiijitwaa+VAI+Cnj+Pos+Neu+2SgSubj', 'PVTense/ga+wiijitwaa+VAI+Cnj+Pos+Neu+2SgSubj']}]",nj
Miziwe nibabaa-wiijitwaa anishinaabemowin dazhiikigaadeg.,I'm helping out everywhere with revitalizing the Native language.,"[{'word_form': 'miziwe', 'fst_analyses': ['miziwe+ADVLoc']}, {'word_form': 'nibabaa-wiijitwaa', 'fst_analyses': ['PVDir/babaa+wiijitwaa+VAI+Ind+Pos+Neu+1SgSubj']}, {'word_form': 'anishinaabemowin', 'fst_analyses': ['anishinaabemowin+NI+Sg']}, {'word_form': 'dazhiikigaadeg', 'fst_analyses': ['dazhiikigaade+VII+Cnj+Pos+Neu+0SgSubj', 'dazhiikigaade+VII+Cnj+Pos+Neu+0PlSubj']}, {'word_form': '.', 'fst_analyses': []}]",nj
Zazegaa-ikwe Mary. Apane wiijitwaa gegoo,Mary is a good-natured woman. She always helps with things.,"[{'word_form': 'zazegaa-ikwe', 'fst_analyses': ['PNLex/zazegaa+ikwe+NA+ProxSg', 'zazegaa-ikwe+NA+ProxSg']}, {'word_form': 'mary', 'fst_analyses': []}, {'word_form': '.', 'fst_analyses': []}, {'word_form': 'apane', 'fst_analyses': ['apane+ADVTmp']}, {'word_form': 'wiijitwaa', 'fst_analyses': ['wiijitwaa+VAI+Ind+Pos+Neu+3SgProxSubj']}, {'word_form': 'gegoo', 'fst_analyses': ['gegoo+PRONIndf+NI']}]",nj
Agawaateyaabikaang izhi-agoke aasaakamig. Mii 'imaa wenji-gikendaman aandi nake giiwedinong.,Moss grows on the shady side of rock. That's where you can learn which way is north.,"[{'word_form': 'agawaateyaabikaang', 'fst_analyses': []}, {'word_form': 'izhi-agoke', 'fst_analyses': ['PVRel/izhi+agoke+VAI+Ind+Pos+Neu+3SgProxSubj', 'PVRel/izhi+agoke+VII+Ind+Pos+Neu+0SgSubj']}, {'word_form': 'aasaakamig', 'fst_analyses': ['aasaakamig+NI+Sg']}, {'word_form': '.', 'fst_analyses': []}, {'word_form': 'mii', 'fst_analyses': ['mii+ADVPred']}, {'word_form': ""'imaa"", 'fst_analyses': [""'imaa+ADVLoc""]}, {'word_form': 'wenji-gikendaman', 'fst_analyses': []}, {'word_form': 'aandi', 'fst_analyses': ['aandi+ADVInter']}, {'word_form': 'nake', 'fst_analyses': ['nake+ADVLoc']}, {'word_form': 'giiwedinong', 'fst_analyses': ['giiwedin+NI+Loc']}, {'word_form': '.', 'fst_analyses': []}]",nj
Jiigibiig onji-maadasaa.,He's setting his net out from the shore.,"[{'word_form': 'jiigibiig', 'fst_analyses': ['jiigibiig+ADVLoc']}, {'word_form': 'onji-maadasaa', 'fst_analyses': []}, {'word_form': '.', 'fst_analyses': []}]",nj
Waabang niwii'-ando-awi'aazonan zhooniyaa ji-adaaweyaan odaabaan.,Tomorrow I'm going to go borrow some money to buy a car.,"[{'word_form': 'waabang', 'fst_analyses': ['waaban+VII+Cnj+Pos+Neu+0SgSubj', 'waaban+VII+Cnj+Pos+Neu+0PlSubj']}, {'word_form': ""niwii'-ando-awi'aazonan"", 'fst_analyses': [""PVTense/wii'+PVLex/ando+awi'aazon+VAIO+Ind+Pos+Neu+1SgSubj+0PlObj"", ""PVTense/wii'+PVLex/ando+awi'aazon+VAIO+Ind+Pos+Neu+1SgSubj+3SgProxObj""]}, {'word_form': 'zhooniyaa', 'fst_analyses': ['zhooniyaa+NA+ProxSg', 'zhooniyaa+NI+Sg']}, {'word_form': 'ji-adaaweyaan', 'fst_analyses': ['PVTense/daa+adaawe+VAI+Cnj+Pos+Neu+1SgSubj', 'PVTense/ga+adaawe+VAI+Cnj+Pos+Neu+1SgSubj', 'PVTense/daa+adaawen+VAIO+Cnj+Pos+Neu+1SgSubj+0PlObj', 'PVTense/ga+adaawen+VAIO+Cnj+Pos+Neu+1SgSubj+0PlObj', 'PVTense/daa+adaawen+VAIO+Cnj+Pos+Neu+1SgSubj+0SgObj', 'PVTense/ga+adaawen+VAIO+Cnj+Pos+Neu+1SgSubj+0SgObj', 'PVTense/daa+adaawen+VAIO+Cnj+Pos+Neu+1SgSubj+3SgProxObj', 'PVTense/ga+adaawen+VAIO+Cnj+Pos+Neu+1SgSubj+3SgProxObj', 'PVTense/daa+adaawen+VAIO+Cnj+Pos+Neu+1SgSubj+3PlProxObj', 'PVTense/ga+adaawen+VAIO+Cnj+Pos+Neu+1SgSubj+3PlProxObj', 'PVTense/daa+adaawen+VAIO+Cnj+Pos+Neu+1SgSubj', 'PVTense/ga+adaawen+VAIO+Cnj+Pos+Neu+1SgSubj']}, {'word_form': 'odaabaan', 'fst_analyses': ['odaabaan+NA+ProxSg', 'odaabaan+NI+Sg']}, {'word_form': '.', 'fst_analyses': []}]",nj
Maagoshkoodoon gidagwana'igan ji-baakiwebaasinzinog.,Weight down your tarp so it won't blow over.,"[{'word_form': 'maagoshkoodoon', 'fst_analyses': ['maagoshkoodoon+VTI+Imp+Sim+2SgSubj+0PlObj', 'maagoshkoodoon+VTI+Imp+Sim+2SgSubj+0SgObj']}, {'word_form': ""gidagwana'igan"", 'fst_analyses': []}, {'word_form': 'ji-baakiwebaasinzinog', 'fst_analyses': ['PVTense/daa+baakiwebaasin+VII+Cnj+Neg+Neu+0PlSubj', 'PVTense/ga+baakiwebaasin+VII+Cnj+Neg+Neu+0PlSubj', 'PVTense/daa+baakiwebaasin+VII+Cnj+Neg+Neu+0SgSubj', 'PVTense/ga+baakiwebaasin+VII+Cnj+Neg+Neu+0SgSubj']}, {'word_form': '.', 'fst_analyses': []}]",nj
Mashi na gigii-maajitoon gidanokiiwin.,Did you start your job yet?,"[{'word_form': 'mashi', 'fst_analyses': ['mashi+ADVTmp']}, {'word_form': 'na', 'fst_analyses': ['na+PCDisc']}, {'word_form': 'gigii-maajitoon', 'fst_analyses': ['PVTense/gii+maajitoon+VTI+Ind+Pos+Neu+2SgSubj+0SgObj']}, {'word_form': 'gidanokiiwin', 'fst_analyses': ['anokiiwin+NI+Sg+2SgPoss']}, {'word_form': '.', 'fst_analyses': []}]",nj
Mashi na ginoondawaa.,Have you heard him yet?,"[{'word_form': 'mashi', 'fst_analyses': ['mashi+ADVTmp']}, {'word_form': 'na', 'fst_analyses': ['na+PCDisc']}, {'word_form': 'ginoondawaa', 'fst_analyses': ['noondaw+VTA+Ind+Pos+Neu+2SgSubj+3SgProxObj']}, {'word_form': '.', 'fst_analyses': []}]",nj
Ani-ishpi-niibing da-aditewan miinan.,The berries will be ripe towards the last part of the summer.,"[{'word_form': 'ani-ishpi-niibing', 'fst_analyses': ['PVDir/ani+ishpi-niibin+VII+Cnj+Pos+Neu+0SgSubj', 'PVDir/ani+PVLex/ishpi+niibin+VII+Cnj+Pos+Neu+0SgSubj', 'PVDir/ani+ishpi-niibin+VII+Cnj+Pos+Neu+0PlSubj', 'PVDir/ani+PVLex/ishpi+niibin+VII+Cnj+Pos+Neu+0PlSubj']}, {'word_form': 'da-aditewan', 'fst_analyses': ['PVTense/ga+adite+VII+Ind+Pos+Neu+0PlSubj']}, {'word_form': 'miinan', 'fst_analyses': ['miinan+NI+Pl', 'miin+NI+Pl']}, {'word_form': '.', 'fst_analyses': []}]",nj
Gaashizigozi goon.,The snow has a sharp prickly crust of ice.,"[{'word_form': 'gaashizigozi', 'fst_analyses': ['gaashizigozi+VAI+Ind+Pos+Neu+3SgProxSubj']}, {'word_form': 'goon', 'fst_analyses': ['goon+NA+ProxSg']}, {'word_form': '.', 'fst_analyses': []}]",nj
Agwanaateng dazhi-anwebidaa.,Let's go rest in the shade.,"[{'word_form': 'agwanaateng', 'fst_analyses': []}, {'word_form': 'dazhi-anwebidaa', 'fst_analyses': ['PVRel/dazhi+anwebi+VAI+Imp+Del+InclSubj', 'PVRel/dazhi+anwebi+VAI+Imp+Sim+InclSubj']}, {'word_form': '.', 'fst_analyses': []}]",nj
Ninandawaabandaan ezhi-agwanaateg waa-tanawinzoyaan.,I'm looking for a shady spot to pick berries in.,"[{'word_form': 'ninandawaabandaan', 'fst_analyses': ['nandawaabandan+VTI+Ind+Pos+Neu+1SgSubj+0SgObj', 'andawaabandan+VTI+Ind+Pos+Neu+1SgSubj+0SgObj']}, {'word_form': 'ezhi-agwanaateg', 'fst_analyses': ['PVRel/izhi+agwanaate+VII+Pcp+Pos+Neu+0SgSubj+0SgHead']}, {'word_form': 'waa-tanawinzoyaan', 'fst_analyses': []}, {'word_form': '.', 'fst_analyses': []}]",nj
Ogidadewebatoowag waaboozoog gii-onaabanak.,The rabbits run on top of the snow when there is a crust on it.,"[{'word_form': 'ogidadewebatoowag', 'fst_analyses': ['ogidadewebatoo+VAI+Ind+Pos+Neu+3PlProxSubj']}, {'word_form': 'waaboozoog', 'fst_analyses': ['waabooz+NA+ProxPl']}, {'word_form': 'gii-onaabanak', 'fst_analyses': ['PVTense/gii+onaabanad+VII+Cnj+Pos+Neu+0SgSubj', 'PVTense/gii+onaabanad+VII+Cnj+Pos+Neu+0PlSubj']}, {'word_form': '.', 'fst_analyses': []}]",nj
Wiinitamawaa da-agwaa'amawaawag gaa-nagamowaad.,Let the singers be served first.,"[{'word_form': 'wiinitamawaa', 'fst_analyses': ['wiinitamaw+VTA+Ind+Pos+Neu+XSubj+3SgProxObj', 'wiinitamawaa+PRONPer+NA+3Pl']}, {'word_form': ""da-agwaa'amawaawag"", 'fst_analyses': [""PVTense/ga+agwaa'amaw+VTA+Ind+Pos+Neu+XSubj+3PlProxObj""]}, {'word_form': 'gaa-nagamowaad', 'fst_analyses': ['PVSub/gaa+nagamo+VAI+Cnj+Pos+Neu+3PlProxSubj']}, {'word_form': '.', 'fst_analyses': []}]",nj
Naboob ogii'-agwaa'amawaan ookomisan ji-wiisininid.,She scooped up some soup for her grandmother so she could eat.,"[{'word_form': 'naboob', 'fst_analyses': ['naboob+NI+Sg']}, {'word_form': ""ogii'-agwaa'amawaan"", 'fst_analyses': [""PVTense/gii'+agwaa'amaw+VTA+Ind+Pos+Neu+3SgProxSubj+3SgObvObj"", ""PVTense/gii'+agwaa'amaw+VTA+Ind+Pos+Neu+3SgProxSubj+3PlObvObj""]}, {'word_form': 'ookomisan', 'fst_analyses': ['ookomis+NAD+ObvPl+3SgProxPoss', 'ookomis+NAD+ObvSg+3SgProxPoss']}, {'word_form': 'ji-wiisininid', 'fst_analyses': ['PVTense/daa+wiisini+VAI+Cnj+Pos+Neu+3PlObvSubj', 'PVTense/ga+wiisini+VAI+Cnj+Pos+Neu+3PlObvSubj', 'PVTense/daa+wiisini+VAI+Cnj+Pos+Neu+3SgObvSubj', 'PVTense/ga+wiisini+VAI+Cnj+Pos+Neu+3SgObvSubj']}, {'word_form': '.', 'fst_analyses': []}]",nj
Odibaajimaa' giigoonya' aandi endanaaminid.,He's telling where the fish are spawning.,"[{'word_form': ""odibaajimaa'"", 'fst_analyses': ['dibaajim+VTA+Ind+Pos+Neu+3SgProxSubj+3PlObvObj']}, {'word_form': ""giigoonya'"", 'fst_analyses': ['giigoonh+NA+ObvPl']}, {'word_form': 'aandi', 'fst_analyses': ['aandi+ADVInter']}, {'word_form': 'endanaaminid', 'fst_analyses': []}, {'word_form': '.', 'fst_analyses': []}]",nj
Maanendamotaagozi gii-dibaajimaad omaamaayan aakozinid.,He sounds sad when he talks about his mother being sick,"[{'word_form': 'maanendamotaagozi', 'fst_analyses': []}, {'word_form': 'gii-dibaajimaad', 'fst_analyses': ['PVTense/gii+dibaajim+VTA+Cnj+Pos+Neu+3SgProxSubj+3SgObvObj', 'PVTense/gii+dibaajim+VTA+Cnj+Pos+Neu+3SgProxSubj+3PlObvObj']}, {'word_form': 'omaamaayan', 'fst_analyses': ['maamaa+NAD+ObvPl+3SgProxPoss', 'maamaay+NAD+ObvPl+3SgProxPoss', 'maamaa+NAD+ObvSg+3SgProxPoss', 'maamaay+NAD+ObvSg+3SgProxPoss']}, {'word_form': 'aakozinid', 'fst_analyses': ['aakozi+VAI+Cnj+Pos+Neu+3PlObvSubj', 'aakozi+VAI+Cnj+Pos+Neu+3SgObvSubj', 'aakozin+VAIO+Cnj+Pos+Neu+3PlObvSubj+0PlObj', 'aakozin+VAIO+Cnj+Pos+Neu+3SgObvSubj+0PlObj', 'aakozin+VAIO+Cnj+Pos+Neu+3PlObvSubj+0SgObj', 'aakozin+VAIO+Cnj+Pos+Neu+3SgObvSubj+0SgObj', 'aakozin+VAIO+Cnj+Pos+Neu+3PlObvSubj+3SgProxObj', 'aakozin+VAIO+Cnj+Pos+Neu+3SgObvSubj+3SgProxObj', 'aakozin+VAIO+Cnj+Pos+Neu+3PlObvSubj+3PlProxObj', 'aakozin+VAIO+Cnj+Pos+Neu+3SgObvSubj+3PlProxObj', 'aakozin+VAIO+Cnj+Pos+Neu+3PlObvSubj', 'aakozin+VAIO+Cnj+Pos+Neu+3SgObvSubj']}, {'word_form': '.', 'fst_analyses': []}]",nj
Niizhing eta go.,Just two times.,"[{'word_form': 'niizhing', 'fst_analyses': ['niizhinoon+VII+Cnj+Pos+Neu+0SgSubj', 'niizhinoon+VII+Cnj+Pos+Neu+0PlSubj', 'niizhing+ADVTmp']}, {'word_form': 'eta', 'fst_analyses': ['eta+ADVDeg']}, {'word_form': 'go', 'fst_analyses': ['go+PCDisc']}, {'word_form': '.', 'fst_analyses': []}]",nj
Onzaam agaasaabikad ninitiiwinaagaans. Gaawiin inde-minikwesii.,My teacup is too small. I didn't get enough to drink.,"[{'word_form': 'onzaam', 'fst_analyses': ['onzaam+ADVQnt']}, {'word_form': 'agaasaabikad', 'fst_analyses': ['agaasaabikad+VII+Ind+Pos+Neu+0SgSubj']}, {'word_form': 'ninitiiwinaagaans', 'fst_analyses': ['nitiiwinaagaans+NI+Sg+1SgPoss']}, {'word_form': '.', 'fst_analyses': []}, {'word_form': 'gaawiin', 'fst_analyses': ['gaawiin+ADVNeg']}, {'word_form': 'inde-minikwesii', 'fst_analyses': ['PVLex/de+minikwe+VAI+Ind+Neg+Neu+1SgSubj', 'PVLex/de+minikwen+VAIO+Ind+Neg+Neu+1SgSubj']}, {'word_form': '.', 'fst_analyses': []}]",nj
Nisawi-waakaa'igan ningii'-waabamaag oshkinaweg dazhi-zagaswaawaad.,I saw a teenagers smoking in the alley.,"[{'word_form': ""nisawi-waakaa'igan"", 'fst_analyses': [""PNLex/nisawi+waakaa'igan+NI+Sg"", ""nisawi-waakaa'igan+ADVLoc""]}, {'word_form': ""ningii'-waabamaag"", 'fst_analyses': [""PVTense/gii'+waabam+VTA+Ind+Pos+Neu+1SgSubj+3PlProxObj""]}, {'word_form': 'oshkinaweg', 'fst_analyses': ['oshkinawe+NA+ProxPl']}, {'word_form': 'dazhi-zagaswaawaad', 'fst_analyses': ['PVRel/dazhi+zagaswaa+VAI+Cnj+Pos+Neu+3PlProxSubj']}, {'word_form': '.', 'fst_analyses': []}]",nj
Geyaabi oshkiinaagwad gidoodaabaan.,Your car still looks new.,"[{'word_form': 'geyaabi', 'fst_analyses': ['geyaabi+ADVTmp']}, {'word_form': 'oshkiinaagwad', 'fst_analyses': ['oshkiinaagwad+VII+Ind+Pos+Neu+0SgSubj']}, {'word_form': 'gidoodaabaan', 'fst_analyses': ['odaabaan+NI+Sg+2SgPoss', 'odaabaan+NA+ProxSg+2SgPoss']}, {'word_form': '.', 'fst_analyses': []}]",nj
Biinjidaabaan geyaabi namadabi gookomis. Maajaan andawaabam.,Your grandma is still sitting in the car. You should go get her.,"[{'word_form': 'biinjidaabaan', 'fst_analyses': ['biinjidaabaan+ADVLoc']}, {'word_form': 'geyaabi', 'fst_analyses': ['geyaabi+ADVTmp']}, {'word_form': 'namadabi', 'fst_analyses': ['namadabi+VAI+Ind+Pos+Neu+3SgProxSubj']}, {'word_form': 'gookomis', 'fst_analyses': ['ookomis+NAD+ProxSg+2SgPoss']}, {'word_form': '.', 'fst_analyses': []}, {'word_form': 'maajaan', 'fst_analyses': ['maajaa+VAI+Imp+Sim+2SgSubj']}, {'word_form': 'andawaabam', 'fst_analyses': ['andawaabam+VTA+Imp+Sim+2SgSubj+3SgProxObj', 'andawaabam+VTA+Imp+Sim+2SgSubj+3PlProxObj']}, {'word_form': '.', 'fst_analyses': []}]",nj
Geyaabi nibiiwashkaa manoomin. Baamaa bengwashkising giga-ando-bawa'aamin.,The rice stalks are still wet. We'll go and pick rice when they dry up.,"[{'word_form': 'geyaabi', 'fst_analyses': ['geyaabi+ADVTmp']}, {'word_form': 'nibiiwashkaa', 'fst_analyses': ['nibiiwashkaa+VII+Ind+Pos+Neu+0SgSubj']}, {'word_form': 'manoomin', 'fst_analyses': ['manoomin+NI+Sg']}, {'word_form': '.', 'fst_analyses': []}, {'word_form': 'baamaa', 'fst_analyses': ['baamaa+ADVTmp']}, {'word_form': 'bengwashkising', 'fst_analyses': ['bengwashkisin+VII+Cnj+Pos+Neu+0SgSubj', 'bengwashkisin+VII+Cnj+Pos+Neu+0PlSubj']}, {'word_form': ""giga-ando-bawa'aamin"", 'fst_analyses': [""PVTense/ga+PVLex/ando+bawa'an+VTI+Ind+Pos+Neu+InclSubj+0PlObj"", ""PVTense/ga+PVLex/ando+bawa'an+VTI+Ind+Pos+Neu+InclSubj+0SgObj"", ""PVTense/ga+PVLex/ando+bawa'am+VAI+Ind+Pos+Neu+InclSubj""]}, {'word_form': '.', 'fst_analyses': []}]",nj
Bijiinaago niibiwa ningii-kaaskizaan wiiyaas. Noongom idash niwii'-nooka'iiwagwe.,Yesterday I smoked a lot of meat. Today I'll make pemmican.,"[{'word_form': 'bijiinaago', 'fst_analyses': ['bijiinaago+ADVTmp']}, {'word_form': 'niibiwa', 'fst_analyses': ['niibiwa+ADVQnt']}, {'word_form': 'ningii-kaaskizaan', 'fst_analyses': ['PVTense/gii+gaaskizan+VTI+Ind+Pos+Neu+1SgSubj+0SgObj']}, {'word_form': 'wiiyaas', 'fst_analyses': ['wiiyaas+NI+Sg', 'iiyaas+NID+Sg+3SgProxPoss']}, {'word_form': '.', 'fst_analyses': []}, {'word_form': 'noongom', 'fst_analyses': ['noongom+ADVTmp']}, {'word_form': 'idash', 'fst_analyses': ['idash+ADVConj']}, {'word_form': ""niwii'-nooka'iiwagwe"", 'fst_analyses': [""PVTense/wii'+nooka'iiwagwe+VAI+Ind+Pos+Neu+1SgSubj""]}, {'word_form': '.', 'fst_analyses': []}]",nj
Eniwek igo babenag indinamanji' noongom. Bijiinaago nawaj ningii'-maanamanji'.,I feel a little better today than I did. Yesterday I felt worse.,"[{'word_form': 'eniwek', 'fst_analyses': ['eniwek+ADVDeg']}, {'word_form': 'igo', 'fst_analyses': ['igo+PCEmph']}, {'word_form': 'babenag', 'fst_analyses': ['babenag+ADVTmp']}, {'word_form': ""indinamanji'"", 'fst_analyses': [""inamanji'o+VAI+Ind+Pos+Neu+1SgSubj""]}, {'word_form': 'noongom', 'fst_analyses': ['noongom+ADVTmp']}, {'word_form': '.', 'fst_analyses': []}, {'word_form': 'bijiinaago', 'fst_analyses': ['bijiinaago+ADVTmp']}, {'word_form': 'nawaj', 'fst_analyses': ['nawaj+ADVDeg']}, {'word_form': ""ningii'-maanamanji'"", 'fst_analyses': [""PVTense/gii'+maanamanji'o+VAI+Ind+Pos+Neu+1SgSubj""]}, {'word_form': '.', 'fst_analyses': []}]",nj
Ishpi-dibik geyaabi madwe-baapiwag weshkiniigiwaad agwajiing.,The laughter of the young people outside went on late into the night.,"[{'word_form': 'ishpi-dibik', 'fst_analyses': ['ishpi-dibik+ADVTmp', 'PVLex/ishpi+dibik+ADVTmp']}, {'word_form': 'geyaabi', 'fst_analyses': ['geyaabi+ADVTmp']}, {'word_form': 'madwe-baapiwag', 'fst_analyses': ['PVLex/madwe+baapi+VAI+Ind+Pos+Neu+3PlProxSubj']}, {'word_form': 'weshkiniigiwaad', 'fst_analyses': []}, {'word_form': 'agwajiing', 'fst_analyses': ['agwajiing+ADVLoc']}, {'word_form': '.', 'fst_analyses': []}]",nj
Gaawiin wiikaa anooj igo gidayinaasii gichi-anishinaabe.,Never say bad things to an elder.,"[{'word_form': 'gaawiin', 'fst_analyses': ['gaawiin+ADVNeg']}, {'word_form': 'wiikaa', 'fst_analyses': ['wiikaa+ADVTmp']}, {'word_form': 'anooj', 'fst_analyses': ['anooj+ADVQnt']}, {'word_form': 'igo', 'fst_analyses': ['igo+PCEmph']}, {'word_form': 'gidayinaasii', 'fst_analyses': []}, {'word_form': 'gichi-anishinaabe', 'fst_analyses': ['PNLex/gichi+anishinaabe+NA+ProxSg', 'gichi-anishinaabe+NA+ProxSg', 'PNLex/chi+anishinaabe+NA+ProxSg+2SgPoss']}, {'word_form': '.', 'fst_analyses': []}]",nj
Naawikana bimi-ayabi amik.,A beaver is sitting in the middle of the road (and not moving).,"[{'word_form': 'naawikana', 'fst_analyses': ['naawikana+ADVLoc']}, {'word_form': 'bimi-ayabi', 'fst_analyses': ['PVDir/bimi+ayabi+VAI+Ind+Pos+Neu+3SgProxSubj']}, {'word_form': 'amik', 'fst_analyses': ['amik+NA+ProxSg']}, {'word_form': '.', 'fst_analyses': []}]",nj
Wiinge nibiiwaagamin 'i naboobiikaan. Onzaam bangii gegoo ningii-tagozaan.,The soup is so watery. I didn't add enough ingredients to it.,"[{'word_form': 'wiinge', 'fst_analyses': ['wiinge+ADVDeg']}, {'word_form': 'nibiiwaagamin', 'fst_analyses': ['nibiiwaagamin+VII+Ind+Pos+Neu+0SgSubj']}, {'word_form': ""'i"", 'fst_analyses': [""'i+PRONDem+NI+Sg""]}, {'word_form': 'naboobiikaan', 'fst_analyses': []}, {'word_form': '.', 'fst_analyses': []}, {'word_form': 'onzaam', 'fst_analyses': ['onzaam+ADVQnt']}, {'word_form': 'bangii', 'fst_analyses': ['bangii+ADVQnt']}, {'word_form': 'gegoo', 'fst_analyses': ['gegoo+PRONIndf+NI']}, {'word_form': 'ningii-tagozaan', 'fst_analyses': ['PVTense/gii+dagozan+VTI+Ind+Pos+Neu+1SgSubj+0SgObj']}, {'word_form': '.', 'fst_analyses': []}]",nj
Aandi endanawinzod.,Where's she picking berries?,"[{'word_form': 'aandi', 'fst_analyses': ['aandi+ADVInter']}, {'word_form': 'endanawinzod', 'fst_analyses': ['danawinzo+VAI+Pcp+Pos+Neu+3SgProxSubj+3SgProxHead']}, {'word_form': '.', 'fst_analyses': []}]",nj
Omikaan waa-tanawinzod waabang.,He found a spot where he's going to pick berries tomorrow.,"[{'word_form': 'omikaan', 'fst_analyses': ['mikan+VTI+Ind+Pos+Neu+3SgProxSubj+0SgObj']}, {'word_form': 'waa-tanawinzod', 'fst_analyses': ['PVTense/wii+danawinzo+VAI+Pcp+Pos+Neu+3SgProxSubj+3SgProxHead']}, {'word_form': 'waabang', 'fst_analyses': ['waaban+VII+Cnj+Pos+Neu+0SgSubj', 'waaban+VII+Cnj+Pos+Neu+0PlSubj']}, {'word_form': '.', 'fst_analyses': []}]",nj
Ninandawaabandaan ezhi-agwanaateg waa-tanawinzoyaan.,I'm looking for a shady spot to pick berries in.,"[{'word_form': 'ninandawaabandaan', 'fst_analyses': ['nandawaabandan+VTI+Ind+Pos+Neu+1SgSubj+0SgObj', 'andawaabandan+VTI+Ind+Pos+Neu+1SgSubj+0SgObj']}, {'word_form': 'ezhi-agwanaateg', 'fst_analyses': ['PVRel/izhi+agwanaate+VII+Pcp+Pos+Neu+0SgSubj+0SgHead']}, {'word_form': 'waa-tanawinzoyaan', 'fst_analyses': []}, {'word_form': '.', 'fst_analyses': []}]",nj
Wewiib ogii-piindiganaan gaa-naningajinid wii'-awazo'aad.,She quickly brought the shivering person inside to get him warmed up.,"[{'word_form': 'wewiib', 'fst_analyses': ['wewiib+ADVMan']}, {'word_form': 'ogii-piindiganaan', 'fst_analyses': ['PVTense/gii+biindigazh+VTA+Ind+Pos+Neu+3SgProxSubj+3SgObvObj', 'PVTense/gii+biindigazh+VTA+Ind+Pos+Neu+3SgProxSubj+3PlObvObj']}, {'word_form': 'gaa-naningajinid', 'fst_analyses': ['PVSub/gaa+naningaji+VAI+Cnj+Pos+Neu+3PlObvSubj', 'PVSub/gaa+naningaji+VAI+Cnj+Pos+Neu+3SgObvSubj']}, {'word_form': ""wii'-awazo'aad"", 'fst_analyses': [""PVTense/wii'+awazo'+VTA+Cnj+Pos+Neu+3SgProxSubj+3SgObvObj"", ""PVTense/wii'+awazo'+VTA+Cnj+Pos+Neu+3SgProxSubj+3PlObvObj""]}, {'word_form': '.', 'fst_analyses': []}]",nj
Wanakong agoozi aandeg. Ganabaj wii'-niiskaadad.,The crow is sitting on the top of a tree. He's telling us that wet weather is coming.,"[{'word_form': 'wanakong', 'fst_analyses': ['wanakong+ADVLoc']}, {'word_form': 'agoozi', 'fst_analyses': ['agoozi+VAI+Ind+Pos+Neu+3SgProxSubj']}, {'word_form': 'aandeg', 'fst_analyses': ['aandeg+NA+ProxSg']}, {'word_form': '.', 'fst_analyses': []}, {'word_form': 'ganabaj', 'fst_analyses': ['ganabaj+ADVMan']}, {'word_form': ""wii'-niiskaadad"", 'fst_analyses': [""PVTense/wii'+niiskaadad+VII+Ind+Pos+Neu+0SgSubj""]}, {'word_form': '.', 'fst_analyses': []}]",nj
Ogii-tipaabaawadoon owiiwakwaan jibwaa-biizikang; onzaam abwezo.,He soaked his hat before he put it on because he was sweating a lot.,"[{'word_form': 'ogii-tipaabaawadoon', 'fst_analyses': ['PVTense/gii+dipaabaawadoon+VTI+Ind+Pos+Neu+3SgProxSubj+0SgObj']}, {'word_form': 'owiiwakwaan', 'fst_analyses': ['wiiwakwaan+NI+Sg+3SgProxPoss']}, {'word_form': 'jibwaa-biizikang;', 'fst_analyses': []}, {'word_form': 'onzaam', 'fst_analyses': ['onzaam+ADVQnt']}, {'word_form': 'abwezo', 'fst_analyses': ['abwezo+VAI+Ind+Pos+Neu+3SgProxSubj']}, {'word_form': '.', 'fst_analyses': []}]",nj
Besho ningii'-izhi-ando-wiisin bijiinaago.,I went just a little ways to eat yesterday.,"[{'word_form': 'besho', 'fst_analyses': ['besho+ADVLoc']}, {'word_form': ""ningii'-izhi-ando-wiisin"", 'fst_analyses': [""PVTense/gii'+PVRel/izhi+PVLex/ando+wiisini+VAI+Ind+Pos+Neu+1SgSubj""]}, {'word_form': 'bijiinaago', 'fst_analyses': ['bijiinaago+ADVTmp']}, {'word_form': '.', 'fst_analyses': []}]",nj
Obwaawibidoon zhinoodaagan aana-wiikobidood. Ganabaj agwaakwadin mitakamig.,He is unable to pull the rope. Maybe it's frozen to the ground.,"[{'word_form': 'obwaawibidoon', 'fst_analyses': ['bwaawibidoon+VTI+Ind+Pos+Neu+3SgProxSubj+0SgObj']}, {'word_form': 'zhinoodaagan', 'fst_analyses': ['zhinoodaagan+NI+Sg']}, {'word_form': 'aana-wiikobidood', 'fst_analyses': ['PVTense/aana+wiikobidoon+VTI+Cnj+Pos+Neu+3SgProxSubj+0PlObj', 'PVTense/aana+wiikobidoon+VTI+Cnj+Pos+Neu+3SgProxSubj+0SgObj']}, {'word_form': '.', 'fst_analyses': []}, {'word_form': 'ganabaj', 'fst_analyses': ['ganabaj+ADVMan']}, {'word_form': 'agwaakwadin', 'fst_analyses': ['agwaakwadin+VII+Ind+Pos+Neu+0SgSubj']}, {'word_form': 'mitakamig', 'fst_analyses': ['mitakamig+ADVLoc']}, {'word_form': '.', 'fst_analyses': []}]",nj
Aaniin ezhi-gikinawaajibii'igaadenig endaad.,What is her address?,"[{'word_form': 'aaniin', 'fst_analyses': ['aaniin+PCInterj', 'aaniin+ADVInter']}, {'word_form': ""ezhi-gikinawaajibii'igaadenig"", 'fst_analyses': [""PVRel/izhi+gikinawaajibii'igaade+VII+Pcp+Pos+Neu+0SgObvSubj+0SgObvHead""]}, {'word_form': 'endaad', 'fst_analyses': ['daa+VAI+Pcp+Pos+Neu+3SgProxSubj+3SgProxHead']}, {'word_form': '.', 'fst_analyses': []}]",nj
Onzaam agaasiigiziwag niminjikaawanag. Ningii-kiikajininjiiwaj gii-gigishkawagwaa.,My mitts are too small and tight. My hands got cold when I wore them.,"[{'word_form': 'onzaam', 'fst_analyses': ['onzaam+ADVQnt']}, {'word_form': 'agaasiigiziwag', 'fst_analyses': ['agaasiigizi+VAI+Ind+Pos+Neu+3PlProxSubj']}, {'word_form': 'niminjikaawanag', 'fst_analyses': ['minjikaawan+NA+ProxPl+1SgPoss']}, {'word_form': '.', 'fst_analyses': []}, {'word_form': 'ningii-kiikajininjiiwaj', 'fst_analyses': ['PVTense/gii+giikajininjiiwaji+VAI+Ind+Pos+Neu+1SgSubj']}, {'word_form': 'gii-gigishkawagwaa', 'fst_analyses': ['PVTense/gii+gigishkaw+VTA+Cnj+Pos+Neu+1SgSubj+3PlProxObj']}, {'word_form': '.', 'fst_analyses': []}]",nj
Aaniin ekwaakoniked.,How long are h/ arms?,"[{'word_form': 'aaniin', 'fst_analyses': ['aaniin+PCInterj', 'aaniin+ADVInter']}, {'word_form': 'ekwaakoniked', 'fst_analyses': ['akwaakonike+VAI+Pcp+Pos+Neu+3SgProxSubj+3SgProxHead']}, {'word_form': '.', 'fst_analyses': []}]",nj
Minwapikaade apikaanashk gaa-agoodeg biinjidaabaan.,The sweetgrass hanging in the car is nicely braided.,"[{'word_form': 'minwapikaade', 'fst_analyses': ['minwapikaade+VII+Ind+Pos+Neu+0SgSubj']}, {'word_form': 'apikaanashk', 'fst_analyses': ['apikaanashk+NI+Sg']}, {'word_form': 'gaa-agoodeg', 'fst_analyses': ['PVSub/gaa+agoode+VII+Cnj+Pos+Neu+0SgSubj', 'PVSub/gaa+agoode+VII+Cnj+Pos+Neu+0PlSubj', 'PVTense/gii+agoode+VII+Pcp+Pos+Neu+0SgSubj+0SgHead']}, {'word_form': 'biinjidaabaan', 'fst_analyses': ['biinjidaabaan+ADVLoc']}, {'word_form': '.', 'fst_analyses': []}]",nj
Aaniin epiichiid gaa-anokaadang waakaa'igan. Zhigwa na odapakwaadaan.,How far along is he with the work on the house? Is he putting the roof on it yet?,"[{'word_form': 'aaniin', 'fst_analyses': ['aaniin+PCInterj', 'aaniin+ADVInter']}, {'word_form': 'epiichiid', 'fst_analyses': ['apiichii+VAI+Pcp+Pos+Neu+3SgProxSubj+3SgProxHead']}, {'word_form': 'gaa-anokaadang', 'fst_analyses': ['PVSub/gaa+anokaadan+VTI+Cnj+Pos+Neu+3SgProxSubj+0PlObj', 'PVSub/gaa+anokaadan+VTI+Cnj+Pos+Neu+3SgProxSubj+0SgObj']}, {'word_form': ""waakaa'igan"", 'fst_analyses': [""waakaa'igan+NI+Sg""]}, {'word_form': '.', 'fst_analyses': []}, {'word_form': 'zhigwa', 'fst_analyses': ['zhigwa+ADVTmp']}, {'word_form': 'na', 'fst_analyses': ['na+PCDisc']}, {'word_form': 'odapakwaadaan', 'fst_analyses': ['apakwaadan+VTI+Ind+Pos+Neu+3SgProxSubj+0SgObj']}, {'word_form': '.', 'fst_analyses': []}]",nj
Bijiinaago iinzan ogii'-waabamaan oosan.,Apparently he saw his dad yesterday.,"[{'word_form': 'bijiinaago', 'fst_analyses': ['bijiinaago+ADVTmp']}, {'word_form': 'iinzan', 'fst_analyses': ['iinzan+PCDisc']}, {'word_form': ""ogii'-waabamaan"", 'fst_analyses': [""PVTense/gii'+waabam+VTA+Ind+Pos+Neu+3SgProxSubj+3SgObvObj"", ""PVTense/gii'+waabam+VTA+Ind+Pos+Neu+3SgProxSubj+3PlObvObj""]}, {'word_form': 'oosan', 'fst_analyses': ['oos+NAD+ObvPl+3SgProxPoss', 'oos+NAD+ObvSg+3SgProxPoss']}, {'word_form': '.', 'fst_analyses': []}]",nj
Zezika iinzan gii'-ishkwaanaamo.,I guess he suddenly stopped breathing.,"[{'word_form': 'zezika', 'fst_analyses': ['zezika+ADVTmp']}, {'word_form': 'iinzan', 'fst_analyses': ['iinzan+PCDisc']}, {'word_form': ""gii'-ishkwaanaamo"", 'fst_analyses': [""PVTense/gii'+ishkwaanaamo+VAI+Ind+Pos+Neu+3SgProxSubj""]}, {'word_form': '.', 'fst_analyses': []}]",nj
Ogii-paapitoon iinzan gaa-gii'-izhibii'amawag.,I guess she laughed at my letter when she read it.,"[{'word_form': 'ogii-paapitoon', 'fst_analyses': ['PVTense/gii+baapitoon+VTI+Ind+Pos+Neu+3SgProxSubj+0SgObj']}, {'word_form': 'iinzan', 'fst_analyses': ['iinzan+PCDisc']}, {'word_form': ""gaa-gii'-izhibii'amawag"", 'fst_analyses': [""PVSub/gaa+PVTense/gii'+izhibii'amaw+VTA+Cnj+Pos+Neu+1SgSubj+3SgProxObj""]}, {'word_form': '.', 'fst_analyses': []}]",nj
Gii-ziigwang aamiwag ogaawag.,Walleyes spawn in the spring.,"[{'word_form': 'gii-ziigwang', 'fst_analyses': ['PVTense/gii+ziigwan+VII+Cnj+Pos+Neu+0SgSubj', 'PVTense/gii+ziigwan+VII+Cnj+Pos+Neu+0PlSubj']}, {'word_form': 'aamiwag', 'fst_analyses': ['aamiwag+VAIPL+Ind+Pos+Neu+3PlProxSubj']}, {'word_form': 'ogaawag', 'fst_analyses': ['ogaa+NA+ProxPl']}, {'word_form': '.', 'fst_analyses': []}]",nj
Bwaawidaabii gaa-niigaanidaabiid.,The one pulling a sled load at the front has a hard time pulling.,"[{'word_form': 'bwaawidaabii', 'fst_analyses': ['bwaawidaabii+VAI+Ind+Pos+Neu+3SgProxSubj']}, {'word_form': 'gaa-niigaanidaabiid', 'fst_analyses': ['PVSub/gaa+niigaanidaabii+VAI+Cnj+Pos+Neu+3SgProxSubj', 'PVTense/gii+niigaanidaabii+VAI+Pcp+Pos+Neu+3SgProxSubj+3SgProxHead']}, {'word_form': '.', 'fst_analyses': []}]",nj
Dibishkoodagaam giga-inasaamin.,We'll plunk our net straight across.,"[{'word_form': 'dibishkoodagaam', 'fst_analyses': ['dibishkoodagaam+ADVLoc']}, {'word_form': 'giga-inasaamin', 'fst_analyses': []}, {'word_form': '.', 'fst_analyses': []}]",nj
Gaa maawiin da-inendanzii ji-mazina'amawag zhooniyaan.,She probably won't let me borrow the money.,"[{'word_form': 'gaa', 'fst_analyses': []}, {'word_form': 'maawiin', 'fst_analyses': ['maawiin+ADVMan']}, {'word_form': 'da-inendanzii', 'fst_analyses': ['PVTense/ga+inendam+VAI+Ind+Neg+Neu+3SgProxSubj']}, {'word_form': ""ji-mazina'amawag"", 'fst_analyses': [""PVTense/daa+mazina'amaw+VTA+Cnj+Pos+Neu+1SgSubj+3SgProxObj"", ""PVTense/ga+mazina'amaw+VTA+Cnj+Pos+Neu+1SgSubj+3SgProxObj""]}, {'word_form': 'zhooniyaan', 'fst_analyses': ['zhooniyaa+NA+ObvPl', 'zhooniyaa+NA+ObvSg', 'zhooniyaa+NI+Pl']}, {'word_form': '.', 'fst_analyses': []}]",nj
Biinjidaabaan geyaabi atewan nindadaawewinan.,My shopping is still in the car.,"[{'word_form': 'biinjidaabaan', 'fst_analyses': ['biinjidaabaan+ADVLoc']}, {'word_form': 'geyaabi', 'fst_analyses': ['geyaabi+ADVTmp']}, {'word_form': 'atewan', 'fst_analyses': ['ate+VII+Ind+Pos+Neu+0PlSubj']}, {'word_form': 'nindadaawewinan', 'fst_analyses': ['adaawewin+NI+Pl+1SgPoss']}, {'word_form': '.', 'fst_analyses': []}]",nj
Biinjidaabaan geyaabi namadabi gookomis. Maajaan andawaabam.,Your grandma is still sitting in the car. You should go get her.,"[{'word_form': 'biinjidaabaan', 'fst_analyses': ['biinjidaabaan+ADVLoc']}, {'word_form': 'geyaabi', 'fst_analyses': ['geyaabi+ADVTmp']}, {'word_form': 'namadabi', 'fst_analyses': ['namadabi+VAI+Ind+Pos+Neu+3SgProxSubj']}, {'word_form': 'gookomis', 'fst_analyses': ['ookomis+NAD+ProxSg+2SgPoss']}, {'word_form': '.', 'fst_analyses': []}, {'word_form': 'maajaan', 'fst_analyses': ['maajaa+VAI+Imp+Sim+2SgSubj']}, {'word_form': 'andawaabam', 'fst_analyses': ['andawaabam+VTA+Imp+Sim+2SgSubj+3SgProxObj', 'andawaabam+VTA+Imp+Sim+2SgSubj+3PlProxObj']}, {'word_form': '.', 'fst_analyses': []}]",nj
Minwapikaade apikaanashk gaa-agoodeg biinjidaabaan.,The sweetgrass hanging in the car is nicely braided.,"[{'word_form': 'minwapikaade', 'fst_analyses': ['minwapikaade+VII+Ind+Pos+Neu+0SgSubj']}, {'word_form': 'apikaanashk', 'fst_analyses': ['apikaanashk+NI+Sg']}, {'word_form': 'gaa-agoodeg', 'fst_analyses': ['PVSub/gaa+agoode+VII+Cnj+Pos+Neu+0SgSubj', 'PVSub/gaa+agoode+VII+Cnj+Pos+Neu+0PlSubj', 'PVTense/gii+agoode+VII+Pcp+Pos+Neu+0SgSubj+0SgHead']}, {'word_form': 'biinjidaabaan', 'fst_analyses': ['biinjidaabaan+ADVLoc']}, {'word_form': '.', 'fst_analyses': []}]",nj
Eyiidawininj ogigishkaanan didibininjiibizonan.,She's wearing rings on both hands.,"[{'word_form': 'eyiidawininj', 'fst_analyses': ['eyiidawininj+ADVLoc']}, {'word_form': 'ogigishkaanan', 'fst_analyses': ['gigishkan+VTI+Ind+Pos+Neu+3PlObvSubj+0PlObj', 'gigishkan+VTI+Ind+Pos+Neu+3SgObvSubj+0PlObj', 'gigishkan+VTI+Ind+Pos+Neu+3SgProxSubj+0PlObj']}, {'word_form': 'didibininjiibizonan', 'fst_analyses': ['didibininjiibizon+NI+Pl']}, {'word_form': '.', 'fst_analyses': []}]",nj
Ogii'-miikwa'aan gaa-waawiyeyaanig gaa-goda'aakwed.,She hit the bull's eye when target shooting.,"[{'word_form': ""ogii'-miikwa'aan"", 'fst_analyses': [""PVTense/gii'+miikwa'an+VTI+Ind+Pos+Neu+3SgProxSubj+0SgObj""]}, {'word_form': 'gaa-waawiyeyaanig', 'fst_analyses': ['PVSub/gaa+waawiyeyaa+VII+Cnj+Pos+Neu+0PlObvSubj', 'PVSub/gaa+waawiyeyaa+VII+Cnj+Pos+Neu+0SgObvSubj', 'PVTense/gii+waawiyeyaa+VII+Pcp+Pos+Neu+0SgObvSubj+0SgObvHead']}, {'word_form': ""gaa-goda'aakwed"", 'fst_analyses': [""PVSub/gaa+goda'aakwe+VAI+Cnj+Pos+Neu+3SgProxSubj"", ""PVTense/gii+goda'aakwe+VAI+Pcp+Pos+Neu+3SgProxSubj+3SgProxHead""]}, {'word_form': '.', 'fst_analyses': []}]",nj
Akawe giziininjiin; giga-wiinibidoon wiiyaas jibwaa-odaapinaman,Wash your hands first before you pick up the meat or you might get it dirty.,"[{'word_form': 'akawe', 'fst_analyses': ['akawe+ADVTmp']}, {'word_form': 'giziininjiin;', 'fst_analyses': []}, {'word_form': 'giga-wiinibidoon', 'fst_analyses': ['PVTense/ga+wiinibidoon+VTI+Ind+Pos+Neu+2SgSubj+0SgObj']}, {'word_form': 'wiiyaas', 'fst_analyses': ['wiiyaas+NI+Sg', 'iiyaas+NID+Sg+3SgProxPoss']}, {'word_form': 'jibwaa-odaapinaman', 'fst_analyses': ['PVTense/jibwaa+odaapinan+VTI+Cnj+Pos+Neu+2SgSubj+0PlObj', 'PVTense/jibwaa+odaapinan+VTI+Cnj+Pos+Neu+2SgSubj+0SgObj']}]",nj
Ningii'-noondawaa noondaagozid ninday dibikong. Mii nangwana gii'-niiginaawasod. Zhebaa ningii'-waabamaag. Ningodwaachiwa' oniijaanisensa'.,I heard my dog moaning last night. It turns out she was having her puppies. I saw them in the morning. There are 6 of them.,"[{'word_form': ""ningii'-noondawaa"", 'fst_analyses': [""PVTense/gii'+noondaw+VTA+Ind+Pos+Neu+1SgSubj+3SgProxObj""]}, {'word_form': 'noondaagozid', 'fst_analyses': ['noondaagozi+VAI+Cnj+Pos+Neu+3SgProxSubj']}, {'word_form': 'ninday', 'fst_analyses': ['day+NAD+ProxSg+1SgPoss']}, {'word_form': 'dibikong', 'fst_analyses': ['dibikong+ADVTmp']}, {'word_form': '.', 'fst_analyses': []}, {'word_form': 'mii', 'fst_analyses': ['mii+ADVPred']}, {'word_form': 'nangwana', 'fst_analyses': ['nangwana+PCDisc']}, {'word_form': ""gii'-niiginaawasod"", 'fst_analyses': [""PVTense/gii'+niiginaawaso+VAI+Cnj+Pos+Neu+3SgProxSubj""]}, {'word_form': '.', 'fst_analyses': []}, {'word_form': 'zhebaa', 'fst_analyses': ['zhebaa+ADVTmp']}, {'word_form': ""ningii'-waabamaag"", 'fst_analyses': [""PVTense/gii'+waabam+VTA+Ind+Pos+Neu+1SgSubj+3PlProxObj""]}, {'word_form': '.', 'fst_analyses': []}, {'word_form': ""ningodwaachiwa'"", 'fst_analyses': ['ningodwaachiwag+VAIPL+Ind+Pos+Neu+3PlObvSubj']}, {'word_form': ""oniijaanisensa'"", 'fst_analyses': ['niijaanis+NAD+Dim+ObvPl+3SgProxPoss']}, {'word_form': '.', 'fst_analyses': []}]",nj
Agaamaakwaa debwewidam gookooko'oo.,An owl can be heard from in the woods across the ridge.,"[{'word_form': 'agaamaakwaa', 'fst_analyses': ['agaamaakwaa+ADVLoc']}, {'word_form': 'debwewidam', 'fst_analyses': ['debwewidam+VAI+Ind+Pos+Neu+3SgProxSubj']}, {'word_form': ""gookooko'oo"", 'fst_analyses': [""gookooko'oo+NA+ProxSg""]}, {'word_form': '.', 'fst_analyses': []}]",nj
Nisawaya'ii gii'-nibaa nindaanisens dibikong.,Our little girl slept between us last night.,"[{'word_form': ""nisawaya'ii"", 'fst_analyses': [""nisawaya'ii+ADVLoc""]}, {'word_form': ""gii'-nibaa"", 'fst_analyses': [""PVTense/gii'+nibaa+VAI+Ind+Pos+Neu+3SgProxSubj""]}, {'word_form': 'nindaanisens', 'fst_analyses': ['daanis+NAD+Dim+ProxSg+1SgPoss']}, {'word_form': 'dibikong', 'fst_analyses': ['dibikong+ADVTmp']}, {'word_form': '.', 'fst_analyses': []}]",nj
Naazitaw gwiikwiingwa'o.,Go listen to the drumming partridge.,"[{'word_form': 'naazitaw', 'fst_analyses': ['naazitaw+VTA+Imp+Sim+2SgSubj+3SgProxObj', 'naazitaw+VTA+Imp+Sim+2SgSubj+3PlProxObj']}, {'word_form': ""gwiikwiingwa'o"", 'fst_analyses': []}, {'word_form': '.', 'fst_analyses': []}]",nj
Gwaaba'waagan nindaabaji'aa gii-debinagwaa giigoonyag gii-aamiwaad.,I use a scoop net to get the fish when they are spawning.,"[{'word_form': ""gwaaba'waagan"", 'fst_analyses': [""gwaaba'waagan+NA+ProxSg""]}, {'word_form': ""nindaabaji'aa"", 'fst_analyses': [""aabaji'+VTA+Ind+Pos+Neu+1SgSubj+3SgProxObj""]}, {'word_form': 'gii-debinagwaa', 'fst_analyses': ['PVTense/gii+debin+VTA+Cnj+Pos+Neu+1SgSubj+3PlProxObj']}, {'word_form': 'giigoonyag', 'fst_analyses': ['giigoonh+NA+ProxPl']}, {'word_form': 'gii-aamiwaad', 'fst_analyses': ['PVTense/gii+aamiwag+VAIPL+Cnj+Pos+Neu+3PlProxSubj']}, {'word_form': '.', 'fst_analyses': []}]",nj
Agaami-ziibi debinaagwad manoomin.,You can make out rice across the river.,"[{'word_form': 'agaami-ziibi', 'fst_analyses': ['PNLex/agaami+ziibi+NI+Sg', 'agaami-ziibi+ADVLoc']}, {'word_form': 'debinaagwad', 'fst_analyses': ['debinaagwad+VII+Ind+Pos+Neu+0SgSubj']}, {'word_form': 'manoomin', 'fst_analyses': ['manoomin+NI+Sg']}, {'word_form': '.', 'fst_analyses': []}]",nj
Azhe'adoo gaa-gagwe-banaskwiiwagitaad.,He walks backwards when he exercises.,"[{'word_form': ""azhe'adoo"", 'fst_analyses': [""azhe'adoo+VAI+Ind+Pos+Neu+3SgProxSubj""]}, {'word_form': 'gaa-gagwe-banaskwiiwagitaad', 'fst_analyses': ['PVSub/gaa+PVLex/gagwe+banaskwiiwagitaa+VAI+Cnj+Pos+Neu+3SgProxSubj', 'PVTense/gii+PVLex/gagwe+banaskwiiwagitaa+VAI+Pcp+Pos+Neu+3SgProxSubj+3SgProxHead']}, {'word_form': '.', 'fst_analyses': []}]",nj
Odaabiskobidoon gete-zhiibiigishkaawayaanish. Owii'-aabajitoon miskogaadeyaab.,She's unraveling an old sweater. She wants to use the yarn.,"[{'word_form': 'odaabiskobidoon', 'fst_analyses': ['aabiskobidoon+VTI+Ind+Pos+Neu+3SgProxSubj+0SgObj']}, {'word_form': 'gete-zhiibiigishkaawayaanish', 'fst_analyses': ['PNLex/gete+zhiibiigishkaawayaan+NI+Pej+Sg']}, {'word_form': '.', 'fst_analyses': []}, {'word_form': ""owii'-aabajitoon"", 'fst_analyses': [""PVTense/wii'+aabajitoon+VTI+Ind+Pos+Neu+3SgProxSubj+0SgObj""]}, {'word_form': 'miskogaadeyaab', 'fst_analyses': ['miskogaadeyaab+NI+Sg']}, {'word_form': '.', 'fst_analyses': []}]",nj
Wewiib aabiskobidoon gidadiman.,Hurry up and untie your snowshoe strap.,"[{'word_form': 'wewiib', 'fst_analyses': ['wewiib+ADVMan']}, {'word_form': 'aabiskobidoon', 'fst_analyses': ['aabiskobidoon+VTI+Imp+Sim+2SgSubj+0PlObj', 'aabiskobidoon+VTI+Imp+Sim+2SgSubj+0SgObj']}, {'word_form': 'gidadiman', 'fst_analyses': ['adiman+NI+Sg+2SgPoss']}, {'word_form': '.', 'fst_analyses': []}]",nj
Gii-pi-naazibiibatoo ge-ani-bagamibizoyaan.,She came running down to the shore to greet me when I arrived.,"[{'word_form': 'gii-pi-naazibiibatoo', 'fst_analyses': ['PVTense/gii+PVDir/bi+naazibiibatoo+VAI+Ind+Pos+Neu+3SgProxSubj']}, {'word_form': 'ge-ani-bagamibizoyaan', 'fst_analyses': []}, {'word_form': '.', 'fst_analyses': []}]",nj
Ozhigaabawi waa-tazhi-bii'aad gichi-odaabaanan ji-bagamibizonid.,She is standing there waiting for the bus to come.,"[{'word_form': 'ozhigaabawi', 'fst_analyses': ['ozhigaabawi+VAI+Ind+Pos+Neu+3SgProxSubj']}, {'word_form': ""waa-tazhi-bii'aad"", 'fst_analyses': []}, {'word_form': 'gichi-odaabaanan', 'fst_analyses': ['gichi-odaabaan+NA+ObvPl', 'PNLex/gichi+odaabaan+NA+ObvPl', 'gichi-odaabaan+NA+ObvSg', 'PNLex/gichi+odaabaan+NA+ObvSg', 'PNLex/gichi+odaabaan+NI+Pl', 'PNLex/chi+odaabaan+NI+Pl+2SgPoss', 'PNLex/chi+odaabaan+NA+ObvPl+2SgPoss', 'PNLex/chi+odaabaan+NA+ObvSg+2SgPoss']}, {'word_form': 'ji-bagamibizonid', 'fst_analyses': ['PVTense/daa+bagamibizo+VAI+Cnj+Pos+Neu+3PlObvSubj', 'PVTense/ga+bagamibizo+VAI+Cnj+Pos+Neu+3PlObvSubj', 'PVTense/daa+bagamibizo+VAI+Cnj+Pos+Neu+3SgObvSubj', 'PVTense/ga+bagamibizo+VAI+Cnj+Pos+Neu+3SgObvSubj']}, {'word_form': '.', 'fst_analyses': []}]",nj
Gii'-miikanaagoneshkige waa'-ondinised waabaninig.,She made a trail to where she's going to cut the wood tomorrow.,"[{'word_form': ""gii'-miikanaagoneshkige"", 'fst_analyses': [""PVTense/gii'+miikanaagoneshkige+VAI+Ind+Pos+Neu+3SgProxSubj""]}, {'word_form': ""waa'-ondinised"", 'fst_analyses': [""PVTense/wii'+ondinise+VAI+Pcp+Pos+Neu+3SgProxSubj+3SgProxHead""]}, {'word_form': 'waabaninig', 'fst_analyses': ['waaban+VII+Cnj+Pos+Neu+0PlObvSubj', 'waaban+VII+Cnj+Pos+Neu+0SgObvSubj']}, {'word_form': '.', 'fst_analyses': []}]",nj
Naawashkiig mamaangiminagadoon mashkiigiminan.,The cranberries are bigger in the middle of the muskeg.,"[{'word_form': 'naawashkiig', 'fst_analyses': ['naawashkiig+ADVLoc']}, {'word_form': 'mamaangiminagadoon', 'fst_analyses': ['mamaangiminagadoon+VIIPL+Ind+Pos+Neu+0PlSubj']}, {'word_form': 'mashkiigiminan', 'fst_analyses': ['mashkiigimin+NI+Pl']}, {'word_form': '.', 'fst_analyses': []}]",nj
Gego gabeya'ii maamaagonaaken gibakwezhiganikaan. Da-mashkawijiishkiwagizi.,Don't knead your dough too long. It will harden up.,"[{'word_form': 'gego', 'fst_analyses': ['gego+ADVNeg']}, {'word_form': ""gabeya'ii"", 'fst_analyses': [""gabeya'ii+ADVTmp""]}, {'word_form': 'maamaagonaaken', 'fst_analyses': ['maamaagon+VTA+Imp+Prb+2SgSubj+3PlProxObj', 'maamaagon+VTA+Imp+Prb+2SgSubj+3SgProxObj']}, {'word_form': 'gibakwezhiganikaan', 'fst_analyses': ['bakwezhiganikaan+NA+ProxSg+2SgPoss']}, {'word_form': '.', 'fst_analyses': []}, {'word_form': 'da-mashkawijiishkiwagizi', 'fst_analyses': ['PVTense/ga+mashkawijiishkiwagizi+VAI+Ind+Pos+Neu+3SgProxSubj']}, {'word_form': '.', 'fst_analyses': []}]",nj
Aaniin ekwaakogaaded.,How long are h/ legs?,"[{'word_form': 'aaniin', 'fst_analyses': ['aaniin+PCInterj', 'aaniin+ADVInter']}, {'word_form': 'ekwaakogaaded', 'fst_analyses': ['akwaakogaade+VAI+Pcp+Pos+Neu+3SgProxSubj+3SgProxHead']}, {'word_form': '.', 'fst_analyses': []}]",nj
Bi-zaagidaapiwag gaa'-ishkwaa-ganawaabandamowaad enaateseg.,They came out laughing after they watched the movie.,"[{'word_form': 'bi-zaagidaapiwag', 'fst_analyses': ['PVDir/bi+zaagidaapi+VAI+Ind+Pos+Neu+3PlProxSubj']}, {'word_form': ""gaa'-ishkwaa-ganawaabandamowaad"", 'fst_analyses': []}, {'word_form': 'enaateseg', 'fst_analyses': ['inaatese+VII+Pcp+Pos+Neu+0SgSubj+0SgHead']}, {'word_form': '.', 'fst_analyses': []}]",nj
Ningii-pashkonawaa; onzaam gizhiikaabatoo gii-aazhawa'adoobatood.,I missed (shooting) it because it ran across the road so fast.,"[{'word_form': 'ningii-pashkonawaa;', 'fst_analyses': []}, {'word_form': 'onzaam', 'fst_analyses': ['onzaam+ADVQnt']}, {'word_form': 'gizhiikaabatoo', 'fst_analyses': ['gizhiikaabatoo+VAI+Ind+Pos+Neu+3SgProxSubj']}, {'word_form': ""gii-aazhawa'adoobatood"", 'fst_analyses': [""PVTense/gii+aazhawa'adoobatoo+VAI+Cnj+Pos+Neu+3SgProxSubj""]}, {'word_form': '.', 'fst_analyses': []}]",nj
Azhiwaasin moozhwaagan giishpin giishkizhaman biiwaabik maagizhaa ge mazina'igan.,Scissors get dull if you cut metal or paper.,"[{'word_form': 'azhiwaasin', 'fst_analyses': ['azhiwaasin+VII+Ind+Pos+Neu+0SgSubj']}, {'word_form': 'moozhwaagan', 'fst_analyses': ['moozhwaagan+NI+Sg']}, {'word_form': 'giishpin', 'fst_analyses': ['giishpin+ADVGram']}, {'word_form': 'giishkizhaman', 'fst_analyses': ['giishkizhan+VTI+Cnj+Pos+Neu+2SgSubj+0PlObj', 'giishkizhan+VTI+Cnj+Pos+Neu+2SgSubj+0SgObj']}, {'word_form': 'biiwaabik', 'fst_analyses': ['biiwaabik+NI+Sg']}, {'word_form': 'maagizhaa', 'fst_analyses': ['maagizhaa+ADVMan']}, {'word_form': 'ge', 'fst_analyses': ['ge+ADVConj']}, {'word_form': ""mazina'igan"", 'fst_analyses': [""mazina'igan+NA+ProxSg"", ""mazina'igan+NI+Sg""]}, {'word_form': '.', 'fst_analyses': []}]",nj
Bebakaanadiniwan odazhiganan eyiidawizid.,His socks don't match. (Literally: His socks on both feet are different.),"[{'word_form': 'bebakaanadiniwan', 'fst_analyses': []}, {'word_form': 'odazhiganan', 'fst_analyses': ['azhigan+NI+Pl+3SgProxPoss']}, {'word_form': 'eyiidawizid', 'fst_analyses': ['eyiidawizid+ADVLoc']}, {'word_form': '.', 'fst_analyses': []}]",nj
Weweni wawezhi' gizhingobiinsim. Wiiba zhigwa wii-kichi-anama'e-giizhigad.,Decorate your little fir tree nicely. It soon will be Christmas.,"[{'word_form': 'weweni', 'fst_analyses': ['weweni+ADVMan']}, {'word_form': ""wawezhi'"", 'fst_analyses': [""wawezhi'+VTA+Imp+Sim+2SgSubj+3SgProxObj"", ""wawezhi'+VTA+Imp+Sim+2SgSubj+3PlProxObj""]}, {'word_form': 'gizhingobiinsim', 'fst_analyses': []}, {'word_form': '.', 'fst_analyses': []}, {'word_form': 'wiiba', 'fst_analyses': ['wiiba+ADVTmp']}, {'word_form': 'zhigwa', 'fst_analyses': ['zhigwa+ADVTmp']}, {'word_form': ""wii-kichi-anama'e-giizhigad"", 'fst_analyses': [""PVTense/wii+gichi-anama'e-giizhigad+VII+Ind+Pos+Neu+0SgSubj"", ""PVTense/wii+PVLex/gichi+anama'e-giizhigad+VII+Ind+Pos+Neu+0SgSubj"", ""PVTense/wii+PVLex/gichi+PVLex/anama'e+giizhigad+VII+Ind+Pos+Neu+0SgSubj""]}, {'word_form': '.', 'fst_analyses': []}]",nj
Ozazegaatoon owaakaa'igan gii-gichi-anama'egiizhigak. Minwaateseni.,She decorates her house at Christmas. It is lit up with nice flashing lights.,"[{'word_form': 'ozazegaatoon', 'fst_analyses': ['zazegaatoon+VTI+Ind+Pos+Neu+3SgProxSubj+0SgObj']}, {'word_form': ""owaakaa'igan"", 'fst_analyses': [""waakaa'igan+NI+Sg+3SgProxPoss""]}, {'word_form': ""gii-gichi-anama'egiizhigak"", 'fst_analyses': []}, {'word_form': '.', 'fst_analyses': []}, {'word_form': 'minwaateseni', 'fst_analyses': ['minwaatese+VII+Ind+Pos+Neu+0SgObvSubj']}, {'word_form': '.', 'fst_analyses': []}]",nj
Geyaabi go minomaagozi giigoonh. Gaawiin mashi wanaajishinzii.,The fish still smells okay. It's not spoiled yet,"[{'word_form': 'geyaabi', 'fst_analyses': ['geyaabi+ADVTmp']}, {'word_form': 'go', 'fst_analyses': ['go+PCDisc']}, {'word_form': 'minomaagozi', 'fst_analyses': ['minomaagozi+VAI+Ind+Pos+Neu+3SgProxSubj']}, {'word_form': 'giigoonh', 'fst_analyses': ['giigoonh+NA+ProxSg']}, {'word_form': '.', 'fst_analyses': []}, {'word_form': 'gaawiin', 'fst_analyses': ['gaawiin+ADVNeg']}, {'word_form': 'mashi', 'fst_analyses': ['mashi+ADVTmp']}, {'word_form': 'wanaajishinzii', 'fst_analyses': []}, {'word_form': '.', 'fst_analyses': []}]",nj
Biindigewebin gidaagimag. Da-baasowag omaa biindig.,Throw your snowshoes inside. They will dry here inside.,"[{'word_form': 'biindigewebin', 'fst_analyses': ['biindigewebin+VTA+Imp+Sim+2SgSubj+3SgProxObj', 'biindigewebin+VTA+Imp+Sim+2SgSubj+3PlProxObj']}, {'word_form': 'gidaagimag', 'fst_analyses': ['aagim+NA+ProxPl+2SgPoss']}, {'word_form': '.', 'fst_analyses': []}, {'word_form': 'da-baasowag', 'fst_analyses': ['PVTense/ga+baaso+VAI+Ind+Pos+Neu+3PlProxSubj']}, {'word_form': 'omaa', 'fst_analyses': ['omaa+ADVLoc']}, {'word_form': 'biindig', 'fst_analyses': ['biindig+ADVLoc']}, {'word_form': '.', 'fst_analyses': []}]",nj
Ogii'-wiiji'aawaan gii-agwaasidoonid miijim odadaawewinan.,They helped him unload his groceries he bought.,"[{'word_form': ""ogii'-wiiji'aawaan"", 'fst_analyses': [""PVTense/gii'+wiiji'+VTA+Ind+Pos+Neu+3PlProxSubj+3PlObvObj"", ""PVTense/gii'+wiiji'+VTA+Ind+Pos+Neu+3PlProxSubj+3SgObvObj""]}, {'word_form': 'gii-agwaasidoonid', 'fst_analyses': ['PVTense/gii+agwaasidoon+VTI+Cnj+Pos+Neu+3PlObvSubj+0PlObj', 'PVTense/gii+agwaasidoon+VTI+Cnj+Pos+Neu+3SgObvSubj+0PlObj', 'PVTense/gii+agwaasidoon+VTI+Cnj+Pos+Neu+3PlObvSubj+0SgObj', 'PVTense/gii+agwaasidoon+VTI+Cnj+Pos+Neu+3SgObvSubj+0SgObj']}, {'word_form': 'miijim', 'fst_analyses': ['miijim+NI+Sg']}, {'word_form': 'odadaawewinan', 'fst_analyses': ['adaawewin+NI+Pl+3SgProxPoss']}, {'word_form': '.', 'fst_analyses': []}]",nj
Gego memwech wiiji'ishiken. Mii go ji-gashkinag ji-aanjishimag.,You don't have to help me. I can lift it to move it over.,"[{'word_form': 'gego', 'fst_analyses': ['gego+ADVNeg']}, {'word_form': 'memwech', 'fst_analyses': ['memwech+ADVMan']}, {'word_form': ""wiiji'ishiken"", 'fst_analyses': [""wiiji'+VTA+Imp+Prb+2SgSubj+1SgObj""]}, {'word_form': '.', 'fst_analyses': []}, {'word_form': 'mii', 'fst_analyses': ['mii+ADVPred']}, {'word_form': 'go', 'fst_analyses': ['go+PCDisc']}, {'word_form': 'ji-gashkinag', 'fst_analyses': ['PVTense/daa+gashkin+VTA+Cnj+Pos+Neu+1SgSubj+3SgProxObj', 'PVTense/ga+gashkin+VTA+Cnj+Pos+Neu+1SgSubj+3SgProxObj']}, {'word_form': 'ji-aanjishimag', 'fst_analyses': ['PVTense/daa+aanjishim+VTA+Cnj+Pos+Neu+1SgSubj+3SgProxObj', 'PVTense/ga+aanjishim+VTA+Cnj+Pos+Neu+1SgSubj+3SgProxObj']}, {'word_form': '.', 'fst_analyses': []}]",nj
Daga apii bi-wiiji'ishiikan wii'-okosidoowaan misan.,Could you please come and help me when I pile up the wood.,"[{'word_form': 'daga', 'fst_analyses': ['daga+PCDisc']}, {'word_form': 'apii', 'fst_analyses': ['apii+ADVTmp']}, {'word_form': ""bi-wiiji'ishiikan"", 'fst_analyses': [""PVDir/bi+wiiji'+VTA+Imp+Del+2SgSubj+1SgObj""]}, {'word_form': ""wii'-okosidoowaan"", 'fst_analyses': []}, {'word_form': 'misan', 'fst_analyses': ['mishi+NI+Pl']}, {'word_form': '.', 'fst_analyses': []}]",nj
Baamaapii giga-wiindamawin.,I'll tell you about it later.,"[{'word_form': 'baamaapii', 'fst_analyses': ['baamaapii+ADVTmp']}, {'word_form': 'giga-wiindamawin', 'fst_analyses': ['PVTense/ga+wiindamaw+VTA+Ind+Pos+Neu+1SgSubj+2SgObj']}, {'word_form': '.', 'fst_analyses': []}]",nj
Aaniin gaa'-inapinad waawaashkeshi gaa-gii'-agoonad. Gigii-piskaabiiginaan ina zhinoodaagan.,How did you tie the deer you hung? Did you make a loop in the rope [so it will come down easily]?,"[{'word_form': 'aaniin', 'fst_analyses': ['aaniin+PCInterj', 'aaniin+ADVInter']}, {'word_form': ""gaa'-inapinad"", 'fst_analyses': []}, {'word_form': 'waawaashkeshi', 'fst_analyses': ['waawaashkeshi+NA+ProxSg']}, {'word_form': ""gaa-gii'-agoonad"", 'fst_analyses': [""PVSub/gaa+PVTense/gii'+agoozh+VTA+Cnj+Pos+Neu+2SgSubj+3SgProxObj""]}, {'word_form': '.', 'fst_analyses': []}, {'word_form': 'gigii-piskaabiiginaan', 'fst_analyses': ['PVTense/gii+biskaabiiginan+VTI+Ind+Pos+Neu+2SgSubj+0SgObj']}, {'word_form': 'ina', 'fst_analyses': ['ina+PCDisc']}, {'word_form': 'zhinoodaagan', 'fst_analyses': ['zhinoodaagan+NI+Sg']}, {'word_form': '.', 'fst_analyses': []}]",nj
Wiinjiiganaamo Jackson. Gaawiin ganabaj gii-kiziiyaabide'osii zhebaa.,Jackson has bad breath. I don't think he brushed his teeth this morning.,"[{'word_form': 'wiinjiiganaamo', 'fst_analyses': ['wiinjiiganaamo+VAI+Ind+Pos+Neu+3SgProxSubj']}, {'word_form': 'jackson', 'fst_analyses': []}, {'word_form': '.', 'fst_analyses': []}, {'word_form': 'gaawiin', 'fst_analyses': ['gaawiin+ADVNeg']}, {'word_form': 'ganabaj', 'fst_analyses': ['ganabaj+ADVMan']}, {'word_form': ""gii-kiziiyaabide'osii"", 'fst_analyses': [""PVTense/gii+giziiyaabide'o+VAI+Ind+Neg+Neu+3SgProxSubj""]}, {'word_form': 'zhebaa', 'fst_analyses': ['zhebaa+ADVTmp']}, {'word_form': '.', 'fst_analyses': []}]",nj
Akawe niisaagone'an giwaakaa'igan jibwaa-zhawabishkoodeg.,Knock the snow off the roof of your house before it caves in.,"[{'word_form': 'akawe', 'fst_analyses': ['akawe+ADVTmp']}, {'word_form': ""niisaagone'an"", 'fst_analyses': [""niisaagone'an+VTI+Imp+Sim+2SgSubj+0PlObj"", ""niisaagone'an+VTI+Imp+Sim+2SgSubj+0SgObj""]}, {'word_form': ""giwaakaa'igan"", 'fst_analyses': [""waakaa'igan+NI+Sg+2SgPoss""]}, {'word_form': 'jibwaa-zhawabishkoodeg', 'fst_analyses': ['PVTense/jibwaa+zhawabishkoode+VII+Cnj+Pos+Neu+0SgSubj', 'PVTense/jibwaa+zhawabishkoode+VII+Cnj+Pos+Neu+0PlSubj']}, {'word_form': '.', 'fst_analyses': []}]",nj
Jaylen obezhigookawaan waawaashkeshiwan gii-bakonaad.,Jaylen skins a deer all by himself.,"[{'word_form': 'jaylen', 'fst_analyses': []}, {'word_form': 'obezhigookawaan', 'fst_analyses': ['bezhigookaw+VTA+Ind+Pos+Neu+3SgProxSubj+3SgObvObj', 'bezhigookaw+VTA+Ind+Pos+Neu+3SgProxSubj+3PlObvObj']}, {'word_form': 'waawaashkeshiwan', 'fst_analyses': ['waawaashkeshi+NA+ObvPl', 'waawaashkeshi+NA+ObvSg']}, {'word_form': 'gii-bakonaad', 'fst_analyses': ['PVTense/gii+bakon+VTA+Cnj+Pos+Neu+3SgProxSubj+3SgObvObj', 'PVTense/gii+bakon+VTA+Cnj+Pos+Neu+3SgProxSubj+3PlObvObj']}, {'word_form': '.', 'fst_analyses': []}]",nj
Ishkwaase anokiiwin.,The job is ending.,"[{'word_form': 'ishkwaase', 'fst_analyses': ['ishkwaase+VII+Ind+Pos+Neu+0SgSubj']}, {'word_form': 'anokiiwin', 'fst_analyses': ['anokiiwin+NI+Sg']}, {'word_form': '.', 'fst_analyses': []}]",nj
Aaniin enaanikwed.,What's h/ hair like?,"[{'word_form': 'aaniin', 'fst_analyses': ['aaniin+PCInterj', 'aaniin+ADVInter']}, {'word_form': 'enaanikwed', 'fst_analyses': ['inaanikwe+VAI+Pcp+Pos+Neu+3SgProxSubj+3SgProxHead']}, {'word_form': '.', 'fst_analyses': []}]",nj
Endaso-gigizheb agwajiing ninando-biindaakoojige.,I go outside and offer tobacco every morning.,"[{'word_form': 'endaso-gigizheb', 'fst_analyses': ['endaso-gigizheb+ADVTmp']}, {'word_form': 'agwajiing', 'fst_analyses': ['agwajiing+ADVLoc']}, {'word_form': 'ninando-biindaakoojige', 'fst_analyses': ['PVLex/ando+biindaakoojige+VAI+Ind+Pos+Neu+1SgSubj', 'PVLex/ando+biindaakoojige+VAI+Ind+Pos+Neu+1SgSubj']}, {'word_form': '.', 'fst_analyses': []}]",nj
Gashkiidibikateni Marie endaad. Ingoji maawiin ondendi.,Marie's place is dark. She must be gone somewhere.,"[{'word_form': 'gashkiidibikateni', 'fst_analyses': ['gashkiidibikate+VII+Ind+Pos+Neu+0SgObvSubj']}, {'word_form': 'marie', 'fst_analyses': []}, {'word_form': 'endaad', 'fst_analyses': ['daa+VAI+Pcp+Pos+Neu+3SgProxSubj+3SgProxHead']}, {'word_form': '.', 'fst_analyses': []}, {'word_form': 'ingoji', 'fst_analyses': ['ingoji+ADVDeg']}, {'word_form': 'maawiin', 'fst_analyses': ['maawiin+ADVMan']}, {'word_form': 'ondendi', 'fst_analyses': ['ondendi+VAI+Ind+Pos+Neu+3SgProxSubj']}, {'word_form': '.', 'fst_analyses': []}]",nj
Gego noonde-noondengwashiken. Gegaa go zhigwa gibagamibagizomin endaayaang.,Don't fall asleep. We're almost home.,"[{'word_form': 'gego', 'fst_analyses': ['gego+ADVNeg']}, {'word_form': 'noonde-noondengwashiken', 'fst_analyses': ['PVLex/noonde+noondengwashi+VAI+Imp+Prb+2SgSubj']}, {'word_form': '.', 'fst_analyses': []}, {'word_form': 'gegaa', 'fst_analyses': ['gegaa+ADVDeg']}, {'word_form': 'go', 'fst_analyses': ['go+PCDisc']}, {'word_form': 'zhigwa', 'fst_analyses': ['zhigwa+ADVTmp']}, {'word_form': 'gibagamibagizomin', 'fst_analyses': []}, {'word_form': 'endaayaang', 'fst_analyses': []}, {'word_form': '.', 'fst_analyses': []}]",nj
Bagamigidaazo. Gaawiin gii'-miinaasii ozhooniyaa-mazina'igan.,He came in mad because he didn't get his check.,"[{'word_form': 'bagamigidaazo', 'fst_analyses': ['bagamigidaazo+VAI+Ind+Pos+Neu+3SgProxSubj']}, {'word_form': '.', 'fst_analyses': []}, {'word_form': 'gaawiin', 'fst_analyses': ['gaawiin+ADVNeg']}, {'word_form': ""gii'-miinaasii"", 'fst_analyses': [""PVTense/gii'+miizh+VTA+Ind+Neg+Neu+XSubj+3SgProxObj""]}, {'word_form': ""ozhooniyaa-mazina'igan"", 'fst_analyses': [""zhooniyaa-mazina'igan+NI+Sg+3SgProxPoss""]}, {'word_form': '.', 'fst_analyses': []}]",nj
Onjigawidoone. Ganabaj zaagaabide abinoojiinh.,She's drooling. I think that child is teething.,"[{'word_form': 'onjigawidoone', 'fst_analyses': ['onjigawidoone+VAI+Ind+Pos+Neu+3SgProxSubj']}, {'word_form': '.', 'fst_analyses': []}, {'word_form': 'ganabaj', 'fst_analyses': ['ganabaj+ADVMan']}, {'word_form': 'zaagaabide', 'fst_analyses': ['zaagaabide+VAI+Ind+Pos+Neu+3SgProxSubj']}, {'word_form': 'abinoojiinh', 'fst_analyses': ['abinoojiinh+NA+ProxSg']}, {'word_form': '.', 'fst_analyses': []}]",nj
Eshkam igo endaso-giizhik ani-mino-ayaa.,She's getting better and better every day.,"[{'word_form': 'eshkam', 'fst_analyses': ['eshkam+ADVDeg']}, {'word_form': 'igo', 'fst_analyses': ['igo+PCEmph']}, {'word_form': 'endaso-giizhik', 'fst_analyses': ['endaso-giizhik+ADVTmp']}, {'word_form': 'ani-mino-ayaa', 'fst_analyses': ['PVDir/ani+mino-ayaa+VAI+Ind+Pos+Neu+3SgProxSubj', 'PVDir/ani+PVLex/mino+ayaa+VAI+Ind+Pos+Neu+3SgProxSubj', 'PVDir/ani+PVLex/mino+ayaa+VII+Ind+Pos+Neu+0SgSubj']}, {'word_form': '.', 'fst_analyses': []}]",nj
Niinitam ninga-giziininaagane.,I'll do this dishes this time.,"[{'word_form': 'niinitam', 'fst_analyses': ['niinitam+PRONPer+NA+1Sg']}, {'word_form': 'ninga-giziininaagane', 'fst_analyses': ['PVTense/ga+giziininaagane+VAI+Ind+Pos+Neu+1SgSubj']}, {'word_form': '.', 'fst_analyses': []}]",nj
Maanoo giga-wiiji'igonaan.,Let's let him help us.,"[{'word_form': 'maanoo', 'fst_analyses': ['maanoo+ADVMan']}, {'word_form': ""giga-wiiji'igonaan"", 'fst_analyses': [""PVTense/ga+wiiji'+VTA+Ind+Pos+Neu+3SgProxSubj+InclObj""]}, {'word_form': '.', 'fst_analyses': []}]",nj
Akawe niwii'-ozhige jibwaa-bagamibiisaang.,I want to set up the tent before the rain gets here.,"[{'word_form': 'akawe', 'fst_analyses': ['akawe+ADVTmp']}, {'word_form': ""niwii'-ozhige"", 'fst_analyses': [""PVTense/wii'+ozhige+VAI+Ind+Pos+Neu+1SgSubj""]}, {'word_form': 'jibwaa-bagamibiisaang', 'fst_analyses': ['PVTense/jibwaa+bagamibiisaan+VII+Cnj+Pos+Neu+0SgSubj', 'PVTense/jibwaa+bagamibiisaan+VII+Cnj+Pos+Neu+0PlSubj']}, {'word_form': '.', 'fst_analyses': []}]",nj
Ogaajishimaan odoozhibii'iganaakwan. Miiwan iniwe ganabaj gaa-gii'-wani'imag.,She hid her pen. I think it's the one I lost.,"[{'word_form': 'ogaajishimaan', 'fst_analyses': ['gaajishim+VTA+Ind+Pos+Neu+3SgProxSubj+3SgObvObj', 'gaajishim+VTA+Ind+Pos+Neu+3SgProxSubj+3PlObvObj']}, {'word_form': ""odoozhibii'iganaakwan"", 'fst_analyses': []}, {'word_form': '.', 'fst_analyses': []}, {'word_form': 'miiwan', 'fst_analyses': ['miiwan+ADVPred']}, {'word_form': 'iniwe', 'fst_analyses': ['iniwe+PRONDem+NI+Pl', 'iniwe+PRONDem+NA+ObvSg', 'iniwe+PRONDem+NA+ObvPl']}, {'word_form': 'ganabaj', 'fst_analyses': ['ganabaj+ADVMan']}, {'word_form': ""gaa-gii'-wani'imag"", 'fst_analyses': [""PVSub/gaa+PVTense/gii'+wani'+VTA+Cnj+Pos+Neu+1SgSubj+3SgObvObj"", ""PVSub/gaa+PVTense/gii'+wani'+VTA+Cnj+Pos+Neu+1SgSubj+3PlObvObj""]}, {'word_form': '.', 'fst_analyses': []}]",nj
Gaag obishagaakwamaa' mitigoo'.,A porcupine eats bark off trees.,"[{'word_form': 'gaag', 'fst_analyses': ['gaag+NA+ProxSg']}, {'word_form': ""obishagaakwamaa'"", 'fst_analyses': ['bishagaakwam+VTA+Ind+Pos+Neu+3SgProxSubj+3PlObvObj']}, {'word_form': ""mitigoo'"", 'fst_analyses': ['mitig+NA+ObvPl']}, {'word_form': '.', 'fst_analyses': []}]",nj
Ningiishka'ise gabe-dagwaagi.,I cut firewood all fall.,"[{'word_form': ""ningiishka'ise"", 'fst_analyses': [""giishka'ise+VAI+Ind+Pos+Neu+1SgSubj""]}, {'word_form': 'gabe-dagwaagi', 'fst_analyses': ['PVLex/gabe+dagwaagin+VII+Ind+Pos+Neu+0SgSubj', 'gabe-dagwaagi+ADVTmp']}, {'word_form': '.', 'fst_analyses': []}]",nj
Jiigewe-ziibi ani-inaaboode biite.,Foam floats along the side of the river.,"[{'word_form': 'jiigewe-ziibi', 'fst_analyses': ['PNLex/jiigewe+ziibi+NI+Sg', 'jiigewe-ziibi+ADVLoc']}, {'word_form': 'ani-inaaboode', 'fst_analyses': ['PVDir/ani+inaaboode+VII+Ind+Pos+Neu+0SgSubj']}, {'word_form': 'biite', 'fst_analyses': ['biite+NI+Sg']}, {'word_form': '.', 'fst_analyses': []}]",nj
Niminwendaanan gaa-makadewaagin makizinan.,I like the black pair of shoes.,"[{'word_form': 'niminwendaanan', 'fst_analyses': ['minwendan+VTI+Ind+Pos+Neu+1SgSubj+0PlObj']}, {'word_form': 'gaa-makadewaagin', 'fst_analyses': ['PVSub/gaa+makadewaa+VII+Cnj+Pos+Neu+0PlSubj', 'PVTense/gii+makadewaa+VII+Pcp+Pos+Neu+0PlSubj+0PlHead']}, {'word_form': 'makizinan', 'fst_analyses': ['makizin+NI+Pl']}, {'word_form': '.', 'fst_analyses': []}]",nj
Agwaataawag amikwag gii-bagozigoshkigewaad andawaabandamowaad waa'-miijiwaad oshki-mitigoonsan.,The beaver come out of the water when they make holes in ice looking for fresh saplings to eat.,"[{'word_form': 'agwaataawag', 'fst_analyses': ['agwaataa+VAI+Ind+Pos+Neu+3PlProxSubj']}, {'word_form': 'amikwag', 'fst_analyses': ['amik+NA+ProxPl']}, {'word_form': 'gii-bagozigoshkigewaad', 'fst_analyses': ['PVTense/gii+bagozigoshkige+VAI+Cnj+Pos+Neu+3PlProxSubj']}, {'word_form': 'andawaabandamowaad', 'fst_analyses': ['andawaabandan+VTI+Cnj+Pos+Neu+3PlProxSubj+0PlObj', 'andawaabandan+VTI+Cnj+Pos+Neu+3PlProxSubj+0SgObj']}, {'word_form': ""waa'-miijiwaad"", 'fst_analyses': []}, {'word_form': 'oshki-mitigoonsan', 'fst_analyses': ['PNLex/oshki+mitig+NA+Dim+ObvSg', 'PNLex/oshki+mitig+NI+Dim+Pl', 'PNLex/oshki+mitig+NA+Dim+ObvPl', 'PNLex/oshki+mitigoons+NI+Pl']}, {'word_form': '.', 'fst_analyses': []}]",nj
Gego memwech wiiji'ishiken. Mii go ji-gashkinag ji-aanjishimag.,You don't have to help me. I can lift it to move it over.,"[{'word_form': 'gego', 'fst_analyses': ['gego+ADVNeg']}, {'word_form': 'memwech', 'fst_analyses': ['memwech+ADVMan']}, {'word_form': ""wiiji'ishiken"", 'fst_analyses': [""wiiji'+VTA+Imp+Prb+2SgSubj+1SgObj""]}, {'word_form': '.', 'fst_analyses': []}, {'word_form': 'mii', 'fst_analyses': ['mii+ADVPred']}, {'word_form': 'go', 'fst_analyses': ['go+PCDisc']}, {'word_form': 'ji-gashkinag', 'fst_analyses': ['PVTense/daa+gashkin+VTA+Cnj+Pos+Neu+1SgSubj+3SgProxObj', 'PVTense/ga+gashkin+VTA+Cnj+Pos+Neu+1SgSubj+3SgProxObj']}, {'word_form': 'ji-aanjishimag', 'fst_analyses': ['PVTense/daa+aanjishim+VTA+Cnj+Pos+Neu+1SgSubj+3SgProxObj', 'PVTense/ga+aanjishim+VTA+Cnj+Pos+Neu+1SgSubj+3SgProxObj']}, {'word_form': '.', 'fst_analyses': []}]",nj
Wiiba da-biigwaakide gizhaabikizigan.,Soon the stove will burn out (from using wood that burns too hot).,"[{'word_form': 'wiiba', 'fst_analyses': ['wiiba+ADVTmp']}, {'word_form': 'da-biigwaakide', 'fst_analyses': ['PVTense/ga+biigwaakide+VII+Ind+Pos+Neu+0SgSubj']}, {'word_form': 'gizhaabikizigan', 'fst_analyses': ['gizhaabikizigan+NI+Sg']}, {'word_form': '.', 'fst_analyses': []}]",nj
Ogii-siikoobiiginaan 'i ojiimaan.,He drained out his canoe.,"[{'word_form': 'ogii-siikoobiiginaan', 'fst_analyses': ['PVTense/gii+ziikoobiigin+VTA+Ind+Pos+Neu+3SgProxSubj+3SgObvObj', 'PVTense/gii+ziikoobiigin+VTA+Ind+Pos+Neu+3SgProxSubj+3PlObvObj', 'PVTense/gii+ziikoobiiginan+VTI+Ind+Pos+Neu+3SgProxSubj+0SgObj']}, {'word_form': ""'i"", 'fst_analyses': [""'i+PRONDem+NI+Sg""]}, {'word_form': 'ojiimaan', 'fst_analyses': ['jiimaan+NI+Sg+3SgProxPoss']}, {'word_form': '.', 'fst_analyses': []}]",nj
Ningii-pookosidoon nimbawa'iganaakoon; onzaam ishpashkad manoomin.,I broke my rice knockers because the rice stalks were too high and big.,"[{'word_form': 'ningii-pookosidoon', 'fst_analyses': []}, {'word_form': ""nimbawa'iganaakoon;"", 'fst_analyses': []}, {'word_form': 'onzaam', 'fst_analyses': ['onzaam+ADVQnt']}, {'word_form': 'ishpashkad', 'fst_analyses': ['ishpashkad+VII+Ind+Pos+Neu+0SgSubj']}, {'word_form': 'manoomin', 'fst_analyses': ['manoomin+NI+Sg']}, {'word_form': '.', 'fst_analyses': []}]",nj
Bikwaakwadoshin moose. Gaawiin bimaabiigishinzii.,The worm is curled up in a ball. It isn't straight out.,"[{'word_form': 'bikwaakwadoshin', 'fst_analyses': ['bikwaakwadoshin+VAI+Ind+Pos+Neu+3SgProxSubj']}, {'word_form': 'moose', 'fst_analyses': ['moose+NA+ProxSg']}, {'word_form': '.', 'fst_analyses': []}, {'word_form': 'gaawiin', 'fst_analyses': ['gaawiin+ADVNeg']}, {'word_form': 'bimaabiigishinzii', 'fst_analyses': ['bimaabiigishin+VAI+Ind+Neg+Neu+3SgProxSubj']}, {'word_form': '.', 'fst_analyses': []}]",nj
Daga bizaan.,Be quiet.,"[{'word_form': 'daga', 'fst_analyses': ['daga+PCDisc']}, {'word_form': 'bizaan', 'fst_analyses': ['bizaan+ADVMan']}, {'word_form': '.', 'fst_analyses': []}]",nj
Bizaan igo giga-odaapinaa moose.,You can pick up that worm.,"[{'word_form': 'bizaan', 'fst_analyses': ['bizaan+ADVMan']}, {'word_form': 'igo', 'fst_analyses': ['igo+PCEmph']}, {'word_form': 'giga-odaapinaa', 'fst_analyses': ['PVTense/ga+odaapin+VTA+Ind+Pos+Neu+2SgSubj+3SgProxObj']}, {'word_form': 'moose', 'fst_analyses': ['moose+NA+ProxSg']}, {'word_form': '.', 'fst_analyses': []}]",nj
Neniibiwa ogwaaba'aanaawaan miinan.,They each scoop up a lot of blueberries.,"[{'word_form': 'neniibiwa', 'fst_analyses': ['neniibiwa+ADVQnt']}, {'word_form': ""ogwaaba'aanaawaan"", 'fst_analyses': [""gwaaba'an+VTI+Ind+Pos+Neu+3PlProxSubj+0PlObj""]}, {'word_form': 'miinan', 'fst_analyses': ['miinan+NI+Pl', 'miin+NI+Pl']}, {'word_form': '.', 'fst_analyses': []}]",nj
Minweweshin mikwam ogidabak gii-mikwaminaaniwang.,The hail sounds good hitting on top of the roof.,"[{'word_form': 'minweweshin', 'fst_analyses': ['minweweshin+VAI+Ind+Pos+Neu+3SgProxSubj']}, {'word_form': 'mikwam', 'fst_analyses': ['mikwam+NA+ProxSg']}, {'word_form': 'ogidabak', 'fst_analyses': ['ogidabak+ADVLoc']}, {'word_form': 'gii-mikwaminaaniwang', 'fst_analyses': ['PVTense/gii+mikwaminaaniwan+VII+Cnj+Pos+Neu+0SgSubj', 'PVTense/gii+mikwaminaaniwan+VII+Cnj+Pos+Neu+0PlSubj']}, {'word_form': '.', 'fst_analyses': []}]",nj
Nimaanab onzaam baapaagaa desabiwin.,I'm sitting uncommortably because the chair is too hard.,"[{'word_form': 'nimaanab', 'fst_analyses': ['maanabi+VAI+Ind+Pos+Neu+1SgSubj']}, {'word_form': 'onzaam', 'fst_analyses': ['onzaam+ADVQnt']}, {'word_form': 'baapaagaa', 'fst_analyses': ['baapaagaa+VII+Ind+Pos+Neu+0SgSubj']}, {'word_form': 'desabiwin', 'fst_analyses': ['desabiwin+NI+Sg']}, {'word_form': '.', 'fst_analyses': []}]",nj
Ningii-siikoobiigamaa bagesaan.,I sucked the juice out of a plum.,"[{'word_form': 'ningii-siikoobiigamaa', 'fst_analyses': ['PVTense/gii+ziikoobiigam+VTA+Ind+Pos+Neu+1SgSubj+3SgProxObj']}, {'word_form': 'bagesaan', 'fst_analyses': ['bagesaan+NA+ProxSg']}, {'word_form': '.', 'fst_analyses': []}]",nj
Na'egaaj sa go naa. Gego wiin giikaamaaken.,Take it easier. Don't get mad at him.,"[{'word_form': ""na'egaaj"", 'fst_analyses': [""na'egaaj+ADVMan""]}, {'word_form': 'sa', 'fst_analyses': ['sa+PCDisc']}, {'word_form': 'go', 'fst_analyses': ['go+PCDisc']}, {'word_form': 'naa', 'fst_analyses': ['naa+PCEmph']}, {'word_form': '.', 'fst_analyses': []}, {'word_form': 'gego', 'fst_analyses': ['gego+ADVNeg']}, {'word_form': 'wiin', 'fst_analyses': ['wiin+PRONPer+NA+3Sg']}, {'word_form': 'giikaamaaken', 'fst_analyses': ['giikaam+VTA+Imp+Prb+2SgSubj+3PlProxObj', 'giikaam+VTA+Imp+Prb+2SgSubj+3SgProxObj']}, {'word_form': '.', 'fst_analyses': []}]",nj
Anishaa gigiikaam. Gaawiin gosha niin ningii'-wanibizo'aasii gidoodaabaan.,You're arguing with me for nothing. I'm not the one that took your car.,"[{'word_form': 'anishaa', 'fst_analyses': ['anishaa+ADVMan']}, {'word_form': 'gigiikaam', 'fst_analyses': ['giikaam+VTA+Ind+Pos+Neu+2SgSubj+1SgObj']}, {'word_form': '.', 'fst_analyses': []}, {'word_form': 'gaawiin', 'fst_analyses': ['gaawiin+ADVNeg']}, {'word_form': 'gosha', 'fst_analyses': ['gosha+PCEmph']}, {'word_form': 'niin', 'fst_analyses': ['niin+PRONPer+NA+1Sg']}, {'word_form': ""ningii'-wanibizo'aasii"", 'fst_analyses': []}, {'word_form': 'gidoodaabaan', 'fst_analyses': ['odaabaan+NI+Sg+2SgPoss', 'odaabaan+NA+ProxSg+2SgPoss']}, {'word_form': '.', 'fst_analyses': []}]",nj
Eshkam igo endaso-giizhik ani-mino-ayaa.,She's getting better and better every day.,"[{'word_form': 'eshkam', 'fst_analyses': ['eshkam+ADVDeg']}, {'word_form': 'igo', 'fst_analyses': ['igo+PCEmph']}, {'word_form': 'endaso-giizhik', 'fst_analyses': ['endaso-giizhik+ADVTmp']}, {'word_form': 'ani-mino-ayaa', 'fst_analyses': ['PVDir/ani+mino-ayaa+VAI+Ind+Pos+Neu+3SgProxSubj', 'PVDir/ani+PVLex/mino+ayaa+VAI+Ind+Pos+Neu+3SgProxSubj', 'PVDir/ani+PVLex/mino+ayaa+VII+Ind+Pos+Neu+0SgSubj']}, {'word_form': '.', 'fst_analyses': []}]",nj
Waabanong bi-onji-mooka'an endaso-giizhik.,The sun comes up from the east every day.,"[{'word_form': 'waabanong', 'fst_analyses': ['waabanong+ADVLoc']}, {'word_form': ""bi-onji-mooka'an"", 'fst_analyses': [""PVDir/bi+PVRel/onji+mooka'am+VAI+Imp+Sim+2SgSubj"", ""PVDir/bi+PVRel/onji+mooka'an+VTI+Imp+Sim+2SgSubj+0PlObj"", ""PVDir/bi+PVRel/onji+mooka'an+VTI+Imp+Sim+2SgSubj+0SgObj""]}, {'word_form': 'endaso-giizhik', 'fst_analyses': ['endaso-giizhik+ADVTmp']}, {'word_form': '.', 'fst_analyses': []}]",nj
Gakina gegoo ginoondaagoo ekidoyan.,The spirits hear everything you say.,"[{'word_form': 'gakina', 'fst_analyses': ['gakina+ADVQnt']}, {'word_form': 'gegoo', 'fst_analyses': ['gegoo+PRONIndf+NI']}, {'word_form': 'ginoondaagoo', 'fst_analyses': ['noondaw+VTA+Ind+Pos+Neu+XSubj+2SgObj', 'noondaw+VTA+Ind+Pos+Neu+ExclSubj+2SgObj']}, {'word_form': 'ekidoyan', 'fst_analyses': []}, {'word_form': '.', 'fst_analyses': []}]",nj
Odoonzaamaakizaan obaate-wiiyaasikaan.,She overdid her smoked meat.,"[{'word_form': 'odoonzaamaakizaan', 'fst_analyses': ['onzaamaakizan+VTI+Ind+Pos+Neu+3SgProxSubj+0SgObj']}, {'word_form': 'obaate-wiiyaasikaan', 'fst_analyses': []}, {'word_form': '.', 'fst_analyses': []}]",nj
Aaniin enaabadizid.,How is it (animate) used?,"[{'word_form': 'aaniin', 'fst_analyses': ['aaniin+PCInterj', 'aaniin+ADVInter']}, {'word_form': 'enaabadizid', 'fst_analyses': ['inaabadizi+VAI+Pcp+Pos+Neu+3SgProxSubj+3SgProxHead']}, {'word_form': '.', 'fst_analyses': []}]",nj
Aaniin enaabadizid awe odaabaan gaa-abid idi mashkikiiwigamigong. Mii na awe aakoziiwidaabaan.,What's that vehicle doing over there at the medical building? Is that the ambulance?,"[{'word_form': 'aaniin', 'fst_analyses': ['aaniin+PCInterj', 'aaniin+ADVInter']}, {'word_form': 'enaabadizid', 'fst_analyses': ['inaabadizi+VAI+Pcp+Pos+Neu+3SgProxSubj+3SgProxHead']}, {'word_form': 'awe', 'fst_analyses': ['awe+PRONDem+NA+ProxSg']}, {'word_form': 'odaabaan', 'fst_analyses': ['odaabaan+NA+ProxSg', 'odaabaan+NI+Sg']}, {'word_form': 'gaa-abid', 'fst_analyses': ['PVSub/gaa+abi+VAI+Cnj+Pos+Neu+3SgProxSubj', 'PVTense/gii+abi+VAI+Pcp+Pos+Neu+3SgProxSubj+3SgProxHead']}, {'word_form': 'idi', 'fst_analyses': ['idi+PRONDem+NI+Sg']}, {'word_form': 'mashkikiiwigamigong', 'fst_analyses': []}, {'word_form': '.', 'fst_analyses': []}, {'word_form': 'mii', 'fst_analyses': ['mii+ADVPred']}, {'word_form': 'na', 'fst_analyses': ['na+PCDisc']}, {'word_form': 'awe', 'fst_analyses': ['awe+PRONDem+NA+ProxSg']}, {'word_form': 'aakoziiwidaabaan', 'fst_analyses': ['aakoziiwidaabaan+NA+ProxSg', 'aakoziiwidaabaan+NI+Sg']}, {'word_form': '.', 'fst_analyses': []}]",nj
Jiigasin izhi-boodawedaa.,Let's build a fire by the rock.,"[{'word_form': 'jiigasin', 'fst_analyses': ['jiigasin+ADVLoc']}, {'word_form': 'izhi-boodawedaa', 'fst_analyses': ['PVRel/izhi+boodawe+VAI+Imp+Del+InclSubj', 'PVRel/izhi+boodawe+VAI+Imp+Sim+InclSubj']}, {'word_form': '.', 'fst_analyses': []}]",nj
NIngii'-onzaamibadoon nimbaashkiminasiganikaan.,I overfilled my jam jar.,"[{'word_form': ""ningii'-onzaamibadoon"", 'fst_analyses': [""PVTense/gii'+onzaamibadoon+VTI+Ind+Pos+Neu+1SgSubj+0SgObj""]}, {'word_form': 'nimbaashkiminasiganikaan', 'fst_analyses': ['baashkiminasiganikaan+NI+Sg+1SgPoss']}, {'word_form': '.', 'fst_analyses': []}]",nj
Naajibatwaadan gigiishkiboojigan. Giga-andawinisemin.,Go run for your saw. We'll go get some firewood.,"[{'word_form': 'naajibatwaadan', 'fst_analyses': ['naajibatwaadan+VTI+Imp+Sim+2SgSubj+0PlObj', 'naajibatwaadan+VTI+Imp+Sim+2SgSubj+0SgObj']}, {'word_form': 'gigiishkiboojigan', 'fst_analyses': ['giishkiboojigan+NI+Sg+2SgPoss']}, {'word_form': '.', 'fst_analyses': []}, {'word_form': 'giga-andawinisemin', 'fst_analyses': ['PVTense/ga+andawinise+VAI+Ind+Pos+Neu+InclSubj']}, {'word_form': '.', 'fst_analyses': []}]",nj
Gidaa-michi-boozidaabaanaag mitigoog gaa-bwaawinadwaa.,You should drag the trees you can't lift to the car.,"[{'word_form': 'gidaa-michi-boozidaabaanaag', 'fst_analyses': ['PVTense/daa+PVLex/michi+boozidaabaazh+VTA+Ind+Pos+Neu+2SgSubj+3PlProxObj']}, {'word_form': 'mitigoog', 'fst_analyses': ['mitig+NA+ProxPl']}, {'word_form': 'gaa-bwaawinadwaa', 'fst_analyses': ['PVSub/gaa+bwaawin+VTA+Cnj+Pos+Neu+2SgSubj+3PlProxObj']}, {'word_form': '.', 'fst_analyses': []}]",nj
Michi-niisaabiiginan jiimaan; onzaam mamaangaadigose.,Just let the canoe down on a rope because the ruffles of the current are too big.,"[{'word_form': 'michi-niisaabiiginan', 'fst_analyses': ['PVLex/michi+niisaabiiginan+VTI+Imp+Sim+2SgSubj+0PlObj', 'PVLex/michi+niisaabiiginan+VTI+Imp+Sim+2SgSubj+0SgObj']}, {'word_form': 'jiimaan;', 'fst_analyses': []}, {'word_form': 'onzaam', 'fst_analyses': ['onzaam+ADVQnt']}, {'word_form': 'mamaangaadigose', 'fst_analyses': ['mamaangaadigose+VII+Ind+Pos+Neu+0SgSubj']}, {'word_form': '.', 'fst_analyses': []}]",nj
Aanind binesiwag ozaawishkiinzhigwewag.,Some raptors have yellow eyes.,"[{'word_form': 'aanind', 'fst_analyses': ['aanind+ADVQnt']}, {'word_form': 'binesiwag', 'fst_analyses': ['binesi+NA+ProxPl']}, {'word_form': 'ozaawishkiinzhigwewag', 'fst_analyses': ['ozaawishkiinzhigwe+VAI+Ind+Pos+Neu+3PlProxSubj']}, {'word_form': '.', 'fst_analyses': []}]",nj
Agwanaatesidoon gimawinzwaanan jibwaa-baashkijiidegin.,Put your blueberries in the shade before they burst open from the sun.,"[{'word_form': 'agwanaatesidoon', 'fst_analyses': ['agwanaatesidoon+VTI+Imp+Sim+2SgSubj+0PlObj', 'agwanaatesidoon+VTI+Imp+Sim+2SgSubj+0SgObj']}, {'word_form': 'gimawinzwaanan', 'fst_analyses': ['mawinzwaan+NI+Pl+2SgPoss']}, {'word_form': 'jibwaa-baashkijiidegin', 'fst_analyses': ['PVTense/jibwaa+baashkijiide+VII+Cnj+Pos+Neu+0PlSubj']}, {'word_form': '.', 'fst_analyses': []}]",nj
Agawaateyaabikaang izhi-agoke aasaakamig. Mii 'imaa wenji-gikendaman aandi nake giiwedinong.,Moss grows on the shady side of rock. That's where you can learn which way is north.,"[{'word_form': 'agawaateyaabikaang', 'fst_analyses': []}, {'word_form': 'izhi-agoke', 'fst_analyses': ['PVRel/izhi+agoke+VAI+Ind+Pos+Neu+3SgProxSubj', 'PVRel/izhi+agoke+VII+Ind+Pos+Neu+0SgSubj']}, {'word_form': 'aasaakamig', 'fst_analyses': ['aasaakamig+NI+Sg']}, {'word_form': '.', 'fst_analyses': []}, {'word_form': 'mii', 'fst_analyses': ['mii+ADVPred']}, {'word_form': ""'imaa"", 'fst_analyses': [""'imaa+ADVLoc""]}, {'word_form': 'wenji-gikendaman', 'fst_analyses': []}, {'word_form': 'aandi', 'fst_analyses': ['aandi+ADVInter']}, {'word_form': 'nake', 'fst_analyses': ['nake+ADVLoc']}, {'word_form': 'giiwedinong', 'fst_analyses': ['giiwedin+NI+Loc']}, {'word_form': '.', 'fst_analyses': []}]",nj
Gaasiisidoon gimakizinan gaasiizidesimowining biindigeyan.,Wipe your shoes off on the door mat if you go enter.,"[{'word_form': 'gaasiisidoon', 'fst_analyses': ['gaasiisidoon+VTI+Imp+Sim+2SgSubj+0PlObj', 'gaasiisidoon+VTI+Imp+Sim+2SgSubj+0SgObj']}, {'word_form': 'gimakizinan', 'fst_analyses': ['makizin+NI+Pl+2SgPoss']}, {'word_form': 'gaasiizidesimowining', 'fst_analyses': []}, {'word_form': 'biindigeyan', 'fst_analyses': ['biindige+VAI+Cnj+Pos+Neu+2SgSubj']}, {'word_form': '.', 'fst_analyses': []}]",nj
Noondaagomo' gidoodaabaan.,Toot your horn!,"[{'word_form': ""noondaagomo'"", 'fst_analyses': [""noondaagomo'+VTA+Imp+Sim+2SgSubj+3SgProxObj"", ""noondaagomo'+VTA+Imp+Sim+2SgSubj+3PlProxObj""]}, {'word_form': 'gidoodaabaan', 'fst_analyses': ['odaabaan+NI+Sg+2SgPoss', 'odaabaan+NA+ProxSg+2SgPoss']}, {'word_form': '.', 'fst_analyses': []}]",nj
Miiwag ogowe.,These are the ones.,"[{'word_form': 'miiwag', 'fst_analyses': ['miiwag+ADVPred']}, {'word_form': 'ogowe', 'fst_analyses': ['ogowe+PRONDem+NA+ProxPl']}, {'word_form': '.', 'fst_analyses': []}]",nj
Miinan ozaawaditewan gii-ani-ishpi-dagwaagig.,Blueberries turn brownish in the late fall.,"[{'word_form': 'miinan', 'fst_analyses': ['miinan+NI+Pl', 'miin+NI+Pl']}, {'word_form': 'ozaawaditewan', 'fst_analyses': ['ozaawadite+VII+Ind+Pos+Neu+0PlSubj']}, {'word_form': 'gii-ani-ishpi-dagwaagig', 'fst_analyses': ['PVTense/gii+PVDir/ani+ishpi-dagwaagin+VII+Cnj+Pos+Neu+0SgSubj', 'PVTense/gii+PVDir/ani+PVLex/ishpi+dagwaagin+VII+Cnj+Pos+Neu+0SgSubj', 'PVTense/gii+PVDir/ani+ishpi-dagwaagin+VII+Cnj+Pos+Neu+0PlSubj', 'PVTense/gii+PVDir/ani+PVLex/ishpi+dagwaagin+VII+Cnj+Pos+Neu+0PlSubj']}, {'word_form': '.', 'fst_analyses': []}]",nj
Bagamigidaazo. Gaawiin gii'-miinaasii ozhooniyaa-mazina'igan.,He came in mad because he didn't get his check.,"[{'word_form': 'bagamigidaazo', 'fst_analyses': ['bagamigidaazo+VAI+Ind+Pos+Neu+3SgProxSubj']}, {'word_form': '.', 'fst_analyses': []}, {'word_form': 'gaawiin', 'fst_analyses': ['gaawiin+ADVNeg']}, {'word_form': ""gii'-miinaasii"", 'fst_analyses': [""PVTense/gii'+miizh+VTA+Ind+Neg+Neu+XSubj+3SgProxObj""]}, {'word_form': ""ozhooniyaa-mazina'igan"", 'fst_analyses': [""zhooniyaa-mazina'igan+NI+Sg+3SgProxPoss""]}, {'word_form': '.', 'fst_analyses': []}]",nj
Ogii'-napaajisidoon giishkiboojiganeyaab.,He put the saw chain on backwards.,"[{'word_form': ""ogii'-napaajisidoon"", 'fst_analyses': []}, {'word_form': 'giishkiboojiganeyaab', 'fst_analyses': ['giishkiboojiganeyaab+NI+Sg']}, {'word_form': '.', 'fst_analyses': []}]",nj
Owidi ondaajimo nimaamaa.,My mother's story comes from way back.,"[{'word_form': 'owidi', 'fst_analyses': ['owidi+ADVLoc']}, {'word_form': 'ondaajimo', 'fst_analyses': ['ondaajimo+VAI+Ind+Pos+Neu+3SgProxSubj']}, {'word_form': 'nimaamaa', 'fst_analyses': ['maamaay+NAD+ProxSg+1SgPoss', 'maamaa+NAD+ProxSg+1SgPoss']}, {'word_form': '.', 'fst_analyses': []}]",nj
Aaniin epiitinigwakin ningodooshkimod opiniin.,How much does a sack of potatoes weigh?,"[{'word_form': 'aaniin', 'fst_analyses': ['aaniin+PCInterj', 'aaniin+ADVInter']}, {'word_form': 'epiitinigwakin', 'fst_analyses': ['apiitinigwad+VII+Pcp+Pos+Neu+0PlSubj+0PlHead']}, {'word_form': 'ningodooshkimod', 'fst_analyses': ['ningodooshkimod+NUM']}, {'word_form': 'opiniin', 'fst_analyses': ['opin+NA+ObvSg', 'opin+NA+ObvPl']}, {'word_form': '.', 'fst_analyses': []}]",nj
Biinish igo ani-agaasinaagozi migizi gaa-ishpaashid.,An eagle looks smaller and smaller as it soars high.,"[{'word_form': 'biinish', 'fst_analyses': ['biinish+ADVGram']}, {'word_form': 'igo', 'fst_analyses': ['igo+PCEmph']}, {'word_form': 'ani-agaasinaagozi', 'fst_analyses': ['PVDir/ani+agaasinaagozi+VAI+Ind+Pos+Neu+3SgProxSubj']}, {'word_form': 'migizi', 'fst_analyses': ['migizi+NA+ProxSg']}, {'word_form': 'gaa-ishpaashid', 'fst_analyses': ['PVSub/gaa+ishpaashi+VAI+Cnj+Pos+Neu+3SgProxSubj', 'PVTense/gii+ishpaashi+VAI+Pcp+Pos+Neu+3SgProxSubj+3SgProxHead']}, {'word_form': '.', 'fst_analyses': []}]",nj
Ozhaasiziwag giigoonyag gaa-gii-pida'anaayaan.,The fish I caught in the net were pretty slippery.,"[{'word_form': 'ozhaasiziwag', 'fst_analyses': []}, {'word_form': 'giigoonyag', 'fst_analyses': ['giigoonh+NA+ProxPl']}, {'word_form': ""gaa-gii-pida'anaayaan"", 'fst_analyses': [""PVSub/gaa+PVTense/gii+bida'anaa+VAI+Cnj+Pos+Neu+1SgSubj""]}, {'word_form': '.', 'fst_analyses': []}]",nj
Naawaawigan agokewan ezigaan.,There's a wood tick in the middle of his back.,"[{'word_form': 'naawaawigan', 'fst_analyses': ['naawaawigan+ADVLoc']}, {'word_form': 'agokewan', 'fst_analyses': ['agoke+VII+Ind+Pos+Neu+0PlSubj', 'agoke+VAI+Ind+Pos+Neu+3PlObvSubj', 'agoke+VAI+Ind+Pos+Neu+3SgObvSubj']}, {'word_form': 'ezigaan', 'fst_analyses': ['ezigaa+NA+ObvPl', 'ezigaa+NA+ObvSg']}, {'word_form': '.', 'fst_analyses': []}]",nj
Biinji-waazh ogii'-ina'anaan. Owii-saagidaabaswaan.,He followed its trail into the den. He's going to smoke it out.,"[{'word_form': 'biinji-waazh', 'fst_analyses': ['PNLex/biinji+waazh+NI+Sg', 'biinji-waazh+ADVLoc', 'PVLex/biinji+waazhwi+VTA+Imp+Sim+2SgSubj+3SgProxObj', 'PVLex/biinji+waazhwi+VTA+Imp+Sim+2SgSubj+3PlProxObj']}, {'word_form': ""ogii'-ina'anaan"", 'fst_analyses': [""PVTense/gii'+ina'azh+VTA+Ind+Pos+Neu+3SgProxSubj+3SgObvObj"", ""PVTense/gii'+ina'azh+VTA+Ind+Pos+Neu+3SgProxSubj+3PlObvObj""]}, {'word_form': '.', 'fst_analyses': []}, {'word_form': 'owii-saagidaabaswaan', 'fst_analyses': ['PVTense/wii+zaagidaabaswi+VTA+Ind+Pos+Neu+3SgProxSubj+3SgObvObj', 'PVTense/wii+zaagidaabaswi+VTA+Ind+Pos+Neu+3SgProxSubj+3PlObvObj']}, {'word_form': '.', 'fst_analyses': []}]",nj
Dabasigaabawiwan omishtadimoonsiman gaa-debasaanaad.,The rider's little horse is nice and low.,"[{'word_form': 'dabasigaabawiwan', 'fst_analyses': ['dabasigaabawi+VAI+Ind+Pos+Neu+3PlObvSubj', 'dabasigaabawi+VAI+Ind+Pos+Neu+3SgObvSubj']}, {'word_form': 'omishtadimoonsiman', 'fst_analyses': ['mishtadim+NA+Dim+Poss+ObvSg+3SgProxPoss', 'mishtadim+NA+Dim+Poss+ObvPl+3SgProxPoss']}, {'word_form': 'gaa-debasaanaad', 'fst_analyses': []}, {'word_form': '.', 'fst_analyses': []}]",nj
Nindesabaanaa mishtadim.,I'm sitting on the horse.,"[{'word_form': 'nindesabaanaa', 'fst_analyses': ['desabaazh+VTA+Ind+Pos+Neu+1SgSubj+3SgProxObj']}, {'word_form': 'mishtadim', 'fst_analyses': ['mishtadim+NA+ProxSg']}, {'word_form': '.', 'fst_analyses': []}]",nj
Endaso-biboon ninagwaanaag waaboozoog.,Every winter I snare rabbits.,"[{'word_form': 'endaso-biboon', 'fst_analyses': ['endaso-biboon+ADVTmp']}, {'word_form': 'ninagwaanaag', 'fst_analyses': ['nagwaazh+VTA+Ind+Pos+Neu+1SgSubj+3PlProxObj']}, {'word_form': 'waaboozoog', 'fst_analyses': ['waabooz+NA+ProxPl']}, {'word_form': '.', 'fst_analyses': []}]",nj
Waaboozo-miikanaang izhi-agoodoon ginagwaagan ji-nagwaanad waabooz.,Put your snare on a rabbit trail of you want to snare one.,"[{'word_form': 'waaboozo-miikanaang', 'fst_analyses': ['waaboozo-miikana+NI+Loc']}, {'word_form': 'izhi-agoodoon', 'fst_analyses': ['PVRel/izhi+agoodoo+VAI+Imp+Sim+2SgSubj', 'PVRel/izhi+agoodoon+VTI+Imp+Sim+2SgSubj+0PlObj', 'PVRel/izhi+agoodoon+VTI+Imp+Sim+2SgSubj+0SgObj']}, {'word_form': 'ginagwaagan', 'fst_analyses': ['nagwaagan+NI+Sg+2SgPoss']}, {'word_form': 'ji-nagwaanad', 'fst_analyses': ['PVTense/daa+nagwaazh+VTA+Cnj+Pos+Neu+2SgSubj+3SgProxObj', 'PVTense/ga+nagwaazh+VTA+Cnj+Pos+Neu+2SgSubj+3SgProxObj']}, {'word_form': 'waabooz', 'fst_analyses': ['waabooz+NA+ProxSg']}, {'word_form': '.', 'fst_analyses': []}]",nj
Ningii'-nanawiz gii-naadagweyan. Gaawiin awiya ningii'-nagwaanaasii. Gaawiin gegoo ningii'-nagwaadanziin.,I was skunked checking my snares. I didn't snare anybody. I didn't snare anything.,"[{'word_form': ""ningii'-nanawiz"", 'fst_analyses': [""PVTense/gii'+nanawizi+VAI+Ind+Pos+Neu+1SgSubj""]}, {'word_form': 'gii-naadagweyan', 'fst_analyses': ['PVTense/gii+naadagwe+VAI+Cnj+Pos+Neu+2SgSubj']}, {'word_form': '.', 'fst_analyses': []}, {'word_form': 'gaawiin', 'fst_analyses': ['gaawiin+ADVNeg']}, {'word_form': 'awiya', 'fst_analyses': ['awiya+PRONIndf+NA']}, {'word_form': ""ningii'-nagwaanaasii"", 'fst_analyses': [""PVTense/gii'+nagwaazh+VTA+Ind+Neg+Neu+1SgSubj+3SgProxObj""]}, {'word_form': '.', 'fst_analyses': []}, {'word_form': 'gaawiin', 'fst_analyses': ['gaawiin+ADVNeg']}, {'word_form': 'gegoo', 'fst_analyses': ['gegoo+PRONIndf+NI']}, {'word_form': ""ningii'-nagwaadanziin"", 'fst_analyses': [""PVTense/gii'+nagwaadan+VTI+Ind+Neg+Neu+1SgSubj+0SgObj""]}, {'word_form': '.', 'fst_analyses': []}]",nj
Gii-pookozideshin gaa-gii-pishigwaakwiid odaabaaning.,He broke his foot when he miss his grip and fell off the train.,"[{'word_form': 'gii-pookozideshin', 'fst_analyses': ['PVTense/gii+bookozideshin+VAI+Ind+Pos+Neu+3SgProxSubj']}, {'word_form': 'gaa-gii-pishigwaakwiid', 'fst_analyses': ['PVSub/gaa+PVTense/gii+bishigwaakwii+VAI+Cnj+Pos+Neu+3SgProxSubj', 'PVTense/gii+PVTense/gii+bishigwaakwii+VAI+Pcp+Pos+Neu+3SgProxSubj+3SgProxHead']}, {'word_form': 'odaabaaning', 'fst_analyses': ['odaabaan+NA+Loc', 'odaabaan+NI+Loc']}, {'word_form': '.', 'fst_analyses': []}]",nj
Ozhishin gibozigan ji-ombishing.,The bread is put to rise.,"[{'word_form': 'ozhishin', 'fst_analyses': ['ozhishin+VAI+Ind+Pos+Neu+3SgProxSubj']}, {'word_form': 'gibozigan', 'fst_analyses': ['gibozigan+NA+ProxSg', 'gibozigan+NI+Sg']}, {'word_form': 'ji-ombishing', 'fst_analyses': []}, {'word_form': '.', 'fst_analyses': []}]",nj
Aaniin endaswewaanagakin.,How many pairs of them are there?,"[{'word_form': 'aaniin', 'fst_analyses': ['aaniin+PCInterj', 'aaniin+ADVInter']}, {'word_form': 'endaswewaanagakin', 'fst_analyses': []}, {'word_form': '.', 'fst_analyses': []}]",nj
Aaniin ekidong...,How do you say...,"[{'word_form': 'aaniin', 'fst_analyses': ['aaniin+PCInterj', 'aaniin+ADVInter']}, {'word_form': 'ekidong...', 'fst_analyses': []}]",nj
Ozhibii'igan gibiidamawin.,I'm bringing you the mail.,"[{'word_form': ""ozhibii'igan"", 'fst_analyses': [""ozhibii'igan+NI+Sg""]}, {'word_form': 'gibiidamawin', 'fst_analyses': ['biidamaw+VTA+Ind+Pos+Neu+1SgSubj+2SgObj']}, {'word_form': '.', 'fst_analyses': []}]",nj
Anaamaatig gidaa-izhi-wanii'amawaa zhaangweshi.,Put your mink trap underneath a log.,"[{'word_form': 'anaamaatig', 'fst_analyses': ['anaamaatig+ADVLoc']}, {'word_form': ""gidaa-izhi-wanii'amawaa"", 'fst_analyses': [""PVTense/daa+PVRel/izhi+wanii'amaw+VTA+Ind+Pos+Neu+2SgSubj+3SgProxObj""]}, {'word_form': 'zhaangweshi', 'fst_analyses': ['zhaangweshi+NA+ProxSg']}, {'word_form': '.', 'fst_analyses': []}]",nj
Agaaming iwidi ningii'-onjikadaan bezhig nindabwi.,I left one of my paddles across the lake.,"[{'word_form': 'agaaming', 'fst_analyses': ['agaaming+ADVLoc']}, {'word_form': 'iwidi', 'fst_analyses': ['iwidi+ADVLoc']}, {'word_form': ""ningii'-onjikadaan"", 'fst_analyses': []}, {'word_form': 'bezhig', 'fst_analyses': ['bezhig+NUM']}, {'word_form': 'nindabwi', 'fst_analyses': ['abwi+NI+Sg+1SgPoss']}, {'word_form': '.', 'fst_analyses': []}]",nj
Iwidi gichi-wakaa'iganing wii-tazhi-niimi'iidim onaagoshig.,There going to have a dance over there in the big building this evening.,"[{'word_form': 'iwidi', 'fst_analyses': ['iwidi+ADVLoc']}, {'word_form': ""gichi-wakaa'iganing"", 'fst_analyses': []}, {'word_form': ""wii-tazhi-niimi'iidim"", 'fst_analyses': []}, {'word_form': 'onaagoshig', 'fst_analyses': ['onaagoshin+VII+Cnj+Pos+Neu+0SgSubj', 'onaagoshin+VII+Cnj+Pos+Neu+0PlSubj']}, {'word_form': '.', 'fst_analyses': []}]",nj
Eshkam igo endaso-giizhik ani-mino-ayaa.,She's getting better and better every day.,"[{'word_form': 'eshkam', 'fst_analyses': ['eshkam+ADVDeg']}, {'word_form': 'igo', 'fst_analyses': ['igo+PCEmph']}, {'word_form': 'endaso-giizhik', 'fst_analyses': ['endaso-giizhik+ADVTmp']}, {'word_form': 'ani-mino-ayaa', 'fst_analyses': ['PVDir/ani+mino-ayaa+VAI+Ind+Pos+Neu+3SgProxSubj', 'PVDir/ani+PVLex/mino+ayaa+VAI+Ind+Pos+Neu+3SgProxSubj', 'PVDir/ani+PVLex/mino+ayaa+VII+Ind+Pos+Neu+0SgSubj']}, {'word_form': '.', 'fst_analyses': []}]",nj
Eshkam igo ani-mino-ayaa.,She's getting better.,"[{'word_form': 'eshkam', 'fst_analyses': ['eshkam+ADVDeg']}, {'word_form': 'igo', 'fst_analyses': ['igo+PCEmph']}, {'word_form': 'ani-mino-ayaa', 'fst_analyses': ['PVDir/ani+mino-ayaa+VAI+Ind+Pos+Neu+3SgProxSubj', 'PVDir/ani+PVLex/mino+ayaa+VAI+Ind+Pos+Neu+3SgProxSubj', 'PVDir/ani+PVLex/mino+ayaa+VII+Ind+Pos+Neu+0SgSubj']}, {'word_form': '.', 'fst_analyses': []}]",nj
Ogii'-miikwa'aan gaa-waawiyeyaanig gaa-goda'aakwed.,She hit the bull's eye when target shooting.,"[{'word_form': ""ogii'-miikwa'aan"", 'fst_analyses': [""PVTense/gii'+miikwa'an+VTI+Ind+Pos+Neu+3SgProxSubj+0SgObj""]}, {'word_form': 'gaa-waawiyeyaanig', 'fst_analyses': ['PVSub/gaa+waawiyeyaa+VII+Cnj+Pos+Neu+0PlObvSubj', 'PVSub/gaa+waawiyeyaa+VII+Cnj+Pos+Neu+0SgObvSubj', 'PVTense/gii+waawiyeyaa+VII+Pcp+Pos+Neu+0SgObvSubj+0SgObvHead']}, {'word_form': ""gaa-goda'aakwed"", 'fst_analyses': [""PVSub/gaa+goda'aakwe+VAI+Cnj+Pos+Neu+3SgProxSubj"", ""PVTense/gii+goda'aakwe+VAI+Pcp+Pos+Neu+3SgProxSubj+3SgProxHead""]}, {'word_form': '.', 'fst_analyses': []}]",nj
Gego gabeya'ii zheyaakonangen ishkwaandem. Da-biindigesewag zagimeg.,Don't leave the door open too long. The mosquitos will get in.,"[{'word_form': 'gego', 'fst_analyses': ['gego+ADVNeg']}, {'word_form': ""gabeya'ii"", 'fst_analyses': [""gabeya'ii+ADVTmp""]}, {'word_form': 'zheyaakonangen', 'fst_analyses': ['zheyaakonan+VTI+Imp+Prb+2SgSubj+0PlObj', 'zheyaakonan+VTI+Imp+Prb+2SgSubj+0SgObj']}, {'word_form': 'ishkwaandem', 'fst_analyses': ['ishkwaandem+NI+Sg']}, {'word_form': '.', 'fst_analyses': []}, {'word_form': 'da-biindigesewag', 'fst_analyses': ['PVTense/ga+biindigese+VAI+Ind+Pos+Neu+3PlProxSubj']}, {'word_form': 'zagimeg', 'fst_analyses': ['zagime+NA+ProxPl']}, {'word_form': '.', 'fst_analyses': []}]",nj
Obookoshkawaa' odaagima'; onzaam zhakaagonagaa.,He broke his snowshoes because the snow was too wet.,"[{'word_form': ""obookoshkawaa'"", 'fst_analyses': ['bookoshkaw+VTA+Ind+Pos+Neu+3SgProxSubj+3PlObvObj']}, {'word_form': ""odaagima';"", 'fst_analyses': []}, {'word_form': 'onzaam', 'fst_analyses': ['onzaam+ADVQnt']}, {'word_form': 'zhakaagonagaa', 'fst_analyses': ['zhakaagonagaa+VII+Ind+Pos+Neu+0SgSubj']}, {'word_form': '.', 'fst_analyses': []}]",nj
Maamaagojiishkan boodaajii'igan wii-poodaajii'aman gidapishimon.,Use the foot pump to inflate your air mattress.,"[{'word_form': 'maamaagojiishkan', 'fst_analyses': ['maamaagojiishkan+VTI+Imp+Sim+2SgSubj+0PlObj', 'maamaagojiishkan+VTI+Imp+Sim+2SgSubj+0SgObj']}, {'word_form': ""boodaajii'igan"", 'fst_analyses': [""boodaajii'igan+NI+Sg""]}, {'word_form': ""wii-poodaajii'aman"", 'fst_analyses': [""PVTense/wii+boodaajii'an+VTI+Cnj+Pos+Neu+2SgSubj+0PlObj"", ""PVTense/wii+boodaajii'an+VTI+Cnj+Pos+Neu+2SgSubj+0SgObj""]}, {'word_form': 'gidapishimon', 'fst_analyses': ['apishimon+NI+Sg+2SgPoss']}, {'word_form': '.', 'fst_analyses': []}]",nj
Nibewining gidizhi-gawishim gii-ani-dibikak. Mii imaa endazhi-bawaajigeyan.,Lie down in bed when it gets dark. That's where you have your dreams.,"[{'word_form': 'nibewining', 'fst_analyses': ['nibewin+NI+Loc']}, {'word_form': 'gidizhi-gawishim', 'fst_analyses': ['PVRel/izhi+gawishimo+VAI+Ind+Pos+Neu+2SgSubj']}, {'word_form': 'gii-ani-dibikak', 'fst_analyses': ['PVTense/gii+PVDir/ani+dibikad+VII+Cnj+Pos+Neu+0SgSubj', 'PVTense/gii+PVDir/ani+dibikad+VII+Cnj+Pos+Neu+0PlSubj']}, {'word_form': '.', 'fst_analyses': []}, {'word_form': 'mii', 'fst_analyses': ['mii+ADVPred']}, {'word_form': 'imaa', 'fst_analyses': ['imaa+ADVLoc']}, {'word_form': 'endazhi-bawaajigeyan', 'fst_analyses': []}, {'word_form': '.', 'fst_analyses': []}]",nj
Naawizid gii'-izhi-badakizideshin.,He got a sliver in the middle of his foot.,"[{'word_form': 'naawizid', 'fst_analyses': ['naawizid+ADVLoc']}, {'word_form': ""gii'-izhi-badakizideshin"", 'fst_analyses': [""PVTense/gii'+PVRel/izhi+badakizideshin+VAI+Ind+Pos+Neu+3SgProxSubj""]}, {'word_form': '.', 'fst_analyses': []}]",nj
Zhaawanong izhisewag maangwag gii-dagwaagig.,Loons fly south in the fall.,"[{'word_form': 'zhaawanong', 'fst_analyses': ['zhaawanong+ADVLoc']}, {'word_form': 'izhisewag', 'fst_analyses': ['izhise+VAI+Ind+Pos+Neu+3PlProxSubj']}, {'word_form': 'maangwag', 'fst_analyses': ['maang+NA+ProxPl']}, {'word_form': 'gii-dagwaagig', 'fst_analyses': ['PVTense/gii+dagwaagin+VII+Cnj+Pos+Neu+0SgSubj', 'PVTense/gii+dagwaagin+VII+Cnj+Pos+Neu+0PlSubj']}, {'word_form': '.', 'fst_analyses': []}]",nj
Gii'-mookwaajimo gii-dibaajimaad gaa'-inaapinenid omaamaayibaniin.,She was teary-eyed when she told how her grandmother passed away.,"[{'word_form': ""gii'-mookwaajimo"", 'fst_analyses': [""PVTense/gii'+mookwaajimo+VAI+Ind+Pos+Neu+3SgProxSubj""]}, {'word_form': 'gii-dibaajimaad', 'fst_analyses': ['PVTense/gii+dibaajim+VTA+Cnj+Pos+Neu+3SgProxSubj+3SgObvObj', 'PVTense/gii+dibaajim+VTA+Cnj+Pos+Neu+3SgProxSubj+3PlObvObj']}, {'word_form': ""gaa'-inaapinenid"", 'fst_analyses': []}, {'word_form': 'omaamaayibaniin', 'fst_analyses': ['maamaa+NAD+Pret+ObvSg+3SgProxPoss', 'maamaay+NAD+Pret+ObvSg+3SgProxPoss', 'maamaa+NAD+Pret+ObvPl+3SgProxPoss', 'maamaay+NAD+Pret+ObvPl+3SgProxPoss']}, {'word_form': '.', 'fst_analyses': []}]",nj
Gii-takakamigaabaawe dibikong gii-gimiwang. Ganabaj gii'-mikwaminaaniwan.,The rain last night made the ground cold. I think there might have been some hail with it.,"[{'word_form': 'gii-takakamigaabaawe', 'fst_analyses': ['PVTense/gii+dakakamigaabaawe+VII+Ind+Pos+Neu+0SgSubj']}, {'word_form': 'dibikong', 'fst_analyses': ['dibikong+ADVTmp']}, {'word_form': 'gii-gimiwang', 'fst_analyses': ['PVTense/gii+gimiwan+VII+Cnj+Pos+Neu+0SgSubj', 'PVTense/gii+gimiwan+VII+Cnj+Pos+Neu+0PlSubj']}, {'word_form': '.', 'fst_analyses': []}, {'word_form': 'ganabaj', 'fst_analyses': ['ganabaj+ADVMan']}, {'word_form': ""gii'-mikwaminaaniwan"", 'fst_analyses': [""PVTense/gii'+mikwaminaaniwan+VII+Ind+Pos+Neu+0SgSubj""]}, {'word_form': '.', 'fst_analyses': []}]",nj
Obi-zaagidoomaan ogwizisensan. Dikinaaganing dakobizowan.,He came out carrying his little son on his back in a cradle board.,"[{'word_form': 'obi-zaagidoomaan', 'fst_analyses': ['PVDir/bi+zaagidoom+VTA+Ind+Pos+Neu+3SgProxSubj+3SgObvObj', 'PVDir/bi+zaagidoom+VTA+Ind+Pos+Neu+3SgProxSubj+3PlObvObj']}, {'word_form': 'ogwizisensan', 'fst_analyses': ['gwizis+NAD+Dim+ObvSg+3SgProxPoss', 'gwizis+NAD+Dim+ObvPl+3SgProxPoss']}, {'word_form': '.', 'fst_analyses': []}, {'word_form': 'dikinaaganing', 'fst_analyses': ['dikinaagan+NI+Loc']}, {'word_form': 'dakobizowan', 'fst_analyses': ['dakobizo+VAI+Ind+Pos+Neu+3PlObvSubj', 'dakobizo+VAI+Ind+Pos+Neu+3SgObvSubj']}, {'word_form': '.', 'fst_analyses': []}]",nj
Naabinootawishin.,Repeat what I say!,"[{'word_form': 'naabinootawishin', 'fst_analyses': ['naabinootaw+VTA+Imp+Sim+2SgSubj+1SgObj']}, {'word_form': '.', 'fst_analyses': []}]",nj
Aaniin enaanzod?,What color is it (animate)?,"[{'word_form': 'aaniin', 'fst_analyses': ['aaniin+PCInterj', 'aaniin+ADVInter']}, {'word_form': 'enaanzod', 'fst_analyses': ['inaanzo+VAI+Pcp+Pos+Neu+3SgProxSubj+3SgProxHead']}, {'word_form': '?', 'fst_analyses': []}]",nj
Ogii'-agaasikonaan mishiiminan jibwaa-amwaad.,She cut the apple into smaller pieces before she ate it.,"[{'word_form': ""ogii'-agaasikonaan"", 'fst_analyses': [""PVTense/gii'+agaasikozh+VTA+Ind+Pos+Neu+3SgProxSubj+3SgObvObj"", ""PVTense/gii'+agaasikozh+VTA+Ind+Pos+Neu+3SgProxSubj+3PlObvObj""]}, {'word_form': 'mishiiminan', 'fst_analyses': ['mishiimin+NA+ObvPl', 'mishiimin+NA+ObvSg']}, {'word_form': 'jibwaa-amwaad', 'fst_analyses': ['PVTense/jibwaa+amo+VTA+Cnj+Pos+Neu+3SgProxSubj+3SgObvObj', 'PVTense/jibwaa+amwi+VTA+Cnj+Pos+Neu+3SgProxSubj+3SgObvObj', 'PVTense/jibwaa+amo+VTA+Cnj+Pos+Neu+3SgProxSubj+3PlObvObj', 'PVTense/jibwaa+amwi+VTA+Cnj+Pos+Neu+3SgProxSubj+3PlObvObj']}, {'word_form': '.', 'fst_analyses': []}]",nj
Aasamaateshim gidamikwayaan ji-baasod.,Put your beaver board so the sun will dry it.,"[{'word_form': 'aasamaateshim', 'fst_analyses': ['aasamaateshim+VTA+Imp+Sim+2SgSubj+3SgProxObj', 'aasamaateshim+VTA+Imp+Sim+2SgSubj+3PlProxObj']}, {'word_form': 'gidamikwayaan', 'fst_analyses': ['amikwayaan+NA+ProxSg+2SgPoss']}, {'word_form': 'ji-baasod', 'fst_analyses': ['PVTense/daa+baaso+VAI+Cnj+Pos+Neu+3SgProxSubj', 'PVTense/ga+baaso+VAI+Cnj+Pos+Neu+3SgProxSubj', 'PVTense/daa+baaswi+VTA+Cnj+Pos+Neu+3SgProxSubj+1SgObj', 'PVTense/ga+baaswi+VTA+Cnj+Pos+Neu+3SgProxSubj+1SgObj', 'PVTense/daa+baas+VTA+Cnj+Pos+Neu+3SgProxSubj+1SgObj', 'PVTense/ga+baas+VTA+Cnj+Pos+Neu+3SgProxSubj+1SgObj']}, {'word_form': '.', 'fst_analyses': []}]",nj
Biindigewebin gidaagimag. Da-baasowag omaa biindig.,Throw your snowshoes inside. They will dry here inside.,"[{'word_form': 'biindigewebin', 'fst_analyses': ['biindigewebin+VTA+Imp+Sim+2SgSubj+3SgProxObj', 'biindigewebin+VTA+Imp+Sim+2SgSubj+3PlProxObj']}, {'word_form': 'gidaagimag', 'fst_analyses': ['aagim+NA+ProxPl+2SgPoss']}, {'word_form': '.', 'fst_analyses': []}, {'word_form': 'da-baasowag', 'fst_analyses': ['PVTense/ga+baaso+VAI+Ind+Pos+Neu+3PlProxSubj']}, {'word_form': 'omaa', 'fst_analyses': ['omaa+ADVLoc']}, {'word_form': 'biindig', 'fst_analyses': ['biindig+ADVLoc']}, {'word_form': '.', 'fst_analyses': []}]",nj
Weweni ozagakiiginaa' ogiziingwe'ona' gaa-paasonid.,She folded her towels neatly after they were dry.,"[{'word_form': 'weweni', 'fst_analyses': ['weweni+ADVMan']}, {'word_form': ""ozagakiiginaa'"", 'fst_analyses': ['zagakiigin+VTA+Ind+Pos+Neu+3SgProxSubj+3PlObvObj']}, {'word_form': ""ogiziingwe'ona'"", 'fst_analyses': [""giziingwe'on+NA+ObvPl+3SgProxPoss""]}, {'word_form': 'gaa-paasonid', 'fst_analyses': []}, {'word_form': '.', 'fst_analyses': []}]",nj
Aaniin epiitaasiged.,What phase is the moon in?,"[{'word_form': 'aaniin', 'fst_analyses': ['aaniin+PCInterj', 'aaniin+ADVInter']}, {'word_form': 'epiitaasiged', 'fst_analyses': ['apiitaasige+VAI+Pcp+Pos+Neu+3SgProxSubj+3SgProxHead']}, {'word_form': '.', 'fst_analyses': []}]",nj
Aaniin epiitaasiged manoominikewi-giizis.,How far along is the rice-picking moon?,"[{'word_form': 'aaniin', 'fst_analyses': ['aaniin+PCInterj', 'aaniin+ADVInter']}, {'word_form': 'epiitaasiged', 'fst_analyses': ['apiitaasige+VAI+Pcp+Pos+Neu+3SgProxSubj+3SgProxHead']}, {'word_form': 'manoominikewi-giizis', 'fst_analyses': ['manoominikewi-giizis+NA+ProxSg']}, {'word_form': '.', 'fst_analyses': []}]",nj
Mangaadigonam. Ganabaj gichi-name gaa-googa'ang.,There's a big ripple. I think it was a big sturgeon jumping out of the water.,"[{'word_form': 'mangaadigonam', 'fst_analyses': ['mangaadigonam+VAI+Ind+Pos+Neu+3SgProxSubj']}, {'word_form': '.', 'fst_analyses': []}, {'word_form': 'ganabaj', 'fst_analyses': ['ganabaj+ADVMan']}, {'word_form': 'gichi-name', 'fst_analyses': ['PNLex/gichi+name+NA+ProxSg', 'PNLex/chi+name+NA+ProxSg+2SgPoss']}, {'word_form': ""gaa-googa'ang"", 'fst_analyses': [""PVSub/gaa+googa'am+VAI+Cnj+Pos+Neu+3SgProxSubj"", ""PVTense/gii+googa'am+VAI+Pcp+Pos+Neu+3SgProxSubj+3SgProxHead"", ""PVTense/gii+googa'am+VAI+Pcp+Pos+Neu+3PlProxSubj+3PlProxHead""]}, {'word_form': '.', 'fst_analyses': []}]",nj
Gabe-zhebaa madwesin giigidoo-biiwaabikoons.,The phone rang all morning long (this morning).,"[{'word_form': 'gabe-zhebaa', 'fst_analyses': ['PVLex/gabe+zhebaa+ADVTmp', 'gabe-zhebaa+ADVTmp']}, {'word_form': 'madwesin', 'fst_analyses': ['madwesin+VII+Ind+Pos+Neu+0SgSubj']}, {'word_form': 'giigidoo-biiwaabikoons', 'fst_analyses': ['giigidoo-biiwaabikoons+NI+Sg']}, {'word_form': '.', 'fst_analyses': []}]",nj
Awenen gaa'-inagimind ji-ogimaakaaniwid.,Who was elected chief?,"[{'word_form': 'awenen', 'fst_analyses': ['awenen+PRONInter+NA+ProxSg']}, {'word_form': ""gaa'-inagimind"", 'fst_analyses': []}, {'word_form': 'ji-ogimaakaaniwid', 'fst_analyses': ['PVTense/daa+ogimaakaaniwi+VAI+Cnj+Pos+Neu+3SgProxSubj', 'PVTense/ga+ogimaakaaniwi+VAI+Cnj+Pos+Neu+3SgProxSubj']}, {'word_form': '.', 'fst_analyses': []}]",nj
Minwapikaade apikaanashk gaa-agoodeg biinjidaabaan.,The sweetgrass hanging in the car is nicely braided.,"[{'word_form': 'minwapikaade', 'fst_analyses': ['minwapikaade+VII+Ind+Pos+Neu+0SgSubj']}, {'word_form': 'apikaanashk', 'fst_analyses': ['apikaanashk+NI+Sg']}, {'word_form': 'gaa-agoodeg', 'fst_analyses': ['PVSub/gaa+agoode+VII+Cnj+Pos+Neu+0SgSubj', 'PVSub/gaa+agoode+VII+Cnj+Pos+Neu+0PlSubj', 'PVTense/gii+agoode+VII+Pcp+Pos+Neu+0SgSubj+0SgHead']}, {'word_form': 'biinjidaabaan', 'fst_analyses': ['biinjidaabaan+ADVLoc']}, {'word_form': '.', 'fst_analyses': []}]",nj
Bigishkanimaagozi waawaashkeshi onzaam gabeya'ii gii'-agoojin imaa mitigong.,The deer smells rotten because it was hanging up in the tree too long.,"[{'word_form': 'bigishkanimaagozi', 'fst_analyses': ['bigishkanimaagozi+VAI+Ind+Pos+Neu+3SgProxSubj']}, {'word_form': 'waawaashkeshi', 'fst_analyses': ['waawaashkeshi+NA+ProxSg']}, {'word_form': 'onzaam', 'fst_analyses': ['onzaam+ADVQnt']}, {'word_form': ""gabeya'ii"", 'fst_analyses': [""gabeya'ii+ADVTmp""]}, {'word_form': ""gii'-agoojin"", 'fst_analyses': [""PVTense/gii'+agoojin+VAI+Ind+Pos+Neu+3SgProxSubj""]}, {'word_form': 'imaa', 'fst_analyses': ['imaa+ADVLoc']}, {'word_form': 'mitigong', 'fst_analyses': ['mitig+NA+Loc', 'mitig+NI+Loc']}, {'word_form': '.', 'fst_analyses': []}]",nj
Agaawaa ingii-pi-gashkinaan jiimaan gii-bi-gabadooyaan.,I could barely lift my canoe when I portaged over.,"[{'word_form': 'agaawaa', 'fst_analyses': ['agaawaa+ADVDeg']}, {'word_form': 'ingii-pi-gashkinaan', 'fst_analyses': ['PVTense/gii+PVDir/bi+gashkinan+VTI+Ind+Pos+Neu+1SgSubj+0SgObj']}, {'word_form': 'jiimaan', 'fst_analyses': ['jiimaan+NI+Sg']}, {'word_form': 'gii-bi-gabadooyaan', 'fst_analyses': ['PVTense/gii+PVDir/bi+gabadoo+VAI+Cnj+Pos+Neu+1SgSubj']}, {'word_form': '.', 'fst_analyses': []}]",nj
Bizaan igo.,Go ahead!,"[{'word_form': 'bizaan', 'fst_analyses': ['bizaan+ADVMan']}, {'word_form': 'igo', 'fst_analyses': ['igo+PCEmph']}, {'word_form': '.', 'fst_analyses': []}]",nj
Bizaan igo. Bezhig odaapinan.,Go ahead and take one.,"[{'word_form': 'bizaan', 'fst_analyses': ['bizaan+ADVMan']}, {'word_form': 'igo', 'fst_analyses': ['igo+PCEmph']}, {'word_form': '.', 'fst_analyses': []}, {'word_form': 'bezhig', 'fst_analyses': ['bezhig+NUM']}, {'word_form': 'odaapinan', 'fst_analyses': ['odaapinan+VTI+Imp+Sim+2SgSubj+0PlObj', 'odaapinan+VTI+Imp+Sim+2SgSubj+0SgObj']}, {'word_form': '.', 'fst_analyses': []}]",nj
Okwadaawewigamigong gii'-awi-ondadaawe Njim.,Jim went and bought his stuff at the wholesale store.,"[{'word_form': 'okwadaawewigamigong', 'fst_analyses': ['okwadaawewigamig+NI+Loc']}, {'word_form': ""gii'-awi-ondadaawe"", 'fst_analyses': [""PVTense/gii'+PVDir/awi+ondadaawe+VAIO+Ind+Pos+Neu+3SgProxSubj""]}, {'word_form': 'njim', 'fst_analyses': []}, {'word_form': '.', 'fst_analyses': []}]",nj
Wegonen waa'-ashamigooyang.,What are they serving us?,"[{'word_form': 'wegonen', 'fst_analyses': ['wegonen+PRONInter+NI+Sg']}, {'word_form': ""waa'-ashamigooyang"", 'fst_analyses': []}, {'word_form': '.', 'fst_analyses': []}]",nj
Awenen waa'-ozaawaakizwaad giboziganan. Midaaswi awiyag gidaa-ashamaanaanig.,Who's going to make the toast.? We've got ten people to feed out there.,"[{'word_form': 'awenen', 'fst_analyses': ['awenen+PRONInter+NA+ProxSg']}, {'word_form': ""waa'-ozaawaakizwaad"", 'fst_analyses': []}, {'word_form': 'giboziganan', 'fst_analyses': ['gibozigan+NA+ObvPl', 'gibozigan+NA+ObvSg', 'gibozigan+NI+Pl']}, {'word_form': '.', 'fst_analyses': []}, {'word_form': 'midaaswi', 'fst_analyses': ['midaaswi+NUM']}, {'word_form': 'awiyag', 'fst_analyses': ['awiyag+PRONIndf+NA+ProxPl']}, {'word_form': 'gidaa-ashamaanaanig', 'fst_analyses': ['PVTense/daa+asham+VTA+Ind+Pos+Neu+InclSubj+3PlProxObj', 'PVTense/daa+asham+VTA+Ind+Pos+Neu+InclSubj+3PlObvObj']}, {'word_form': '.', 'fst_analyses': []}]",nj
Odiba'oonaan minik eshamaad ji-onzaamashkinesinid.,She gave her just enough to eat so she won't get sick from it.,"[{'word_form': ""odiba'oonaan"", 'fst_analyses': [""diba'oozh+VTA+Ind+Pos+Neu+3SgProxSubj+3SgObvObj"", ""diba'oozh+VTA+Ind+Pos+Neu+3SgProxSubj+3PlObvObj""]}, {'word_form': 'minik', 'fst_analyses': ['minik+ADVQnt']}, {'word_form': 'eshamaad', 'fst_analyses': []}, {'word_form': 'ji-onzaamashkinesinid', 'fst_analyses': ['PVTense/daa+onzaamashkine+VAI+Cnj+Neg+Neu+3PlObvSubj', 'PVTense/ga+onzaamashkine+VAI+Cnj+Neg+Neu+3PlObvSubj', 'PVTense/daa+onzaamashkine+VAI+Cnj+Neg+Neu+3SgObvSubj', 'PVTense/ga+onzaamashkine+VAI+Cnj+Neg+Neu+3SgObvSubj']}, {'word_form': '.', 'fst_analyses': []}]",nj
Obwaanawi'aan ji-bakonaad waaboozoon; onzaam okanaapinewininjii.,She's not able to skin a rabbit because of the arthritis in her hands.,"[{'word_form': ""obwaanawi'aan"", 'fst_analyses': [""bwaanawi'+VTA+Ind+Pos+Neu+3SgProxSubj+3SgObvObj"", ""bwaanawi'+VTA+Ind+Pos+Neu+3SgProxSubj+3PlObvObj""]}, {'word_form': 'ji-bakonaad', 'fst_analyses': ['PVTense/daa+bakon+VTA+Cnj+Pos+Neu+3SgProxSubj+3SgObvObj', 'PVTense/ga+bakon+VTA+Cnj+Pos+Neu+3SgProxSubj+3SgObvObj', 'PVTense/daa+bakon+VTA+Cnj+Pos+Neu+3SgProxSubj+3PlObvObj', 'PVTense/ga+bakon+VTA+Cnj+Pos+Neu+3SgProxSubj+3PlObvObj']}, {'word_form': 'waaboozoon;', 'fst_analyses': []}, {'word_form': 'onzaam', 'fst_analyses': ['onzaam+ADVQnt']}, {'word_form': 'okanaapinewininjii', 'fst_analyses': []}, {'word_form': '.', 'fst_analyses': []}]",nj
Gagwaanisagakamig iidog gaa-gii'-aapijishinowaad odaabaaning.,What a tragic car accident!,"[{'word_form': 'gagwaanisagakamig', 'fst_analyses': ['gagwaanisagakamig+ADVMan']}, {'word_form': 'iidog', 'fst_analyses': ['iidog+PCAsp']}, {'word_form': ""gaa-gii'-aapijishinowaad"", 'fst_analyses': [""PVSub/gaa+PVTense/gii'+aapijishin+VAI+Cnj+Pos+Neu+3PlProxSubj""]}, {'word_form': 'odaabaaning', 'fst_analyses': ['odaabaan+NA+Loc', 'odaabaan+NI+Loc']}, {'word_form': '.', 'fst_analyses': []}]",nj
Niwii'-agwaa'oodoon nimbawa'amowin; onzaam mooshkine ninjiimaan.,I'm going to take my load of rice ashore because my canoe is too full.,"[{'word_form': ""niwii'-agwaa'oodoon"", 'fst_analyses': [""PVTense/wii'+agwaa'oodoon+VTI+Ind+Pos+Neu+1SgSubj+0SgObj""]}, {'word_form': ""nimbawa'amowin;"", 'fst_analyses': []}, {'word_form': 'onzaam', 'fst_analyses': ['onzaam+ADVQnt']}, {'word_form': 'mooshkine', 'fst_analyses': ['mooshkine+VAI+Ind+Pos+Neu+3SgProxSubj', 'mooshkine+VII+Ind+Pos+Neu+0SgSubj']}, {'word_form': 'ninjiimaan', 'fst_analyses': ['jiimaan+NI+Sg+1SgPoss']}, {'word_form': '.', 'fst_analyses': []}]",nj
Obwaamaan ji-manisaagod odawemaan.,He refused to cut wood for his sister.,"[{'word_form': 'obwaamaan', 'fst_analyses': ['bwaam+VTA+Ind+Pos+Neu+3SgProxSubj+3SgObvObj', 'bwaam+VTA+Ind+Pos+Neu+3SgProxSubj+3PlObvObj']}, {'word_form': 'ji-manisaagod', 'fst_analyses': ['PVTense/daa+manisaw+VTA+Cnj+Pos+Neu+3PlObvSubj+3SgProxObj', 'PVTense/ga+manisaw+VTA+Cnj+Pos+Neu+3PlObvSubj+3SgProxObj', 'PVTense/daa+manisaw+VTA+Cnj+Pos+Neu+3SgObvSubj+3SgProxObj', 'PVTense/ga+manisaw+VTA+Cnj+Pos+Neu+3SgObvSubj+3SgProxObj', 'PVTense/daa+manisaw+VTA+Cnj+Pos+Neu+0SgSubj+3SgProxObj', 'PVTense/ga+manisaw+VTA+Cnj+Pos+Neu+0SgSubj+3SgProxObj', 'PVTense/daa+manisaw+VTA+Cnj+Pos+Neu+0PlSubj+3SgProxObj', 'PVTense/ga+manisaw+VTA+Cnj+Pos+Neu+0PlSubj+3SgProxObj']}, {'word_form': 'odawemaan', 'fst_analyses': ['dawemaaw+NAD+ObvPl+3SgProxPoss', 'dawemaa+NAD+ObvPl+3SgProxPoss', 'dawemaaw+NAD+ObvSg+3SgProxPoss', 'dawemaa+NAD+ObvSg+3SgProxPoss']}, {'word_form': '.', 'fst_analyses': []}]",nj
Obwaamaa' oozhisa' aana-gawishimonizha'waad.,She couldn't make grandchildren to go to bed.,"[{'word_form': ""obwaamaa'"", 'fst_analyses': ['bwaam+VTA+Ind+Pos+Neu+3SgProxSubj+3PlObvObj']}, {'word_form': ""oozhisa'"", 'fst_analyses': ['oozhis+NAD+ObvPl+3SgProxPoss']}, {'word_form': ""aana-gawishimonizha'waad"", 'fst_analyses': [""PVTense/aana+gawishimonizha'+VTA+Cnj+Pos+Neu+3SgProxSubj+3SgObvObj"", ""PVTense/aana+gawishimonizha'+VTA+Cnj+Pos+Neu+3SgProxSubj+3PlObvObj""]}, {'word_form': '.', 'fst_analyses': []}]",nj
Maagizhaa awiya gidaa-wiidookawaa.,Maybe you can help somebody.,"[{'word_form': 'maagizhaa', 'fst_analyses': ['maagizhaa+ADVMan']}, {'word_form': 'awiya', 'fst_analyses': ['awiya+PRONIndf+NA']}, {'word_form': 'gidaa-wiidookawaa', 'fst_analyses': ['PVTense/daa+wiidookaw+VTA+Ind+Pos+Neu+2SgSubj+3SgProxObj']}, {'word_form': '.', 'fst_analyses': []}]",nj
Enigok wiikobidoon.,Pull harder.,"[{'word_form': 'enigok', 'fst_analyses': ['enigok+ADVDeg']}, {'word_form': 'wiikobidoon', 'fst_analyses': ['wiikobidoon+VTI+Imp+Sim+2SgSubj+0PlObj', 'wiikobidoon+VTI+Imp+Sim+2SgSubj+0SgObj']}, {'word_form': '.', 'fst_analyses': []}]",nj
Omiigaadaan odanokiiwin ji-ganawendang.,She's fighting to keep her job.,"[{'word_form': 'omiigaadaan', 'fst_analyses': ['miigaadan+VTI+Ind+Pos+Neu+3SgProxSubj+0SgObj']}, {'word_form': 'odanokiiwin', 'fst_analyses': ['anokiiwin+NI+Sg+3SgProxPoss']}, {'word_form': 'ji-ganawendang', 'fst_analyses': ['PVTense/daa+ganawendan+VTI+Cnj+Pos+Neu+3SgProxSubj+0PlObj', 'PVTense/ga+ganawendan+VTI+Cnj+Pos+Neu+3SgProxSubj+0PlObj', 'PVTense/daa+ganawendan+VTI+Cnj+Pos+Neu+3SgProxSubj+0SgObj', 'PVTense/ga+ganawendan+VTI+Cnj+Pos+Neu+3SgProxSubj+0SgObj']}, {'word_form': '.', 'fst_analyses': []}]",nj
Nimiigaadaan indakiim ji-ganawendamaan.,I'm fighting to keep my land.,"[{'word_form': 'nimiigaadaan', 'fst_analyses': ['miigaadan+VTI+Ind+Pos+Neu+1SgSubj+0SgObj']}, {'word_form': 'indakiim', 'fst_analyses': ['aki+NI+Poss+Sg+1SgPoss']}, {'word_form': 'ji-ganawendamaan', 'fst_analyses': ['PVTense/daa+ganawendan+VTI+Cnj+Pos+Neu+1SgSubj+0PlObj', 'PVTense/ga+ganawendan+VTI+Cnj+Pos+Neu+1SgSubj+0PlObj', 'PVTense/daa+ganawendan+VTI+Cnj+Pos+Neu+1SgSubj+0SgObj', 'PVTense/ga+ganawendan+VTI+Cnj+Pos+Neu+1SgSubj+0SgObj']}, {'word_form': '.', 'fst_analyses': []}]",nj
Waabanong bi-onji-mooka'an endaso-giizhik.,The sun comes up from the east every day.,"[{'word_form': 'waabanong', 'fst_analyses': ['waabanong+ADVLoc']}, {'word_form': ""bi-onji-mooka'an"", 'fst_analyses': [""PVDir/bi+PVRel/onji+mooka'am+VAI+Imp+Sim+2SgSubj"", ""PVDir/bi+PVRel/onji+mooka'an+VTI+Imp+Sim+2SgSubj+0PlObj"", ""PVDir/bi+PVRel/onji+mooka'an+VTI+Imp+Sim+2SgSubj+0SgObj""]}, {'word_form': 'endaso-giizhik', 'fst_analyses': ['endaso-giizhik+ADVTmp']}, {'word_form': '.', 'fst_analyses': []}]",nj
Aasamishim gidaagimag jiigaatig.,Lean your snowshoes up against a tree.,"[{'word_form': 'aasamishim', 'fst_analyses': ['aasamishim+VTA+Imp+Sim+2SgSubj+3SgProxObj', 'aasamishim+VTA+Imp+Sim+2SgSubj+3PlProxObj']}, {'word_form': 'gidaagimag', 'fst_analyses': ['aagim+NA+ProxPl+2SgPoss']}, {'word_form': 'jiigaatig', 'fst_analyses': ['jiigaatig+ADVLoc']}, {'word_form': '.', 'fst_analyses': []}]",nj
Ogidaatig nanaamadabi bizhiins.,A cat is sitting on the log.,"[{'word_form': 'ogidaatig', 'fst_analyses': ['ogidaatig+ADVLoc']}, {'word_form': 'nanaamadabi', 'fst_analyses': ['nanaamadabi+VAI+Ind+Pos+Neu+3SgProxSubj']}, {'word_form': 'bizhiins', 'fst_analyses': ['bizhiw+NA+Dim+ProxSg', 'bizhiins+NA+ProxSg']}, {'word_form': '.', 'fst_analyses': []}]",nj
Otigwaanining ogii'-inaganaamaan gii-bishigwaganaandang bikwaakwad. Ganabaj ogii-kiiwashkweganaamaan.,He hit him in the head when he missed the ball. I think he knocked him unconscious.,"[{'word_form': 'otigwaanining', 'fst_analyses': ['tigwaan+NID+Loc+3PlObvPoss', 'otigwaan+NID+Loc+3PlObvPoss', 'tigwaan+NID+Loc+3SgObvPoss', 'otigwaan+NID+Loc+3SgObvPoss']}, {'word_form': ""ogii'-inaganaamaan"", 'fst_analyses': [""PVTense/gii'+inaganaam+VTA+Ind+Pos+Neu+3SgProxSubj+3SgObvObj"", ""PVTense/gii'+inaganaam+VTA+Ind+Pos+Neu+3SgProxSubj+3PlObvObj""]}, {'word_form': 'gii-bishigwaganaandang', 'fst_analyses': ['PVTense/gii+bishigwaganaandan+VTI+Cnj+Pos+Neu+3SgProxSubj+0PlObj', 'PVTense/gii+bishigwaganaandan+VTI+Cnj+Pos+Neu+3SgProxSubj+0SgObj']}, {'word_form': 'bikwaakwad', 'fst_analyses': ['bikwaakwad+NI+Sg']}, {'word_form': '.', 'fst_analyses': []}, {'word_form': 'ganabaj', 'fst_analyses': ['ganabaj+ADVMan']}, {'word_form': 'ogii-kiiwashkweganaamaan', 'fst_analyses': ['PVTense/gii+giiwashkweganaam+VTA+Ind+Pos+Neu+3SgProxSubj+3SgObvObj', 'PVTense/gii+giiwashkweganaam+VTA+Ind+Pos+Neu+3SgProxSubj+3PlObvObj']}, {'word_form': '.', 'fst_analyses': []}]",nj
Mitaagonag odapagidoon onagizh gaa-gii'-abwaadang.,He threw the sausage on the snow (to cool) after he roasted it.,"[{'word_form': 'mitaagonag', 'fst_analyses': ['mitaagonag+ADVLoc']}, {'word_form': 'odapagidoon', 'fst_analyses': ['apagidoon+VTI+Ind+Pos+Neu+3SgProxSubj+0SgObj']}, {'word_form': 'onagizh', 'fst_analyses': ['nagizhy+NID+Sg+3SgProxPoss']}, {'word_form': ""gaa-gii'-abwaadang"", 'fst_analyses': [""PVSub/gaa+PVTense/gii'+abwaadan+VTI+Cnj+Pos+Neu+3SgProxSubj+0PlObj"", ""PVSub/gaa+PVTense/gii'+abwaadan+VTI+Cnj+Pos+Neu+3SgProxSubj+0SgObj""]}, {'word_form': '.', 'fst_analyses': []}]",nj
Banaskoshkaawan waabigwaniin gii-gizhaateg.,Flowers open up when it is sunny.,"[{'word_form': 'banaskoshkaawan', 'fst_analyses': []}, {'word_form': 'waabigwaniin', 'fst_analyses': ['waabigwan+NI+Pl', 'waabigwanii+VAI+Imp+Sim+2SgSubj']}, {'word_form': 'gii-gizhaateg', 'fst_analyses': ['PVTense/gii+gizhaate+VII+Cnj+Pos+Neu+0SgSubj', 'PVTense/gii+gizhaate+VII+Cnj+Pos+Neu+0PlSubj']}, {'word_form': '.', 'fst_analyses': []}]",nj
Ningodwaaso-mizid akwaakozi ninabagidaabaanaak.,My toboggan is six feet long.,"[{'word_form': 'ningodwaaso-mizid', 'fst_analyses': ['ningodwaaso-mizid+NUM']}, {'word_form': 'akwaakozi', 'fst_analyses': ['akwaakozi+VAI+Ind+Pos+Neu+3SgProxSubj']}, {'word_form': 'ninabagidaabaanaak', 'fst_analyses': ['nabagidaabaanaak+NA+ProxSg+1SgPoss']}, {'word_form': '.', 'fst_analyses': []}]",nj
Gaawiin wiikaa niwaniikaadanziin.,I never forget about it.,"[{'word_form': 'gaawiin', 'fst_analyses': ['gaawiin+ADVNeg']}, {'word_form': 'wiikaa', 'fst_analyses': ['wiikaa+ADVTmp']}, {'word_form': 'niwaniikaadanziin', 'fst_analyses': ['waniikaadan+VTI+Ind+Neg+Neu+1SgSubj+0SgObj']}, {'word_form': '.', 'fst_analyses': []}]",nj
Gaag gaashibiiwaye.,A porcupine has prickly hair.,"[{'word_form': 'gaag', 'fst_analyses': ['gaag+NA+ProxSg']}, {'word_form': 'gaashibiiwaye', 'fst_analyses': ['gaashibiiwaye+VAI+Ind+Pos+Neu+3SgProxSubj']}, {'word_form': '.', 'fst_analyses': []}]",nj
Biinjaya'ii danweweyaange oojiins.,You can hear the flies buzzing inside it.,"[{'word_form': ""biinjaya'ii"", 'fst_analyses': [""biinjaya'ii+ADVLoc""]}, {'word_form': 'danweweyaange', 'fst_analyses': ['danweweyaange+VAI+Ind+Pos+Neu+3SgProxSubj']}, {'word_form': 'oojiins', 'fst_analyses': ['oojiins+NA+ProxSg', 'oojii+NA+Dim+ProxSg']}, {'word_form': '.', 'fst_analyses': []}]",nj
Gidebwe na?,Are you telling the truth?,"[{'word_form': 'gidebwe', 'fst_analyses': ['debwe+VAI+Ind+Pos+Neu+2SgSubj']}, {'word_form': 'na', 'fst_analyses': ['na+PCDisc']}, {'word_form': '?', 'fst_analyses': []}]",nj
Apichi nindapinikaazonan ezhi-anishinaabewinikaazoyaan.,The robin is the spirit bird that gave (my grandmother) my name.,"[{'word_form': 'apichi', 'fst_analyses': ['apichi+NA+ProxSg']}, {'word_form': 'nindapinikaazonan', 'fst_analyses': ['apinikaazon+VAIO+Ind+Pos+Neu+1SgSubj+0PlObj', 'apinikaazon+VAIO+Ind+Pos+Neu+1SgSubj+3SgProxObj']}, {'word_form': 'ezhi-anishinaabewinikaazoyaan', 'fst_analyses': []}, {'word_form': '.', 'fst_analyses': []}]",nj
Gichi-baapi gaa-kiizhaajimod.,He had a big laugh after he told the story.,"[{'word_form': 'gichi-baapi', 'fst_analyses': ['gichi-baapi+VAI+Ind+Pos+Neu+3SgProxSubj', 'PVLex/gichi+baapi+VAI+Ind+Pos+Neu+3SgProxSubj']}, {'word_form': 'gaa-kiizhaajimod', 'fst_analyses': ['PVTense/gii+giizhaajimo+VAI+Pcp+Pos+Neu+3SgProxSubj+3SgProxHead']}, {'word_form': '.', 'fst_analyses': []}]",nj
Wewiib gagwe-giizhitoon gaa-dazhiikaman gigikinoo'amaagoowin.,Hurry up and finish your homework.,"[{'word_form': 'wewiib', 'fst_analyses': ['wewiib+ADVMan']}, {'word_form': 'gagwe-giizhitoon', 'fst_analyses': ['PVLex/gagwe+giizhitoon+VTI+Imp+Sim+2SgSubj+0PlObj', 'PVLex/gagwe+giizhitoon+VTI+Imp+Sim+2SgSubj+0SgObj']}, {'word_form': 'gaa-dazhiikaman', 'fst_analyses': ['PVSub/gaa+dazhiikan+VTI+Cnj+Pos+Neu+2SgSubj+0PlObj', 'PVSub/gaa+dazhiikan+VTI+Cnj+Pos+Neu+2SgSubj+0SgObj']}, {'word_form': ""gigikinoo'amaagoowin"", 'fst_analyses': [""gikinoo'amaagoowin+NI+Sg+2SgPoss""]}, {'word_form': '.', 'fst_analyses': []}]",nj
Niibiwa ogashkoomaa' we'we'.,He is able to carry a lot of snow geese on his back.,"[{'word_form': 'niibiwa', 'fst_analyses': ['niibiwa+ADVQnt']}, {'word_form': ""ogashkoomaa'"", 'fst_analyses': ['gashkoom+VTA+Ind+Pos+Neu+3SgProxSubj+3PlObvObj']}, {'word_form': ""we'we'"", 'fst_analyses': [""we'we+NA+ObvPl""]}, {'word_form': '.', 'fst_analyses': []}]",nj
Bekish bakwezhiganike gaganoonaad omaamaayan giigidoo-biiwaabikoonsing.,She was making bannock while talking to her mother on the telephone.,"[{'word_form': 'bekish', 'fst_analyses': ['bekish+ADVTmp']}, {'word_form': 'bakwezhiganike', 'fst_analyses': ['bakwezhiganike+VAI+Ind+Pos+Neu+3SgProxSubj']}, {'word_form': 'gaganoonaad', 'fst_analyses': ['gaganoozh+VTA+Cnj+Pos+Neu+3SgProxSubj+3SgObvObj', 'gaganoozh+VTA+Cnj+Pos+Neu+3SgProxSubj+3PlObvObj']}, {'word_form': 'omaamaayan', 'fst_analyses': ['maamaa+NAD+ObvPl+3SgProxPoss', 'maamaay+NAD+ObvPl+3SgProxPoss', 'maamaa+NAD+ObvSg+3SgProxPoss', 'maamaay+NAD+ObvSg+3SgProxPoss']}, {'word_form': 'giigidoo-biiwaabikoonsing', 'fst_analyses': ['giigidoo-biiwaabikoons+NI+Loc']}, {'word_form': '.', 'fst_analyses': []}]",nj
Naawakwe biina'ashkimode. Ogii'-noonde-mooshkinatoon ojiimaan.,She's sacking her rice at noon because she filled her canoe already.,"[{'word_form': 'naawakwe', 'fst_analyses': ['naawakwe+VII+Ind+Pos+Neu+0SgSubj']}, {'word_form': ""biina'ashkimode"", 'fst_analyses': [""biina'ashkimode+VAI+Ind+Pos+Neu+3SgProxSubj""]}, {'word_form': '.', 'fst_analyses': []}, {'word_form': ""ogii'-noonde-mooshkinatoon"", 'fst_analyses': [""PVTense/gii'+PVLex/noonde+mooshkinatoon+VTI+Ind+Pos+Neu+3SgProxSubj+0SgObj""]}, {'word_form': 'ojiimaan', 'fst_analyses': ['jiimaan+NI+Sg+3SgProxPoss']}, {'word_form': '.', 'fst_analyses': []}]",nj
Ningii'-noonde-giishkaajim minik waa'-inaajimoyaambaan gii-bi-biindiged nindoogimaan.,I had to cut my story off when my boss came in.,"[{'word_form': ""ningii'-noonde-giishkaajim"", 'fst_analyses': [""PVTense/gii'+PVLex/noonde+giishkaajimo+VAI+Ind+Pos+Neu+1SgSubj""]}, {'word_form': 'minik', 'fst_analyses': ['minik+ADVQnt']}, {'word_form': ""waa'-inaajimoyaambaan"", 'fst_analyses': []}, {'word_form': 'gii-bi-biindiged', 'fst_analyses': ['PVTense/gii+PVDir/bi+biindige+VAI+Cnj+Pos+Neu+3SgProxSubj']}, {'word_form': 'nindoogimaan', 'fst_analyses': ['ogimaa+NA+ObvPl+1SgPoss', 'ogimaa+NA+ObvSg+1SgPoss']}, {'word_form': '.', 'fst_analyses': []}]",nj
Aaniin epiichaag oodenaang? |  Niisimidana daso-diba'igan apiichaa.,How far to town? | I think it is about thirty miles.,"[{'word_form': 'aaniin', 'fst_analyses': ['aaniin+PCInterj', 'aaniin+ADVInter']}, {'word_form': 'epiichaag', 'fst_analyses': ['apiichaa+VII+Pcp+Pos+Neu+0SgSubj+0SgHead']}, {'word_form': 'oodenaang', 'fst_analyses': ['oodena+NI+Loc']}, {'word_form': '?', 'fst_analyses': []}, {'word_form': '|', 'fst_analyses': []}, {'word_form': 'niisimidana', 'fst_analyses': []}, {'word_form': ""daso-diba'igan"", 'fst_analyses': [""daso-diba'igan+NUM""]}, {'word_form': 'apiichaa', 'fst_analyses': ['apiichaa+VII+Ind+Pos+Neu+0SgSubj']}, {'word_form': '.', 'fst_analyses': []}]",nj
Agaasoonagad ninjiimaan. Wawiinge gokokwaa.,My canoe is small. It's very tippy.,"[{'word_form': 'agaasoonagad', 'fst_analyses': ['agaasoonagad+VII+Ind+Pos+Neu+0SgSubj']}, {'word_form': 'ninjiimaan', 'fst_analyses': ['jiimaan+NI+Sg+1SgPoss']}, {'word_form': '.', 'fst_analyses': []}, {'word_form': 'wawiinge', 'fst_analyses': ['wawiinge+ADVMan']}, {'word_form': 'gokokwaa', 'fst_analyses': ['gokokwaa+VII+Ind+Pos+Neu+0SgSubj']}, {'word_form': '.', 'fst_analyses': []}]",nj
Ninandomigoo endazhi-wiindaawasong.,I'm invited to the naming ceremony.,"[{'word_form': 'ninandomigoo', 'fst_analyses': ['nandom+VTA+Ind+Pos+Neu+XSubj+1SgObj', 'andom+VTA+Ind+Pos+Neu+XSubj+1SgObj', 'nandom+VTA+Ind+Pos+Neu+XSubj+1SgObj']}, {'word_form': 'endazhi-wiindaawasong', 'fst_analyses': []}, {'word_form': '.', 'fst_analyses': []}]",nj
Gego mashi bawa'angen manoomin baamaa binaabigwaniig.,Don't rice yet until the flowers fall.,"[{'word_form': 'gego', 'fst_analyses': ['gego+ADVNeg']}, {'word_form': 'mashi', 'fst_analyses': ['mashi+ADVTmp']}, {'word_form': ""bawa'angen"", 'fst_analyses': [""bawa'am+VAI+Imp+Prb+2SgSubj"", ""bawa'an+VTI+Imp+Prb+2SgSubj+0PlObj"", ""bawa'an+VTI+Imp+Prb+2SgSubj+0SgObj""]}, {'word_form': 'manoomin', 'fst_analyses': ['manoomin+NI+Sg']}, {'word_form': 'baamaa', 'fst_analyses': ['baamaa+ADVTmp']}, {'word_form': 'binaabigwaniig', 'fst_analyses': ['binaabigwanii+VII+Cnj+Pos+Neu+0SgSubj', 'binaabigwanii+VII+Cnj+Pos+Neu+0PlSubj']}, {'word_form': '.', 'fst_analyses': []}]",nj
Akawe agwaa'iskomii jibwaa-maajii-wewebanaabiid.,He scoops the ice out of the hole before he starts fishing.,"[{'word_form': 'akawe', 'fst_analyses': ['akawe+ADVTmp']}, {'word_form': ""agwaa'iskomii"", 'fst_analyses': [""agwaa'iskomii+VAI+Ind+Pos+Neu+3SgProxSubj""]}, {'word_form': 'jibwaa-maajii-wewebanaabiid', 'fst_analyses': ['PVTense/jibwaa+PVLex/maajii+wewebanaabii+VAI+Cnj+Pos+Neu+3SgProxSubj']}, {'word_form': '.', 'fst_analyses': []}]",nj
Bijiinag igo biidaabang giga-bakinasabiimin.,We'll pull out our net as early as dawn.,"[{'word_form': 'bijiinag', 'fst_analyses': ['bijiinag+ADVTmp']}, {'word_form': 'igo', 'fst_analyses': ['igo+PCEmph']}, {'word_form': 'biidaabang', 'fst_analyses': ['biidaaban+VII+Cnj+Pos+Neu+0SgSubj', 'biidaaban+VII+Cnj+Pos+Neu+0PlSubj']}, {'word_form': 'giga-bakinasabiimin', 'fst_analyses': ['PVTense/ga+bakinasabii+VAI+Ind+Pos+Neu+InclSubj']}, {'word_form': '.', 'fst_analyses': []}]",nj
Geyaabi nimaamaa makadewaanikwe.,My mother still has black hair.,"[{'word_form': 'geyaabi', 'fst_analyses': ['geyaabi+ADVTmp']}, {'word_form': 'nimaamaa', 'fst_analyses': ['maamaay+NAD+ProxSg+1SgPoss', 'maamaa+NAD+ProxSg+1SgPoss']}, {'word_form': 'makadewaanikwe', 'fst_analyses': ['makadewaanikwe+VAI+Ind+Pos+Neu+3SgProxSubj']}, {'word_form': '.', 'fst_analyses': []}]",nj
Jiigi-minis ani-dabinooshimodaa.,Let's wait next to the island on the lee side.,"[{'word_form': 'jiigi-minis', 'fst_analyses': ['PNLex/jiigi+minis+NI+Sg', 'jiigi-minis+ADVLoc']}, {'word_form': 'ani-dabinooshimodaa', 'fst_analyses': []}, {'word_form': '.', 'fst_analyses': []}]",nj
Giziiyaabika'igan aabajitoon wii-pengwaabika'aman gidoonaaganan.,Use a dish towel when you're going to dry your dishes.,"[{'word_form': ""giziiyaabika'igan"", 'fst_analyses': [""giziiyaabika'igan+NI+Sg""]}, {'word_form': 'aabajitoon', 'fst_analyses': ['aabajitoon+VTI+Imp+Sim+2SgSubj+0PlObj', 'aabajitoon+VTI+Imp+Sim+2SgSubj+0SgObj']}, {'word_form': ""wii-pengwaabika'aman"", 'fst_analyses': [""PVTense/wii+bengwaabika'an+VTI+Cnj+Pos+Neu+2SgSubj+0PlObj"", ""PVTense/wii+bengwaabika'an+VTI+Cnj+Pos+Neu+2SgSubj+0SgObj""]}, {'word_form': 'gidoonaaganan', 'fst_analyses': ['onaagan+NI+Pl+2SgPoss']}, {'word_form': '.', 'fst_analyses': []}]",nj
Giizhoopizh giniijaanis dakobinad dikinaaganing.,Wrap up your child warm when you tie him in the cradle board.,"[{'word_form': 'giizhoopizh', 'fst_analyses': ['giizhoopizh+VTA+Imp+Sim+2SgSubj+3SgProxObj', 'giizhoopizh+VTA+Imp+Sim+2SgSubj+3PlProxObj']}, {'word_form': 'giniijaanis', 'fst_analyses': ['niijaanis+NAD+ProxSg+2SgPoss']}, {'word_form': 'dakobinad', 'fst_analyses': ['dakobizh+VTA+Cnj+Pos+Neu+2SgSubj+3SgProxObj']}, {'word_form': 'dikinaaganing', 'fst_analyses': ['dikinaagan+NI+Loc']}, {'word_form': '.', 'fst_analyses': []}]",nj
Aaniin giin enateg endaayaan.,What is your home like?,"[{'word_form': 'aaniin', 'fst_analyses': ['aaniin+PCInterj', 'aaniin+ADVInter']}, {'word_form': 'giin', 'fst_analyses': ['giin+PRONPer+NA+2Sg']}, {'word_form': 'enateg', 'fst_analyses': ['inate+VII+Pcp+Pos+Neu+0SgSubj+0SgHead']}, {'word_form': 'endaayaan', 'fst_analyses': []}, {'word_form': '.', 'fst_analyses': []}]",nj
Ogidadewebatoowag waaboozoog gii-onaabanak.,The rabbits run on top of the snow when there is a crust on it.,"[{'word_form': 'ogidadewebatoowag', 'fst_analyses': ['ogidadewebatoo+VAI+Ind+Pos+Neu+3PlProxSubj']}, {'word_form': 'waaboozoog', 'fst_analyses': ['waabooz+NA+ProxPl']}, {'word_form': 'gii-onaabanak', 'fst_analyses': ['PVTense/gii+onaabanad+VII+Cnj+Pos+Neu+0SgSubj', 'PVTense/gii+onaabanad+VII+Cnj+Pos+Neu+0PlSubj']}, {'word_form': '.', 'fst_analyses': []}]",nj
Mii 'iwe nangwana.,So that's the facts.,"[{'word_form': 'mii', 'fst_analyses': ['mii+ADVPred']}, {'word_form': ""'iwe"", 'fst_analyses': [""'iwe+PRONDem+NI+Sg""]}, {'word_form': 'nangwana', 'fst_analyses': ['nangwana+PCDisc']}, {'word_form': '.', 'fst_analyses': []}]",nj
Mii 'iwe nangwana ezhibii'igaadeg.,So that's what that letter (or note) says,"[{'word_form': 'mii', 'fst_analyses': ['mii+ADVPred']}, {'word_form': ""'iwe"", 'fst_analyses': [""'iwe+PRONDem+NI+Sg""]}, {'word_form': 'nangwana', 'fst_analyses': ['nangwana+PCDisc']}, {'word_form': ""ezhibii'igaadeg"", 'fst_analyses': [""izhibii'igaade+VII+Pcp+Pos+Neu+0SgSubj+0SgHead""]}, {'word_form': '.', 'fst_analyses': []}]",nj
Ningii'-noondawaa noondaagozid ninday dibikong. Mii nangwana gii'-niiginaawasod. Zhebaa ningii'-waabamaag. Ningodwaachiwa' oniijaanisensa'.,I heard my dog moaning last night. It turns out she was having her puppies. I saw them in the morning. There are 6 of them.,"[{'word_form': ""ningii'-noondawaa"", 'fst_analyses': [""PVTense/gii'+noondaw+VTA+Ind+Pos+Neu+1SgSubj+3SgProxObj""]}, {'word_form': 'noondaagozid', 'fst_analyses': ['noondaagozi+VAI+Cnj+Pos+Neu+3SgProxSubj']}, {'word_form': 'ninday', 'fst_analyses': ['day+NAD+ProxSg+1SgPoss']}, {'word_form': 'dibikong', 'fst_analyses': ['dibikong+ADVTmp']}, {'word_form': '.', 'fst_analyses': []}, {'word_form': 'mii', 'fst_analyses': ['mii+ADVPred']}, {'word_form': 'nangwana', 'fst_analyses': ['nangwana+PCDisc']}, {'word_form': ""gii'-niiginaawasod"", 'fst_analyses': [""PVTense/gii'+niiginaawaso+VAI+Cnj+Pos+Neu+3SgProxSubj""]}, {'word_form': '.', 'fst_analyses': []}, {'word_form': 'zhebaa', 'fst_analyses': ['zhebaa+ADVTmp']}, {'word_form': ""ningii'-waabamaag"", 'fst_analyses': [""PVTense/gii'+waabam+VTA+Ind+Pos+Neu+1SgSubj+3PlProxObj""]}, {'word_form': '.', 'fst_analyses': []}, {'word_form': ""ningodwaachiwa'"", 'fst_analyses': ['ningodwaachiwag+VAIPL+Ind+Pos+Neu+3PlObvSubj']}, {'word_form': ""oniijaanisensa'"", 'fst_analyses': ['niijaanis+NAD+Dim+ObvPl+3SgProxPoss']}, {'word_form': '.', 'fst_analyses': []}]",nj
Giziininjiin gijiimens. Zhigwa giga-wiisinimin.,Wash your little brother's hands. We're eating soon.,"[{'word_form': 'giziininjiin', 'fst_analyses': ['giziininjii+VAI+Imp+Sim+2SgSubj', 'giziininjiin+VTA+Imp+Sim+2SgSubj+3SgProxObj', 'giziininjiin+VTA+Imp+Sim+2SgSubj+3PlProxObj']}, {'word_form': 'gijiimens', 'fst_analyses': []}, {'word_form': '.', 'fst_analyses': []}, {'word_form': 'zhigwa', 'fst_analyses': ['zhigwa+ADVTmp']}, {'word_form': 'giga-wiisinimin', 'fst_analyses': ['PVTense/ga+wiisini+VAI+Ind+Pos+Neu+InclSubj']}, {'word_form': '.', 'fst_analyses': []}]",nj
Ningagwe-meshkodendamo'ig ji-andowanokiisiwaan,She's trying to change my mind about going out to work,"[{'word_form': ""ningagwe-meshkodendamo'ig"", 'fst_analyses': [""PVLex/gagwe+meshkodendamo'+VTA+Ind+Pos+Neu+3SgProxSubj+1SgObj""]}, {'word_form': 'ji-andowanokiisiwaan', 'fst_analyses': []}]",nj
Wawiyazhinaagozi gaa-apani'od gaa-niimid.,He looks cute the way he dances.,"[{'word_form': 'wawiyazhinaagozi', 'fst_analyses': ['wawiyazhinaagozi+VAI+Ind+Pos+Neu+3SgProxSubj']}, {'word_form': ""gaa-apani'od"", 'fst_analyses': [""PVSub/gaa+apani'o+VAI+Cnj+Pos+Neu+3SgProxSubj"", ""PVTense/gii+apani'o+VAI+Pcp+Pos+Neu+3SgProxSubj+3SgProxHead""]}, {'word_form': 'gaa-niimid', 'fst_analyses': ['PVSub/gaa+niimi+VAI+Cnj+Pos+Neu+3SgProxSubj', 'PVTense/gii+niimi+VAI+Pcp+Pos+Neu+3SgProxSubj+3SgProxHead']}, {'word_form': '.', 'fst_analyses': []}]",nj
Gidaa-mazinibii'aan ezhinaagwak gaa-gii-pi-onji-ayaayan.,Draw a picture of how it looks where you came from.,"[{'word_form': ""gidaa-mazinibii'aan"", 'fst_analyses': [""PVTense/daa+mazinibii'an+VTI+Ind+Pos+Neu+2SgSubj+0SgObj""]}, {'word_form': 'ezhinaagwak', 'fst_analyses': ['izhinaagwad+VII+Pcp+Pos+Neu+0SgSubj+0SgHead']}, {'word_form': 'gaa-gii-pi-onji-ayaayan', 'fst_analyses': ['PVSub/gaa+PVTense/gii+PVDir/bi+PVRel/onji+ayaa+VAI+Cnj+Pos+Neu+2SgSubj']}, {'word_form': '.', 'fst_analyses': []}]",nj
Ashandan gibawaajigan.,Offer food about your dream.,"[{'word_form': 'ashandan', 'fst_analyses': ['ashandan+VTI+Imp+Sim+2SgSubj+0PlObj', 'ashandan+VTI+Imp+Sim+2SgSubj+0SgObj']}, {'word_form': 'gibawaajigan', 'fst_analyses': ['bawaajigan+NI+Sg+2SgPoss']}, {'word_form': '.', 'fst_analyses': []}]",nj
Aabita bakweshim zhiiwi-bakwezhigaans ji-ashamiyan.,Chip the cookie in half so you can give me some.,"[{'word_form': 'aabita', 'fst_analyses': ['aabita+NUM']}, {'word_form': 'bakweshim', 'fst_analyses': ['bakweshim+VTA+Imp+Sim+2SgSubj+3SgProxObj', 'bakweshim+VTA+Imp+Sim+2SgSubj+3PlProxObj']}, {'word_form': 'zhiiwi-bakwezhigaans', 'fst_analyses': ['zhiiwi-bakwezhigan+NA+Dim+ProxSg', 'PNLex/zhiiwi+bakwezhigan+NA+Dim+ProxSg', 'PNLex/zhiiwi+bakwezhigaans+NA+ProxSg']}, {'word_form': 'ji-ashamiyan', 'fst_analyses': ['PVTense/daa+asham+VTA+Cnj+Pos+Neu+2SgSubj+1SgObj', 'PVTense/ga+asham+VTA+Cnj+Pos+Neu+2SgSubj+1SgObj']}, {'word_form': '.', 'fst_analyses': []}]",nj
Ashki-manoomin ningii-kaapizaan zhebaa.,I parched the raw rice this morning.,"[{'word_form': 'ashki-manoomin', 'fst_analyses': ['ashki-manoomin+NI+Sg', 'PNLex/ashki+manoomin+NI+Sg']}, {'word_form': 'ningii-kaapizaan', 'fst_analyses': ['PVTense/gii+gaapizan+VTI+Ind+Pos+Neu+1SgSubj+0SgObj']}, {'word_form': 'zhebaa', 'fst_analyses': ['zhebaa+ADVTmp']}, {'word_form': '.', 'fst_analyses': []}]",nj
Ningii'-nanawiz gii-naadagweyan. Gaawiin awiya ningii'-nagwaanaasii. Gaawiin gegoo ningii'-nagwaadanziin.,I was skunked checking my snares. I didn't snare anybody. I didn't snare anything.,"[{'word_form': ""ningii'-nanawiz"", 'fst_analyses': [""PVTense/gii'+nanawizi+VAI+Ind+Pos+Neu+1SgSubj""]}, {'word_form': 'gii-naadagweyan', 'fst_analyses': ['PVTense/gii+naadagwe+VAI+Cnj+Pos+Neu+2SgSubj']}, {'word_form': '.', 'fst_analyses': []}, {'word_form': 'gaawiin', 'fst_analyses': ['gaawiin+ADVNeg']}, {'word_form': 'awiya', 'fst_analyses': ['awiya+PRONIndf+NA']}, {'word_form': ""ningii'-nagwaanaasii"", 'fst_analyses': [""PVTense/gii'+nagwaazh+VTA+Ind+Neg+Neu+1SgSubj+3SgProxObj""]}, {'word_form': '.', 'fst_analyses': []}, {'word_form': 'gaawiin', 'fst_analyses': ['gaawiin+ADVNeg']}, {'word_form': 'gegoo', 'fst_analyses': ['gegoo+PRONIndf+NI']}, {'word_form': ""ningii'-nagwaadanziin"", 'fst_analyses': [""PVTense/gii'+nagwaadan+VTI+Ind+Neg+Neu+1SgSubj+0SgObj""]}, {'word_form': '.', 'fst_analyses': []}]",nj
Gaawiin awiya abisii omaa endaayan gii-bi-izhaayaan gii-onaagoshig.,There was no one home when I came to your house last evening.,"[{'word_form': 'gaawiin', 'fst_analyses': ['gaawiin+ADVNeg']}, {'word_form': 'awiya', 'fst_analyses': ['awiya+PRONIndf+NA']}, {'word_form': 'abisii', 'fst_analyses': ['abi+VAI+Ind+Neg+Neu+3SgProxSubj']}, {'word_form': 'omaa', 'fst_analyses': ['omaa+ADVLoc']}, {'word_form': 'endaayan', 'fst_analyses': []}, {'word_form': 'gii-bi-izhaayaan', 'fst_analyses': ['PVTense/gii+bi-izhaa+VAI+Cnj+Pos+Neu+1SgSubj', 'PVTense/gii+PVDir/bi+izhaa+VAI+Cnj+Pos+Neu+1SgSubj']}, {'word_form': 'gii-onaagoshig', 'fst_analyses': ['PVTense/gii+onaagoshin+VII+Cnj+Pos+Neu+0SgSubj', 'PVTense/gii+onaagoshin+VII+Cnj+Pos+Neu+0PlSubj']}, {'word_form': '.', 'fst_analyses': []}]",nj
Noosiban ogii'-minopidaan biisi-manoomin.,My father really liked the taste of the broken rice.,"[{'word_form': 'noosiban', 'fst_analyses': ['oos+NAD+Pret+ProxSg+1SgPoss']}, {'word_form': ""ogii'-minopidaan"", 'fst_analyses': [""PVTense/gii'+minopidan+VTI+Ind+Pos+Neu+3SgProxSubj+0SgObj""]}, {'word_form': 'biisi-manoomin', 'fst_analyses': ['biisi-manoomin+NI+Sg', 'PNLex/biisi+manoomin+NI+Sg']}, {'word_form': '.', 'fst_analyses': []}]",nj
Aaniin enawendiyeg awe inini. / Agaamaya'ii niwiiji'ayaawindimin. Noosinaanig wiijikiwenyindiwag,How are you and that man related? /  We are first cousins. Our fathers are brothers.,"[{'word_form': 'aaniin', 'fst_analyses': ['aaniin+PCInterj', 'aaniin+ADVInter']}, {'word_form': 'enawendiyeg', 'fst_analyses': []}, {'word_form': 'awe', 'fst_analyses': ['awe+PRONDem+NA+ProxSg']}, {'word_form': 'inini', 'fst_analyses': ['inini+NA+ProxSg']}, {'word_form': '.', 'fst_analyses': []}, {'word_form': '/', 'fst_analyses': []}, {'word_form': ""agaamaya'ii"", 'fst_analyses': [""agaamaya'ii+ADVLoc""]}, {'word_form': ""niwiiji'ayaawindimin"", 'fst_analyses': []}, {'word_form': '.', 'fst_analyses': []}, {'word_form': 'noosinaanig', 'fst_analyses': ['oos+NAD+ProxPl+ExclPoss']}, {'word_form': 'wiijikiwenyindiwag', 'fst_analyses': []}]",nj
Aasamaabik mazinaabikinigan naagwad.,There's a rock painting visible on the rock face.,"[{'word_form': 'aasamaabik', 'fst_analyses': ['aasamaabik+ADVLoc']}, {'word_form': 'mazinaabikinigan', 'fst_analyses': ['mazinaabikinigan+NI+Sg']}, {'word_form': 'naagwad', 'fst_analyses': ['naagwad+VII+Ind+Pos+Neu+0SgSubj']}, {'word_form': '.', 'fst_analyses': []}]",nj
Aanii zhigwa epiitading. Mii na 'i zhigwa ji-gii-pimaadagaakoyangoban.,How thick is the ice now? Can we walk on it now?,"[{'word_form': 'aanii', 'fst_analyses': []}, {'word_form': 'zhigwa', 'fst_analyses': ['zhigwa+ADVTmp']}, {'word_form': 'epiitading', 'fst_analyses': ['apiitadin+VII+Pcp+Pos+Neu+0SgSubj+0SgHead']}, {'word_form': '.', 'fst_analyses': []}, {'word_form': 'mii', 'fst_analyses': ['mii+ADVPred']}, {'word_form': 'na', 'fst_analyses': ['na+PCDisc']}, {'word_form': ""'i"", 'fst_analyses': [""'i+PRONDem+NI+Sg""]}, {'word_form': 'zhigwa', 'fst_analyses': ['zhigwa+ADVTmp']}, {'word_form': 'ji-gii-pimaadagaakoyangoban', 'fst_analyses': ['PVTense/daa+PVTense/gii+bimaadagaako+VAI+Cnj+Pos+Prt+InclSubj', 'PVTense/ga+PVTense/gii+bimaadagaako+VAI+Cnj+Pos+Prt+InclSubj']}, {'word_form': '.', 'fst_analyses': []}]",nj
Maanamon miikana. Gii-paapaagaakwadin dibikong.,The road is bad. It got frozen solid last night.,"[{'word_form': 'maanamon', 'fst_analyses': ['maanamon+VII+Ind+Pos+Neu+0SgSubj']}, {'word_form': 'miikana', 'fst_analyses': ['miikana+NI+Sg']}, {'word_form': '.', 'fst_analyses': []}, {'word_form': 'gii-paapaagaakwadin', 'fst_analyses': ['PVTense/gii+baapaagaakwadin+VII+Ind+Pos+Neu+0SgSubj']}, {'word_form': 'dibikong', 'fst_analyses': ['dibikong+ADVTmp']}, {'word_form': '.', 'fst_analyses': []}]",nj
Ishkwekana madwe-badakizo mitig.,There's a tree at the end of the road.,"[{'word_form': 'ishkwekana', 'fst_analyses': ['ishkwekana+ADVLoc']}, {'word_form': 'madwe-badakizo', 'fst_analyses': ['PVLex/madwe+badakizo+VAI+Ind+Pos+Neu+3SgProxSubj']}, {'word_form': 'mitig', 'fst_analyses': ['mitig+NA+ProxSg', 'mitig+NI+Sg']}, {'word_form': '.', 'fst_analyses': []}]",nj
Gii-shagashkii gii-gaagiimaa'aad zhiishiiba'.,He hunched over when he snuck up on the ducks.,"[{'word_form': 'gii-shagashkii', 'fst_analyses': ['PVTense/gii+zhagashkii+VAI+Ind+Pos+Neu+3SgProxSubj']}, {'word_form': ""gii-gaagiimaa'aad"", 'fst_analyses': [""PVTense/gii+gaagiimaa'+VTA+Cnj+Pos+Neu+3SgProxSubj+3SgObvObj"", ""PVTense/gii+gaagiimaa'+VTA+Cnj+Pos+Neu+3SgProxSubj+3PlObvObj""]}, {'word_form': ""zhiishiiba'"", 'fst_analyses': ['zhiishiib+NA+ObvPl']}, {'word_form': '.', 'fst_analyses': []}]",nj
Aapiji ginoosagad nindadoopowinaak.,My table is really long.,"[{'word_form': 'aapiji', 'fst_analyses': ['aapiji+ADVDeg']}, {'word_form': 'ginoosagad', 'fst_analyses': ['ginoosagad+VII+Ind+Pos+Neu+0SgSubj']}, {'word_form': 'nindadoopowinaak', 'fst_analyses': ['adoopowinaak+NI+Sg+1SgPoss']}, {'word_form': '.', 'fst_analyses': []}]",nj
Gidaa-gagwe-odisaa.,You should try to visit her.,"[{'word_form': 'gidaa-gagwe-odisaa', 'fst_analyses': ['PVTense/daa+PVLex/gagwe+odish+VTA+Ind+Pos+Neu+2SgSubj+3SgProxObj']}, {'word_form': '.', 'fst_analyses': []}]",nj
Ani-bagakaabang giga-bi-odisininim.,I'll be at your (pl.) place towards daylight,"[{'word_form': 'ani-bagakaabang', 'fst_analyses': ['PVDir/ani+bagakaaban+VII+Cnj+Pos+Neu+0SgSubj', 'PVDir/ani+bagakaaban+VII+Cnj+Pos+Neu+0PlSubj']}, {'word_form': 'giga-bi-odisininim', 'fst_analyses': ['PVTense/ga+PVDir/bi+odish+VTA+Ind+Pos+Neu+1SgSubj+2PlObj']}, {'word_form': '.', 'fst_analyses': []}]",nj
Akawe ninookagwinjidoon waawaashkeshiwizagiinens jibwaa-biindaabika'amaan.,I soak a deer shoulder quarter to soften it before I cook it in the oven.,"[{'word_form': 'akawe', 'fst_analyses': ['akawe+ADVTmp']}, {'word_form': 'ninookagwinjidoon', 'fst_analyses': ['nookagwinjidoon+VTI+Ind+Pos+Neu+1SgSubj+0SgObj']}, {'word_form': 'waawaashkeshiwizagiinens', 'fst_analyses': []}, {'word_form': ""jibwaa-biindaabika'amaan"", 'fst_analyses': [""PVTense/jibwaa+biindaabika'an+VTI+Cnj+Pos+Neu+1SgSubj+0PlObj"", ""PVTense/jibwaa+biindaabika'an+VTI+Cnj+Pos+Neu+1SgSubj+0SgObj""]}, {'word_form': '.', 'fst_analyses': []}]",nj
Meshkod giga-diba'amawin wiiji'iyan.,I'll pay you if you help me.,"[{'word_form': 'meshkod', 'fst_analyses': []}, {'word_form': ""giga-diba'amawin"", 'fst_analyses': [""PVTense/ga+diba'amaw+VTA+Ind+Pos+Neu+1SgSubj+2SgObj""]}, {'word_form': ""wiiji'iyan"", 'fst_analyses': [""wiiji'+VTA+Cnj+Pos+Neu+2SgSubj+1SgObj""]}, {'word_form': '.', 'fst_analyses': []}]",nj
Zhooshkwa'iganaatigong izhi-bakijiigisidoon waa-shooshkwega'aman.,Put what you're going to iron across the ironing board.,"[{'word_form': ""zhooshkwa'iganaatigong"", 'fst_analyses': [""zhooshkwa'iganaatig+NI+Loc""]}, {'word_form': 'izhi-bakijiigisidoon', 'fst_analyses': []}, {'word_form': ""waa-shooshkwega'aman"", 'fst_analyses': []}, {'word_form': '.', 'fst_analyses': []}]",nj
Babigozigwaa gii-ziigwang. Gaawiin gidaa-zhooshkwaada'esii.,The ice is rough in the spring. You shouldn't skate on it.,"[{'word_form': 'babigozigwaa', 'fst_analyses': ['babigozigwaa+VII+Ind+Pos+Neu+0SgSubj']}, {'word_form': 'gii-ziigwang', 'fst_analyses': ['PVTense/gii+ziigwan+VII+Cnj+Pos+Neu+0SgSubj', 'PVTense/gii+ziigwan+VII+Cnj+Pos+Neu+0PlSubj']}, {'word_form': '.', 'fst_analyses': []}, {'word_form': 'gaawiin', 'fst_analyses': ['gaawiin+ADVNeg']}, {'word_form': ""gidaa-zhooshkwaada'esii"", 'fst_analyses': [""PVTense/daa+zhooshkwaada'e+VAI+Ind+Neg+Neu+2SgSubj""]}, {'word_form': '.', 'fst_analyses': []}]",nj
Aanawi go naa weweni ningii'-waawiindamawaa.,I did explain it carefully to her (but she might not get it).,"[{'word_form': 'aanawi', 'fst_analyses': ['aanawi+ADVMan']}, {'word_form': 'go', 'fst_analyses': ['go+PCDisc']}, {'word_form': 'naa', 'fst_analyses': ['naa+PCEmph']}, {'word_form': 'weweni', 'fst_analyses': ['weweni+ADVMan']}, {'word_form': ""ningii'-waawiindamawaa"", 'fst_analyses': [""PVTense/gii'+waawiindamaw+VTA+Ind+Pos+Neu+1SgSubj+3SgProxObj""]}, {'word_form': '.', 'fst_analyses': []}]",nj
Gego izhinoo'waaken giiji-bimaadizii aanawi go gii-bizhishigwaabikak.,Don't aim your gun at a fellow human being even if it is empty.,"[{'word_form': 'gego', 'fst_analyses': ['gego+ADVNeg']}, {'word_form': ""izhinoo'waaken"", 'fst_analyses': [""izhinoo'wi+VTA+Imp+Prb+2SgSubj+3PlProxObj"", ""izhinoo'wi+VTA+Imp+Prb+2SgSubj+3SgProxObj""]}, {'word_form': 'giiji-bimaadizii', 'fst_analyses': []}, {'word_form': 'aanawi', 'fst_analyses': ['aanawi+ADVMan']}, {'word_form': 'go', 'fst_analyses': ['go+PCDisc']}, {'word_form': 'gii-bizhishigwaabikak', 'fst_analyses': ['PVTense/gii+bizhishigwaabikad+VII+Cnj+Pos+Neu+0SgSubj', 'PVTense/gii+bizhishigwaabikad+VII+Cnj+Pos+Neu+0PlSubj']}, {'word_form': '.', 'fst_analyses': []}]",nj
Wiinadoon gidoonaaganan. Gidaa-giziibiiginaanin.,Your dishes are dirty. We should wash them.,"[{'word_form': 'wiinadoon', 'fst_analyses': ['wiinad+VII+Ind+Pos+Neu+0PlSubj']}, {'word_form': 'gidoonaaganan', 'fst_analyses': ['onaagan+NI+Pl+2SgPoss']}, {'word_form': '.', 'fst_analyses': []}, {'word_form': 'gidaa-giziibiiginaanin', 'fst_analyses': []}, {'word_form': '.', 'fst_analyses': []}]",nj
Gii'-agaashiinyensi nindaanikoobijigan gaa-gii'-nitaawiigid. Gii'-niso-dibaabiishkoojiganezi eta awashime.,My great-grandchild was so small when he was born. He only weighed a little over three pounds.,"[{'word_form': ""gii'-agaashiinyensi"", 'fst_analyses': [""PVTense/gii'+agaashiinyensi+VAI+Ind+Pos+Neu+3SgProxSubj""]}, {'word_form': 'nindaanikoobijigan', 'fst_analyses': ['aanikoobijigan+NA+ProxSg+1SgPoss']}, {'word_form': ""gaa-gii'-nitaawiigid"", 'fst_analyses': []}, {'word_form': '.', 'fst_analyses': []}, {'word_form': ""gii'-niso-dibaabiishkoojiganezi"", 'fst_analyses': [""PVTense/gii'+niso-dibaabiishkoojiganezi+VAI+Ind+Pos+Neu+3SgProxSubj"", ""PVTense/gii'+PVQnt/niso+dibaabiishkoojiganezi+VAI+Ind+Pos+Neu+3SgProxSubj""]}, {'word_form': 'eta', 'fst_analyses': ['eta+ADVDeg']}, {'word_form': 'awashime', 'fst_analyses': ['awashime+ADVDeg']}, {'word_form': '.', 'fst_analyses': []}]",nj
Agaamishkode danawazo nimishoomis.,My grandfather is warming himself up there across the fire.,"[{'word_form': 'agaamishkode', 'fst_analyses': ['agaamishkode+ADVLoc']}, {'word_form': 'danawazo', 'fst_analyses': ['danawazo+VAI+Ind+Pos+Neu+3SgProxSubj']}, {'word_form': 'nimishoomis', 'fst_analyses': ['mishoomis+NAD+ProxSg+1SgPoss']}, {'word_form': '.', 'fst_analyses': []}]",nj
Jiigishkode nindanawaz.,I'm warming myself by the fire.,"[{'word_form': 'jiigishkode', 'fst_analyses': ['jiigishkode+ADVLoc']}, {'word_form': 'nindanawaz', 'fst_analyses': ['danawazo+VAI+Ind+Pos+Neu+1SgSubj']}, {'word_form': '.', 'fst_analyses': []}]",nj
Ogii'-niimikaan gii-dibishkamoo-nagamo'ind.,He danced to his birthday song.,"[{'word_form': ""ogii'-niimikaan"", 'fst_analyses': [""PVTense/gii'+niimikan+VTI+Ind+Pos+Neu+3SgProxSubj+0SgObj""]}, {'word_form': ""gii-dibishkamoo-nagamo'ind"", 'fst_analyses': [""PVTense/gii+dibishkamoo-nagamo'+VTA+Cnj+Pos+Neu+XSubj+3SgProxObj""]}, {'word_form': '.', 'fst_analyses': []}]",nj
Babiiwaawan makizinan. Gaawiin nindebishkanziinan.,The moccasins are small. I don't fit them.,"[{'word_form': 'babiiwaawan', 'fst_analyses': ['babiiwaawan+VIIPL+Ind+Pos+Neu+0PlSubj']}, {'word_form': 'makizinan', 'fst_analyses': ['makizin+NI+Pl']}, {'word_form': '.', 'fst_analyses': []}, {'word_form': 'gaawiin', 'fst_analyses': ['gaawiin+ADVNeg']}, {'word_form': 'nindebishkanziinan', 'fst_analyses': ['debishkan+VTI+Ind+Neg+Neu+1SgSubj+0PlObj']}, {'word_form': '.', 'fst_analyses': []}]",nj
Endaso-dibik nindataage endaayaan.,I play poker at my house every night.,"[{'word_form': 'endaso-dibik', 'fst_analyses': ['endaso-dibik+ADVTmp']}, {'word_form': 'nindataage', 'fst_analyses': ['ataage+VAI+Ind+Pos+Neu+1SgSubj']}, {'word_form': 'endaayaan', 'fst_analyses': []}, {'word_form': '.', 'fst_analyses': []}]",nj
Aaniin dash apii waa'-maajii-gitigeyan.,When are you going to start putting your garden in?,"[{'word_form': 'aaniin', 'fst_analyses': ['aaniin+PCInterj', 'aaniin+ADVInter']}, {'word_form': 'dash', 'fst_analyses': ['dash+ADVConj']}, {'word_form': 'apii', 'fst_analyses': ['apii+ADVTmp']}, {'word_form': ""waa'-maajii-gitigeyan"", 'fst_analyses': []}, {'word_form': '.', 'fst_analyses': []}]",nj
Aaniin apii waa'-maadanokiiyan waabang.,When are you going to start work tomorrow?,"[{'word_form': 'aaniin', 'fst_analyses': ['aaniin+PCInterj', 'aaniin+ADVInter']}, {'word_form': 'apii', 'fst_analyses': ['apii+ADVTmp']}, {'word_form': ""waa'-maadanokiiyan"", 'fst_analyses': []}, {'word_form': 'waabang', 'fst_analyses': ['waaban+VII+Cnj+Pos+Neu+0SgSubj', 'waaban+VII+Cnj+Pos+Neu+0PlSubj']}, {'word_form': '.', 'fst_analyses': []}]",nj
Aasamaabik mazinaabikinigan naagwad.,There's a rock painting visible on the rock face.,"[{'word_form': 'aasamaabik', 'fst_analyses': ['aasamaabik+ADVLoc']}, {'word_form': 'mazinaabikinigan', 'fst_analyses': ['mazinaabikinigan+NI+Sg']}, {'word_form': 'naagwad', 'fst_analyses': ['naagwad+VII+Ind+Pos+Neu+0SgSubj']}, {'word_form': '.', 'fst_analyses': []}]",nj
Gego miigaanaaken gijiimens. Giga-moo'aa.,Don't fight your little sibling. You're going to make h/ cry.,"[{'word_form': 'gego', 'fst_analyses': ['gego+ADVNeg']}, {'word_form': 'miigaanaaken', 'fst_analyses': ['miigaazh+VTA+Imp+Prb+2SgSubj+3PlProxObj', 'miigaazh+VTA+Imp+Prb+2SgSubj+3SgProxObj']}, {'word_form': 'gijiimens', 'fst_analyses': []}, {'word_form': '.', 'fst_analyses': []}, {'word_form': ""giga-moo'aa"", 'fst_analyses': [""PVTense/ga+moo'+VTA+Ind+Pos+Neu+2SgSubj+3SgProxObj""]}, {'word_form': '.', 'fst_analyses': []}]",nj
Niwiijibizoomaa nindaanis gii-booziyaan gaa-gizhibaabideg.,I took a ride on the ferris wheel with my daughter.,"[{'word_form': 'niwiijibizoomaa', 'fst_analyses': ['wiijibizoom+VTA+Ind+Pos+Neu+1SgSubj+3SgProxObj']}, {'word_form': 'nindaanis', 'fst_analyses': ['daanis+NAD+ProxSg+1SgPoss']}, {'word_form': 'gii-booziyaan', 'fst_analyses': ['PVTense/gii+boozi+VAI+Cnj+Pos+Neu+1SgSubj']}, {'word_form': 'gaa-gizhibaabideg', 'fst_analyses': ['PVSub/gaa+gizhibaabide+VII+Cnj+Pos+Neu+0SgSubj', 'PVSub/gaa+gizhibaabide+VII+Cnj+Pos+Neu+0PlSubj', 'PVTense/gii+gizhibaabide+VII+Pcp+Pos+Neu+0SgSubj+0SgHead']}, {'word_form': '.', 'fst_analyses': []}]",nj
Nibiiwiziwag igi wazhashkwedowensag.,Those mushrooms (in the rice) are wet.,"[{'word_form': 'nibiiwiziwag', 'fst_analyses': ['nibiiwizi+VAI+Ind+Pos+Neu+3PlProxSubj']}, {'word_form': 'igi', 'fst_analyses': ['igi+PRONDem+NA+ProxPl']}, {'word_form': 'wazhashkwedowensag', 'fst_analyses': ['wazhashkwedow+NA+Dim+ProxPl', 'wazhashkwedowens+NA+ProxPl']}, {'word_form': '.', 'fst_analyses': []}]",nj
Ogii-tagosidoon gookooshiwi-wiiyaas gii-bigishkiboodood moozo-wiiyaas,He put in some pork when he ground up the moose meat.,"[{'word_form': 'ogii-tagosidoon', 'fst_analyses': ['PVTense/gii+dagosidoon+VTI+Ind+Pos+Neu+3SgProxSubj+0SgObj']}, {'word_form': 'gookooshiwi-wiiyaas', 'fst_analyses': ['gookooshiwi-wiiyaas+NI+Sg']}, {'word_form': 'gii-bigishkiboodood', 'fst_analyses': ['PVTense/gii+bigishkiboodoon+VTI+Cnj+Pos+Neu+3SgProxSubj+0PlObj', 'PVTense/gii+bigishkiboodoon+VTI+Cnj+Pos+Neu+3SgProxSubj+0SgObj']}, {'word_form': 'moozo-wiiyaas', 'fst_analyses': ['moozo-wiiyaas+NI+Sg']}]",nj
Biite agwaayaaboode.,Foam is drifting ashore.,"[{'word_form': 'biite', 'fst_analyses': ['biite+NI+Sg']}, {'word_form': 'agwaayaaboode', 'fst_analyses': ['agwaayaaboode+VII+Ind+Pos+Neu+0SgSubj']}, {'word_form': '.', 'fst_analyses': []}]",nj
Azhiwaasin moozhwaagan giishpin giishkizhaman biiwaabik maagizhaa ge mazina'igan.,Scissors get dull if you cut metal or paper.,"[{'word_form': 'azhiwaasin', 'fst_analyses': ['azhiwaasin+VII+Ind+Pos+Neu+0SgSubj']}, {'word_form': 'moozhwaagan', 'fst_analyses': ['moozhwaagan+NI+Sg']}, {'word_form': 'giishpin', 'fst_analyses': ['giishpin+ADVGram']}, {'word_form': 'giishkizhaman', 'fst_analyses': ['giishkizhan+VTI+Cnj+Pos+Neu+2SgSubj+0PlObj', 'giishkizhan+VTI+Cnj+Pos+Neu+2SgSubj+0SgObj']}, {'word_form': 'biiwaabik', 'fst_analyses': ['biiwaabik+NI+Sg']}, {'word_form': 'maagizhaa', 'fst_analyses': ['maagizhaa+ADVMan']}, {'word_form': 'ge', 'fst_analyses': ['ge+ADVConj']}, {'word_form': ""mazina'igan"", 'fst_analyses': [""mazina'igan+NA+ProxSg"", ""mazina'igan+NI+Sg""]}, {'word_form': '.', 'fst_analyses': []}]",nj
Terry ombwetaagozi enaajimod.,Terry is exaggerating the story.,"[{'word_form': 'terry', 'fst_analyses': []}, {'word_form': 'ombwetaagozi', 'fst_analyses': ['ombwetaagozi+VAI+Ind+Pos+Neu+3SgProxSubj']}, {'word_form': 'enaajimod', 'fst_analyses': ['inaajimo+VAI+Pcp+Pos+Neu+3SgProxSubj+3SgProxHead']}, {'word_form': '.', 'fst_analyses': []}]",nj
Gii'-ombwetaagozi iwidi gii-dibaakonigeng. Mii dash iwe gakina awiya gaa-onji-maamawi-wiiji'idiwaad.,He stirred up an action plan. And today everybody is in the way of helping each other.,"[{'word_form': ""gii'-ombwetaagozi"", 'fst_analyses': [""PVTense/gii'+ombwetaagozi+VAI+Ind+Pos+Neu+3SgProxSubj""]}, {'word_form': 'iwidi', 'fst_analyses': ['iwidi+ADVLoc']}, {'word_form': 'gii-dibaakonigeng', 'fst_analyses': ['PVTense/gii+dibaakonige+VAI+Cnj+Pos+Neu+XSubj']}, {'word_form': '.', 'fst_analyses': []}, {'word_form': 'mii', 'fst_analyses': ['mii+ADVPred']}, {'word_form': 'dash', 'fst_analyses': ['dash+ADVConj']}, {'word_form': 'iwe', 'fst_analyses': ['iwe+PRONDem+NI+Sg']}, {'word_form': 'gakina', 'fst_analyses': ['gakina+ADVQnt']}, {'word_form': 'awiya', 'fst_analyses': ['awiya+PRONIndf+NA']}, {'word_form': ""gaa-onji-maamawi-wiiji'idiwaad"", 'fst_analyses': []}, {'word_form': '.', 'fst_analyses': []}]",nj
Bishagaakobidoon wiigob,Peel the bark off the basswood.,"[{'word_form': 'bishagaakobidoon', 'fst_analyses': ['bishagaakobidoon+VTI+Imp+Sim+2SgSubj+0PlObj', 'bishagaakobidoon+VTI+Imp+Sim+2SgSubj+0SgObj']}, {'word_form': 'wiigob', 'fst_analyses': ['wiigob+NA+ProxSg', 'wiigob+NI+Sg']}]",nj
Wiigob gigashkigwaajigaagen biskitenaaganikeyan.,You sew with basswood bark to make birch bark baskets.,"[{'word_form': 'wiigob', 'fst_analyses': ['wiigob+NA+ProxSg', 'wiigob+NI+Sg']}, {'word_form': 'gigashkigwaajigaagen', 'fst_analyses': ['gashkigwaajigaagen+VAIO+Ind+Pos+Neu+2SgSubj+0SgObj']}, {'word_form': 'biskitenaaganikeyan', 'fst_analyses': ['biskitenaaganike+VAI+Cnj+Pos+Neu+2SgSubj']}, {'word_form': '.', 'fst_analyses': []}]",nj
Mii go maa bezhigwan gaa-ondinaman wiigob mii imaa ge-onji-mikawad miskwaabiimagoons.,You can find red willow in the same place that you get basswood bark from.,"[{'word_form': 'mii', 'fst_analyses': ['mii+ADVPred']}, {'word_form': 'go', 'fst_analyses': ['go+PCDisc']}, {'word_form': 'maa', 'fst_analyses': ['maa+ADVLoc']}, {'word_form': 'bezhigwan', 'fst_analyses': ['bezhigwan+VII+Ind+Pos+Neu+0SgSubj']}, {'word_form': 'gaa-ondinaman', 'fst_analyses': ['PVSub/gaa+ondinan+VTI+Cnj+Pos+Neu+2SgSubj+0PlObj', 'PVSub/gaa+ondinan+VTI+Cnj+Pos+Neu+2SgSubj+0SgObj']}, {'word_form': 'wiigob', 'fst_analyses': ['wiigob+NA+ProxSg', 'wiigob+NI+Sg']}, {'word_form': 'mii', 'fst_analyses': ['mii+ADVPred']}, {'word_form': 'imaa', 'fst_analyses': ['imaa+ADVLoc']}, {'word_form': 'ge-onji-mikawad', 'fst_analyses': []}, {'word_form': 'miskwaabiimagoons', 'fst_analyses': ['miskwaabiimagoons+NA+ProxSg', 'miskwaabiimag+NA+Dim+ProxSg']}, {'word_form': '.', 'fst_analyses': []}]",nj
Giga-bagesemin ishkwaa-naawakweg.,We'll play the dish game after noon.,"[{'word_form': 'giga-bagesemin', 'fst_analyses': ['PVTense/ga+bagese+VAI+Ind+Pos+Neu+InclSubj']}, {'word_form': 'ishkwaa-naawakweg', 'fst_analyses': ['ishkwaa-naawakwe+VII+Cnj+Pos+Neu+0SgSubj', 'PVLex/ishkwaa+naawakwe+VII+Cnj+Pos+Neu+0SgSubj', 'ishkwaa-naawakwe+VII+Cnj+Pos+Neu+0PlSubj', 'PVLex/ishkwaa+naawakwe+VII+Cnj+Pos+Neu+0PlSubj']}, {'word_form': '.', 'fst_analyses': []}]",nj
Nookomis anookii ji-ipizo'ind wii'-maa'ishkang.,My grandma is asking for a ride to go shopping.,"[{'word_form': 'nookomis', 'fst_analyses': ['ookomis+NAD+ProxSg+1SgPoss']}, {'word_form': 'anookii', 'fst_analyses': ['anookii+VAI+Ind+Pos+Neu+3SgProxSubj']}, {'word_form': ""ji-ipizo'ind"", 'fst_analyses': [""PVTense/daa+ipizo'+VTA+Cnj+Pos+Neu+XSubj+3SgProxObj"", ""PVTense/ga+ipizo'+VTA+Cnj+Pos+Neu+XSubj+3SgProxObj""]}, {'word_form': ""wii'-maa'ishkang"", 'fst_analyses': [""PVTense/wii'+maa'ishkam+VAI+Cnj+Pos+Neu+3SgProxSubj""]}, {'word_form': '.', 'fst_analyses': []}]",nj
Bishagaakobidoon wiigob,Peel the bark off the basswood.,"[{'word_form': 'bishagaakobidoon', 'fst_analyses': ['bishagaakobidoon+VTI+Imp+Sim+2SgSubj+0PlObj', 'bishagaakobidoon+VTI+Imp+Sim+2SgSubj+0SgObj']}, {'word_form': 'wiigob', 'fst_analyses': ['wiigob+NA+ProxSg', 'wiigob+NI+Sg']}]",nj
Ogii'-agaasikonaan mishiiminan jibwaa-amwaad.,She cut the apple into smaller pieces before she ate it.,"[{'word_form': ""ogii'-agaasikonaan"", 'fst_analyses': [""PVTense/gii'+agaasikozh+VTA+Ind+Pos+Neu+3SgProxSubj+3SgObvObj"", ""PVTense/gii'+agaasikozh+VTA+Ind+Pos+Neu+3SgProxSubj+3PlObvObj""]}, {'word_form': 'mishiiminan', 'fst_analyses': ['mishiimin+NA+ObvPl', 'mishiimin+NA+ObvSg']}, {'word_form': 'jibwaa-amwaad', 'fst_analyses': ['PVTense/jibwaa+amo+VTA+Cnj+Pos+Neu+3SgProxSubj+3SgObvObj', 'PVTense/jibwaa+amwi+VTA+Cnj+Pos+Neu+3SgProxSubj+3SgObvObj', 'PVTense/jibwaa+amo+VTA+Cnj+Pos+Neu+3SgProxSubj+3PlObvObj', 'PVTense/jibwaa+amwi+VTA+Cnj+Pos+Neu+3SgProxSubj+3PlObvObj']}, {'word_form': '.', 'fst_analyses': []}]",nj
Geyaabi na bagidanaamo mooz gaa-gii-paashkizwad.,Is the moose you shot still breathing?,"[{'word_form': 'geyaabi', 'fst_analyses': ['geyaabi+ADVTmp']}, {'word_form': 'na', 'fst_analyses': ['na+PCDisc']}, {'word_form': 'bagidanaamo', 'fst_analyses': ['bagidanaamo+VAI+Ind+Pos+Neu+3SgProxSubj']}, {'word_form': 'mooz', 'fst_analyses': ['moonz+NA+ProxSg', 'mooz+NA+ProxSg']}, {'word_form': 'gaa-gii-paashkizwad', 'fst_analyses': ['PVSub/gaa+PVTense/gii+baashkizwi+VTA+Cnj+Pos+Neu+2SgSubj+3SgProxObj', 'PVSub/gaa+PVTense/gii+baashkiz+VTA+Cnj+Pos+Neu+2SgSubj+3SgProxObj']}, {'word_form': '.', 'fst_analyses': []}]",nj
Gaawiin geyaabi bagidanaamosii. Ningii'-nisaabaawanaa amik.,It's not breathing anymore. I drowned the beaver.,"[{'word_form': 'gaawiin', 'fst_analyses': ['gaawiin+ADVNeg']}, {'word_form': 'geyaabi', 'fst_analyses': ['geyaabi+ADVTmp']}, {'word_form': 'bagidanaamosii', 'fst_analyses': ['bagidanaamo+VAI+Ind+Neg+Neu+3SgProxSubj']}, {'word_form': '.', 'fst_analyses': []}, {'word_form': ""ningii'-nisaabaawanaa"", 'fst_analyses': [""PVTense/gii'+nisaabaawazh+VTA+Ind+Pos+Neu+1SgSubj+3SgProxObj""]}, {'word_form': 'amik', 'fst_analyses': ['amik+NA+ProxSg']}, {'word_form': '.', 'fst_analyses': []}]",nj
Gaasiisidoon gimakizinan gaasiizidesimowining biindigeyan.,Wipe your shoes off on the door mat if you go enter.,"[{'word_form': 'gaasiisidoon', 'fst_analyses': ['gaasiisidoon+VTI+Imp+Sim+2SgSubj+0PlObj', 'gaasiisidoon+VTI+Imp+Sim+2SgSubj+0SgObj']}, {'word_form': 'gimakizinan', 'fst_analyses': ['makizin+NI+Pl+2SgPoss']}, {'word_form': 'gaasiizidesimowining', 'fst_analyses': []}, {'word_form': 'biindigeyan', 'fst_analyses': ['biindige+VAI+Cnj+Pos+Neu+2SgSubj']}, {'word_form': '.', 'fst_analyses': []}]",nj
Gaagiijijaane; onzaam omigiiwi biinjijaan.,His nose is sore because he has sores in his nose.,"[{'word_form': 'gaagiijijaane;', 'fst_analyses': []}, {'word_form': 'onzaam', 'fst_analyses': ['onzaam+ADVQnt']}, {'word_form': 'omigiiwi', 'fst_analyses': ['omigiiwi+VAI+Ind+Pos+Neu+3SgProxSubj']}, {'word_form': 'biinjijaan', 'fst_analyses': ['biinjijaan+ADVLoc']}, {'word_form': '.', 'fst_analyses': []}]",nj
Dabasa'amoog we'weg. Wiiba wii-soogipon.,The snow geese are flying low. Soon it will snow.,"[{'word_form': ""dabasa'amoog"", 'fst_analyses': [""dabasa'am+VAI+Ind+Pos+Neu+3PlProxSubj""]}, {'word_form': ""we'weg"", 'fst_analyses': [""we'we+NA+ProxPl""]}, {'word_form': '.', 'fst_analyses': []}, {'word_form': 'wiiba', 'fst_analyses': ['wiiba+ADVTmp']}, {'word_form': 'wii-soogipon', 'fst_analyses': ['PVTense/wii+zoogipon+VII+Ind+Pos+Neu+0SgSubj']}, {'word_form': '.', 'fst_analyses': []}]",nj
Niibiwa ogashkoomaa' we'we'.,He is able to carry a lot of snow geese on his back.,"[{'word_form': 'niibiwa', 'fst_analyses': ['niibiwa+ADVQnt']}, {'word_form': ""ogashkoomaa'"", 'fst_analyses': ['gashkoom+VTA+Ind+Pos+Neu+3SgProxSubj+3PlObvObj']}, {'word_form': ""we'we'"", 'fst_analyses': [""we'we+NA+ObvPl""]}, {'word_form': '.', 'fst_analyses': []}]",nj
Gii'-wani-gaadamaazo odaabaabika'iganan. Gaawiin omikanziinan.,He misplaced his keys. He can't find them.,"[{'word_form': ""gii'-wani-gaadamaazo"", 'fst_analyses': [""PVTense/gii'+PVLex/wani+gaadamaazo+VAI+Ind+Pos+Neu+3SgProxSubj""]}, {'word_form': ""odaabaabika'iganan"", 'fst_analyses': [""aabaabika'igan+NI+Pl+3SgProxPoss""]}, {'word_form': '.', 'fst_analyses': []}, {'word_form': 'gaawiin', 'fst_analyses': ['gaawiin+ADVNeg']}, {'word_form': 'omikanziinan', 'fst_analyses': ['mikan+VTI+Ind+Neg+Neu+3SgProxSubj+0PlObj', 'mikan+VTI+Ind+Neg+Neu+3PlObvSubj+0PlObj', 'mikan+VTI+Ind+Neg+Neu+3SgObvSubj+0PlObj']}, {'word_form': '.', 'fst_analyses': []}]",nj
Zezika gii-pagamaanimad dibikong. Gii'-webaasin ninjiimaan.,The wind blew in suddenly last night. My canoe got blown away.,"[{'word_form': 'zezika', 'fst_analyses': ['zezika+ADVTmp']}, {'word_form': 'gii-pagamaanimad', 'fst_analyses': ['PVTense/gii+bagamaanimad+VII+Ind+Pos+Neu+0SgSubj']}, {'word_form': 'dibikong', 'fst_analyses': ['dibikong+ADVTmp']}, {'word_form': '.', 'fst_analyses': []}, {'word_form': ""gii'-webaasin"", 'fst_analyses': [""PVTense/gii'+webaasin+VII+Ind+Pos+Neu+0SgSubj""]}, {'word_form': 'ninjiimaan', 'fst_analyses': ['jiimaan+NI+Sg+1SgPoss']}, {'word_form': '.', 'fst_analyses': []}]",nj
Zezika iinzan gii'-ishkwaanaamo.,I guess he suddenly stopped breathing.,"[{'word_form': 'zezika', 'fst_analyses': ['zezika+ADVTmp']}, {'word_form': 'iinzan', 'fst_analyses': ['iinzan+PCDisc']}, {'word_form': ""gii'-ishkwaanaamo"", 'fst_analyses': [""PVTense/gii'+ishkwaanaamo+VAI+Ind+Pos+Neu+3SgProxSubj""]}, {'word_form': '.', 'fst_analyses': []}]",nj
Zezika gii'-maajaa.,She left suddenly.,"[{'word_form': 'zezika', 'fst_analyses': ['zezika+ADVTmp']}, {'word_form': ""gii'-maajaa"", 'fst_analyses': [""PVTense/gii'+maajaa+VAI+Ind+Pos+Neu+3SgProxSubj""]}, {'word_form': '.', 'fst_analyses': []}]",nj
Agaasinaagwad amikwiish. Gaawiin ganabaj ayaasiiwag imaa amikwag.,The beaver house looks small. I don't think there any any beaver there.,"[{'word_form': 'agaasinaagwad', 'fst_analyses': ['agaasinaagwad+VII+Ind+Pos+Neu+0SgSubj']}, {'word_form': 'amikwiish', 'fst_analyses': ['amikwiish+NI+Sg']}, {'word_form': '.', 'fst_analyses': []}, {'word_form': 'gaawiin', 'fst_analyses': ['gaawiin+ADVNeg']}, {'word_form': 'ganabaj', 'fst_analyses': ['ganabaj+ADVMan']}, {'word_form': 'ayaasiiwag', 'fst_analyses': ['ayaa+VAI+Ind+Neg+Neu+3PlProxSubj']}, {'word_form': 'imaa', 'fst_analyses': ['imaa+ADVLoc']}, {'word_form': 'amikwag', 'fst_analyses': ['amik+NA+ProxPl']}, {'word_form': '.', 'fst_analyses': []}]",nj
Bezhig amik gidaa-gagwe-ishkonanaa endasingin amikwiishan miinawaa ji-ondaadiziwaad.,You should try to leave one beaver in every beaver house so more will come.,"[{'word_form': 'bezhig', 'fst_analyses': ['bezhig+NUM']}, {'word_form': 'amik', 'fst_analyses': ['amik+NA+ProxSg']}, {'word_form': 'gidaa-gagwe-ishkonanaa', 'fst_analyses': ['PVTense/daa+PVLex/gagwe+ishkonazh+VTA+Ind+Pos+Neu+2SgSubj+3SgProxObj']}, {'word_form': 'endasingin', 'fst_analyses': ['dasinoon+VII+Pcp+Pos+Neu+0PlSubj+0PlHead', 'dasin+VII+Pcp+Pos+Neu+0PlSubj+0PlHead']}, {'word_form': 'amikwiishan', 'fst_analyses': ['amikwiish+NI+Pl']}, {'word_form': 'miinawaa', 'fst_analyses': ['miinawaa+ADVConj']}, {'word_form': 'ji-ondaadiziwaad', 'fst_analyses': ['PVTense/daa+ondaadizi+VAI+Cnj+Pos+Neu+3PlProxSubj', 'PVTense/ga+ondaadizi+VAI+Cnj+Pos+Neu+3PlProxSubj']}, {'word_form': '.', 'fst_analyses': []}]",nj
Gego madwe'oone'igeken. Giga-ozha'waa gimaanataaninaan.,Don't make any noise on the canoe. You'll scare off our game.,"[{'word_form': 'gego', 'fst_analyses': ['gego+ADVNeg']}, {'word_form': ""madwe'oone'igeken"", 'fst_analyses': [""madwe'oone'ige+VAI+Imp+Prb+2SgSubj""]}, {'word_form': '.', 'fst_analyses': []}, {'word_form': ""giga-ozha'waa"", 'fst_analyses': [""PVTense/ga+ozha'wi+VTA+Ind+Pos+Neu+2SgSubj+3SgProxObj"", ""PVTense/ga+ozha'+VTA+Ind+Pos+Neu+2SgSubj+3SgProxObj""]}, {'word_form': 'gimaanataaninaan', 'fst_analyses': ['maanataan+NA+ProxSg+InclPoss']}, {'word_form': '.', 'fst_analyses': []}]",nj
Aaba'amaw omakizineyaabiin gaa-bwaanawichiged,Untie the disabled one's shoes for her.,"[{'word_form': ""aaba'amaw"", 'fst_analyses': [""aaba'amaw+VTA+Imp+Sim+2SgSubj+3SgProxObj"", ""aaba'amaw+VTA+Imp+Sim+2SgSubj+3PlProxObj""]}, {'word_form': 'omakizineyaabiin', 'fst_analyses': ['makizineyaab+NI+Pl+3SgProxPoss']}, {'word_form': 'gaa-bwaanawichiged', 'fst_analyses': ['PVSub/gaa+bwaanawichige+VAI+Cnj+Pos+Neu+3SgProxSubj', 'PVTense/gii+bwaanawichige+VAI+Pcp+Pos+Neu+3SgProxSubj+3SgProxHead']}]",nj
Aaniin ekwaabiigakin gimakizineyaabiin.,How long are your shoelaces?,"[{'word_form': 'aaniin', 'fst_analyses': ['aaniin+PCInterj', 'aaniin+ADVInter']}, {'word_form': 'ekwaabiigakin', 'fst_analyses': ['akwaabiigad+VII+Pcp+Pos+Neu+0PlSubj+0PlHead']}, {'word_form': 'gimakizineyaabiin', 'fst_analyses': ['makizineyaab+NI+Pl+2SgPoss']}, {'word_form': '.', 'fst_analyses': []}]",nj
Aanawendaagwad ji-gashkichigemagasinog.,It doesn't look like it will work out.,"[{'word_form': 'aanawendaagwad', 'fst_analyses': ['aanawendaagwad+VII+Ind+Pos+Neu+0SgSubj']}, {'word_form': 'ji-gashkichigemagasinog', 'fst_analyses': ['PVTense/daa+gashkichige+VAI+Der/magad+VII+Cnj+Neg+Neu+0PlSubj', 'PVTense/ga+gashkichige+VAI+Der/magad+VII+Cnj+Neg+Neu+0PlSubj', 'PVTense/daa+gashkichige+VAI+Der/magad+VII+Cnj+Neg+Neu+0SgSubj', 'PVTense/ga+gashkichige+VAI+Der/magad+VII+Cnj+Neg+Neu+0SgSubj']}, {'word_form': '.', 'fst_analyses': []}]",nj
Biinjinaagan atoon giwiikongewin.,Put your ceremonial food in the dish.,"[{'word_form': 'biinjinaagan', 'fst_analyses': ['biinjinaagan+ADVLoc']}, {'word_form': 'atoon', 'fst_analyses': ['atoon+VTI+Imp+Sim+2SgSubj+0PlObj', 'atoon+VTI+Imp+Sim+2SgSubj+0SgObj']}, {'word_form': 'giwiikongewin', 'fst_analyses': ['wiikongewin+NI+Sg+2SgPoss']}, {'word_form': '.', 'fst_analyses': []}]",nj
Aaniin apii waa'-maadanokiiyan waabang.,When are you going to start work tomorrow?,"[{'word_form': 'aaniin', 'fst_analyses': ['aaniin+PCInterj', 'aaniin+ADVInter']}, {'word_form': 'apii', 'fst_analyses': ['apii+ADVTmp']}, {'word_form': ""waa'-maadanokiiyan"", 'fst_analyses': []}, {'word_form': 'waabang', 'fst_analyses': ['waaban+VII+Cnj+Pos+Neu+0SgSubj', 'waaban+VII+Cnj+Pos+Neu+0PlSubj']}, {'word_form': '.', 'fst_analyses': []}]",nj
Geyaabi aabitawinaaganens niwii'-minikwen makade-mashkikiwaabo jibwaa-maadanokiiyaan.,I'll drink another half-cup of coffee before I begin work.,"[{'word_form': 'geyaabi', 'fst_analyses': ['geyaabi+ADVTmp']}, {'word_form': 'aabitawinaaganens', 'fst_analyses': []}, {'word_form': ""niwii'-minikwen"", 'fst_analyses': [""PVTense/wii'+minikwen+VAIO+Ind+Pos+Neu+1SgSubj+0SgObj""]}, {'word_form': 'makade-mashkikiwaabo', 'fst_analyses': ['PNLex/makade+mashkikiwaabo+NI+Sg', 'makade-mashkikiwaabo+NI+Sg']}, {'word_form': 'jibwaa-maadanokiiyaan', 'fst_analyses': ['PVTense/jibwaa+maadanokii+VAI+Cnj+Pos+Neu+1SgSubj']}, {'word_form': '.', 'fst_analyses': []}]",nj
Gii-pinigwaashkoni jibwaa-bakebizod.,S/he jumped off before s/he went off the road.,"[{'word_form': 'gii-pinigwaashkoni', 'fst_analyses': ['PVTense/gii+binigwaashkoni+VAI+Ind+Pos+Neu+3SgProxSubj']}, {'word_form': 'jibwaa-bakebizod', 'fst_analyses': ['PVTense/jibwaa+bakebizo+VAI+Cnj+Pos+Neu+3SgProxSubj']}, {'word_form': '.', 'fst_analyses': []}]",nj
Gaa maawiin da-inendanzii ji-mazina'amawag zhooniyaan.,She probably won't let me borrow the money.,"[{'word_form': 'gaa', 'fst_analyses': []}, {'word_form': 'maawiin', 'fst_analyses': ['maawiin+ADVMan']}, {'word_form': 'da-inendanzii', 'fst_analyses': ['PVTense/ga+inendam+VAI+Ind+Neg+Neu+3SgProxSubj']}, {'word_form': ""ji-mazina'amawag"", 'fst_analyses': [""PVTense/daa+mazina'amaw+VTA+Cnj+Pos+Neu+1SgSubj+3SgProxObj"", ""PVTense/ga+mazina'amaw+VTA+Cnj+Pos+Neu+1SgSubj+3SgProxObj""]}, {'word_form': 'zhooniyaan', 'fst_analyses': ['zhooniyaa+NA+ObvPl', 'zhooniyaa+NA+ObvSg', 'zhooniyaa+NI+Pl']}, {'word_form': '.', 'fst_analyses': []}]",nj
Mary mookone gii-wiisagendang.,Mary is moaning in pain.,"[{'word_form': 'mary', 'fst_analyses': []}, {'word_form': 'mookone', 'fst_analyses': ['mookone+VAI+Ind+Pos+Neu+3SgProxSubj']}, {'word_form': 'gii-wiisagendang', 'fst_analyses': ['PVTense/gii+wiisagendam+VAI+Cnj+Pos+Neu+3SgProxSubj']}, {'word_form': '.', 'fst_analyses': []}]",nj
Bijiinaago niibiwa ningii-kaaskizaan wiiyaas. Noongom idash niwii'-nooka'iiwagwe.,Yesterday I smoked a lot of meat. Today I'll make pemmican.,"[{'word_form': 'bijiinaago', 'fst_analyses': ['bijiinaago+ADVTmp']}, {'word_form': 'niibiwa', 'fst_analyses': ['niibiwa+ADVQnt']}, {'word_form': 'ningii-kaaskizaan', 'fst_analyses': ['PVTense/gii+gaaskizan+VTI+Ind+Pos+Neu+1SgSubj+0SgObj']}, {'word_form': 'wiiyaas', 'fst_analyses': ['wiiyaas+NI+Sg', 'iiyaas+NID+Sg+3SgProxPoss']}, {'word_form': '.', 'fst_analyses': []}, {'word_form': 'noongom', 'fst_analyses': ['noongom+ADVTmp']}, {'word_form': 'idash', 'fst_analyses': ['idash+ADVConj']}, {'word_form': ""niwii'-nooka'iiwagwe"", 'fst_analyses': [""PVTense/wii'+nooka'iiwagwe+VAI+Ind+Pos+Neu+1SgSubj""]}, {'word_form': '.', 'fst_analyses': []}]",nj
Gii'-ashamigoowizi. Ogii'-nagwaanaan waaboozoon dibikong.,He was gifted food. He caught a rabbit last night.,"[{'word_form': ""gii'-ashamigoowizi"", 'fst_analyses': [""PVTense/gii'+ashamigoowizi+VAI+Ind+Pos+Neu+3SgProxSubj""]}, {'word_form': '.', 'fst_analyses': []}, {'word_form': ""ogii'-nagwaanaan"", 'fst_analyses': [""PVTense/gii'+nagwaazh+VTA+Ind+Pos+Neu+3SgProxSubj+3SgObvObj"", ""PVTense/gii'+nagwaazh+VTA+Ind+Pos+Neu+3SgProxSubj+3PlObvObj""]}, {'word_form': 'waaboozoon', 'fst_analyses': ['waabooz+NA+ObvSg', 'waabooz+NA+ObvPl']}, {'word_form': 'dibikong', 'fst_analyses': ['dibikong+ADVTmp']}, {'word_form': '.', 'fst_analyses': []}]",nj
Bebezhig baashkiziganan odadaawenaawaan.,They each bought a gun.,"[{'word_form': 'bebezhig', 'fst_analyses': ['bebezhig+NUM']}, {'word_form': 'baashkiziganan', 'fst_analyses': ['baashkizigan+NI+Pl']}, {'word_form': 'odadaawenaawaan', 'fst_analyses': ['adaawen+VAIO+Ind+Pos+Neu+3PlProxSubj+0PlObj']}, {'word_form': '.', 'fst_analyses': []}]",nj
Ogii-tagosidoon gookooshiwi-wiiyaas gii-bigishkiboodood moozo-wiiyaas,He put in some pork when he ground up the moose meat.,"[{'word_form': 'ogii-tagosidoon', 'fst_analyses': ['PVTense/gii+dagosidoon+VTI+Ind+Pos+Neu+3SgProxSubj+0SgObj']}, {'word_form': 'gookooshiwi-wiiyaas', 'fst_analyses': ['gookooshiwi-wiiyaas+NI+Sg']}, {'word_form': 'gii-bigishkiboodood', 'fst_analyses': ['PVTense/gii+bigishkiboodoon+VTI+Cnj+Pos+Neu+3SgProxSubj+0PlObj', 'PVTense/gii+bigishkiboodoon+VTI+Cnj+Pos+Neu+3SgProxSubj+0SgObj']}, {'word_form': 'moozo-wiiyaas', 'fst_analyses': ['moozo-wiiyaas+NI+Sg']}]",nj
Aandi wenjibideg bikwaakwad gaa-gii-piindigebideg.,Where the ball that flew inside (through the window) thrown from?,"[{'word_form': 'aandi', 'fst_analyses': ['aandi+ADVInter']}, {'word_form': 'wenjibideg', 'fst_analyses': ['onjibide+VII+Pcp+Pos+Neu+0SgSubj+0SgHead']}, {'word_form': 'bikwaakwad', 'fst_analyses': ['bikwaakwad+NI+Sg']}, {'word_form': 'gaa-gii-piindigebideg', 'fst_analyses': ['PVSub/gaa+PVTense/gii+biindigebide+VII+Cnj+Pos+Neu+0SgSubj', 'PVSub/gaa+PVTense/gii+biindigebide+VII+Cnj+Pos+Neu+0PlSubj', 'PVTense/gii+PVTense/gii+biindigebide+VII+Pcp+Pos+Neu+0SgSubj+0SgHead']}, {'word_form': '.', 'fst_analyses': []}]",nj
Gezhidine onakwetawaan ookomisan gaa-inanoonigod.,He answers his grandma's requests right away.,"[{'word_form': 'gezhidine', 'fst_analyses': ['gezhidine+ADVTmp']}, {'word_form': 'onakwetawaan', 'fst_analyses': ['nakwetaw+VTA+Ind+Pos+Neu+3SgProxSubj+3SgObvObj', 'nakwetaw+VTA+Ind+Pos+Neu+3SgProxSubj+3PlObvObj']}, {'word_form': 'ookomisan', 'fst_analyses': ['ookomis+NAD+ObvPl+3SgProxPoss', 'ookomis+NAD+ObvSg+3SgProxPoss']}, {'word_form': 'gaa-inanoonigod', 'fst_analyses': ['PVSub/gaa+inanoozh+VTA+Cnj+Pos+Neu+3PlObvSubj+3SgProxObj', 'PVSub/gaa+inanoozh+VTA+Cnj+Pos+Neu+3SgObvSubj+3SgProxObj', 'PVSub/gaa+inanoozh+VTA+Cnj+Pos+Neu+0SgSubj+3SgProxObj', 'PVSub/gaa+inanoozh+VTA+Cnj+Pos+Neu+0PlSubj+3SgProxObj']}, {'word_form': '.', 'fst_analyses': []}]",nj
Neyaab igo ninakwetaag gii-ganoonag.,He answered me back right away when I called him.,"[{'word_form': 'neyaab', 'fst_analyses': ['neyaab+ADVMan']}, {'word_form': 'igo', 'fst_analyses': ['igo+PCEmph']}, {'word_form': 'ninakwetaag', 'fst_analyses': ['nakwetaw+VTA+Ind+Pos+Neu+3SgProxSubj+1SgObj']}, {'word_form': 'gii-ganoonag', 'fst_analyses': ['PVTense/gii+ganoozh+VTA+Cnj+Pos+Neu+1SgSubj+3SgProxObj']}, {'word_form': '.', 'fst_analyses': []}]",nj
Ningii-pawaanig ningoding ji-aazhawinamawag anishinaabe-wiinzowin.,She dreamt of me passing my spirit name on to her.,"[{'word_form': 'ningii-pawaanig', 'fst_analyses': ['PVTense/gii+bawaazh+VTA+Ind+Pos+Neu+3SgProxSubj+1SgObj']}, {'word_form': 'ningoding', 'fst_analyses': ['ningoding+ADVTmp']}, {'word_form': 'ji-aazhawinamawag', 'fst_analyses': ['PVTense/daa+aazhawinamaw+VTA+Cnj+Pos+Neu+1SgSubj+3SgProxObj', 'PVTense/ga+aazhawinamaw+VTA+Cnj+Pos+Neu+1SgSubj+3SgProxObj']}, {'word_form': 'anishinaabe-wiinzowin', 'fst_analyses': ['anishinaabe-wiinzowin+NI+Sg']}, {'word_form': '.', 'fst_analyses': []}]",nj
Ningii-pishigonaa a' zhooniyaans imaa mitaamik.,I dropped a coin down onto the bottom (of the well).,"[{'word_form': 'ningii-pishigonaa', 'fst_analyses': ['PVTense/gii+bishigon+VTA+Ind+Pos+Neu+1SgSubj+3SgProxObj']}, {'word_form': ""a'"", 'fst_analyses': [""a'+PRONDem+NA+ProxSg""]}, {'word_form': 'zhooniyaans', 'fst_analyses': ['zhooniyaans+NA+ProxSg', 'zhooniyaa+NA+Dim+ProxSg', 'zhooniyaa+NI+Dim+Sg']}, {'word_form': 'imaa', 'fst_analyses': ['imaa+ADVLoc']}, {'word_form': 'mitaamik', 'fst_analyses': ['mitaamik+ADVLoc']}, {'word_form': '.', 'fst_analyses': []}]",nj
Wekwaasag awi-atoon desabiwin.,Go put the chair in the corner.,"[{'word_form': 'wekwaasag', 'fst_analyses': ['wekwaasag+ADVLoc']}, {'word_form': 'awi-atoon', 'fst_analyses': ['PVDir/awi+atoon+VTI+Imp+Sim+2SgSubj+0PlObj', 'PVDir/awi+atoon+VTI+Imp+Sim+2SgSubj+0SgObj']}, {'word_form': 'desabiwin', 'fst_analyses': ['desabiwin+NI+Sg']}, {'word_form': '.', 'fst_analyses': []}]",nj
Gii'-aginjigaazo zhooniyaa gii-ishkwaa-zhooshwaada'ewaad.,The money was counted when the hockey game was over.,"[{'word_form': ""gii'-aginjigaazo"", 'fst_analyses': [""PVTense/gii'+aginjigaazo+VAI+Ind+Pos+Neu+3SgProxSubj""]}, {'word_form': 'zhooniyaa', 'fst_analyses': ['zhooniyaa+NA+ProxSg', 'zhooniyaa+NI+Sg']}, {'word_form': ""gii-ishkwaa-zhooshwaada'ewaad"", 'fst_analyses': []}, {'word_form': '.', 'fst_analyses': []}]",nj
Gabe-ziigwan ninoodamikwe.,I hunt beaver all spring long.,"[{'word_form': 'gabe-ziigwan', 'fst_analyses': ['PVLex/gabe+ziigwan+VII+Ind+Pos+Neu+0SgSubj', 'gabe-ziigwan+ADVTmp']}, {'word_form': 'ninoodamikwe', 'fst_analyses': ['noodamikwe+VAI+Ind+Pos+Neu+1SgSubj']}, {'word_form': '.', 'fst_analyses': []}]",nj
Niwii'-agwaa'oodoon nimbawa'amowin; onzaam mooshkine ninjiimaan.,I'm going to take my load of rice ashore because my canoe is too full.,"[{'word_form': ""niwii'-agwaa'oodoon"", 'fst_analyses': [""PVTense/wii'+agwaa'oodoon+VTI+Ind+Pos+Neu+1SgSubj+0SgObj""]}, {'word_form': ""nimbawa'amowin;"", 'fst_analyses': []}, {'word_form': 'onzaam', 'fst_analyses': ['onzaam+ADVQnt']}, {'word_form': 'mooshkine', 'fst_analyses': ['mooshkine+VAI+Ind+Pos+Neu+3SgProxSubj', 'mooshkine+VII+Ind+Pos+Neu+0SgSubj']}, {'word_form': 'ninjiimaan', 'fst_analyses': ['jiimaan+NI+Sg+1SgPoss']}, {'word_form': '.', 'fst_analyses': []}]",nj
Ogii-tebibidoon jiimaan jibwaa-niminaaweyaasininig.,He caught the canoe before it blew out into the lake.,"[{'word_form': 'ogii-tebibidoon', 'fst_analyses': ['PVTense/gii+debibidoon+VTI+Ind+Pos+Neu+3SgProxSubj+0SgObj']}, {'word_form': 'jiimaan', 'fst_analyses': ['jiimaan+NI+Sg']}, {'word_form': 'jibwaa-niminaaweyaasininig', 'fst_analyses': ['PVTense/jibwaa+niminaaweyaasin+VII+Cnj+Pos+Neu+0PlObvSubj', 'PVTense/jibwaa+niminaaweyaasin+VII+Cnj+Pos+Neu+0SgObvSubj']}, {'word_form': '.', 'fst_analyses': []}]",nj
Zhebaa gaawiin ningii'-mikanziin niwaagaakwad. Ningii'-wanisidoon.,I couldn't find my ax this morning. I misplaced it somewhere.,"[{'word_form': 'zhebaa', 'fst_analyses': ['zhebaa+ADVTmp']}, {'word_form': 'gaawiin', 'fst_analyses': ['gaawiin+ADVNeg']}, {'word_form': ""ningii'-mikanziin"", 'fst_analyses': [""PVTense/gii'+mikan+VTI+Ind+Neg+Neu+1SgSubj+0SgObj""]}, {'word_form': 'niwaagaakwad', 'fst_analyses': ['waagaakwad+NI+Sg+1SgPoss']}, {'word_form': '.', 'fst_analyses': []}, {'word_form': ""ningii'-wanisidoon"", 'fst_analyses': [""PVTense/gii'+wanisidoon+VTI+Ind+Pos+Neu+1SgSubj+0SgObj""]}, {'word_form': '.', 'fst_analyses': []}]",nj
Bishagaakobizh miskwaabiimagoons nawaj ji-waabishkaakozid.,Peel the bark off the red willow (osier) so it will be white.,"[{'word_form': 'bishagaakobizh', 'fst_analyses': ['bishagaakobizh+VTA+Imp+Sim+2SgSubj+3SgProxObj', 'bishagaakobizh+VTA+Imp+Sim+2SgSubj+3PlProxObj']}, {'word_form': 'miskwaabiimagoons', 'fst_analyses': ['miskwaabiimagoons+NA+ProxSg', 'miskwaabiimag+NA+Dim+ProxSg']}, {'word_form': 'nawaj', 'fst_analyses': ['nawaj+ADVDeg']}, {'word_form': 'ji-waabishkaakozid', 'fst_analyses': ['PVTense/daa+waabishkaakozi+VAI+Cnj+Pos+Neu+3SgProxSubj', 'PVTense/ga+waabishkaakozi+VAI+Cnj+Pos+Neu+3SgProxSubj']}, {'word_form': '.', 'fst_analyses': []}]",nj
Gichi-baapi gaa-kiizhaajimod.,He had a big laugh after he told the story.,"[{'word_form': 'gichi-baapi', 'fst_analyses': ['gichi-baapi+VAI+Ind+Pos+Neu+3SgProxSubj', 'PVLex/gichi+baapi+VAI+Ind+Pos+Neu+3SgProxSubj']}, {'word_form': 'gaa-kiizhaajimod', 'fst_analyses': ['PVTense/gii+giizhaajimo+VAI+Pcp+Pos+Neu+3SgProxSubj+3SgProxHead']}, {'word_form': '.', 'fst_analyses': []}]",nj
Moozhwaagan gigiishkizhigaagen.,You use scissors to cut something.,"[{'word_form': 'moozhwaagan', 'fst_analyses': ['moozhwaagan+NI+Sg']}, {'word_form': 'gigiishkizhigaagen', 'fst_analyses': ['giishkizhigaagen+VAIO+Ind+Pos+Neu+2SgSubj+0SgObj']}, {'word_form': '.', 'fst_analyses': []}]",nj
Wegonen gaa-kiishkizhigaageyan gii-giishkizhaman bashkwegin.,What did you cut with when you cut the hide.,"[{'word_form': 'wegonen', 'fst_analyses': ['wegonen+PRONInter+NI+Sg']}, {'word_form': 'gaa-kiishkizhigaageyan', 'fst_analyses': []}, {'word_form': 'gii-giishkizhaman', 'fst_analyses': ['PVTense/gii+giishkizhan+VTI+Cnj+Pos+Neu+2SgSubj+0PlObj', 'PVTense/gii+giishkizhan+VTI+Cnj+Pos+Neu+2SgSubj+0SgObj']}, {'word_form': 'bashkwegin', 'fst_analyses': ['bashkwegin+NI+Sg']}, {'word_form': '.', 'fst_analyses': []}]",nj
Aazha gikendaagwad.,It's already known.,"[{'word_form': 'aazha', 'fst_analyses': ['aazha+ADVTmp']}, {'word_form': 'gikendaagwad', 'fst_analyses': ['gikendaagwad+VII+Ind+Pos+Neu+0SgSubj']}, {'word_form': '.', 'fst_analyses': []}]",nj
Baamaa bengobagaag giga-andawawinzomin; onzaam nibiiwibagaa 'owapii.,We'll go pick berries after the leaves are dry. They are too wet now.,"[{'word_form': 'baamaa', 'fst_analyses': ['baamaa+ADVTmp']}, {'word_form': 'bengobagaag', 'fst_analyses': ['bengobagaa+VII+Cnj+Pos+Neu+0SgSubj', 'bengobagaa+VII+Cnj+Pos+Neu+0PlSubj']}, {'word_form': 'giga-andawawinzomin;', 'fst_analyses': []}, {'word_form': 'onzaam', 'fst_analyses': ['onzaam+ADVQnt']}, {'word_form': 'nibiiwibagaa', 'fst_analyses': ['nibiiwibagaa+VII+Ind+Pos+Neu+0SgSubj']}, {'word_form': ""'owapii"", 'fst_analyses': [""'owapii+ADVTmp""]}, {'word_form': '.', 'fst_analyses': []}]",nj
Dan owiijiiwaa' gaa-andawawinzonid.,Dan goes with the berry pickers.,"[{'word_form': 'dan', 'fst_analyses': []}, {'word_form': ""owiijiiwaa'"", 'fst_analyses': ['wiijiiw+VTA+Ind+Pos+Neu+3SgProxSubj+3PlObvObj']}, {'word_form': 'gaa-andawawinzonid', 'fst_analyses': ['PVSub/gaa+andawawinzo+VAI+Cnj+Pos+Neu+3PlObvSubj', 'PVSub/gaa+andawawinzo+VAI+Cnj+Pos+Neu+3SgObvSubj']}, {'word_form': '.', 'fst_analyses': []}]",nj
Zhebaa gii-pimi-zaagidawa'owag gaa-andawawinzowaad.,The berry pickers paddled out of the river this morning.,"[{'word_form': 'zhebaa', 'fst_analyses': ['zhebaa+ADVTmp']}, {'word_form': ""gii-pimi-zaagidawa'owag"", 'fst_analyses': [""PVTense/gii+PVDir/bimi+zaagidawa'o+VAI+Ind+Pos+Neu+3PlProxSubj""]}, {'word_form': 'gaa-andawawinzowaad', 'fst_analyses': ['PVSub/gaa+andawawinzo+VAI+Cnj+Pos+Neu+3PlProxSubj']}, {'word_form': '.', 'fst_analyses': []}]",nj
Ningiishka'ise gabe-dagwaagi.,I cut firewood all fall.,"[{'word_form': ""ningiishka'ise"", 'fst_analyses': [""giishka'ise+VAI+Ind+Pos+Neu+1SgSubj""]}, {'word_form': 'gabe-dagwaagi', 'fst_analyses': ['PVLex/gabe+dagwaagin+VII+Ind+Pos+Neu+0SgSubj', 'gabe-dagwaagi+ADVTmp']}, {'word_form': '.', 'fst_analyses': []}]",nj
Gabe-dagwaagi ningiishka’ise.,I cut firewood all fall.,"[{'word_form': 'gabe-dagwaagi', 'fst_analyses': ['PVLex/gabe+dagwaagin+VII+Ind+Pos+Neu+0SgSubj', 'gabe-dagwaagi+ADVTmp']}, {'word_form': 'ningiishka’ise', 'fst_analyses': []}, {'word_form': '.', 'fst_analyses': []}]",nj
Onzaam da-aako-zhiiwizi niibiwa atooyan ziinzibaakwad.,It will be extremely sweet if you put a lot of sugar on it.,"[{'word_form': 'onzaam', 'fst_analyses': ['onzaam+ADVQnt']}, {'word_form': 'da-aako-zhiiwizi', 'fst_analyses': ['PVTense/ga+PVLex/aako+zhiiwizi+VAI+Ind+Pos+Neu+3SgProxSubj']}, {'word_form': 'niibiwa', 'fst_analyses': ['niibiwa+ADVQnt']}, {'word_form': 'atooyan', 'fst_analyses': ['atoon+VTI+Cnj+Pos+Neu+2SgSubj+0PlObj', 'atoon+VTI+Cnj+Pos+Neu+2SgSubj+0SgObj']}, {'word_form': 'ziinzibaakwad', 'fst_analyses': ['ziinzibaakwad+NI+Sg']}, {'word_form': '.', 'fst_analyses': []}]",nj
Jiigi-ziibi dananjige amik.,A beaver eats by the river.,"[{'word_form': 'jiigi-ziibi', 'fst_analyses': ['PNLex/jiigi+ziibi+NI+Sg', 'jiigi-ziibi+ADVLoc']}, {'word_form': 'dananjige', 'fst_analyses': ['dananjige+VAI+Ind+Pos+Neu+3SgProxSubj']}, {'word_form': 'amik', 'fst_analyses': ['amik+NA+ProxSg']}, {'word_form': '.', 'fst_analyses': []}]",nj
Ozhiga'igaazo mitig.,A tree is being tapped.,"[{'word_form': ""ozhiga'igaazo"", 'fst_analyses': [""ozhiga'igaazo+VAI+Ind+Pos+Neu+3SgProxSubj""]}, {'word_form': 'mitig', 'fst_analyses': ['mitig+NA+ProxSg', 'mitig+NI+Sg']}, {'word_form': '.', 'fst_analyses': []}]",nj
Baamaa waabang giga-bi-naazikawin.,Wait until tomorrow  and I'll come and get you then.,"[{'word_form': 'baamaa', 'fst_analyses': ['baamaa+ADVTmp']}, {'word_form': 'waabang', 'fst_analyses': ['waaban+VII+Cnj+Pos+Neu+0SgSubj', 'waaban+VII+Cnj+Pos+Neu+0PlSubj']}, {'word_form': 'giga-bi-naazikawin', 'fst_analyses': ['PVTense/ga+PVDir/bi+naazikaw+VTA+Ind+Pos+Neu+1SgSubj+2SgObj']}, {'word_form': '.', 'fst_analyses': []}]",nj
Gibi-naazikawin.,I'm coming to get you.,"[{'word_form': 'gibi-naazikawin', 'fst_analyses': ['PVDir/bi+naazikaw+VTA+Ind+Pos+Neu+1SgSubj+2SgObj']}, {'word_form': '.', 'fst_analyses': []}]",nj
Midaaso-diba'iganeyaag giwii-pi-naazikawin.,I am coming to get you at 10 o'clock.,"[{'word_form': ""midaaso-diba'iganeyaag"", 'fst_analyses': [""PVQnt/midaaso+diba'iganeyaa+VII+Cnj+Pos+Neu+0SgSubj"", ""midaaso-diba'iganeyaa+VII+Cnj+Pos+Neu+0SgSubj"", ""PVQnt/midaaso+diba'iganeyaa+VII+Cnj+Pos+Neu+0PlSubj"", ""midaaso-diba'iganeyaa+VII+Cnj+Pos+Neu+0PlSubj""]}, {'word_form': 'giwii-pi-naazikawin', 'fst_analyses': ['PVTense/wii+PVDir/bi+naazikaw+VTA+Ind+Pos+Neu+1SgSubj+2SgObj']}, {'word_form': '.', 'fst_analyses': []}]",nj
Niwii'-agwaa'oodoon nimbawa'amowin; onzaam mooshkine ninjiimaan.,I'm going to take my load of rice ashore because my canoe is too full.,"[{'word_form': ""niwii'-agwaa'oodoon"", 'fst_analyses': [""PVTense/wii'+agwaa'oodoon+VTI+Ind+Pos+Neu+1SgSubj+0SgObj""]}, {'word_form': ""nimbawa'amowin;"", 'fst_analyses': []}, {'word_form': 'onzaam', 'fst_analyses': ['onzaam+ADVQnt']}, {'word_form': 'mooshkine', 'fst_analyses': ['mooshkine+VAI+Ind+Pos+Neu+3SgProxSubj', 'mooshkine+VII+Ind+Pos+Neu+0SgSubj']}, {'word_form': 'ninjiimaan', 'fst_analyses': ['jiimaan+NI+Sg+1SgPoss']}, {'word_form': '.', 'fst_analyses': []}]",nj
Ganabaj wiiba da-bwaanawi'o nimishoomis. Mashkikiiwininiwan odigoon okanaapined.,I think my grandfather won't be able (to walk) soon. The doctor told him he has arthritis.,"[{'word_form': 'ganabaj', 'fst_analyses': ['ganabaj+ADVMan']}, {'word_form': 'wiiba', 'fst_analyses': ['wiiba+ADVTmp']}, {'word_form': ""da-bwaanawi'o"", 'fst_analyses': [""PVTense/ga+bwaanawi'o+VAI+Ind+Pos+Neu+3SgProxSubj""]}, {'word_form': 'nimishoomis', 'fst_analyses': ['mishoomis+NAD+ProxSg+1SgPoss']}, {'word_form': '.', 'fst_analyses': []}, {'word_form': 'mashkikiiwininiwan', 'fst_analyses': ['mashkikiiwinini+NA+ObvPl', 'mashkikiiwinini+NA+ObvSg']}, {'word_form': 'odigoon', 'fst_analyses': ['izhi+VTA+Ind+Pos+Neu+3PlObvSubj+3SgProxObj', 'izhi+VTA+Ind+Pos+Neu+3SgObvSubj+3SgProxObj']}, {'word_form': 'okanaapined', 'fst_analyses': ['okanaapine+VAI+Cnj+Pos+Neu+3SgProxSubj']}, {'word_form': '.', 'fst_analyses': []}]",nj
Aaniin gaa'-inapinad waawaashkeshi gaa-gii'-agoonad. Gigii-piskaabiiginaan ina zhinoodaagan.,How did you tie the deer you hung? Did you make a loop in the rope [so it will come down easily]?,"[{'word_form': 'aaniin', 'fst_analyses': ['aaniin+PCInterj', 'aaniin+ADVInter']}, {'word_form': ""gaa'-inapinad"", 'fst_analyses': []}, {'word_form': 'waawaashkeshi', 'fst_analyses': ['waawaashkeshi+NA+ProxSg']}, {'word_form': ""gaa-gii'-agoonad"", 'fst_analyses': [""PVSub/gaa+PVTense/gii'+agoozh+VTA+Cnj+Pos+Neu+2SgSubj+3SgProxObj""]}, {'word_form': '.', 'fst_analyses': []}, {'word_form': 'gigii-piskaabiiginaan', 'fst_analyses': ['PVTense/gii+biskaabiiginan+VTI+Ind+Pos+Neu+2SgSubj+0SgObj']}, {'word_form': 'ina', 'fst_analyses': ['ina+PCDisc']}, {'word_form': 'zhinoodaagan', 'fst_analyses': ['zhinoodaagan+NI+Sg']}, {'word_form': '.', 'fst_analyses': []}]",nj
Ningiziibiiginaanan onaaganan jibwaa-agwaakadodeg wiisiniwin.,I'm washing the dishes before the food sticks to them.,"[{'word_form': 'ningiziibiiginaanan', 'fst_analyses': ['giziibiiginan+VTI+Ind+Pos+Neu+1SgSubj+0PlObj']}, {'word_form': 'onaaganan', 'fst_analyses': ['onaagan+NI+Pl']}, {'word_form': 'jibwaa-agwaakadodeg', 'fst_analyses': []}, {'word_form': 'wiisiniwin', 'fst_analyses': ['wiisiniwin+NI+Sg']}, {'word_form': '.', 'fst_analyses': []}]",nj
Wiinaabikadoon gidoonaaganan. Gidaa-giziibiiginaanin.,Your dishes are dirty. We should wash them.,"[{'word_form': 'wiinaabikadoon', 'fst_analyses': ['wiinaabikad+VII+Ind+Pos+Neu+0PlSubj']}, {'word_form': 'gidoonaaganan', 'fst_analyses': ['onaagan+NI+Pl+2SgPoss']}, {'word_form': '.', 'fst_analyses': []}, {'word_form': 'gidaa-giziibiiginaanin', 'fst_analyses': []}, {'word_form': '.', 'fst_analyses': []}]",nj
Aapiji booziiwagizi name.,Sturgeon has very rich meat.,"[{'word_form': 'aapiji', 'fst_analyses': ['aapiji+ADVDeg']}, {'word_form': 'booziiwagizi', 'fst_analyses': []}, {'word_form': 'name', 'fst_analyses': ['name+NA+ProxSg']}, {'word_form': '.', 'fst_analyses': []}]",nj
Mangaadigonam. Ganabaj gichi-name gaa-googa'ang.,There's a big ripple. I think it was a big sturgeon jumping out of the water.,"[{'word_form': 'mangaadigonam', 'fst_analyses': ['mangaadigonam+VAI+Ind+Pos+Neu+3SgProxSubj']}, {'word_form': '.', 'fst_analyses': []}, {'word_form': 'ganabaj', 'fst_analyses': ['ganabaj+ADVMan']}, {'word_form': 'gichi-name', 'fst_analyses': ['PNLex/gichi+name+NA+ProxSg', 'PNLex/chi+name+NA+ProxSg+2SgPoss']}, {'word_form': ""gaa-googa'ang"", 'fst_analyses': [""PVSub/gaa+googa'am+VAI+Cnj+Pos+Neu+3SgProxSubj"", ""PVTense/gii+googa'am+VAI+Pcp+Pos+Neu+3SgProxSubj+3SgProxHead"", ""PVTense/gii+googa'am+VAI+Pcp+Pos+Neu+3PlProxSubj+3PlProxHead""]}, {'word_form': '.', 'fst_analyses': []}]",nj
Tommy madwe-mookobii dibikong.,Tommy was on a crying jag last night.,"[{'word_form': 'tommy', 'fst_analyses': []}, {'word_form': 'madwe-mookobii', 'fst_analyses': ['PVLex/madwe+mookobii+VAI+Ind+Pos+Neu+3SgProxSubj']}, {'word_form': 'dibikong', 'fst_analyses': ['dibikong+ADVTmp']}, {'word_form': '.', 'fst_analyses': []}]",nj
Jiigashkiig agoodoon aki waa'-apambinaawasoyan.,Hang up the moss you are going to use for the cradle board by the muskeg.,"[{'word_form': 'jiigashkiig', 'fst_analyses': ['jiigashkiig+ADVLoc']}, {'word_form': 'agoodoon', 'fst_analyses': ['agoodoo+VAI+Imp+Sim+2SgSubj', 'agoodoon+VTI+Imp+Sim+2SgSubj+0PlObj', 'agoodoon+VTI+Imp+Sim+2SgSubj+0SgObj']}, {'word_form': 'aki', 'fst_analyses': ['aki+NI+Sg']}, {'word_form': ""waa'-apambinaawasoyan"", 'fst_analyses': []}, {'word_form': '.', 'fst_analyses': []}]",nj
Agwaawaa'ogowag mishiiwaatigoog.,The dried-up trees drift ashore.,"[{'word_form': ""agwaawaa'ogowag"", 'fst_analyses': []}, {'word_form': 'mishiiwaatigoog', 'fst_analyses': ['mishiiwaatig+NA+ProxPl']}, {'word_form': '.', 'fst_analyses': []}]",nj
Eyiidawagaam danwewidamoog gookooko'oog.,The owls are calling from both sides of the lake.,"[{'word_form': 'eyiidawagaam', 'fst_analyses': ['eyiidawagaam+ADVLoc']}, {'word_form': 'danwewidamoog', 'fst_analyses': ['danwewidam+VAI+Ind+Pos+Neu+3PlProxSubj']}, {'word_form': ""gookooko'oog"", 'fst_analyses': [""gookooko'oo+NA+ProxPl""]}, {'word_form': '.', 'fst_analyses': []}]",nj
Awasisag danwewidam abinoojiinyens gaa-mawid.,The crying child is heard from the other room.,"[{'word_form': 'awasisag', 'fst_analyses': ['awasisag+ADVLoc']}, {'word_form': 'danwewidam', 'fst_analyses': ['danwewidam+VAI+Ind+Pos+Neu+3SgProxSubj']}, {'word_form': 'abinoojiinyens', 'fst_analyses': ['abinoojiinyens+NA+ProxSg', 'abinoojiinh+NA+Dim+ProxSg']}, {'word_form': 'gaa-mawid', 'fst_analyses': ['PVSub/gaa+mawi+VAI+Cnj+Pos+Neu+3SgProxSubj', 'PVTense/gii+mawi+VAI+Pcp+Pos+Neu+3SgProxSubj+3SgProxHead']}, {'word_form': '.', 'fst_analyses': []}]",nj
Gaa-dazhi-miigaading izhaa noozhis.,My grandson is gone to the war.,"[{'word_form': 'gaa-dazhi-miigaading', 'fst_analyses': ['PVSub/gaa+PVRel/dazhi+miigaadiwag+VAI+Cnj+Pos+Neu+XSubj+XObj']}, {'word_form': 'izhaa', 'fst_analyses': ['izhaa+VAI+Ind+Pos+Neu+3SgProxSubj']}, {'word_form': 'noozhis', 'fst_analyses': ['oozhis+NAD+ProxSg+1SgPoss']}, {'word_form': '.', 'fst_analyses': []}]",nj
Gego babaamenimaaken animoshag gaa-miigaadiwaad. Giga-bitamigoog.,Don't bother the fighting dogs. They might accidentally bite you.,"[{'word_form': 'gego', 'fst_analyses': ['gego+ADVNeg']}, {'word_form': 'babaamenimaaken', 'fst_analyses': ['babaamenim+VTA+Imp+Prb+2SgSubj+3PlProxObj', 'babaamenim+VTA+Imp+Prb+2SgSubj+3SgProxObj']}, {'word_form': 'animoshag', 'fst_analyses': ['animosh+NA+ProxPl']}, {'word_form': 'gaa-miigaadiwaad', 'fst_analyses': ['PVSub/gaa+miigaadiwag+VAI+Cnj+Pos+Neu+3PlProxSubj+3PlProxObj']}, {'word_form': '.', 'fst_analyses': []}, {'word_form': 'giga-bitamigoog', 'fst_analyses': ['PVTense/ga+bitam+VTA+Ind+Pos+Neu+3PlProxSubj+2SgObj']}, {'word_form': '.', 'fst_analyses': []}]",nj
Agaami-ziibi madwe-namadabi migizi.,You can see an eagle sitting across the river.,"[{'word_form': 'agaami-ziibi', 'fst_analyses': ['PNLex/agaami+ziibi+NI+Sg', 'agaami-ziibi+ADVLoc']}, {'word_form': 'madwe-namadabi', 'fst_analyses': ['PVLex/madwe+namadabi+VAI+Ind+Pos+Neu+3SgProxSubj']}, {'word_form': 'migizi', 'fst_analyses': ['migizi+NA+ProxSg']}, {'word_form': '.', 'fst_analyses': []}]",nj
Agaami-ziibi debinaagwad manoomin.,You can make out rice across the river.,"[{'word_form': 'agaami-ziibi', 'fst_analyses': ['PNLex/agaami+ziibi+NI+Sg', 'agaami-ziibi+ADVLoc']}, {'word_form': 'debinaagwad', 'fst_analyses': ['debinaagwad+VII+Ind+Pos+Neu+0SgSubj']}, {'word_form': 'manoomin', 'fst_analyses': ['manoomin+NI+Sg']}, {'word_form': '.', 'fst_analyses': []}]",nj
Aaniin epiitaasiged manoominikewi-giizis.,How far along is the rice-picking moon?,"[{'word_form': 'aaniin', 'fst_analyses': ['aaniin+PCInterj', 'aaniin+ADVInter']}, {'word_form': 'epiitaasiged', 'fst_analyses': ['apiitaasige+VAI+Pcp+Pos+Neu+3SgProxSubj+3SgProxHead']}, {'word_form': 'manoominikewi-giizis', 'fst_analyses': ['manoominikewi-giizis+NA+ProxSg']}, {'word_form': '.', 'fst_analyses': []}]",nj
Mookomaa gaa-inaajimotawind.,She is crying from hearing something sad from someone.,"[{'word_form': 'mookomaa', 'fst_analyses': ['mookom+VTA+Ind+Pos+Neu+XSubj+3SgProxObj']}, {'word_form': 'gaa-inaajimotawind', 'fst_analyses': ['PVSub/gaa+inaajimotaw+VTA+Cnj+Pos+Neu+XSubj+3SgProxObj']}, {'word_form': '.', 'fst_analyses': []}]",nj
Anaamaabik nibaawag enigoonsag.,Ants sleep under rocks.,"[{'word_form': 'anaamaabik', 'fst_analyses': ['anaamaabik+ADVLoc']}, {'word_form': 'nibaawag', 'fst_analyses': ['nibaa+VAI+Ind+Pos+Neu+3PlProxSubj']}, {'word_form': 'enigoonsag', 'fst_analyses': ['enigoo+NA+Dim+ProxPl', 'enigoons+NA+ProxPl']}, {'word_form': '.', 'fst_analyses': []}]",nj
Maamawi anokiiwag. Geget aapiji mashkawiziiwag enigoonsag.,They all work together. Ants are certainly very strong.,"[{'word_form': 'maamawi', 'fst_analyses': ['maamawi+ADVMan']}, {'word_form': 'anokiiwag', 'fst_analyses': ['anokii+VAI+Ind+Pos+Neu+3PlProxSubj']}, {'word_form': '.', 'fst_analyses': []}, {'word_form': 'geget', 'fst_analyses': ['geget+ADVMan']}, {'word_form': 'aapiji', 'fst_analyses': ['aapiji+ADVDeg']}, {'word_form': 'mashkawiziiwag', 'fst_analyses': ['mashkawizii+VAI+Ind+Pos+Neu+3PlProxSubj']}, {'word_form': 'enigoonsag', 'fst_analyses': ['enigoo+NA+Dim+ProxPl', 'enigoons+NA+ProxPl']}, {'word_form': '.', 'fst_analyses': []}]",nj
Minwanjige'idizo wanii'igewinini.,A trapper feeds himself well.,"[{'word_form': ""minwanjige'idizo"", 'fst_analyses': [""minwanjige'+VTA+Reflex/dizo+VAI+Ind+Pos+Neu+3SgProxSubj+3SgProxObj"", ""minwanjige'idizo+VAI+Ind+Pos+Neu+3SgProxSubj+3SgProxObj""]}, {'word_form': ""wanii'igewinini"", 'fst_analyses': [""wanii'igewinini+NA+ProxSg""]}, {'word_form': '.', 'fst_analyses': []}]",nj
Giizhoopizh giniijaanis dakobinad dikinaaganing.,Wrap up your child warm when you tie him in the cradle board.,"[{'word_form': 'giizhoopizh', 'fst_analyses': ['giizhoopizh+VTA+Imp+Sim+2SgSubj+3SgProxObj', 'giizhoopizh+VTA+Imp+Sim+2SgSubj+3PlProxObj']}, {'word_form': 'giniijaanis', 'fst_analyses': ['niijaanis+NAD+ProxSg+2SgPoss']}, {'word_form': 'dakobinad', 'fst_analyses': ['dakobizh+VTA+Cnj+Pos+Neu+2SgSubj+3SgProxObj']}, {'word_form': 'dikinaaganing', 'fst_analyses': ['dikinaagan+NI+Loc']}, {'word_form': '.', 'fst_analyses': []}]",nj
Odiba'oonaan minik eshamaad ji-onzaamashkinesinid.,She gave her just enough to eat so she won't get sick from it.,"[{'word_form': ""odiba'oonaan"", 'fst_analyses': [""diba'oozh+VTA+Ind+Pos+Neu+3SgProxSubj+3SgObvObj"", ""diba'oozh+VTA+Ind+Pos+Neu+3SgProxSubj+3PlObvObj""]}, {'word_form': 'minik', 'fst_analyses': ['minik+ADVQnt']}, {'word_form': 'eshamaad', 'fst_analyses': []}, {'word_form': 'ji-onzaamashkinesinid', 'fst_analyses': ['PVTense/daa+onzaamashkine+VAI+Cnj+Neg+Neu+3PlObvSubj', 'PVTense/ga+onzaamashkine+VAI+Cnj+Neg+Neu+3PlObvSubj', 'PVTense/daa+onzaamashkine+VAI+Cnj+Neg+Neu+3SgObvSubj', 'PVTense/ga+onzaamashkine+VAI+Cnj+Neg+Neu+3SgObvSubj']}, {'word_form': '.', 'fst_analyses': []}]",nj
Dazhwaangeni memengwaa wii-pazigwa'od.,A butterfly spreads its wings to take off.,"[{'word_form': 'dazhwaangeni', 'fst_analyses': ['dazhwaangeni+VAI+Ind+Pos+Neu+3SgProxSubj']}, {'word_form': 'memengwaa', 'fst_analyses': ['memengwaa+NA+ProxSg']}, {'word_form': ""wii-pazigwa'od"", 'fst_analyses': [""PVTense/wii+bazigwa'o+VAI+Cnj+Pos+Neu+3SgProxSubj""]}, {'word_form': '.', 'fst_analyses': []}]",nj
Wewiib aazhawa'odaa eshkwaa-dawaanimak.,Let's quickly paddle across since the wind has died down.,"[{'word_form': 'wewiib', 'fst_analyses': ['wewiib+ADVMan']}, {'word_form': ""aazhawa'odaa"", 'fst_analyses': [""aazhawa'o+VAI+Imp+Del+InclSubj"", ""aazhawa'o+VAI+Imp+Sim+InclSubj""]}, {'word_form': 'eshkwaa-dawaanimak', 'fst_analyses': ['PVLex/ishkwaa+dawaanimad+VII+Pcp+Pos+Neu+0SgSubj+0SgHead']}, {'word_form': '.', 'fst_analyses': []}]",nj
Biinji-waazh ogii'-ina'anaan. Owii-saagidaabaswaan.,He followed its trail into the den. He's going to smoke it out.,"[{'word_form': 'biinji-waazh', 'fst_analyses': ['PNLex/biinji+waazh+NI+Sg', 'biinji-waazh+ADVLoc', 'PVLex/biinji+waazhwi+VTA+Imp+Sim+2SgSubj+3SgProxObj', 'PVLex/biinji+waazhwi+VTA+Imp+Sim+2SgSubj+3PlProxObj']}, {'word_form': ""ogii'-ina'anaan"", 'fst_analyses': [""PVTense/gii'+ina'azh+VTA+Ind+Pos+Neu+3SgProxSubj+3SgObvObj"", ""PVTense/gii'+ina'azh+VTA+Ind+Pos+Neu+3SgProxSubj+3PlObvObj""]}, {'word_form': '.', 'fst_analyses': []}, {'word_form': 'owii-saagidaabaswaan', 'fst_analyses': ['PVTense/wii+zaagidaabaswi+VTA+Ind+Pos+Neu+3SgProxSubj+3SgObvObj', 'PVTense/wii+zaagidaabaswi+VTA+Ind+Pos+Neu+3SgProxSubj+3PlObvObj']}, {'word_form': '.', 'fst_analyses': []}]",nj
Gaawiin wiikaa anooj igo gidayinaasii gichi-anishinaabe.,Never say bad things to an elder.,"[{'word_form': 'gaawiin', 'fst_analyses': ['gaawiin+ADVNeg']}, {'word_form': 'wiikaa', 'fst_analyses': ['wiikaa+ADVTmp']}, {'word_form': 'anooj', 'fst_analyses': ['anooj+ADVQnt']}, {'word_form': 'igo', 'fst_analyses': ['igo+PCEmph']}, {'word_form': 'gidayinaasii', 'fst_analyses': []}, {'word_form': 'gichi-anishinaabe', 'fst_analyses': ['PNLex/gichi+anishinaabe+NA+ProxSg', 'gichi-anishinaabe+NA+ProxSg', 'PNLex/chi+anishinaabe+NA+ProxSg+2SgPoss']}, {'word_form': '.', 'fst_analyses': []}]",nj
Onji'idim anooj igo ji-doodawindwaa animoshag.,It is forbidden to mistreat dogs.,"[{'word_form': ""onji'idim"", 'fst_analyses': [""onji'+VTA+Recip/di+VAI+Ind+Pos+Neu+XSubj+XObj"", ""onji'idiwag+VAI+Ind+Pos+Neu+XSubj+XObj""]}, {'word_form': 'anooj', 'fst_analyses': ['anooj+ADVQnt']}, {'word_form': 'igo', 'fst_analyses': ['igo+PCEmph']}, {'word_form': 'ji-doodawindwaa', 'fst_analyses': ['PVTense/daa+doodaw+VTA+Cnj+Pos+Neu+XSubj+3PlProxObj', 'PVTense/ga+doodaw+VTA+Cnj+Pos+Neu+XSubj+3PlProxObj']}, {'word_form': 'animoshag', 'fst_analyses': ['animosh+NA+ProxPl']}, {'word_form': '.', 'fst_analyses': []}]",nj
Neyaab igo ninakwetaag gii-ganoonag.,He answered me back right away when I called him.,"[{'word_form': 'neyaab', 'fst_analyses': ['neyaab+ADVMan']}, {'word_form': 'igo', 'fst_analyses': ['igo+PCEmph']}, {'word_form': 'ninakwetaag', 'fst_analyses': ['nakwetaw+VTA+Ind+Pos+Neu+3SgProxSubj+1SgObj']}, {'word_form': 'gii-ganoonag', 'fst_analyses': ['PVTense/gii+ganoozh+VTA+Cnj+Pos+Neu+1SgSubj+3SgProxObj']}, {'word_form': '.', 'fst_analyses': []}]",nj
Gabenaagosh ninooshkaachige.,I've been winnowing rice all evening.,"[{'word_form': 'gabenaagosh', 'fst_analyses': ['gabenaagosh+ADVTmp']}, {'word_form': 'ninooshkaachige', 'fst_analyses': ['nooshkaachige+VAI+Ind+Pos+Neu+1SgSubj']}, {'word_form': '.', 'fst_analyses': []}]",nj
O'omaa izhi-atoon.,Put it here!,"[{'word_form': ""o'omaa"", 'fst_analyses': [""o'omaa+ADVLoc""]}, {'word_form': 'izhi-atoon', 'fst_analyses': ['PVRel/izhi+atoon+VTI+Imp+Sim+2SgSubj+0PlObj', 'PVRel/izhi+atoon+VTI+Imp+Sim+2SgSubj+0SgObj']}, {'word_form': '.', 'fst_analyses': []}]",nj
Aandi enakwazhiwed.,Where is she paddling to?,"[{'word_form': 'aandi', 'fst_analyses': ['aandi+ADVInter']}, {'word_form': 'enakwazhiwed', 'fst_analyses': ['inakwazhiwe+VAI+Pcp+Pos+Neu+3SgProxSubj+3SgProxHead']}, {'word_form': '.', 'fst_analyses': []}]",nj
Adaawewigamigong inakwazhiwe.,S/he is paddling to the store.,"[{'word_form': 'adaawewigamigong', 'fst_analyses': ['adaawewigamig+NI+Loc']}, {'word_form': 'inakwazhiwe', 'fst_analyses': ['inakwazhiwe+VAI+Ind+Pos+Neu+3SgProxSubj']}, {'word_form': '.', 'fst_analyses': []}]",nj
Agaaming inakwazhiwen.,Paddle across the lake.,"[{'word_form': 'agaaming', 'fst_analyses': ['agaaming+ADVLoc']}, {'word_form': 'inakwazhiwen', 'fst_analyses': ['inakwazhiwe+VAI+Imp+Sim+2SgSubj']}, {'word_form': '.', 'fst_analyses': []}]",nj
Inaabin enakwazhiweyan. Giga-bitaabikishin minisaabik.,Look where you paddle to. You might get hung up on a reef.,"[{'word_form': 'inaabin', 'fst_analyses': ['inaabi+VAI+Imp+Sim+2SgSubj']}, {'word_form': 'enakwazhiweyan', 'fst_analyses': []}, {'word_form': '.', 'fst_analyses': []}, {'word_form': 'giga-bitaabikishin', 'fst_analyses': ['PVTense/ga+bitaabikishin+VAI+Ind+Pos+Neu+2SgSubj']}, {'word_form': 'minisaabik', 'fst_analyses': ['minisaabik+NI+Sg']}, {'word_form': '.', 'fst_analyses': []}]",nj
Ogii'-miikwa'aan gaa-waawiyeyaanig gaa-goda'aakwed.,She hit the bull's eye when target shooting.,"[{'word_form': ""ogii'-miikwa'aan"", 'fst_analyses': [""PVTense/gii'+miikwa'an+VTI+Ind+Pos+Neu+3SgProxSubj+0SgObj""]}, {'word_form': 'gaa-waawiyeyaanig', 'fst_analyses': ['PVSub/gaa+waawiyeyaa+VII+Cnj+Pos+Neu+0PlObvSubj', 'PVSub/gaa+waawiyeyaa+VII+Cnj+Pos+Neu+0SgObvSubj', 'PVTense/gii+waawiyeyaa+VII+Pcp+Pos+Neu+0SgObvSubj+0SgObvHead']}, {'word_form': ""gaa-goda'aakwed"", 'fst_analyses': [""PVSub/gaa+goda'aakwe+VAI+Cnj+Pos+Neu+3SgProxSubj"", ""PVTense/gii+goda'aakwe+VAI+Pcp+Pos+Neu+3SgProxSubj+3SgProxHead""]}, {'word_form': '.', 'fst_analyses': []}]",nj
Odoombinigaadaan jiimaan wii-kabadood.,He picks up the canoe (on his shoulders) to carry it over the portage.,"[{'word_form': 'odoombinigaadaan', 'fst_analyses': ['ombinigaadan+VTI+Ind+Pos+Neu+3SgProxSubj+0SgObj']}, {'word_form': 'jiimaan', 'fst_analyses': ['jiimaan+NI+Sg']}, {'word_form': 'wii-kabadood', 'fst_analyses': ['PVTense/wii+gabadoo+VAI+Cnj+Pos+Neu+3SgProxSubj']}, {'word_form': '.', 'fst_analyses': []}]",nj
Onzaam niibiwa inaginde waasigani-bimide.,Gas costs too much.,"[{'word_form': 'onzaam', 'fst_analyses': ['onzaam+ADVQnt']}, {'word_form': 'niibiwa', 'fst_analyses': ['niibiwa+ADVQnt']}, {'word_form': 'inaginde', 'fst_analyses': ['inaginde+VII+Ind+Pos+Neu+0SgSubj']}, {'word_form': 'waasigani-bimide', 'fst_analyses': ['waasigani-bimide+NI+Sg']}, {'word_form': '.', 'fst_analyses': []}]",nj
Zhingaatesidoon gimanoominim ji-bengwashkising.,Spread out your rice so it can get dry.,"[{'word_form': 'zhingaatesidoon', 'fst_analyses': ['zhingaatesidoon+VTI+Imp+Sim+2SgSubj+0PlObj', 'zhingaatesidoon+VTI+Imp+Sim+2SgSubj+0SgObj']}, {'word_form': 'gimanoominim', 'fst_analyses': ['manoomin+NI+Poss+Sg+2SgPoss']}, {'word_form': 'ji-bengwashkising', 'fst_analyses': ['PVTense/daa+bengwashkisin+VII+Cnj+Pos+Neu+0SgSubj', 'PVTense/ga+bengwashkisin+VII+Cnj+Pos+Neu+0SgSubj', 'PVTense/daa+bengwashkisin+VII+Cnj+Pos+Neu+0PlSubj', 'PVTense/ga+bengwashkisin+VII+Cnj+Pos+Neu+0PlSubj']}, {'word_form': '.', 'fst_analyses': []}]",nj
Gii'-ombwebizowag aamoog.,The bees swarmed in all directions.,"[{'word_form': ""gii'-ombwebizowag"", 'fst_analyses': []}, {'word_form': 'aamoog', 'fst_analyses': ['aamoo+NA+ProxPl']}, {'word_form': '.', 'fst_analyses': []}]",nj
Aaniin giin ekooshkinachigeyan. / Gegaa go zhigwa nimooshkinachige.,How high have you filled it? / I've almost got it full now.,"[{'word_form': 'aaniin', 'fst_analyses': ['aaniin+PCInterj', 'aaniin+ADVInter']}, {'word_form': 'giin', 'fst_analyses': ['giin+PRONPer+NA+2Sg']}, {'word_form': 'ekooshkinachigeyan', 'fst_analyses': []}, {'word_form': '.', 'fst_analyses': []}, {'word_form': '/', 'fst_analyses': []}, {'word_form': 'gegaa', 'fst_analyses': ['gegaa+ADVDeg']}, {'word_form': 'go', 'fst_analyses': ['go+PCDisc']}, {'word_form': 'zhigwa', 'fst_analyses': ['zhigwa+ADVTmp']}, {'word_form': 'nimooshkinachige', 'fst_analyses': ['mooshkinachige+VAI+Ind+Pos+Neu+1SgSubj']}, {'word_form': '.', 'fst_analyses': []}]",nj
Aaba'amaw omakizineyaabiin gaa-bwaanawichiged,Untie the disabled one's shoes for her.,"[{'word_form': ""aaba'amaw"", 'fst_analyses': [""aaba'amaw+VTA+Imp+Sim+2SgSubj+3SgProxObj"", ""aaba'amaw+VTA+Imp+Sim+2SgSubj+3PlProxObj""]}, {'word_form': 'omakizineyaabiin', 'fst_analyses': ['makizineyaab+NI+Pl+3SgProxPoss']}, {'word_form': 'gaa-bwaanawichiged', 'fst_analyses': ['PVSub/gaa+bwaanawichige+VAI+Cnj+Pos+Neu+3SgProxSubj', 'PVTense/gii+bwaanawichige+VAI+Pcp+Pos+Neu+3SgProxSubj+3SgProxHead']}]",nj
Gaadamaw gidaabaabika'iganan. Gaawiin mashi omazina'iganisii ji-bimibizod.,Hide your keys from him. He doesn't have his driver's license yet.,"[{'word_form': 'gaadamaw', 'fst_analyses': ['gaadamaw+VTA+Imp+Sim+2SgSubj+3SgProxObj', 'gaadamaw+VTA+Imp+Sim+2SgSubj+3PlProxObj']}, {'word_form': ""gidaabaabika'iganan"", 'fst_analyses': [""aabaabika'igan+NI+Pl+2SgPoss""]}, {'word_form': '.', 'fst_analyses': []}, {'word_form': 'gaawiin', 'fst_analyses': ['gaawiin+ADVNeg']}, {'word_form': 'mashi', 'fst_analyses': ['mashi+ADVTmp']}, {'word_form': ""omazina'iganisii"", 'fst_analyses': [""omazina'igani+VAI+Ind+Neg+Neu+3SgProxSubj""]}, {'word_form': 'ji-bimibizod', 'fst_analyses': ['PVTense/daa+bimibizo+VAI+Cnj+Pos+Neu+3SgProxSubj', 'PVTense/ga+bimibizo+VAI+Cnj+Pos+Neu+3SgProxSubj']}, {'word_form': '.', 'fst_analyses': []}]",nj
Ningii-kaadamaag nimakizinan. Gaawiin ingoji nindaa-izhaasii.,She hid my shoes from me. I can't go anywhere.,"[{'word_form': 'ningii-kaadamaag', 'fst_analyses': ['PVTense/gii+gaadamaw+VTA+Ind+Pos+Neu+3SgProxSubj+1SgObj']}, {'word_form': 'nimakizinan', 'fst_analyses': ['makizin+NI+Pl+1SgPoss']}, {'word_form': '.', 'fst_analyses': []}, {'word_form': 'gaawiin', 'fst_analyses': ['gaawiin+ADVNeg']}, {'word_form': 'ingoji', 'fst_analyses': ['ingoji+ADVDeg']}, {'word_form': 'nindaa-izhaasii', 'fst_analyses': ['PVTense/daa+izhaa+VAI+Ind+Neg+Neu+1SgSubj']}, {'word_form': '.', 'fst_analyses': []}]",nj
Biiwaabiko-giishkiboojiganens gidaa-aabajitoon ji-bookwaabikiboonad gashkaabika'igan giishpin gii-wanitooyan gidaabaabika'igan.,You can use a hacksaw to saw your padlock in half if you lose your key to it.,"[{'word_form': 'biiwaabiko-giishkiboojiganens', 'fst_analyses': ['biiwaabiko-giishkiboojiganens+NI+Sg']}, {'word_form': 'gidaa-aabajitoon', 'fst_analyses': ['PVTense/daa+aabajitoon+VTI+Ind+Pos+Neu+2SgSubj+0SgObj']}, {'word_form': 'ji-bookwaabikiboonad', 'fst_analyses': ['PVTense/daa+bookwaabikiboozh+VTA+Cnj+Pos+Neu+2SgSubj+3SgProxObj', 'PVTense/ga+bookwaabikiboozh+VTA+Cnj+Pos+Neu+2SgSubj+3SgProxObj']}, {'word_form': ""gashkaabika'igan"", 'fst_analyses': [""gashkaabika'igan+NA+ProxSg"", ""gashkaabika'igan+NI+Sg""]}, {'word_form': 'giishpin', 'fst_analyses': ['giishpin+ADVGram']}, {'word_form': 'gii-wanitooyan', 'fst_analyses': ['PVTense/gii+wanitoon+VTI+Cnj+Pos+Neu+2SgSubj+0PlObj', 'PVTense/gii+wanitoon+VTI+Cnj+Pos+Neu+2SgSubj+0SgObj']}, {'word_form': ""gidaabaabika'igan"", 'fst_analyses': [""aabaabika'igan+NI+Sg+2SgPoss""]}, {'word_form': '.', 'fst_analyses': []}]",nj
Nindanoonig ji-ozhibii'igetamawag wii-kagwe-anokiid ji-mooshkinebii'amawag mazina'igan.,She's asking me to write for her and fill out the application for the job she's after.,"[{'word_form': 'nindanoonig', 'fst_analyses': ['anoozh+VTA+Ind+Pos+Neu+3SgProxSubj+1SgObj']}, {'word_form': ""ji-ozhibii'igetamawag"", 'fst_analyses': [""PVTense/daa+ozhibii'igetamaw+VTA+Cnj+Pos+Neu+1SgSubj+3SgProxObj"", ""PVTense/ga+ozhibii'igetamaw+VTA+Cnj+Pos+Neu+1SgSubj+3SgProxObj""]}, {'word_form': 'wii-kagwe-anokiid', 'fst_analyses': ['PVTense/wii+PVLex/gagwe+anokii+VAI+Cnj+Pos+Neu+3SgProxSubj']}, {'word_form': ""ji-mooshkinebii'amawag"", 'fst_analyses': [""PVTense/daa+mooshkinebii'amaw+VTA+Cnj+Pos+Neu+1SgSubj+3SgProxObj"", ""PVTense/ga+mooshkinebii'amaw+VTA+Cnj+Pos+Neu+1SgSubj+3SgProxObj""]}, {'word_form': ""mazina'igan"", 'fst_analyses': [""mazina'igan+NA+ProxSg"", ""mazina'igan+NI+Sg""]}, {'word_form': '.', 'fst_analyses': []}]",nj
Odoonji'aan ji-niminaakosinig gii-naniizaanak zaaga'igan.,He tells him not to go out on the ice when it's dangerous.,"[{'word_form': ""odoonji'aan"", 'fst_analyses': [""onji'+VTA+Ind+Pos+Neu+3SgProxSubj+3SgObvObj"", ""onji'+VTA+Ind+Pos+Neu+3SgProxSubj+3PlObvObj""]}, {'word_form': 'ji-niminaakosinig', 'fst_analyses': ['PVTense/daa+niminaako+VAI+Cnj+Neg+Neu+3PlObvSubj', 'PVTense/ga+niminaako+VAI+Cnj+Neg+Neu+3PlObvSubj', 'PVTense/daa+niminaako+VAI+Cnj+Neg+Neu+3SgObvSubj', 'PVTense/ga+niminaako+VAI+Cnj+Neg+Neu+3SgObvSubj']}, {'word_form': 'gii-naniizaanak', 'fst_analyses': ['PVTense/gii+naniizaanad+VII+Cnj+Pos+Neu+0SgSubj', 'PVTense/gii+naniizaanad+VII+Cnj+Pos+Neu+0PlSubj']}, {'word_form': ""zaaga'igan"", 'fst_analyses': [""zaaga'igan+NI+Sg""]}, {'word_form': '.', 'fst_analyses': []}]",nj
Noopimiing ninoondawaa madwewe'od bine.,I hear a partridge in the bush drumming.,"[{'word_form': 'noopimiing', 'fst_analyses': ['noopimiing+ADVLoc']}, {'word_form': 'ninoondawaa', 'fst_analyses': ['noondaw+VTA+Ind+Pos+Neu+1SgSubj+3SgProxObj']}, {'word_form': ""madwewe'od"", 'fst_analyses': [""madwewe'o+VAI+Cnj+Pos+Neu+3SgProxSubj""]}, {'word_form': 'bine', 'fst_analyses': ['bine+NA+ProxSg']}, {'word_form': '.', 'fst_analyses': []}]",nj
Gabe-biboon noopimiing ningiishka'aakwe.,I've been cutting pulp in the bush all winter long.,"[{'word_form': 'gabe-biboon', 'fst_analyses': ['PVLex/gabe+biboon+VII+Ind+Pos+Neu+0SgSubj', 'gabe-biboon+ADVTmp']}, {'word_form': 'noopimiing', 'fst_analyses': ['noopimiing+ADVLoc']}, {'word_form': ""ningiishka'aakwe"", 'fst_analyses': [""giishka'aakwe+VAI+Ind+Pos+Neu+1SgSubj""]}, {'word_form': '.', 'fst_analyses': []}]",nj
Waasa noopimiing odoondaawanaawaa' asinii' gaa-madoodiswaagewaad.,They hauled stones from way off in the woods to use for the sweat lodge.,"[{'word_form': 'waasa', 'fst_analyses': ['waasa+ADVLoc']}, {'word_form': 'noopimiing', 'fst_analyses': ['noopimiing+ADVLoc']}, {'word_form': ""odoondaawanaawaa'"", 'fst_analyses': ['ondaawazh+VTA+Ind+Pos+Neu+3PlProxSubj+3PlObvObj']}, {'word_form': ""asinii'"", 'fst_analyses': ['asin+NA+ObvPl']}, {'word_form': 'gaa-madoodiswaagewaad', 'fst_analyses': ['PVSub/gaa+madoodiswaagen+VAIO+Cnj+Pos+Neu+3PlProxSubj+0PlObj', 'PVSub/gaa+madoodiswaagen+VAIO+Cnj+Pos+Neu+3PlProxSubj+0SgObj', 'PVSub/gaa+madoodiswaagen+VAIO+Cnj+Pos+Neu+3PlProxSubj+3SgObvObj', 'PVSub/gaa+madoodiswaagen+VAIO+Cnj+Pos+Neu+3PlProxSubj+3PlObvObj', 'PVSub/gaa+madoodiswaagen+VAIO+Cnj+Pos+Neu+3PlProxSubj']}, {'word_form': '.', 'fst_analyses': []}]",nj
Aandi wiin endaad.,Where is his home? / Where does he live?,"[{'word_form': 'aandi', 'fst_analyses': ['aandi+ADVInter']}, {'word_form': 'wiin', 'fst_analyses': ['wiin+PRONPer+NA+3Sg']}, {'word_form': 'endaad', 'fst_analyses': ['daa+VAI+Pcp+Pos+Neu+3SgProxSubj+3SgProxHead']}, {'word_form': '.', 'fst_analyses': []}]",nj
Gii-ziigwang agwaataawag miskwaadesiwag gii-ando-owaawanowaad.,In the spring the mud turtles come ashore to lay their eggs.,"[{'word_form': 'gii-ziigwang', 'fst_analyses': ['PVTense/gii+ziigwan+VII+Cnj+Pos+Neu+0SgSubj', 'PVTense/gii+ziigwan+VII+Cnj+Pos+Neu+0PlSubj']}, {'word_form': 'agwaataawag', 'fst_analyses': ['agwaataa+VAI+Ind+Pos+Neu+3PlProxSubj']}, {'word_form': 'miskwaadesiwag', 'fst_analyses': ['miskwaadesi+NA+ProxPl']}, {'word_form': 'gii-ando-owaawanowaad', 'fst_analyses': ['PVTense/gii+PVLex/ando+owaawano+VAI+Cnj+Pos+Neu+3PlProxSubj']}, {'word_form': '.', 'fst_analyses': []}]",nj
Ani-agwaataa amik babaa-ando-wiisinid noopimiing.,A beaver goes out of the water to look for something to eat in the bush.,"[{'word_form': 'ani-agwaataa', 'fst_analyses': ['PVDir/ani+agwaataa+VAI+Ind+Pos+Neu+3SgProxSubj']}, {'word_form': 'amik', 'fst_analyses': ['amik+NA+ProxSg']}, {'word_form': 'babaa-ando-wiisinid', 'fst_analyses': ['PVDir/babaa+PVLex/ando+wiisini+VAI+Cnj+Pos+Neu+3SgProxSubj']}, {'word_form': 'noopimiing', 'fst_analyses': ['noopimiing+ADVLoc']}, {'word_form': '.', 'fst_analyses': []}]",nj
Gego baashkizwaaken noozhe-mooz gii-aamanoozowaad.,Don't shoot a cow moose in the rutting season.,"[{'word_form': 'gego', 'fst_analyses': ['gego+ADVNeg']}, {'word_form': 'baashkizwaaken', 'fst_analyses': ['baashkizwi+VTA+Imp+Prb+2SgSubj+3PlProxObj', 'baashkiz+VTA+Imp+Prb+2SgSubj+3PlProxObj', 'baashkizwi+VTA+Imp+Prb+2SgSubj+3SgProxObj', 'baashkiz+VTA+Imp+Prb+2SgSubj+3SgProxObj']}, {'word_form': 'noozhe-mooz', 'fst_analyses': ['PNLex/noozhe+moonz+NA+ProxSg', 'noozhe-mooz+NA+ProxSg', 'PNLex/noozhe+mooz+NA+ProxSg']}, {'word_form': 'gii-aamanoozowaad', 'fst_analyses': ['PVTense/gii+aamanoozo+VAI+Cnj+Pos+Neu+3PlProxSubj']}, {'word_form': '.', 'fst_analyses': []}]",nj
Ogii'-agaasikonaan mishiiminan jibwaa-amwaad.,She cut the apple into smaller pieces before she ate it.,"[{'word_form': ""ogii'-agaasikonaan"", 'fst_analyses': [""PVTense/gii'+agaasikozh+VTA+Ind+Pos+Neu+3SgProxSubj+3SgObvObj"", ""PVTense/gii'+agaasikozh+VTA+Ind+Pos+Neu+3SgProxSubj+3PlObvObj""]}, {'word_form': 'mishiiminan', 'fst_analyses': ['mishiimin+NA+ObvPl', 'mishiimin+NA+ObvSg']}, {'word_form': 'jibwaa-amwaad', 'fst_analyses': ['PVTense/jibwaa+amo+VTA+Cnj+Pos+Neu+3SgProxSubj+3SgObvObj', 'PVTense/jibwaa+amwi+VTA+Cnj+Pos+Neu+3SgProxSubj+3SgObvObj', 'PVTense/jibwaa+amo+VTA+Cnj+Pos+Neu+3SgProxSubj+3PlObvObj', 'PVTense/jibwaa+amwi+VTA+Cnj+Pos+Neu+3SgProxSubj+3PlObvObj']}, {'word_form': '.', 'fst_analyses': []}]",nj
Aapiji biichaa onigam gaa-gii'-izhi-gabadoowaang; aabitoonigam ningii'-ani-bagijinige.,The portage we used was so long I had to set my canoe down and rest halfway.,"[{'word_form': 'aapiji', 'fst_analyses': ['aapiji+ADVDeg']}, {'word_form': 'biichaa', 'fst_analyses': ['biichaa+VII+Ind+Pos+Neu+0SgSubj']}, {'word_form': 'onigam', 'fst_analyses': ['onigam+NI+Sg']}, {'word_form': ""gaa-gii'-izhi-gabadoowaang;"", 'fst_analyses': []}, {'word_form': 'aabitoonigam', 'fst_analyses': ['aabitoonigam+ADVLoc']}, {'word_form': ""ningii'-ani-bagijinige"", 'fst_analyses': [""PVTense/gii'+PVDir/ani+bagijinige+VAI+Ind+Pos+Neu+1SgSubj""]}, {'word_form': '.', 'fst_analyses': []}]",nj
Aanind binesiwag ozaawishkiinzhigwewag.,Some raptors have yellow eyes.,"[{'word_form': 'aanind', 'fst_analyses': ['aanind+ADVQnt']}, {'word_form': 'binesiwag', 'fst_analyses': ['binesi+NA+ProxPl']}, {'word_form': 'ozaawishkiinzhigwewag', 'fst_analyses': ['ozaawishkiinzhigwe+VAI+Ind+Pos+Neu+3PlProxSubj']}, {'word_form': '.', 'fst_analyses': []}]",nj
Wiinitamawaa da-agwaa'amawaawag gaa-nagamowaad.,Let the singers be served first.,"[{'word_form': 'wiinitamawaa', 'fst_analyses': ['wiinitamaw+VTA+Ind+Pos+Neu+XSubj+3SgProxObj', 'wiinitamawaa+PRONPer+NA+3Pl']}, {'word_form': ""da-agwaa'amawaawag"", 'fst_analyses': [""PVTense/ga+agwaa'amaw+VTA+Ind+Pos+Neu+XSubj+3PlProxObj""]}, {'word_form': 'gaa-nagamowaad', 'fst_analyses': ['PVSub/gaa+nagamo+VAI+Cnj+Pos+Neu+3PlProxSubj']}, {'word_form': '.', 'fst_analyses': []}]",nj
Wawenabi waa-tanagindang dibaajimoo-mazina'igan.,She's sitting herself down to read the newspaper.,"[{'word_form': 'wawenabi', 'fst_analyses': ['wawenabi+VAI+Ind+Pos+Neu+3SgProxSubj']}, {'word_form': 'waa-tanagindang', 'fst_analyses': []}, {'word_form': ""dibaajimoo-mazina'igan"", 'fst_analyses': [""dibaajimoo-mazina'igan+NI+Sg""]}, {'word_form': '.', 'fst_analyses': []}]",nj
Gii'-izhiwinaa mindimoowenh gaa-bwaanawi'od gaa-dazhi-niimi'idiwind.,The disabled old lady was taken to the powwow.,"[{'word_form': ""gii'-izhiwinaa"", 'fst_analyses': [""PVTense/gii'+izhiwizh+VTA+Ind+Pos+Neu+XSubj+3SgProxObj""]}, {'word_form': 'mindimoowenh', 'fst_analyses': ['mindimoowenh+NA+ProxSg']}, {'word_form': ""gaa-bwaanawi'od"", 'fst_analyses': [""PVSub/gaa+bwaanawi'o+VAI+Cnj+Pos+Neu+3SgProxSubj"", ""PVTense/gii+bwaanawi'o+VAI+Pcp+Pos+Neu+3SgProxSubj+3SgProxHead""]}, {'word_form': ""gaa-dazhi-niimi'idiwind"", 'fst_analyses': []}, {'word_form': '.', 'fst_analyses': []}]",nj
Zhiibaa-nibewin izhiwebishkan gimakizinan.,Kick your shoes under the bed.,"[{'word_form': 'zhiibaa-nibewin', 'fst_analyses': ['PNLex/zhiibaa+nibewin+NI+Sg', 'zhiibaa-nibewin+ADVLoc']}, {'word_form': 'izhiwebishkan', 'fst_analyses': ['izhiwebishkan+VTI+Imp+Sim+2SgSubj+0PlObj', 'izhiwebishkan+VTI+Imp+Sim+2SgSubj+0SgObj']}, {'word_form': 'gimakizinan', 'fst_analyses': ['makizin+NI+Pl+2SgPoss']}, {'word_form': '.', 'fst_analyses': []}]",nj
Ganabaj ninga-azhe-giiwewidoon. Gaawiin nindaa-debishkanziin. Ninga-meshkodoonaan.,I think I'll take it back. I won't fit it. I'll exchange  it.,"[{'word_form': 'ganabaj', 'fst_analyses': ['ganabaj+ADVMan']}, {'word_form': 'ninga-azhe-giiwewidoon', 'fst_analyses': ['PVTense/ga+PVLex/azhe+giiwewidoon+VTI+Ind+Pos+Neu+1SgSubj+0SgObj']}, {'word_form': '.', 'fst_analyses': []}, {'word_form': 'gaawiin', 'fst_analyses': ['gaawiin+ADVNeg']}, {'word_form': 'nindaa-debishkanziin', 'fst_analyses': ['PVTense/daa+debishkan+VTI+Ind+Neg+Neu+1SgSubj+0SgObj']}, {'word_form': '.', 'fst_analyses': []}, {'word_form': 'ninga-meshkodoonaan', 'fst_analyses': ['PVTense/ga+meshkodoonan+VTI+Ind+Pos+Neu+1SgSubj+0SgObj']}, {'word_form': '.', 'fst_analyses': []}]",nj
Noosiban ogii'-minopidaan biisi-manoomin.,My father really liked the taste of the broken rice.,"[{'word_form': 'noosiban', 'fst_analyses': ['oos+NAD+Pret+ProxSg+1SgPoss']}, {'word_form': ""ogii'-minopidaan"", 'fst_analyses': [""PVTense/gii'+minopidan+VTI+Ind+Pos+Neu+3SgProxSubj+0SgObj""]}, {'word_form': 'biisi-manoomin', 'fst_analyses': ['biisi-manoomin+NI+Sg', 'PNLex/biisi+manoomin+NI+Sg']}, {'word_form': '.', 'fst_analyses': []}]",nj
Gaawiin ningoji niwii-izhaasii noongom gaa-giizhigak.,I'm not going anywhere today.,"[{'word_form': 'gaawiin', 'fst_analyses': ['gaawiin+ADVNeg']}, {'word_form': 'ningoji', 'fst_analyses': ['ningoji+ADVLoc']}, {'word_form': 'niwii-izhaasii', 'fst_analyses': ['PVTense/wii+izhaa+VAI+Ind+Neg+Neu+1SgSubj']}, {'word_form': 'noongom', 'fst_analyses': ['noongom+ADVTmp']}, {'word_form': 'gaa-giizhigak', 'fst_analyses': ['PVSub/gaa+giizhigad+VII+Cnj+Pos+Neu+0SgSubj', 'PVSub/gaa+giizhigad+VII+Cnj+Pos+Neu+0PlSubj', 'PVTense/gii+giizhigad+VII+Pcp+Pos+Neu+0SgSubj+0SgHead']}, {'word_form': '.', 'fst_analyses': []}]",nj
Ningoji go niiyo-diba'iganeyaag ninga-bi-dagoshin.,I'll be back around four o'clock.,"[{'word_form': 'ningoji', 'fst_analyses': ['ningoji+ADVLoc']}, {'word_form': 'go', 'fst_analyses': ['go+PCDisc']}, {'word_form': ""niiyo-diba'iganeyaag"", 'fst_analyses': [""PVQnt/niiyo+diba'iganeyaa+VII+Cnj+Pos+Neu+0SgSubj"", ""niiyo-diba'iganeyaa+VII+Cnj+Pos+Neu+0SgSubj"", ""PVQnt/niiyo+diba'iganeyaa+VII+Cnj+Pos+Neu+0PlSubj"", ""niiyo-diba'iganeyaa+VII+Cnj+Pos+Neu+0PlSubj""]}, {'word_form': 'ninga-bi-dagoshin', 'fst_analyses': ['PVTense/ga+PVDir/bi+dagoshin+VAI+Ind+Pos+Neu+1SgSubj']}, {'word_form': '.', 'fst_analyses': []}]",nj
Gego gabeya'ii zheyaakonangen ishkwaandem. Da-biindigesewag zagimeg.,Don't leave the door open too long. The mosquitos will get in.,"[{'word_form': 'gego', 'fst_analyses': ['gego+ADVNeg']}, {'word_form': ""gabeya'ii"", 'fst_analyses': [""gabeya'ii+ADVTmp""]}, {'word_form': 'zheyaakonangen', 'fst_analyses': ['zheyaakonan+VTI+Imp+Prb+2SgSubj+0PlObj', 'zheyaakonan+VTI+Imp+Prb+2SgSubj+0SgObj']}, {'word_form': 'ishkwaandem', 'fst_analyses': ['ishkwaandem+NI+Sg']}, {'word_form': '.', 'fst_analyses': []}, {'word_form': 'da-biindigesewag', 'fst_analyses': ['PVTense/ga+biindigese+VAI+Ind+Pos+Neu+3PlProxSubj']}, {'word_form': 'zagimeg', 'fst_analyses': ['zagime+NA+ProxPl']}, {'word_form': '.', 'fst_analyses': []}]",nj
Zhooshkwa'iganaatigong izhi-bakijiigisidoon waa-shooshkwega'aman.,Put what you're going to iron across the ironing board.,"[{'word_form': ""zhooshkwa'iganaatigong"", 'fst_analyses': [""zhooshkwa'iganaatig+NI+Loc""]}, {'word_form': 'izhi-bakijiigisidoon', 'fst_analyses': []}, {'word_form': ""waa-shooshkwega'aman"", 'fst_analyses': []}, {'word_form': '.', 'fst_analyses': []}]",nj
Ningii'-awi-mawadisaa nookomis zhebaa. Wiinge go ani-oziigiingwe. Gichi-aya'aawi.,I went to visit my grandma this morning. She has more wrinkles on her face. She's an elder.,"[{'word_form': ""ningii'-awi-mawadisaa"", 'fst_analyses': [""PVTense/gii'+PVDir/awi+mawadish+VTA+Ind+Pos+Neu+1SgSubj+3SgProxObj""]}, {'word_form': 'nookomis', 'fst_analyses': ['ookomis+NAD+ProxSg+1SgPoss']}, {'word_form': 'zhebaa', 'fst_analyses': ['zhebaa+ADVTmp']}, {'word_form': '.', 'fst_analyses': []}, {'word_form': 'wiinge', 'fst_analyses': ['wiinge+ADVDeg']}, {'word_form': 'go', 'fst_analyses': ['go+PCDisc']}, {'word_form': 'ani-oziigiingwe', 'fst_analyses': ['PVDir/ani+oziigiingwe+VAI+Ind+Pos+Neu+3SgProxSubj']}, {'word_form': '.', 'fst_analyses': []}, {'word_form': ""gichi-aya'aawi"", 'fst_analyses': [""gichi-aya'aawi+VAI+Ind+Pos+Neu+3SgProxSubj""]}, {'word_form': '.', 'fst_analyses': []}]",nj
Ogidadewenamoog abinoojiinyag gaa-gaakaazootaadiwaad.,They children go around on top of the snow playing hide-and-seek.,"[{'word_form': 'ogidadewenamoog', 'fst_analyses': ['ogidadewenam+VAI+Ind+Pos+Neu+3PlProxSubj']}, {'word_form': 'abinoojiinyag', 'fst_analyses': ['abinoojiinh+NA+ProxPl']}, {'word_form': 'gaa-gaakaazootaadiwaad', 'fst_analyses': ['PVSub/gaa+gaakaazootaadiwag+VAI+Cnj+Pos+Neu+3PlProxSubj+3PlProxObj']}, {'word_form': '.', 'fst_analyses': []}]",nj
Ginandwewemigoo.,Someone is calling for you. (as you hand the phone to someone),"[{'word_form': 'ginandwewemigoo', 'fst_analyses': ['nandwewem+VTA+Ind+Pos+Neu+XSubj+2SgObj', 'nandwewem+VTA+Ind+Pos+Neu+ExclSubj+2SgObj']}, {'word_form': '.', 'fst_analyses': []}]",nj
Endasonaagosh nimawadishiwe.,I go visiting every evening.,"[{'word_form': 'endasonaagosh', 'fst_analyses': ['endasonaagosh+ADVTmp']}, {'word_form': 'nimawadishiwe', 'fst_analyses': ['mawadishiwe+VAI+Ind+Pos+Neu+1SgSubj']}, {'word_form': '.', 'fst_analyses': []}]",nj
Memwech igo weweni wii'-wiisini.,He has to have a full-course meal.,"[{'word_form': 'memwech', 'fst_analyses': ['memwech+ADVMan']}, {'word_form': 'igo', 'fst_analyses': ['igo+PCEmph']}, {'word_form': 'weweni', 'fst_analyses': ['weweni+ADVMan']}, {'word_form': ""wii'-wiisini"", 'fst_analyses': [""PVTense/wii'+wiisini+VAI+Ind+Pos+Neu+3SgProxSubj""]}, {'word_form': '.', 'fst_analyses': []}]",nj
Weweni gidaa-naanaagadawendam waa'-izhichigeyan.,Think carefully about what you are going to be doing.,"[{'word_form': 'weweni', 'fst_analyses': ['weweni+ADVMan']}, {'word_form': 'gidaa-naanaagadawendam', 'fst_analyses': ['PVTense/daa+naanaagadawendam+VAI+Ind+Pos+Neu+2SgSubj']}, {'word_form': ""waa'-izhichigeyan"", 'fst_analyses': []}, {'word_form': '.', 'fst_analyses': []}]",nj
Weweni inanjige'idizon. Gego miijiken gaa-boozaag.,Keep to a proper diet. Don't eat fatty things.,"[{'word_form': 'weweni', 'fst_analyses': ['weweni+ADVMan']}, {'word_form': ""inanjige'idizon"", 'fst_analyses': [""inanjige'+VTA+Reflex/dizo+VAI+Imp+Sim+2SgSubj+2SgObj"", ""inanjige'idizo+VAI+Imp+Sim+2SgSubj+2SgObj""]}, {'word_form': '.', 'fst_analyses': []}, {'word_form': 'gego', 'fst_analyses': ['gego+ADVNeg']}, {'word_form': 'miijiken', 'fst_analyses': ['miijin+VTI+Imp+Prb+2SgSubj+0PlObj', 'miijin+VTI+Imp+Prb+2SgSubj+0SgObj']}, {'word_form': 'gaa-boozaag', 'fst_analyses': ['PVSub/gaa+boozaa+VII+Cnj+Pos+Neu+0SgSubj', 'PVSub/gaa+boozaa+VII+Cnj+Pos+Neu+0PlSubj', 'PVTense/gii+boozaa+VII+Pcp+Pos+Neu+0SgSubj+0SgHead']}, {'word_form': '.', 'fst_analyses': []}]",nj
Gidaa-bi-giziisaginamaw ina?,Would you come and wash my floor for me?,"[{'word_form': 'gidaa-bi-giziisaginamaw', 'fst_analyses': ['PVTense/daa+PVDir/bi+giziisaginamaw+VTA+Ind+Pos+Neu+2SgSubj+1SgObj']}, {'word_form': 'ina', 'fst_analyses': ['ina+PCDisc']}, {'word_form': '?', 'fst_analyses': []}]",nj
Wiinisagaani endaad nookoo. Niwii'-awi-giziisaginamawaa.,My grandma's floor is dirty. I'm going to go wash it for her.,"[{'word_form': 'wiinisagaani', 'fst_analyses': ['wiinisagaa+VII+Ind+Pos+Neu+0SgObvSubj']}, {'word_form': 'endaad', 'fst_analyses': ['daa+VAI+Pcp+Pos+Neu+3SgProxSubj+3SgProxHead']}, {'word_form': 'nookoo', 'fst_analyses': []}, {'word_form': '.', 'fst_analyses': []}, {'word_form': ""niwii'-awi-giziisaginamawaa"", 'fst_analyses': [""PVTense/wii'+PVDir/awi+giziisaginamaw+VTA+Ind+Pos+Neu+1SgSubj+3SgProxObj""]}, {'word_form': '.', 'fst_analyses': []}]",nj
Nimaanishkaag zhiiwi-bakwezhigan.,The cake made me sick.,"[{'word_form': 'nimaanishkaag', 'fst_analyses': []}, {'word_form': 'zhiiwi-bakwezhigan', 'fst_analyses': ['zhiiwi-bakwezhigan+NA+ProxSg', 'PNLex/zhiiwi+bakwezhigan+NA+ProxSg']}, {'word_form': '.', 'fst_analyses': []}]",nj
Gaawiin geyaabi bagidanaamosii. Ningii'-nisaabaawanaa amik.,It's not breathing anymore. I drowned the beaver.,"[{'word_form': 'gaawiin', 'fst_analyses': ['gaawiin+ADVNeg']}, {'word_form': 'geyaabi', 'fst_analyses': ['geyaabi+ADVTmp']}, {'word_form': 'bagidanaamosii', 'fst_analyses': ['bagidanaamo+VAI+Ind+Neg+Neu+3SgProxSubj']}, {'word_form': '.', 'fst_analyses': []}, {'word_form': ""ningii'-nisaabaawanaa"", 'fst_analyses': [""PVTense/gii'+nisaabaawazh+VTA+Ind+Pos+Neu+1SgSubj+3SgProxObj""]}, {'word_form': 'amik', 'fst_analyses': ['amik+NA+ProxSg']}, {'word_form': '.', 'fst_analyses': []}]",nj
Agaawaa deba'oode zaga'igan; onzaam michaabikad.,The screw barely fits in because it's too big.,"[{'word_form': 'agaawaa', 'fst_analyses': ['agaawaa+ADVDeg']}, {'word_form': ""deba'oode"", 'fst_analyses': [""deba'oode+VII+Ind+Pos+Neu+0SgSubj""]}, {'word_form': ""zaga'igan;"", 'fst_analyses': []}, {'word_form': 'onzaam', 'fst_analyses': ['onzaam+ADVQnt']}, {'word_form': 'michaabikad', 'fst_analyses': ['michaabikad+VII+Ind+Pos+Neu+0SgSubj']}, {'word_form': '.', 'fst_analyses': []}]",nj
Ikosidamaw ge-izhi-onabid.,Pull something up for him where he can sit.,"[{'word_form': 'ikosidamaw', 'fst_analyses': ['ikosidamaw+VTA+Imp+Sim+2SgSubj+3SgProxObj', 'ikosidamaw+VTA+Imp+Sim+2SgSubj+3PlProxObj']}, {'word_form': 'ge-izhi-onabid', 'fst_analyses': []}, {'word_form': '.', 'fst_analyses': []}]",nj
Maagoshkoodoon gidagwana'igan ji-baakiwebaasinzinog.,Weight down your tarp so it won't blow over.,"[{'word_form': 'maagoshkoodoon', 'fst_analyses': ['maagoshkoodoon+VTI+Imp+Sim+2SgSubj+0PlObj', 'maagoshkoodoon+VTI+Imp+Sim+2SgSubj+0SgObj']}, {'word_form': ""gidagwana'igan"", 'fst_analyses': []}, {'word_form': 'ji-baakiwebaasinzinog', 'fst_analyses': ['PVTense/daa+baakiwebaasin+VII+Cnj+Neg+Neu+0PlSubj', 'PVTense/ga+baakiwebaasin+VII+Cnj+Neg+Neu+0PlSubj', 'PVTense/daa+baakiwebaasin+VII+Cnj+Neg+Neu+0SgSubj', 'PVTense/ga+baakiwebaasin+VII+Cnj+Neg+Neu+0SgSubj']}, {'word_form': '.', 'fst_analyses': []}]",nj
Dagosidoon ashkaatigoon omaa biindig.,Add some green logs in here (to the other wood).,"[{'word_form': 'dagosidoon', 'fst_analyses': ['dagosidoon+VTI+Imp+Sim+2SgSubj+0PlObj', 'dagosidoon+VTI+Imp+Sim+2SgSubj+0SgObj']}, {'word_form': 'ashkaatigoon', 'fst_analyses': ['ashkaatig+NA+ObvSg', 'ashkaatig+NI+Pl', 'ashkaatig+NA+ObvPl']}, {'word_form': 'omaa', 'fst_analyses': ['omaa+ADVLoc']}, {'word_form': 'biindig', 'fst_analyses': ['biindig+ADVLoc']}, {'word_form': '.', 'fst_analyses': []}]",nj
Ogii-tagosidoon gookooshiwi-wiiyaas gii-bigishkiboodood moozo-wiiyaas,He put in some pork when he ground up the moose meat.,"[{'word_form': 'ogii-tagosidoon', 'fst_analyses': ['PVTense/gii+dagosidoon+VTI+Ind+Pos+Neu+3SgProxSubj+0SgObj']}, {'word_form': 'gookooshiwi-wiiyaas', 'fst_analyses': ['gookooshiwi-wiiyaas+NI+Sg']}, {'word_form': 'gii-bigishkiboodood', 'fst_analyses': ['PVTense/gii+bigishkiboodoon+VTI+Cnj+Pos+Neu+3SgProxSubj+0PlObj', 'PVTense/gii+bigishkiboodoon+VTI+Cnj+Pos+Neu+3SgProxSubj+0SgObj']}, {'word_form': 'moozo-wiiyaas', 'fst_analyses': ['moozo-wiiyaas+NI+Sg']}]",nj
Aasamajiw debinaagoziwag wiigwaasaatigoog.,There are birch trees over there on side of the hill,"[{'word_form': 'aasamajiw', 'fst_analyses': ['aasamajiw+ADVLoc']}, {'word_form': 'debinaagoziwag', 'fst_analyses': ['debinaagozi+VAI+Ind+Pos+Neu+3PlProxSubj']}, {'word_form': 'wiigwaasaatigoog', 'fst_analyses': ['wiigwaasaatig+NA+ProxPl']}, {'word_form': '.', 'fst_analyses': []}]",nj
Wiineta go agwaa'amaazo.,He's only dishing it out for himself.,"[{'word_form': 'wiineta', 'fst_analyses': ['wiineta+PRONPer+NA+3Sg']}, {'word_form': 'go', 'fst_analyses': ['go+PCDisc']}, {'word_form': ""agwaa'amaazo"", 'fst_analyses': [""agwaa'amaazo+VAI+Ind+Pos+Neu+3SgProxSubj""]}, {'word_form': '.', 'fst_analyses': []}]",nj
Ininamaw odoonaagan ji-agwaa'amaazod.,Hand him a plate so he can dish up his own meal.,"[{'word_form': 'ininamaw', 'fst_analyses': ['ininamaw+VTA+Imp+Sim+2SgSubj+3SgProxObj', 'ininamaw+VTA+Imp+Sim+2SgSubj+3PlProxObj']}, {'word_form': 'odoonaagan', 'fst_analyses': ['onaagan+NI+Sg+3SgProxPoss']}, {'word_form': ""ji-agwaa'amaazod"", 'fst_analyses': [""PVTense/daa+agwaa'amaazo+VAI+Cnj+Pos+Neu+3SgProxSubj"", ""PVTense/ga+agwaa'amaazo+VAI+Cnj+Pos+Neu+3SgProxSubj""]}, {'word_form': '.', 'fst_analyses': []}]",nj
Agaasademon onigam.,The portage is a narrow trail.,"[{'word_form': 'agaasademon', 'fst_analyses': ['agaasademon+VII+Ind+Pos+Neu+0SgSubj']}, {'word_form': 'onigam', 'fst_analyses': ['onigam+NI+Sg']}, {'word_form': '.', 'fst_analyses': []}]",nj
Gego mashi biindigeken. Geyaabi nibiiwisagaa. Noongom nindishkwaa-giziisaginige.,Don't come in yet. The floor is still wet. I just now finished washing it.,"[{'word_form': 'gego', 'fst_analyses': ['gego+ADVNeg']}, {'word_form': 'mashi', 'fst_analyses': ['mashi+ADVTmp']}, {'word_form': 'biindigeken', 'fst_analyses': ['biindige+VAI+Imp+Prb+2SgSubj']}, {'word_form': '.', 'fst_analyses': []}, {'word_form': 'geyaabi', 'fst_analyses': ['geyaabi+ADVTmp']}, {'word_form': 'nibiiwisagaa', 'fst_analyses': ['nibiiwisagaa+VII+Ind+Pos+Neu+0SgSubj']}, {'word_form': '.', 'fst_analyses': []}, {'word_form': 'noongom', 'fst_analyses': ['noongom+ADVTmp']}, {'word_form': 'nindishkwaa-giziisaginige', 'fst_analyses': ['PVLex/ishkwaa+giziisaginige+VAI+Ind+Pos+Neu+1SgSubj']}, {'word_form': '.', 'fst_analyses': []}]",nj
Dakisijiganing izhi-atoon gaa-gii'-ishkwandaman ji-wanaajisinzinog.,Put your leftovers in the refrigerator so they don't spoil.,"[{'word_form': 'dakisijiganing', 'fst_analyses': ['dakisijigan+NI+Loc']}, {'word_form': 'izhi-atoon', 'fst_analyses': ['PVRel/izhi+atoon+VTI+Imp+Sim+2SgSubj+0PlObj', 'PVRel/izhi+atoon+VTI+Imp+Sim+2SgSubj+0SgObj']}, {'word_form': ""gaa-gii'-ishkwandaman"", 'fst_analyses': [""PVSub/gaa+PVTense/gii'+ishkwandan+VTI+Cnj+Pos+Neu+2SgSubj+0PlObj"", ""PVSub/gaa+PVTense/gii'+ishkwandan+VTI+Cnj+Pos+Neu+2SgSubj+0SgObj""]}, {'word_form': 'ji-wanaajisinzinog', 'fst_analyses': ['PVTense/daa+wanaajisin+VII+Cnj+Neg+Neu+0PlSubj', 'PVTense/ga+wanaajisin+VII+Cnj+Neg+Neu+0PlSubj', 'PVTense/daa+wanaajisin+VII+Cnj+Neg+Neu+0SgSubj', 'PVTense/ga+wanaajisin+VII+Cnj+Neg+Neu+0SgSubj']}, {'word_form': '.', 'fst_analyses': []}]",nj
Gomaa go inigokwaa nindakisijigan.,My fridge is just middle sized.,"[{'word_form': 'gomaa', 'fst_analyses': ['gomaa+ADVDeg']}, {'word_form': 'go', 'fst_analyses': ['go+PCDisc']}, {'word_form': 'inigokwaa', 'fst_analyses': ['inigokwaa+VII+Ind+Pos+Neu+0SgSubj']}, {'word_form': 'nindakisijigan', 'fst_analyses': ['dakisijigan+NI+Sg+1SgPoss']}, {'word_form': '.', 'fst_analyses': []}]",nj
Noomaya go mayaawabi. Mii bijiinag gii-goshkozid.,She's sitting up now. She just woke up.,"[{'word_form': 'noomaya', 'fst_analyses': ['noomaya+ADVTmp']}, {'word_form': 'go', 'fst_analyses': ['go+PCDisc']}, {'word_form': 'mayaawabi', 'fst_analyses': ['mayaawabi+VAI+Ind+Pos+Neu+3SgProxSubj']}, {'word_form': '.', 'fst_analyses': []}, {'word_form': 'mii', 'fst_analyses': ['mii+ADVPred']}, {'word_form': 'bijiinag', 'fst_analyses': ['bijiinag+ADVTmp']}, {'word_form': 'gii-goshkozid', 'fst_analyses': ['PVTense/gii+goshkozi+VAI+Cnj+Pos+Neu+3SgProxSubj']}, {'word_form': '.', 'fst_analyses': []}]",nj
Daga ningodonaagaans naazikamawishin nitii ge-minikweyaan.,Would you please go get me a cup of tea to drink.,"[{'word_form': 'daga', 'fst_analyses': ['daga+PCDisc']}, {'word_form': 'ningodonaagaans', 'fst_analyses': ['ningodonaagaans+NUM']}, {'word_form': 'naazikamawishin', 'fst_analyses': ['naazikamaw+VTA+Imp+Sim+2SgSubj+1SgObj']}, {'word_form': 'nitii', 'fst_analyses': ['nitii+NI+Sg']}, {'word_form': 'ge-minikweyaan', 'fst_analyses': []}, {'word_form': '.', 'fst_analyses': []}]",nj
Aaniin epiitagoodooyan gima'iingani-nagwaaganan.,How high do you put your wolf snares?,"[{'word_form': 'aaniin', 'fst_analyses': ['aaniin+PCInterj', 'aaniin+ADVInter']}, {'word_form': 'epiitagoodooyan', 'fst_analyses': []}, {'word_form': ""gima'iingani-nagwaaganan"", 'fst_analyses': [""ma'iingani-nagwaagan+NI+Pl+2SgPoss""]}, {'word_form': '.', 'fst_analyses': []}]",nj
Minwapikaade apikaanashk gaa-agoodeg biinjidaabaan.,The sweetgrass hanging in the car is nicely braided.,"[{'word_form': 'minwapikaade', 'fst_analyses': ['minwapikaade+VII+Ind+Pos+Neu+0SgSubj']}, {'word_form': 'apikaanashk', 'fst_analyses': ['apikaanashk+NI+Sg']}, {'word_form': 'gaa-agoodeg', 'fst_analyses': ['PVSub/gaa+agoode+VII+Cnj+Pos+Neu+0SgSubj', 'PVSub/gaa+agoode+VII+Cnj+Pos+Neu+0PlSubj', 'PVTense/gii+agoode+VII+Pcp+Pos+Neu+0SgSubj+0SgHead']}, {'word_form': 'biinjidaabaan', 'fst_analyses': ['biinjidaabaan+ADVLoc']}, {'word_form': '.', 'fst_analyses': []}]",nj
Aasamaabik mazinaabikinigan naagwad.,There's a rock painting visible on the rock face.,"[{'word_form': 'aasamaabik', 'fst_analyses': ['aasamaabik+ADVLoc']}, {'word_form': 'mazinaabikinigan', 'fst_analyses': ['mazinaabikinigan+NI+Sg']}, {'word_form': 'naagwad', 'fst_analyses': ['naagwad+VII+Ind+Pos+Neu+0SgSubj']}, {'word_form': '.', 'fst_analyses': []}]",nj
Naaningoding eta go ningaganoonaa.,I only talk to him once in a while.,"[{'word_form': 'naaningoding', 'fst_analyses': ['naaningoding+ADVTmp']}, {'word_form': 'eta', 'fst_analyses': ['eta+ADVDeg']}, {'word_form': 'go', 'fst_analyses': ['go+PCDisc']}, {'word_form': 'ningaganoonaa', 'fst_analyses': ['gaganoozh+VTA+Ind+Pos+Neu+1SgSubj+3SgProxObj']}, {'word_form': '.', 'fst_analyses': []}]",nj
Bookwaabikiboodoon zaga'igan giishpin onzaam ginwaabikak.,File the nail in half if it is too long.,"[{'word_form': 'bookwaabikiboodoon', 'fst_analyses': ['bookwaabikiboodoon+VTI+Imp+Sim+2SgSubj+0PlObj', 'bookwaabikiboodoon+VTI+Imp+Sim+2SgSubj+0SgObj']}, {'word_form': ""zaga'igan"", 'fst_analyses': [""zaga'igan+NI+Sg""]}, {'word_form': 'giishpin', 'fst_analyses': ['giishpin+ADVGram']}, {'word_form': 'onzaam', 'fst_analyses': ['onzaam+ADVQnt']}, {'word_form': 'ginwaabikak', 'fst_analyses': ['ginwaabikad+VII+Cnj+Pos+Neu+0SgSubj', 'ginwaabikad+VII+Cnj+Pos+Neu+0PlSubj']}, {'word_form': '.', 'fst_analyses': []}]",nj
Andawaabandan misan jibwaa-dibikak. Giga-giikajingwaamomin.,Look for some firewood before dark or else we will be cold tonight.,"[{'word_form': 'andawaabandan', 'fst_analyses': ['andawaabandan+VTI+Imp+Sim+2SgSubj+0PlObj', 'andawaabandan+VTI+Imp+Sim+2SgSubj+0SgObj']}, {'word_form': 'misan', 'fst_analyses': ['mishi+NI+Pl']}, {'word_form': 'jibwaa-dibikak', 'fst_analyses': ['PVTense/jibwaa+dibikad+VII+Cnj+Pos+Neu+0SgSubj', 'PVTense/jibwaa+dibikad+VII+Cnj+Pos+Neu+0PlSubj']}, {'word_form': '.', 'fst_analyses': []}, {'word_form': 'giga-giikajingwaamomin', 'fst_analyses': ['PVTense/ga+giikajingwaamo+VAI+Ind+Pos+Neu+InclSubj']}, {'word_form': '.', 'fst_analyses': []}]",nj
Obiminizha'aan mino-inaadiziwin.,She leads the good life.,"[{'word_form': ""obiminizha'aan"", 'fst_analyses': [""biminizha'an+VTI+Ind+Pos+Neu+3SgProxSubj+0SgObj""]}, {'word_form': 'mino-inaadiziwin', 'fst_analyses': ['PNLex/mino+inaadiziwin+NI+Sg']}, {'word_form': '.', 'fst_analyses': []}]",nj
Akakojiishi gii'-mookii.,A groundhog came to the surface.,"[{'word_form': 'akakojiishi', 'fst_analyses': ['akakojiishi+NA+ProxSg']}, {'word_form': ""gii'-mookii"", 'fst_analyses': [""PVTense/gii'+mookii+VAI+Ind+Pos+Neu+3SgProxSubj""]}, {'word_form': '.', 'fst_analyses': []}]",nj
Agaamashkiig nitaawiginoon mashkiigiminan.,There are cranberries growing there across the muskeg.,"[{'word_form': 'agaamashkiig', 'fst_analyses': ['agaamashkiig+ADVLoc']}, {'word_form': 'nitaawiginoon', 'fst_analyses': ['nitaawigin+VII+Ind+Pos+Neu+0PlSubj']}, {'word_form': 'mashkiigiminan', 'fst_analyses': ['mashkiigimin+NI+Pl']}, {'word_form': '.', 'fst_analyses': []}]",nj
Zhagashkaanaamik izhi-bagidaabiin.,Use a set line right on the bottom.,"[{'word_form': 'zhagashkaanaamik', 'fst_analyses': ['zhagashkaanaamik+ADVLoc']}, {'word_form': 'izhi-bagidaabiin', 'fst_analyses': ['PVRel/izhi+bagidaabii+VAI+Imp+Sim+2SgSubj']}, {'word_form': '.', 'fst_analyses': []}]",nj
Ningii-tebaabamaa gaa-mitaaskiiwe-bagizod.,I saw a skinny dipper from far away.,"[{'word_form': 'ningii-tebaabamaa', 'fst_analyses': ['PVTense/gii+debaabam+VTA+Ind+Pos+Neu+1SgSubj+3SgProxObj']}, {'word_form': 'gaa-mitaaskiiwe-bagizod', 'fst_analyses': ['PVSub/gaa+mitaaskiiwe-bagizo+VAI+Cnj+Pos+Neu+3SgProxSubj', 'PVTense/gii+mitaaskiiwe-bagizo+VAI+Pcp+Pos+Neu+3SgProxSubj+3SgProxHead']}, {'word_form': '.', 'fst_analyses': []}]",nj
Giga-waabamaanaan bimi-aazhawaadagaaziid awiya.,We'll see it if something (an animal) crosses the water.,"[{'word_form': 'giga-waabamaanaan', 'fst_analyses': ['PVTense/ga+waabam+VTA+Ind+Pos+Neu+InclSubj+3SgObvObj', 'PVTense/ga+waabam+VTA+Ind+Pos+Neu+InclSubj+3SgProxObj']}, {'word_form': 'bimi-aazhawaadagaaziid', 'fst_analyses': ['PVDir/bimi+aazhawaadagaazii+VAI+Cnj+Pos+Neu+3SgProxSubj']}, {'word_form': 'awiya', 'fst_analyses': ['awiya+PRONIndf+NA']}, {'word_form': '.', 'fst_analyses': []}]",nj
Gigii'-noondam ina gaa'-inakamigak gichi-oodenaang?,Did you hear what happened in the big city?,"[{'word_form': ""gigii'-noondam"", 'fst_analyses': [""PVTense/gii'+noondam+VAI+Ind+Pos+Neu+2SgSubj""]}, {'word_form': 'ina', 'fst_analyses': ['ina+PCDisc']}, {'word_form': ""gaa'-inakamigak"", 'fst_analyses': [""PVTense/gii'+inakamigad+VII+Pcp+Pos+Neu+0SgSubj+0SgHead""]}, {'word_form': 'gichi-oodenaang', 'fst_analyses': ['PNLex/gichi+oodena+NI+Loc', 'gichi-oodena+NI+Loc', 'PNLex/chi+oodena+NI+Loc+2SgPoss']}, {'word_form': '?', 'fst_analyses': []}]",nj
Giizhaa ningii'-noondam wii-pi-gichi-izhiwebak bijiinaago.,I was informed ahead of time that there was a big storm coming our way yesterday.,"[{'word_form': 'giizhaa', 'fst_analyses': ['giizhaa+ADVTmp']}, {'word_form': ""ningii'-noondam"", 'fst_analyses': [""PVTense/gii'+noondam+VAI+Ind+Pos+Neu+1SgSubj""]}, {'word_form': 'wii-pi-gichi-izhiwebak', 'fst_analyses': ['PVTense/wii+PVDir/bi+gichi-izhiwebad+VII+Cnj+Pos+Neu+0SgSubj', 'PVTense/wii+PVDir/bi+PVLex/gichi+izhiwebad+VII+Cnj+Pos+Neu+0SgSubj', 'PVTense/wii+PVDir/bi+gichi-izhiwebad+VII+Cnj+Pos+Neu+0PlSubj', 'PVTense/wii+PVDir/bi+PVLex/gichi+izhiwebad+VII+Cnj+Pos+Neu+0PlSubj']}, {'word_form': 'bijiinaago', 'fst_analyses': ['bijiinaago+ADVTmp']}, {'word_form': '.', 'fst_analyses': []}]",nj
Gonige ogii'-nisidotaan gaa-gii'-izhibii'amawag.,I wonder if he understood what I wrote him about.,"[{'word_form': 'gonige', 'fst_analyses': ['gonige+ADVPred']}, {'word_form': ""ogii'-nisidotaan"", 'fst_analyses': [""PVTense/gii'+nisidotan+VTI+Ind+Pos+Neu+3SgProxSubj+0SgObj""]}, {'word_form': ""gaa-gii'-izhibii'amawag"", 'fst_analyses': [""PVSub/gaa+PVTense/gii'+izhibii'amaw+VTA+Cnj+Pos+Neu+1SgSubj+3SgProxObj""]}, {'word_form': '.', 'fst_analyses': []}]",nj
Gonige gidaa-awi' midaaswaabik.,I wonder if you could lend me ten bucks?,"[{'word_form': 'gonige', 'fst_analyses': ['gonige+ADVPred']}, {'word_form': ""gidaa-awi'"", 'fst_analyses': [""PVTense/daa+awi'+VTA+Ind+Pos+Neu+2SgSubj+1SgObj""]}, {'word_form': 'midaaswaabik', 'fst_analyses': ['midaaswaabik+NUM']}, {'word_form': '.', 'fst_analyses': []}]",nj
Gonige aabawaadog.,I wonder if it's warm out.,"[{'word_form': 'gonige', 'fst_analyses': ['gonige+ADVPred']}, {'word_form': 'aabawaadog', 'fst_analyses': ['aabawaa+VII+Ind+Pos+Dub+0SgSubj']}, {'word_form': '.', 'fst_analyses': []}]",nj
Naanaagadawaabam ezhichiged.,Watch and analyze what she's doing.,"[{'word_form': 'naanaagadawaabam', 'fst_analyses': ['naanaagadawaabam+VTA+Imp+Sim+2SgSubj+3SgProxObj', 'naanaagadawaabam+VTA+Imp+Sim+2SgSubj+3PlProxObj']}, {'word_form': 'ezhichiged', 'fst_analyses': ['izhichige+VAI+Pcp+Pos+Neu+3SgProxSubj+3SgProxHead']}, {'word_form': '.', 'fst_analyses': []}]",nj
Aanind eta go.,Just some.,"[{'word_form': 'aanind', 'fst_analyses': ['aanind+ADVQnt']}, {'word_form': 'eta', 'fst_analyses': ['eta+ADVDeg']}, {'word_form': 'go', 'fst_analyses': ['go+PCDisc']}, {'word_form': '.', 'fst_analyses': []}]",nj
Aanind eta go gii'-ando-bagizowag gii-ani-onaagoshig.,Only some of them went swimming in the evening.,"[{'word_form': 'aanind', 'fst_analyses': ['aanind+ADVQnt']}, {'word_form': 'eta', 'fst_analyses': ['eta+ADVDeg']}, {'word_form': 'go', 'fst_analyses': ['go+PCDisc']}, {'word_form': ""gii'-ando-bagizowag"", 'fst_analyses': [""PVTense/gii'+PVLex/ando+bagizo+VAI+Ind+Pos+Neu+3PlProxSubj""]}, {'word_form': 'gii-ani-onaagoshig', 'fst_analyses': ['PVTense/gii+PVDir/ani+onaagoshin+VII+Cnj+Pos+Neu+0SgSubj', 'PVTense/gii+PVDir/ani+onaagoshin+VII+Cnj+Pos+Neu+0PlSubj']}, {'word_form': '.', 'fst_analyses': []}]",nj
Aanind gaawiin gegoo omaa atesinoon gey-aabajitooyangoban.,Some of the things we're supposed to be using are missing.,"[{'word_form': 'aanind', 'fst_analyses': ['aanind+ADVQnt']}, {'word_form': 'gaawiin', 'fst_analyses': ['gaawiin+ADVNeg']}, {'word_form': 'gegoo', 'fst_analyses': ['gegoo+PRONIndf+NI']}, {'word_form': 'omaa', 'fst_analyses': ['omaa+ADVLoc']}, {'word_form': 'atesinoon', 'fst_analyses': ['ate+VII+Ind+Neg+Neu+0PlSubj', 'ate+VII+Ind+Neg+Neu+0SgSubj']}, {'word_form': 'gey-aabajitooyangoban', 'fst_analyses': []}, {'word_form': '.', 'fst_analyses': []}]",nj
Awasigamig danakamigad.,The shindig is in the next building.,"[{'word_form': 'awasigamig', 'fst_analyses': ['awasigamig+ADVLoc']}, {'word_form': 'danakamigad', 'fst_analyses': ['danakamigad+VII+Ind+Pos+Neu+0SgSubj']}, {'word_form': '.', 'fst_analyses': []}]",nj
Bijiinaago ningii-kinisinaa'ogomin agaami-zaaga'igan onzaam gii'-mamaangaashkaa.,We got stranded across the lake yesterday because the waves were too big.,"[{'word_form': 'bijiinaago', 'fst_analyses': ['bijiinaago+ADVTmp']}, {'word_form': ""ningii-kinisinaa'ogomin"", 'fst_analyses': [""PVTense/gii+ginisinaa'ogo+VAI+Ind+Pos+Neu+ExclSubj""]}, {'word_form': ""agaami-zaaga'igan"", 'fst_analyses': [""PNLex/agaami+zaaga'igan+NI+Sg"", ""agaami-zaaga'igan+ADVLoc""]}, {'word_form': 'onzaam', 'fst_analyses': ['onzaam+ADVQnt']}, {'word_form': ""gii'-mamaangaashkaa"", 'fst_analyses': [""PVTense/gii'+mamaangaashkaa+VII+Ind+Pos+Neu+0SgSubj""]}, {'word_form': '.', 'fst_analyses': []}]",nj
Baamaa waabang giga-bi-naazikawin.,Wait until tomorrow  and I'll come and get you then.,"[{'word_form': 'baamaa', 'fst_analyses': ['baamaa+ADVTmp']}, {'word_form': 'waabang', 'fst_analyses': ['waaban+VII+Cnj+Pos+Neu+0SgSubj', 'waaban+VII+Cnj+Pos+Neu+0PlSubj']}, {'word_form': 'giga-bi-naazikawin', 'fst_analyses': ['PVTense/ga+PVDir/bi+naazikaw+VTA+Ind+Pos+Neu+1SgSubj+2SgObj']}, {'word_form': '.', 'fst_analyses': []}]",nj
Naagaj baamaa giga-dazhiikaamin.,We'll work on it later.,"[{'word_form': 'naagaj', 'fst_analyses': ['naagaj+ADVQnt']}, {'word_form': 'baamaa', 'fst_analyses': ['baamaa+ADVTmp']}, {'word_form': 'giga-dazhiikaamin', 'fst_analyses': ['PVTense/ga+dazhiikan+VTI+Ind+Pos+Neu+InclSubj+0PlObj', 'PVTense/ga+dazhiikan+VTI+Ind+Pos+Neu+InclSubj+0SgObj']}, {'word_form': '.', 'fst_analyses': []}]",nj
Inoo'amaw inakeya'ii ge-izhi-onabid.,Point out to her where she should sit.,"[{'word_form': ""inoo'amaw"", 'fst_analyses': [""inoo'amaw+VTA+Imp+Sim+2SgSubj+3SgProxObj"", ""inoo'amaw+VTA+Imp+Sim+2SgSubj+3PlProxObj""]}, {'word_form': ""inakeya'ii"", 'fst_analyses': [""inakeya'ii+ADVDeg""]}, {'word_form': 'ge-izhi-onabid', 'fst_analyses': []}, {'word_form': '.', 'fst_analyses': []}]",nj
Gii-kibozigwajiwag amikwag.,The beavers got frozen over (in their house).,"[{'word_form': 'gii-kibozigwajiwag', 'fst_analyses': ['PVTense/gii+gibozigwaji+VAI+Ind+Pos+Neu+3PlProxSubj']}, {'word_form': 'amikwag', 'fst_analyses': ['amik+NA+ProxPl']}, {'word_form': '.', 'fst_analyses': []}]",nj
Agaawaa gii-te-mizhagaa; gegaa gii-kibozigwaji.,He barely made it to shore before he got frozen in (with the canoe).,"[{'word_form': 'agaawaa', 'fst_analyses': ['agaawaa+ADVDeg']}, {'word_form': 'gii-te-mizhagaa;', 'fst_analyses': []}, {'word_form': 'gegaa', 'fst_analyses': ['gegaa+ADVDeg']}, {'word_form': 'gii-kibozigwaji', 'fst_analyses': ['PVTense/gii+gibozigwaji+VAI+Ind+Pos+Neu+3SgProxSubj']}, {'word_form': '.', 'fst_analyses': []}]",nj
Gegaa ningii'-ozhaashibiz gii-bi-giiwebizoyaan.,I almost slide off the road on my way home.,"[{'word_form': 'gegaa', 'fst_analyses': ['gegaa+ADVDeg']}, {'word_form': ""ningii'-ozhaashibiz"", 'fst_analyses': [""PVTense/gii'+ozhaashibizo+VAI+Ind+Pos+Neu+1SgSubj""]}, {'word_form': 'gii-bi-giiwebizoyaan', 'fst_analyses': ['PVTense/gii+PVDir/bi+giiwebizo+VAI+Cnj+Pos+Neu+1SgSubj']}, {'word_form': '.', 'fst_analyses': []}]",nj
Niibiwa na giin gidayaan waasigani-bimide.,Do you have a lot of gas?,"[{'word_form': 'niibiwa', 'fst_analyses': ['niibiwa+ADVQnt']}, {'word_form': 'na', 'fst_analyses': ['na+PCDisc']}, {'word_form': 'giin', 'fst_analyses': ['giin+PRONPer+NA+2Sg']}, {'word_form': 'gidayaan', 'fst_analyses': ['ayaan+VTI+Ind+Pos+Neu+2SgSubj+0SgObj']}, {'word_form': 'waasigani-bimide', 'fst_analyses': ['waasigani-bimide+NI+Sg']}, {'word_form': '.', 'fst_analyses': []}]",nj
Niibiwa diba'amawaa gaa-gikinoo'amaaged.,The teacher makes a lot of money.,"[{'word_form': 'niibiwa', 'fst_analyses': ['niibiwa+ADVQnt']}, {'word_form': ""diba'amawaa"", 'fst_analyses': [""diba'amaw+VTA+Ind+Pos+Neu+XSubj+3SgProxObj""]}, {'word_form': ""gaa-gikinoo'amaaged"", 'fst_analyses': [""PVSub/gaa+gikinoo'amaage+VAI+Cnj+Pos+Neu+3SgProxSubj"", ""PVTense/gii+gikinoo'amaage+VAI+Pcp+Pos+Neu+3SgProxSubj+3SgProxHead""]}, {'word_form': '.', 'fst_analyses': []}]",nj
Naawikwam awi-dwaa'igen.,Go make your hole in the middle of the ice.,"[{'word_form': 'naawikwam', 'fst_analyses': ['naawikwam+ADVLoc']}, {'word_form': ""awi-dwaa'igen"", 'fst_analyses': [""PVDir/awi+dwaa'ige+VAI+Imp+Sim+2SgSubj""]}, {'word_form': '.', 'fst_analyses': []}]",nj
Gii-ziigwang binadowe animosh. Ditisadowe gii-niibininig.,A dog sheds (its fine fur) in the spring. It has a real thin coat in the summer.,"[{'word_form': 'gii-ziigwang', 'fst_analyses': ['PVTense/gii+ziigwan+VII+Cnj+Pos+Neu+0SgSubj', 'PVTense/gii+ziigwan+VII+Cnj+Pos+Neu+0PlSubj']}, {'word_form': 'binadowe', 'fst_analyses': ['binadowe+VAI+Ind+Pos+Neu+3SgProxSubj']}, {'word_form': 'animosh', 'fst_analyses': ['animosh+NA+ProxSg']}, {'word_form': '.', 'fst_analyses': []}, {'word_form': 'ditisadowe', 'fst_analyses': ['ditisadowe+VAI+Ind+Pos+Neu+3SgProxSubj']}, {'word_form': 'gii-niibininig', 'fst_analyses': ['PVTense/gii+niibin+VII+Cnj+Pos+Neu+0PlObvSubj', 'PVTense/gii+niibin+VII+Cnj+Pos+Neu+0SgObvSubj']}, {'word_form': '.', 'fst_analyses': []}]",nj
Agaawaa go naagoziwag anangoog; ganabaj wiiba da-zoogipon.,The stars are dim. I think there's snow coming soon.,"[{'word_form': 'agaawaa', 'fst_analyses': ['agaawaa+ADVDeg']}, {'word_form': 'go', 'fst_analyses': ['go+PCDisc']}, {'word_form': 'naagoziwag', 'fst_analyses': ['naagozi+VAI+Ind+Pos+Neu+3PlProxSubj']}, {'word_form': 'anangoog;', 'fst_analyses': []}, {'word_form': 'ganabaj', 'fst_analyses': ['ganabaj+ADVMan']}, {'word_form': 'wiiba', 'fst_analyses': ['wiiba+ADVTmp']}, {'word_form': 'da-zoogipon', 'fst_analyses': ['PVTense/ga+zoogipon+VII+Ind+Pos+Neu+0SgSubj']}, {'word_form': '.', 'fst_analyses': []}]",nj
Aaniin ekoosagak.,How long is it (something of finished wood)?,"[{'word_form': 'aaniin', 'fst_analyses': ['aaniin+PCInterj', 'aaniin+ADVInter']}, {'word_form': 'ekoosagak', 'fst_analyses': ['akoosagad+VII+Pcp+Pos+Neu+0SgSubj+0SgHead']}, {'word_form': '.', 'fst_analyses': []}]",nj
Bwaawishkaa odaabaanaak. Ganabaj onzaam magozigoshin.,The sled won't go. I think it's too iced up.,"[{'word_form': 'bwaawishkaa', 'fst_analyses': ['bwaawishkaa+VAI+Ind+Pos+Neu+3SgProxSubj', 'bwaawishkaa+VII+Ind+Pos+Neu+0SgSubj']}, {'word_form': 'odaabaanaak', 'fst_analyses': ['odaabaanaak+NA+ProxSg']}, {'word_form': '.', 'fst_analyses': []}, {'word_form': 'ganabaj', 'fst_analyses': ['ganabaj+ADVMan']}, {'word_form': 'onzaam', 'fst_analyses': ['onzaam+ADVQnt']}, {'word_form': 'magozigoshin', 'fst_analyses': ['magozigoshin+VAI+Ind+Pos+Neu+3SgProxSubj']}, {'word_form': '.', 'fst_analyses': []}]",nj
Gii'-ani-mikawi. Ani-aabiziishin.,He came to. He's coming back to life.,"[{'word_form': ""gii'-ani-mikawi"", 'fst_analyses': [""PVTense/gii'+PVDir/ani+mikawi+VAI+Ind+Pos+Neu+3SgProxSubj""]}, {'word_form': '.', 'fst_analyses': []}, {'word_form': 'ani-aabiziishin', 'fst_analyses': ['PVDir/ani+aabiziishin+VAI+Ind+Pos+Neu+3SgProxSubj']}, {'word_form': '.', 'fst_analyses': []}]",nj
Ogii-tebibidoon jiimaan jibwaa-niminaaweyaasininig.,He caught the canoe before it blew out into the lake.,"[{'word_form': 'ogii-tebibidoon', 'fst_analyses': ['PVTense/gii+debibidoon+VTI+Ind+Pos+Neu+3SgProxSubj+0SgObj']}, {'word_form': 'jiimaan', 'fst_analyses': ['jiimaan+NI+Sg']}, {'word_form': 'jibwaa-niminaaweyaasininig', 'fst_analyses': ['PVTense/jibwaa+niminaaweyaasin+VII+Cnj+Pos+Neu+0PlObvSubj', 'PVTense/jibwaa+niminaaweyaasin+VII+Cnj+Pos+Neu+0SgObvSubj']}, {'word_form': '.', 'fst_analyses': []}]",nj
Gego babaamenimaaken animoshag gaa-miigaadiwaad. Giga-bitamigoog.,Don't bother the fighting dogs. They might accidentally bite you.,"[{'word_form': 'gego', 'fst_analyses': ['gego+ADVNeg']}, {'word_form': 'babaamenimaaken', 'fst_analyses': ['babaamenim+VTA+Imp+Prb+2SgSubj+3PlProxObj', 'babaamenim+VTA+Imp+Prb+2SgSubj+3SgProxObj']}, {'word_form': 'animoshag', 'fst_analyses': ['animosh+NA+ProxPl']}, {'word_form': 'gaa-miigaadiwaad', 'fst_analyses': ['PVSub/gaa+miigaadiwag+VAI+Cnj+Pos+Neu+3PlProxSubj+3PlProxObj']}, {'word_form': '.', 'fst_analyses': []}, {'word_form': 'giga-bitamigoog', 'fst_analyses': ['PVTense/ga+bitam+VTA+Ind+Pos+Neu+3PlProxSubj+2SgObj']}, {'word_form': '.', 'fst_analyses': []}]",nj
Naadwewem mooz.,Call the moose.,"[{'word_form': 'naadwewem', 'fst_analyses': ['naadwewem+VTA+Imp+Sim+2SgSubj+3SgProxObj', 'naadwewem+VTA+Imp+Sim+2SgSubj+3PlProxObj']}, {'word_form': 'mooz', 'fst_analyses': ['moonz+NA+ProxSg', 'mooz+NA+ProxSg']}, {'word_form': '.', 'fst_analyses': []}]",nj
Opimeya'ii ani-inaaboonodaa.,Let's go down the rapids on the side.,"[{'word_form': ""opimeya'ii"", 'fst_analyses': [""opimeya'ii+ADVLoc""]}, {'word_form': 'ani-inaaboonodaa', 'fst_analyses': ['PVDir/ani+inaaboono+VAI+Imp+Del+InclSubj', 'PVDir/ani+inaaboono+VAI+Imp+Sim+InclSubj']}, {'word_form': '.', 'fst_analyses': []}]",nj
Aaniin epiichaag oodenaang? |  Niisimidana daso-diba'igan apiichaa.,How far to town? | I think it is about thirty miles.,"[{'word_form': 'aaniin', 'fst_analyses': ['aaniin+PCInterj', 'aaniin+ADVInter']}, {'word_form': 'epiichaag', 'fst_analyses': ['apiichaa+VII+Pcp+Pos+Neu+0SgSubj+0SgHead']}, {'word_form': 'oodenaang', 'fst_analyses': ['oodena+NI+Loc']}, {'word_form': '?', 'fst_analyses': []}, {'word_form': '|', 'fst_analyses': []}, {'word_form': 'niisimidana', 'fst_analyses': []}, {'word_form': ""daso-diba'igan"", 'fst_analyses': [""daso-diba'igan+NUM""]}, {'word_form': 'apiichaa', 'fst_analyses': ['apiichaa+VII+Ind+Pos+Neu+0SgSubj']}, {'word_form': '.', 'fst_analyses': []}]",nj
Eyiidawitawag gibishe.,He's deaf in both ears.,"[{'word_form': 'eyiidawitawag', 'fst_analyses': ['eyiidawitawag+ADVLoc']}, {'word_form': 'gibishe', 'fst_analyses': ['gibishe+VAI+Ind+Pos+Neu+3SgProxSubj']}, {'word_form': '.', 'fst_analyses': []}]",nj
Mooz animibatoo. Jiigaakwaang ani-apatoo.,A moose is running away. He's running along the edge of the trees.,"[{'word_form': 'mooz', 'fst_analyses': ['moonz+NA+ProxSg', 'mooz+NA+ProxSg']}, {'word_form': 'animibatoo', 'fst_analyses': ['animibatoo+VAI+Ind+Pos+Neu+3SgProxSubj']}, {'word_form': '.', 'fst_analyses': []}, {'word_form': 'jiigaakwaang', 'fst_analyses': ['jiigaakwaang+ADVLoc']}, {'word_form': 'ani-apatoo', 'fst_analyses': ['PVDir/ani+apatoo+VAI+Ind+Pos+Neu+3SgProxSubj']}, {'word_form': '.', 'fst_analyses': []}]",nj
Odapenimonan omaamaayan ji-bami'igod.,He relies on his mother to take care of him.,"[{'word_form': 'odapenimonan', 'fst_analyses': ['apenimon+VAIO+Ind+Pos+Neu+3SgProxSubj+0PlObj', 'apenimon+VAIO+Ind+Pos+Neu+3SgProxSubj+3SgObvObj']}, {'word_form': 'omaamaayan', 'fst_analyses': ['maamaa+NAD+ObvPl+3SgProxPoss', 'maamaay+NAD+ObvPl+3SgProxPoss', 'maamaa+NAD+ObvSg+3SgProxPoss', 'maamaay+NAD+ObvSg+3SgProxPoss']}, {'word_form': ""ji-bami'igod"", 'fst_analyses': [""PVTense/daa+bami'+VTA+Cnj+Pos+Neu+3PlObvSubj+3SgProxObj"", ""PVTense/ga+bami'+VTA+Cnj+Pos+Neu+3PlObvSubj+3SgProxObj"", ""PVTense/daa+bami'+VTA+Cnj+Pos+Neu+3SgObvSubj+3SgProxObj"", ""PVTense/ga+bami'+VTA+Cnj+Pos+Neu+3SgObvSubj+3SgProxObj"", ""PVTense/daa+bami'+VTA+Cnj+Pos+Neu+0SgSubj+3SgProxObj"", ""PVTense/ga+bami'+VTA+Cnj+Pos+Neu+0SgSubj+3SgProxObj"", ""PVTense/daa+bami'+VTA+Cnj+Pos+Neu+0PlSubj+3SgProxObj"", ""PVTense/ga+bami'+VTA+Cnj+Pos+Neu+0PlSubj+3SgProxObj""]}, {'word_form': '.', 'fst_analyses': []}]",nj
Bwaawidam ge wiin ji-anokii'ind.,He couldn't convince them to hire him.,"[{'word_form': 'bwaawidam', 'fst_analyses': []}, {'word_form': 'ge', 'fst_analyses': ['ge+ADVConj']}, {'word_form': 'wiin', 'fst_analyses': ['wiin+PRONPer+NA+3Sg']}, {'word_form': ""ji-anokii'ind"", 'fst_analyses': [""PVTense/daa+anokii'+VTA+Cnj+Pos+Neu+XSubj+3SgProxObj"", ""PVTense/ga+anokii'+VTA+Cnj+Pos+Neu+XSubj+3SgProxObj""]}, {'word_form': '.', 'fst_analyses': []}]",nj
Aaniin endashiwaad.,How many are there of them?,"[{'word_form': 'aaniin', 'fst_analyses': ['aaniin+PCInterj', 'aaniin+ADVInter']}, {'word_form': 'endashiwaad', 'fst_analyses': []}, {'word_form': '.', 'fst_analyses': []}]",nj
Biiwaabiko-giishkiboojiganens gidaa-aabajitoon ji-bookwaabikiboonad gashkaabika'igan giishpin gii-wanitooyan gidaabaabika'igan.,You can use a hacksaw to saw your padlock in half if you lose your key to it.,"[{'word_form': 'biiwaabiko-giishkiboojiganens', 'fst_analyses': ['biiwaabiko-giishkiboojiganens+NI+Sg']}, {'word_form': 'gidaa-aabajitoon', 'fst_analyses': ['PVTense/daa+aabajitoon+VTI+Ind+Pos+Neu+2SgSubj+0SgObj']}, {'word_form': 'ji-bookwaabikiboonad', 'fst_analyses': ['PVTense/daa+bookwaabikiboozh+VTA+Cnj+Pos+Neu+2SgSubj+3SgProxObj', 'PVTense/ga+bookwaabikiboozh+VTA+Cnj+Pos+Neu+2SgSubj+3SgProxObj']}, {'word_form': ""gashkaabika'igan"", 'fst_analyses': [""gashkaabika'igan+NA+ProxSg"", ""gashkaabika'igan+NI+Sg""]}, {'word_form': 'giishpin', 'fst_analyses': ['giishpin+ADVGram']}, {'word_form': 'gii-wanitooyan', 'fst_analyses': ['PVTense/gii+wanitoon+VTI+Cnj+Pos+Neu+2SgSubj+0PlObj', 'PVTense/gii+wanitoon+VTI+Cnj+Pos+Neu+2SgSubj+0SgObj']}, {'word_form': ""gidaabaabika'igan"", 'fst_analyses': [""aabaabika'igan+NI+Sg+2SgPoss""]}, {'word_form': '.', 'fst_analyses': []}]",nj
Waasa izhitigweyaa.,The river goes far.,"[{'word_form': 'waasa', 'fst_analyses': ['waasa+ADVLoc']}, {'word_form': 'izhitigweyaa', 'fst_analyses': ['izhitigweyaa+VII+Ind+Pos+Neu+0SgSubj']}, {'word_form': '.', 'fst_analyses': []}]",nj
Gabe-dibik ogii-takagonjidoon odoodooshaaboom.,She cooled off her jug of milk in the water overnight.,"[{'word_form': 'gabe-dibik', 'fst_analyses': ['gabe-dibik+ADVTmp', 'PVLex/gabe+dibik+ADVTmp']}, {'word_form': 'ogii-takagonjidoon', 'fst_analyses': ['PVTense/gii+dakagonjidoon+VTI+Ind+Pos+Neu+3SgProxSubj+0SgObj']}, {'word_form': 'odoodooshaaboom', 'fst_analyses': ['doodooshaaboo+NI+Poss+Sg+3SgProxPoss', 'doodooshaabo+NI+Poss+Sg+3SgProxPoss']}, {'word_form': '.', 'fst_analyses': []}]",nj
Zagwakidewan manoominaganzhiin. Bwaawishkaa jiimaan.,The rice is so thick. It's hard to paddle the canoe.,"[{'word_form': 'zagwakidewan', 'fst_analyses': ['zagwakidewan+VIIPL+Ind+Pos+Neu+0PlSubj']}, {'word_form': 'manoominaganzhiin', 'fst_analyses': ['manoominaganzh+NI+Pl']}, {'word_form': '.', 'fst_analyses': []}, {'word_form': 'bwaawishkaa', 'fst_analyses': ['bwaawishkaa+VAI+Ind+Pos+Neu+3SgProxSubj', 'bwaawishkaa+VII+Ind+Pos+Neu+0SgSubj']}, {'word_form': 'jiimaan', 'fst_analyses': ['jiimaan+NI+Sg']}, {'word_form': '.', 'fst_analyses': []}]",nj
Odoonizhwaa' giigoonya' waa'-nametegokaanaad.,He cut up the fish to smoke for nameteg.,"[{'word_form': ""odoonizhwaa'"", 'fst_analyses': ['onizhwi+VTA+Ind+Pos+Neu+3SgProxSubj+3PlObvObj', 'onizh+VTA+Ind+Pos+Neu+3SgProxSubj+3PlObvObj']}, {'word_form': ""giigoonya'"", 'fst_analyses': ['giigoonh+NA+ObvPl']}, {'word_form': ""waa'-nametegokaanaad"", 'fst_analyses': []}, {'word_form': '.', 'fst_analyses': []}]",nj
Biinish igo ani-agaasinaagozi migizi gaa-ishpaashid.,An eagle looks smaller and smaller as it soars high.,"[{'word_form': 'biinish', 'fst_analyses': ['biinish+ADVGram']}, {'word_form': 'igo', 'fst_analyses': ['igo+PCEmph']}, {'word_form': 'ani-agaasinaagozi', 'fst_analyses': ['PVDir/ani+agaasinaagozi+VAI+Ind+Pos+Neu+3SgProxSubj']}, {'word_form': 'migizi', 'fst_analyses': ['migizi+NA+ProxSg']}, {'word_form': 'gaa-ishpaashid', 'fst_analyses': ['PVSub/gaa+ishpaashi+VAI+Cnj+Pos+Neu+3SgProxSubj', 'PVTense/gii+ishpaashi+VAI+Pcp+Pos+Neu+3SgProxSubj+3SgProxHead']}, {'word_form': '.', 'fst_analyses': []}]",nj
Minwanaamo. Ganabaj wii'-ani-mino-ayaa.,His breathing is good. I think he's getting better.,"[{'word_form': 'minwanaamo', 'fst_analyses': ['minwanaamo+VAI+Ind+Pos+Neu+3SgProxSubj']}, {'word_form': '.', 'fst_analyses': []}, {'word_form': 'ganabaj', 'fst_analyses': ['ganabaj+ADVMan']}, {'word_form': ""wii'-ani-mino-ayaa"", 'fst_analyses': [""PVTense/wii'+PVDir/ani+mino-ayaa+VAI+Ind+Pos+Neu+3SgProxSubj"", ""PVTense/wii'+PVDir/ani+PVLex/mino+ayaa+VAI+Ind+Pos+Neu+3SgProxSubj"", ""PVTense/wii'+PVDir/ani+PVLex/mino+ayaa+VII+Ind+Pos+Neu+0SgSubj""]}, {'word_form': '.', 'fst_analyses': []}]",nj
Maagwaakwa'an ji-banaskwaagisesinog.,Clamp it down so it won't flap up.,"[{'word_form': ""maagwaakwa'an"", 'fst_analyses': [""maagwaakwa'an+VTI+Imp+Sim+2SgSubj+0PlObj"", ""maagwaakwa'an+VTI+Imp+Sim+2SgSubj+0SgObj""]}, {'word_form': 'ji-banaskwaagisesinog', 'fst_analyses': []}, {'word_form': '.', 'fst_analyses': []}]",nj
Nimaagwaakwa'aanan wiigwaasi-makako-waakaayaagibijigan.,I clamp down the birch bark box rims.,"[{'word_form': ""nimaagwaakwa'aanan"", 'fst_analyses': [""maagwaakwa'an+VTI+Ind+Pos+Neu+1SgSubj+0PlObj""]}, {'word_form': 'wiigwaasi-makako-waakaayaagibijigan', 'fst_analyses': ['wiigwaasi-makako-waakaayaagibijigan+NI+Sg']}, {'word_form': '.', 'fst_analyses': []}]",nj
Awenen waa'-ozaawaakizwaad giboziganan. Midaaswi awiyag gidaa-ashamaanaanig.,Who's going to make the toast.? We've got ten people to feed out there.,"[{'word_form': 'awenen', 'fst_analyses': ['awenen+PRONInter+NA+ProxSg']}, {'word_form': ""waa'-ozaawaakizwaad"", 'fst_analyses': []}, {'word_form': 'giboziganan', 'fst_analyses': ['gibozigan+NA+ObvPl', 'gibozigan+NA+ObvSg', 'gibozigan+NI+Pl']}, {'word_form': '.', 'fst_analyses': []}, {'word_form': 'midaaswi', 'fst_analyses': ['midaaswi+NUM']}, {'word_form': 'awiyag', 'fst_analyses': ['awiyag+PRONIndf+NA+ProxPl']}, {'word_form': 'gidaa-ashamaanaanig', 'fst_analyses': ['PVTense/daa+asham+VTA+Ind+Pos+Neu+InclSubj+3PlProxObj', 'PVTense/daa+asham+VTA+Ind+Pos+Neu+InclSubj+3PlObvObj']}, {'word_form': '.', 'fst_analyses': []}]",nj
Gabe-giizhik abaabasan miinan wii-paasiminikeyan.,Smoke the blueberries all day to make dried berries.,"[{'word_form': 'gabe-giizhik', 'fst_analyses': ['PNLex/gabe+giizhik+NA+ProxSg', 'gabe-giizhik+ADVTmp']}, {'word_form': 'abaabasan', 'fst_analyses': ['abaabasan+VTI+Imp+Sim+2SgSubj+0PlObj', 'abaabasan+VTI+Imp+Sim+2SgSubj+0SgObj']}, {'word_form': 'miinan', 'fst_analyses': ['miinan+NI+Pl', 'miin+NI+Pl']}, {'word_form': 'wii-paasiminikeyan', 'fst_analyses': []}, {'word_form': '.', 'fst_analyses': []}]",nj
Wegonen ebaabasaman. Ondaabate giwaaginogaan.,What are you smoking? There's smoke coming from your smokehouse (wigwam).,"[{'word_form': 'wegonen', 'fst_analyses': ['wegonen+PRONInter+NI+Sg']}, {'word_form': 'ebaabasaman', 'fst_analyses': []}, {'word_form': '.', 'fst_analyses': []}, {'word_form': 'ondaabate', 'fst_analyses': ['ondaabate+VII+Ind+Pos+Neu+0SgSubj']}, {'word_form': 'giwaaginogaan', 'fst_analyses': ['waaginogaan+NI+Sg+2SgPoss']}, {'word_form': '.', 'fst_analyses': []}]",nj
Obookoshkawaa' odaagima'; onzaam zhakaagonagaa.,He broke his snowshoes because the snow was too wet.,"[{'word_form': ""obookoshkawaa'"", 'fst_analyses': ['bookoshkaw+VTA+Ind+Pos+Neu+3SgProxSubj+3PlObvObj']}, {'word_form': ""odaagima';"", 'fst_analyses': []}, {'word_form': 'onzaam', 'fst_analyses': ['onzaam+ADVQnt']}, {'word_form': 'zhakaagonagaa', 'fst_analyses': ['zhakaagonagaa+VII+Ind+Pos+Neu+0SgSubj']}, {'word_form': '.', 'fst_analyses': []}]",nj
Babiiskijiitaa babaa-ayaad.,It wiggles up and down as it moves around.,"[{'word_form': 'babiiskijiitaa', 'fst_analyses': ['babiiskijiitaa+VAI+Ind+Pos+Neu+3SgProxSubj']}, {'word_form': 'babaa-ayaad', 'fst_analyses': ['babaa-ayaa+VAI+Cnj+Pos+Neu+3SgProxSubj', 'PVDir/babaa+ayaa+VAI+Cnj+Pos+Neu+3SgProxSubj']}, {'word_form': '.', 'fst_analyses': []}]",nj
Gii'-noondaagwad gaa-wiisakweg dibikong. Ganabaj gegaa gigii-pisikaagonaan bisibisidoosh.,There was a warning siren last night. I think a tornado almost hit us.,"[{'word_form': ""gii'-noondaagwad"", 'fst_analyses': [""PVTense/gii'+noondaagwad+VII+Ind+Pos+Neu+0SgSubj""]}, {'word_form': 'gaa-wiisakweg', 'fst_analyses': []}, {'word_form': 'dibikong', 'fst_analyses': ['dibikong+ADVTmp']}, {'word_form': '.', 'fst_analyses': []}, {'word_form': 'ganabaj', 'fst_analyses': ['ganabaj+ADVMan']}, {'word_form': 'gegaa', 'fst_analyses': ['gegaa+ADVDeg']}, {'word_form': 'gigii-pisikaagonaan', 'fst_analyses': ['PVTense/gii+bisikaw+VTA+Ind+Pos+Neu+3SgProxSubj+InclObj']}, {'word_form': 'bisibisidoosh', 'fst_analyses': []}, {'word_form': '.', 'fst_analyses': []}]",nj
Ziigaasin gimanoominim.,Your rice flew out of the canoe in the wind.,"[{'word_form': 'ziigaasin', 'fst_analyses': ['ziigaasin+VII+Ind+Pos+Neu+0SgSubj']}, {'word_form': 'gimanoominim', 'fst_analyses': ['manoomin+NI+Poss+Sg+2SgPoss']}, {'word_form': '.', 'fst_analyses': []}]",nj
Onzaamiinowag noongom gaa-niibing ezigaag.,There's too many ticks this summer.,"[{'word_form': 'onzaamiinowag', 'fst_analyses': ['onzaamiino+VAI+Ind+Pos+Neu+3PlProxSubj']}, {'word_form': 'noongom', 'fst_analyses': ['noongom+ADVTmp']}, {'word_form': 'gaa-niibing', 'fst_analyses': ['PVSub/gaa+niibin+VII+Cnj+Pos+Neu+0SgSubj', 'PVSub/gaa+niibin+VII+Cnj+Pos+Neu+0PlSubj', 'PVTense/gii+niibin+VII+Pcp+Pos+Neu+0SgSubj+0SgHead']}, {'word_form': 'ezigaag', 'fst_analyses': ['ezigaa+NA+ProxPl']}, {'word_form': '.', 'fst_analyses': []}]",nj
Ashi-naano-diba'iganens izhiseg giga-wiisinimin.,We'll eat in five minutes.,"[{'word_form': ""ashi-naano-diba'iganens"", 'fst_analyses': []}, {'word_form': 'izhiseg', 'fst_analyses': ['izhise+VII+Cnj+Pos+Neu+0SgSubj', 'izhise+VII+Cnj+Pos+Neu+0PlSubj', 'izhise+VAI+Imp+Sim+2PlSubj']}, {'word_form': 'giga-wiisinimin', 'fst_analyses': ['PVTense/ga+wiisini+VAI+Ind+Pos+Neu+InclSubj']}, {'word_form': '.', 'fst_analyses': []}]",nj
Aaniin enaapined?,What's h/ illness?,"[{'word_form': 'aaniin', 'fst_analyses': ['aaniin+PCInterj', 'aaniin+ADVInter']}, {'word_form': 'enaapined', 'fst_analyses': ['inaapine+VAI+Pcp+Pos+Neu+3SgProxSubj+3SgProxHead']}, {'word_form': '?', 'fst_analyses': []}]",nj
Onjigaawag mitigoog. Ningaagonaasowag.,The trees are dripping. The snow is melting off them.,"[{'word_form': 'onjigaawag', 'fst_analyses': ['onjigaa+VAI+Ind+Pos+Neu+3PlProxSubj']}, {'word_form': 'mitigoog', 'fst_analyses': ['mitig+NA+ProxPl']}, {'word_form': '.', 'fst_analyses': []}, {'word_form': 'ningaagonaasowag', 'fst_analyses': []}, {'word_form': '.', 'fst_analyses': []}]",nj
Awenen dinowa bineshiinh gaa-noondaagozid?,What kind of bird is calling?,"[{'word_form': 'awenen', 'fst_analyses': ['awenen+PRONInter+NA+ProxSg']}, {'word_form': 'dinowa', 'fst_analyses': ['dinowa+PRONSim+NI+Sg', 'dinowa+PRONSim+NA+ProxSg']}, {'word_form': 'bineshiinh', 'fst_analyses': ['bineshiinh+NA+ProxSg']}, {'word_form': 'gaa-noondaagozid', 'fst_analyses': ['PVSub/gaa+noondaagozi+VAI+Cnj+Pos+Neu+3SgProxSubj', 'PVTense/gii+noondaagozi+VAI+Pcp+Pos+Neu+3SgProxSubj+3SgProxHead']}, {'word_form': '?', 'fst_analyses': []}]",nj
Gego gabeya'ii zheyaakonangen ishkwaandem. Da-biindigesewag zagimeg.,Don't leave the door open too long. The mosquitos will get in.,"[{'word_form': 'gego', 'fst_analyses': ['gego+ADVNeg']}, {'word_form': ""gabeya'ii"", 'fst_analyses': [""gabeya'ii+ADVTmp""]}, {'word_form': 'zheyaakonangen', 'fst_analyses': ['zheyaakonan+VTI+Imp+Prb+2SgSubj+0PlObj', 'zheyaakonan+VTI+Imp+Prb+2SgSubj+0SgObj']}, {'word_form': 'ishkwaandem', 'fst_analyses': ['ishkwaandem+NI+Sg']}, {'word_form': '.', 'fst_analyses': []}, {'word_form': 'da-biindigesewag', 'fst_analyses': ['PVTense/ga+biindigese+VAI+Ind+Pos+Neu+3PlProxSubj']}, {'word_form': 'zagimeg', 'fst_analyses': ['zagime+NA+ProxPl']}, {'word_form': '.', 'fst_analyses': []}]",nj
Odaadowebishkaan obiinzikawaagan; onzaam agaasiigadini.,He split his jacket open because it's too small for him.,"[{'word_form': 'odaadowebishkaan', 'fst_analyses': ['daadowebishkan+VTI+Ind+Pos+Neu+3SgProxSubj+0SgObj']}, {'word_form': 'obiinzikawaagan;', 'fst_analyses': []}, {'word_form': 'onzaam', 'fst_analyses': ['onzaam+ADVQnt']}, {'word_form': 'agaasiigadini', 'fst_analyses': ['agaasiigad+VII+Ind+Pos+Neu+0SgObvSubj']}, {'word_form': '.', 'fst_analyses': []}]",nj
Ningii'-mitinigoo gii-gimoodiyaan odaabaan. Mii dash omaa wenji-namadabiyaan biindig gibaakwa'odiiwigamigong.,I got caught stealing a car. That's why I'm sitting here in jail.,"[{'word_form': ""ningii'-mitinigoo"", 'fst_analyses': [""PVTense/gii'+mitin+VTA+Ind+Pos+Neu+XSubj+1SgObj""]}, {'word_form': 'gii-gimoodiyaan', 'fst_analyses': ['PVTense/gii+gimoodi+VAI+Cnj+Pos+Neu+1SgSubj', 'PVTense/gii+gimoodin+VAIO+Cnj+Pos+Neu+1SgSubj+0PlObj', 'PVTense/gii+gimoodin+VAIO+Cnj+Pos+Neu+1SgSubj+0SgObj', 'PVTense/gii+gimoodin+VAIO+Cnj+Pos+Neu+1SgSubj+3SgProxObj', 'PVTense/gii+gimoodin+VAIO+Cnj+Pos+Neu+1SgSubj+3PlProxObj', 'PVTense/gii+gimoodin+VAIO+Cnj+Pos+Neu+1SgSubj']}, {'word_form': 'odaabaan', 'fst_analyses': ['odaabaan+NA+ProxSg', 'odaabaan+NI+Sg']}, {'word_form': '.', 'fst_analyses': []}, {'word_form': 'mii', 'fst_analyses': ['mii+ADVPred']}, {'word_form': 'dash', 'fst_analyses': ['dash+ADVConj']}, {'word_form': 'omaa', 'fst_analyses': ['omaa+ADVLoc']}, {'word_form': 'wenji-namadabiyaan', 'fst_analyses': []}, {'word_form': 'biindig', 'fst_analyses': ['biindig+ADVLoc']}, {'word_form': ""gibaakwa'odiiwigamigong"", 'fst_analyses': [""gibaakwa'odiiwigamig+NI+Loc""]}, {'word_form': '.', 'fst_analyses': []}]",nj
Aasamaateshim gidamikwayaan ji-baasod.,Put your beaver board so the sun will dry it.,"[{'word_form': 'aasamaateshim', 'fst_analyses': ['aasamaateshim+VTA+Imp+Sim+2SgSubj+3SgProxObj', 'aasamaateshim+VTA+Imp+Sim+2SgSubj+3PlProxObj']}, {'word_form': 'gidamikwayaan', 'fst_analyses': ['amikwayaan+NA+ProxSg+2SgPoss']}, {'word_form': 'ji-baasod', 'fst_analyses': ['PVTense/daa+baaso+VAI+Cnj+Pos+Neu+3SgProxSubj', 'PVTense/ga+baaso+VAI+Cnj+Pos+Neu+3SgProxSubj', 'PVTense/daa+baaswi+VTA+Cnj+Pos+Neu+3SgProxSubj+1SgObj', 'PVTense/ga+baaswi+VTA+Cnj+Pos+Neu+3SgProxSubj+1SgObj', 'PVTense/daa+baas+VTA+Cnj+Pos+Neu+3SgProxSubj+1SgObj', 'PVTense/ga+baas+VTA+Cnj+Pos+Neu+3SgProxSubj+1SgObj']}, {'word_form': '.', 'fst_analyses': []}]",nj
Onzaam wiikaa gigii'-wiindamaagoomin waa'-izhichigewaad.,They contacted us too late about what they're going to be doing.,"[{'word_form': 'onzaam', 'fst_analyses': ['onzaam+ADVQnt']}, {'word_form': 'wiikaa', 'fst_analyses': ['wiikaa+ADVTmp']}, {'word_form': ""gigii'-wiindamaagoomin"", 'fst_analyses': [""PVTense/gii'+wiindamaw+VTA+Ind+Pos+Neu+XSubj+InclObj""]}, {'word_form': ""waa'-izhichigewaad"", 'fst_analyses': []}, {'word_form': '.', 'fst_analyses': []}]",nj
Zagwakidewan manoominaganzhiin. Bwaawishkaa jiimaan.,The rice is so thick. It's hard to paddle the canoe.,"[{'word_form': 'zagwakidewan', 'fst_analyses': ['zagwakidewan+VIIPL+Ind+Pos+Neu+0PlSubj']}, {'word_form': 'manoominaganzhiin', 'fst_analyses': ['manoominaganzh+NI+Pl']}, {'word_form': '.', 'fst_analyses': []}, {'word_form': 'bwaawishkaa', 'fst_analyses': ['bwaawishkaa+VAI+Ind+Pos+Neu+3SgProxSubj', 'bwaawishkaa+VII+Ind+Pos+Neu+0SgSubj']}, {'word_form': 'jiimaan', 'fst_analyses': ['jiimaan+NI+Sg']}, {'word_form': '.', 'fst_analyses': []}]",nj
Giga-dakaabaawe bakobiiseyan mikwamiiwaaboong.,You'll get chilled and sick if you fall into the icy water.,"[{'word_form': 'giga-dakaabaawe', 'fst_analyses': ['PVTense/ga+dakaabaawe+VAI+Ind+Pos+Neu+2SgSubj']}, {'word_form': 'bakobiiseyan', 'fst_analyses': ['bakobiise+VAI+Cnj+Pos+Neu+2SgSubj']}, {'word_form': 'mikwamiiwaaboong', 'fst_analyses': []}, {'word_form': '.', 'fst_analyses': []}]",nj
Gego baashkizangen gegoo gaa-mamaajiimagak. Akawe weweni ando-gikendan jibwaa-baashkizaman.,Don't just shoot at anything that moves. Make sure you find out what it is before you fire at it.,"[{'word_form': 'gego', 'fst_analyses': ['gego+ADVNeg']}, {'word_form': 'baashkizangen', 'fst_analyses': ['baashkizan+VTI+Imp+Prb+2SgSubj+0PlObj', 'baashkizan+VTI+Imp+Prb+2SgSubj+0SgObj']}, {'word_form': 'gegoo', 'fst_analyses': ['gegoo+PRONIndf+NI']}, {'word_form': 'gaa-mamaajiimagak', 'fst_analyses': ['PVSub/gaa+mamaajii+VAI+Der/magad+VII+Cnj+Pos+Neu+0SgSubj', 'PVSub/gaa+mamaajiimagad+VII+Cnj+Pos+Neu+0SgSubj', 'PVSub/gaa+mamaajii+VAI+Der/magad+VII+Cnj+Pos+Neu+0PlSubj', 'PVSub/gaa+mamaajiimagad+VII+Cnj+Pos+Neu+0PlSubj', 'PVTense/gii+mamaajii+VAI+Der/magad+VII+Pcp+Pos+Neu+0SgSubj+0SgHead', 'PVTense/gii+mamaajiimagad+VII+Pcp+Pos+Neu+0SgSubj+0SgHead']}, {'word_form': '.', 'fst_analyses': []}, {'word_form': 'akawe', 'fst_analyses': ['akawe+ADVTmp']}, {'word_form': 'weweni', 'fst_analyses': ['weweni+ADVMan']}, {'word_form': 'ando-gikendan', 'fst_analyses': ['PVLex/ando+gikendam+VAI+Imp+Sim+2SgSubj', 'PVLex/ando+gikendan+VTI+Imp+Sim+2SgSubj+0PlObj', 'PVLex/ando+gikendan+VTI+Imp+Sim+2SgSubj+0SgObj']}, {'word_form': 'jibwaa-baashkizaman', 'fst_analyses': ['PVTense/jibwaa+baashkizan+VTI+Cnj+Pos+Neu+2SgSubj+0PlObj', 'PVTense/jibwaa+baashkizan+VTI+Cnj+Pos+Neu+2SgSubj+0SgObj']}, {'word_form': '.', 'fst_analyses': []}]",nj
Wegonen wenji-ondenimaad.,Why is he so envious of him?,"[{'word_form': 'wegonen', 'fst_analyses': ['wegonen+PRONInter+NI+Sg']}, {'word_form': 'wenji-ondenimaad', 'fst_analyses': []}, {'word_form': '.', 'fst_analyses': []}]",nj
Wegonen apane wenji-nishkaaji-giigidod gidede.,Why does your dad always speak so angrily?,"[{'word_form': 'wegonen', 'fst_analyses': ['wegonen+PRONInter+NI+Sg']}, {'word_form': 'apane', 'fst_analyses': ['apane+ADVTmp']}, {'word_form': 'wenji-nishkaaji-giigidod', 'fst_analyses': ['PVRel/onji+PVLex/nishkaaji+giigido+VAI+Pcp+Pos+Neu+3SgProxSubj+3SgProxHead']}, {'word_form': 'gidede', 'fst_analyses': ['dedey+NAD+ProxSg+2SgPoss']}, {'word_form': '.', 'fst_analyses': []}]",nj
Zhizhodew danwewega'ige gaa-abwiiked.,You can hear him along the shore chopping and shaping paddles.,"[{'word_form': 'zhizhodew', 'fst_analyses': ['zhizhodew+ADVLoc']}, {'word_form': ""danwewega'ige"", 'fst_analyses': [""danwewega'ige+VAI+Ind+Pos+Neu+3SgProxSubj""]}, {'word_form': 'gaa-abwiiked', 'fst_analyses': ['PVSub/gaa+abwiike+VAI+Cnj+Pos+Neu+3SgProxSubj', 'PVTense/gii+abwiike+VAI+Pcp+Pos+Neu+3SgProxSubj+3SgProxHead']}, {'word_form': '.', 'fst_analyses': []}]",nj
Aaniin giin ekooshkinachigeyan. / Gegaa go zhigwa nimooshkinachige.,How high have you filled it? / I've almost got it full now.,"[{'word_form': 'aaniin', 'fst_analyses': ['aaniin+PCInterj', 'aaniin+ADVInter']}, {'word_form': 'giin', 'fst_analyses': ['giin+PRONPer+NA+2Sg']}, {'word_form': 'ekooshkinachigeyan', 'fst_analyses': []}, {'word_form': '.', 'fst_analyses': []}, {'word_form': '/', 'fst_analyses': []}, {'word_form': 'gegaa', 'fst_analyses': ['gegaa+ADVDeg']}, {'word_form': 'go', 'fst_analyses': ['go+PCDisc']}, {'word_form': 'zhigwa', 'fst_analyses': ['zhigwa+ADVTmp']}, {'word_form': 'nimooshkinachige', 'fst_analyses': ['mooshkinachige+VAI+Ind+Pos+Neu+1SgSubj']}, {'word_form': '.', 'fst_analyses': []}]",nj
Bazigwiin. Gigibab.,Get up! You're sitting in the way.,"[{'word_form': 'bazigwiin', 'fst_analyses': ['bazigwii+VAI+Imp+Sim+2SgSubj']}, {'word_form': '.', 'fst_analyses': []}, {'word_form': 'gigibab', 'fst_analyses': ['gibabi+VAI+Ind+Pos+Neu+2SgSubj']}, {'word_form': '.', 'fst_analyses': []}]",nj
Ikozidenin. Giga-agozideshkawin.,Move your foot out of the way. I'm going to step on it.,"[{'word_form': 'ikozidenin', 'fst_analyses': ['ikozideni+VAI+Imp+Sim+2SgSubj']}, {'word_form': '.', 'fst_analyses': []}, {'word_form': 'giga-agozideshkawin', 'fst_analyses': ['PVTense/ga+agozideshkaw+VTA+Ind+Pos+Neu+1SgSubj+2SgObj']}, {'word_form': '.', 'fst_analyses': []}]",nj
Naawishkwaand namadabi animosh.,A dog is sitting right in the middle of the door.,"[{'word_form': 'naawishkwaand', 'fst_analyses': ['naawishkwaand+ADVLoc']}, {'word_form': 'namadabi', 'fst_analyses': ['namadabi+VAI+Ind+Pos+Neu+3SgProxSubj']}, {'word_form': 'animosh', 'fst_analyses': ['animosh+NA+ProxSg']}, {'word_form': '.', 'fst_analyses': []}]",nj
Jiigagam onji-gabaan.,Get out of the boat close to the bank.,"[{'word_form': 'jiigagam', 'fst_analyses': ['jiigagam+ADVLoc']}, {'word_form': 'onji-gabaan', 'fst_analyses': ['PVRel/onji+gabaa+VAI+Imp+Sim+2SgSubj']}, {'word_form': '.', 'fst_analyses': []}]",nj
Gezhidine odoozhi’aan asabiin.,He’s making a net right away.,"[{'word_form': 'gezhidine', 'fst_analyses': ['gezhidine+ADVTmp']}, {'word_form': 'odoozhi’aan', 'fst_analyses': []}, {'word_form': 'asabiin', 'fst_analyses': ['asab+NA+ObvSg', 'asab+NA+ObvPl']}, {'word_form': '.', 'fst_analyses': []}]",nj
Gezhidine onakwetawaan ookomisan gaa-inanoonigod.,He answers his grandma’s requests right away.,"[{'word_form': 'gezhidine', 'fst_analyses': ['gezhidine+ADVTmp']}, {'word_form': 'onakwetawaan', 'fst_analyses': ['nakwetaw+VTA+Ind+Pos+Neu+3SgProxSubj+3SgObvObj', 'nakwetaw+VTA+Ind+Pos+Neu+3SgProxSubj+3PlObvObj']}, {'word_form': 'ookomisan', 'fst_analyses': ['ookomis+NAD+ObvPl+3SgProxPoss', 'ookomis+NAD+ObvSg+3SgProxPoss']}, {'word_form': 'gaa-inanoonigod', 'fst_analyses': ['PVSub/gaa+inanoozh+VTA+Cnj+Pos+Neu+3PlObvSubj+3SgProxObj', 'PVSub/gaa+inanoozh+VTA+Cnj+Pos+Neu+3SgObvSubj+3SgProxObj', 'PVSub/gaa+inanoozh+VTA+Cnj+Pos+Neu+0SgSubj+3SgProxObj', 'PVSub/gaa+inanoozh+VTA+Cnj+Pos+Neu+0PlSubj+3SgProxObj']}, {'word_form': '.', 'fst_analyses': []}]",nj
Ninaabinootaan owe dibaajimowin. Gaawiin niin nindoodaya'iimisiin.,I'm passing on this story. It's not my own.,"[{'word_form': 'ninaabinootaan', 'fst_analyses': ['naabinootan+VTI+Ind+Pos+Neu+1SgSubj+0SgObj']}, {'word_form': 'owe', 'fst_analyses': ['owe+PRONDem+NI+Sg']}, {'word_form': 'dibaajimowin', 'fst_analyses': ['dibaajimowin+NI+Sg']}, {'word_form': '.', 'fst_analyses': []}, {'word_form': 'gaawiin', 'fst_analyses': ['gaawiin+ADVNeg']}, {'word_form': 'niin', 'fst_analyses': ['niin+PRONPer+NA+1Sg']}, {'word_form': ""nindoodaya'iimisiin"", 'fst_analyses': [""odaya'iimi+VAI+Ind+Neg+Neu+1SgSubj""]}, {'word_form': '.', 'fst_analyses': []}]",nj
Ozhichigaazowa' odaagima' waa'-ando-wanii'iged.,He's getting his snowshoes made before he goes trapping.,"[{'word_form': ""ozhichigaazowa'"", 'fst_analyses': ['ozhichigaazo+VAI+Ind+Pos+Neu+3PlObvSubj']}, {'word_form': ""odaagima'"", 'fst_analyses': ['aagim+NA+ObvPl+3SgProxPoss']}, {'word_form': ""waa'-ando-wanii'iged"", 'fst_analyses': [""PVTense/wii'+PVLex/ando+wanii'ige+VAI+Pcp+Pos+Neu+3SgProxSubj+3SgProxHead""]}, {'word_form': '.', 'fst_analyses': []}]",nj
Mookwaapineshin abinoojiinyens gaa-onji-mawid.,The baby is crying because s/he is hungry.,"[{'word_form': 'mookwaapineshin', 'fst_analyses': ['mookwaapineshin+VAI+Ind+Pos+Neu+3SgProxSubj']}, {'word_form': 'abinoojiinyens', 'fst_analyses': ['abinoojiinyens+NA+ProxSg', 'abinoojiinh+NA+Dim+ProxSg']}, {'word_form': 'gaa-onji-mawid', 'fst_analyses': ['PVSub/gaa+PVRel/onji+mawi+VAI+Cnj+Pos+Neu+3SgProxSubj', 'PVTense/gii+PVRel/onji+mawi+VAI+Pcp+Pos+Neu+3SgProxSubj+3SgProxHead']}, {'word_form': '.', 'fst_analyses': []}]",nj
Doodooshaabowan manoomin.,The rice is in the milky stage.,"[{'word_form': 'doodooshaabowan', 'fst_analyses': ['doodooshaabo+NI+Pl', 'doodooshaabowan+VII+Ind+Pos+Neu+0SgSubj']}, {'word_form': 'manoomin', 'fst_analyses': ['manoomin+NI+Sg']}, {'word_form': '.', 'fst_analyses': []}]",nj
Wiinge minogin ningitigaan.,My garden is growing really good.,"[{'word_form': 'wiinge', 'fst_analyses': ['wiinge+ADVDeg']}, {'word_form': 'minogin', 'fst_analyses': ['minogi+VAI+Imp+Sim+2SgSubj', 'minogin+VII+Ind+Pos+Neu+0SgSubj']}, {'word_form': 'ningitigaan', 'fst_analyses': ['gitigaan+NI+Sg+1SgPoss']}, {'word_form': '.', 'fst_analyses': []}]",nj
Nimawinz endaso-niibin.,I pick berries every summer.,"[{'word_form': 'nimawinz', 'fst_analyses': ['mawinzo+VAI+Ind+Pos+Neu+1SgSubj']}, {'word_form': 'endaso-niibin', 'fst_analyses': ['endaso-niibin+ADVTmp']}, {'word_form': '.', 'fst_analyses': []}]",nj
Ishkoniganing nindoonjii.,I come from a reserve/reservation.,"[{'word_form': 'ishkoniganing', 'fst_analyses': ['ishkonigan+NI+Loc']}, {'word_form': 'nindoonjii', 'fst_analyses': ['onjii+VAI+Ind+Pos+Neu+1SgSubj']}, {'word_form': '.', 'fst_analyses': []}]",nj
Ogii-tipaabaawadoon owiiwakwaan jibwaa-biizikang; onzaam abwezo.,He soaked his hat before he put it on because he was sweating a lot.,"[{'word_form': 'ogii-tipaabaawadoon', 'fst_analyses': ['PVTense/gii+dipaabaawadoon+VTI+Ind+Pos+Neu+3SgProxSubj+0SgObj']}, {'word_form': 'owiiwakwaan', 'fst_analyses': ['wiiwakwaan+NI+Sg+3SgProxPoss']}, {'word_form': 'jibwaa-biizikang;', 'fst_analyses': []}, {'word_form': 'onzaam', 'fst_analyses': ['onzaam+ADVQnt']}, {'word_form': 'abwezo', 'fst_analyses': ['abwezo+VAI+Ind+Pos+Neu+3SgProxSubj']}, {'word_form': '.', 'fst_analyses': []}]",nj
Eyiidawikana niibawiwag waawaashkeshiwag.,There are deer standing on both sides of the road.,"[{'word_form': 'eyiidawikana', 'fst_analyses': ['eyiidawikana+ADVLoc']}, {'word_form': 'niibawiwag', 'fst_analyses': ['niibawi+VAI+Ind+Pos+Neu+3PlProxSubj']}, {'word_form': 'waawaashkeshiwag', 'fst_analyses': ['waawaashkeshi+NA+ProxPl']}, {'word_form': '.', 'fst_analyses': []}]",nj
Dabasaya'ii ningii-onzaabamaag gaa-gidochigewaad.,I watched the concert from down below the stage.,"[{'word_form': ""dabasaya'ii"", 'fst_analyses': [""dabasaya'ii+ADVLoc""]}, {'word_form': 'ningii-onzaabamaag', 'fst_analyses': ['PVTense/gii+onzaabam+VTA+Ind+Pos+Neu+1SgSubj+3PlProxObj']}, {'word_form': 'gaa-gidochigewaad', 'fst_analyses': ['PVSub/gaa+gidochige+VAI+Cnj+Pos+Neu+3PlProxSubj']}, {'word_form': '.', 'fst_analyses': []}]",nj
Nabagashkinatoon weweni ji-minosing odoodaabaanaakong.,Put the pack the flat way so it will fit nicely in the sleigh.,"[{'word_form': 'nabagashkinatoon', 'fst_analyses': []}, {'word_form': 'weweni', 'fst_analyses': ['weweni+ADVMan']}, {'word_form': 'ji-minosing', 'fst_analyses': ['PVTense/daa+minosin+VII+Cnj+Pos+Neu+0SgSubj', 'PVTense/ga+minosin+VII+Cnj+Pos+Neu+0SgSubj', 'PVTense/daa+minosin+VII+Cnj+Pos+Neu+0PlSubj', 'PVTense/ga+minosin+VII+Cnj+Pos+Neu+0PlSubj']}, {'word_form': 'odoodaabaanaakong', 'fst_analyses': ['odaabaanaak+NA+Loc+3SgProxPoss']}, {'word_form': '.', 'fst_analyses': []}]",nj
Gii'-ozhibii'igaazowag minik waa'-anokiitamowaad waakaa'igan gaa-wii'-ozhichigaadeg.,They took the names of the people that are going to be working on the house that is going to be built.,"[{'word_form': ""gii'-ozhibii'igaazowag"", 'fst_analyses': [""PVTense/gii'+ozhibii'igaazo+VAI+Ind+Pos+Neu+3PlProxSubj""]}, {'word_form': 'minik', 'fst_analyses': ['minik+ADVQnt']}, {'word_form': ""waa'-anokiitamowaad"", 'fst_analyses': []}, {'word_form': ""waakaa'igan"", 'fst_analyses': [""waakaa'igan+NI+Sg""]}, {'word_form': ""gaa-wii'-ozhichigaadeg"", 'fst_analyses': [""PVSub/gaa+PVTense/wii'+ozhichigaade+VII+Cnj+Pos+Neu+0SgSubj"", ""PVSub/gaa+PVTense/wii'+ozhichigaade+VII+Cnj+Pos+Neu+0PlSubj"", ""PVTense/gii+PVTense/wii'+ozhichigaade+VII+Pcp+Pos+Neu+0SgSubj+0SgHead""]}, {'word_form': '.', 'fst_analyses': []}]",nj
Gii-ziigwang binadowe animosh. Ditisadowe gii-niibininig.,A dog sheds (its fine fur) in the spring. It has a real thin coat in the summer.,"[{'word_form': 'gii-ziigwang', 'fst_analyses': ['PVTense/gii+ziigwan+VII+Cnj+Pos+Neu+0SgSubj', 'PVTense/gii+ziigwan+VII+Cnj+Pos+Neu+0PlSubj']}, {'word_form': 'binadowe', 'fst_analyses': ['binadowe+VAI+Ind+Pos+Neu+3SgProxSubj']}, {'word_form': 'animosh', 'fst_analyses': ['animosh+NA+ProxSg']}, {'word_form': '.', 'fst_analyses': []}, {'word_form': 'ditisadowe', 'fst_analyses': ['ditisadowe+VAI+Ind+Pos+Neu+3SgProxSubj']}, {'word_form': 'gii-niibininig', 'fst_analyses': ['PVTense/gii+niibin+VII+Cnj+Pos+Neu+0PlObvSubj', 'PVTense/gii+niibin+VII+Cnj+Pos+Neu+0SgObvSubj']}, {'word_form': '.', 'fst_analyses': []}]",nj
Wegonen wezhitooyan.,What are you making?,"[{'word_form': 'wegonen', 'fst_analyses': ['wegonen+PRONInter+NI+Sg']}, {'word_form': 'wezhitooyan', 'fst_analyses': []}, {'word_form': '.', 'fst_analyses': []}]",nj
Wegonenan dinowan gaa-dazhindaman.,What are those things you are talking about?,"[{'word_form': 'wegonenan', 'fst_analyses': ['wegonenan+PRONInter+NI+Pl']}, {'word_form': 'dinowan', 'fst_analyses': ['dinowan+PRONSim+NI+Pl', 'dinowan+PRONSim+NA+ObvSg', 'dinowan+PRONSim+NA+ObvPl']}, {'word_form': 'gaa-dazhindaman', 'fst_analyses': ['PVSub/gaa+dazhindan+VTI+Cnj+Pos+Neu+2SgSubj+0PlObj', 'PVSub/gaa+dazhindan+VTI+Cnj+Pos+Neu+2SgSubj+0SgObj']}, {'word_form': '.', 'fst_analyses': []}]",nj
Aabitawikana ogii-pi-onjikadaan omashkimod. Jiimaan idash ogii'-madaabiiwidoon.,He left his packsack halfway along the portage. He brought the canoe down instead.,"[{'word_form': 'aabitawikana', 'fst_analyses': ['aabitawikana+ADVLoc']}, {'word_form': 'ogii-pi-onjikadaan', 'fst_analyses': []}, {'word_form': 'omashkimod', 'fst_analyses': ['mashkimod+NI+Sg+3SgProxPoss']}, {'word_form': '.', 'fst_analyses': []}, {'word_form': 'jiimaan', 'fst_analyses': ['jiimaan+NI+Sg']}, {'word_form': 'idash', 'fst_analyses': ['idash+ADVConj']}, {'word_form': ""ogii'-madaabiiwidoon"", 'fst_analyses': [""PVTense/gii'+madaabiiwidoon+VTI+Ind+Pos+Neu+3SgProxSubj+0SgObj""]}, {'word_form': '.', 'fst_analyses': []}]",nj
"Bagamaajimo: ""Wii'-niimi'idiwag anishinaabeg aabita-biboong.""","He arrived with news. ""The Anishinaabeg will be having a mid-winter powow.""","[{'word_form': 'bagamaajimo:', 'fst_analyses': []}, {'word_form': '""wii\'-niimi\'idiwag', 'fst_analyses': []}, {'word_form': 'anishinaabeg', 'fst_analyses': ['anishinaabe+NA+ProxPl']}, {'word_form': 'aabita-biboong.""', 'fst_analyses': []}]",nj
Biiminan gaa-dakigamig.,Turn on the cold water.,"[{'word_form': 'biiminan', 'fst_analyses': ['biiminan+VTI+Imp+Sim+2SgSubj+0PlObj', 'biiminan+VTI+Imp+Sim+2SgSubj+0SgObj']}, {'word_form': 'gaa-dakigamig', 'fst_analyses': ['PVSub/gaa+dakigamin+VII+Cnj+Pos+Neu+0SgSubj', 'PVSub/gaa+dakigamin+VII+Cnj+Pos+Neu+0PlSubj', 'PVTense/gii+dakigamin+VII+Pcp+Pos+Neu+0SgSubj+0SgHead']}, {'word_form': '.', 'fst_analyses': []}]",nj
Nimaanendaan waakaa'igan. Onzaam agaasate. Gaawiin niwii'-adaawesiin.,I don't like the house because it's too small. I'm not going to buy it.,"[{'word_form': 'nimaanendaan', 'fst_analyses': ['maanendan+VTI+Ind+Pos+Neu+1SgSubj+0SgObj']}, {'word_form': ""waakaa'igan"", 'fst_analyses': [""waakaa'igan+NI+Sg""]}, {'word_form': '.', 'fst_analyses': []}, {'word_form': 'onzaam', 'fst_analyses': ['onzaam+ADVQnt']}, {'word_form': 'agaasate', 'fst_analyses': ['agaasate+VII+Ind+Pos+Neu+0SgSubj']}, {'word_form': '.', 'fst_analyses': []}, {'word_form': 'gaawiin', 'fst_analyses': ['gaawiin+ADVNeg']}, {'word_form': ""niwii'-adaawesiin"", 'fst_analyses': [""PVTense/wii'+adaawe+VAI+Ind+Neg+Neu+1SgSubj"", ""PVTense/wii'+adaawen+VAIO+Ind+Neg+Neu+1SgSubj+0SgObj"", ""PVTense/wii'+adaawen+VAIO+Ind+Neg+Neu+1SgSubj""]}, {'word_form': '.', 'fst_analyses': []}]",nj
Gichi-apiitendaagwadoon bawaajiganan.,Dreams are very important.,"[{'word_form': 'gichi-apiitendaagwadoon', 'fst_analyses': ['gichi-apiitendaagwad+VII+Ind+Pos+Neu+0PlSubj', 'PVLex/gichi+apiitendaagwad+VII+Ind+Pos+Neu+0PlSubj']}, {'word_form': 'bawaajiganan', 'fst_analyses': ['bawaajigan+NI+Pl']}, {'word_form': '.', 'fst_analyses': []}]",nj
Ogidibiig babaamaadagewag omashkoziisiwag,The black bugs swim about on top of the water.,"[{'word_form': 'ogidibiig', 'fst_analyses': ['ogidibiig+ADVLoc']}, {'word_form': 'babaamaadagewag', 'fst_analyses': ['babaamaadage+VAI+Ind+Pos+Neu+3PlProxSubj']}, {'word_form': 'omashkoziisiwag', 'fst_analyses': []}]",nj
Awiya ogii'-waabamaan jiigikana niibawinid.,He saw somebody standing by the road.,"[{'word_form': 'awiya', 'fst_analyses': ['awiya+PRONIndf+NA']}, {'word_form': ""ogii'-waabamaan"", 'fst_analyses': [""PVTense/gii'+waabam+VTA+Ind+Pos+Neu+3SgProxSubj+3SgObvObj"", ""PVTense/gii'+waabam+VTA+Ind+Pos+Neu+3SgProxSubj+3PlObvObj""]}, {'word_form': 'jiigikana', 'fst_analyses': ['jiigikana+ADVLoc']}, {'word_form': 'niibawinid', 'fst_analyses': ['niibawi+VAI+Cnj+Pos+Neu+3PlObvSubj', 'niibawi+VAI+Cnj+Pos+Neu+3SgObvSubj']}, {'word_form': '.', 'fst_analyses': []}]",nj
Mangisagaawan Waalmaak-adaawewigamigoon.,Wallmart stores have big floor areas.,"[{'word_form': 'mangisagaawan', 'fst_analyses': ['mangisagaa+VII+Ind+Pos+Neu+0PlSubj']}, {'word_form': 'waalmaak-adaawewigamigoon', 'fst_analyses': []}, {'word_form': '.', 'fst_analyses': []}]",nj
Gondan gimashkikiim.,Swallow your medicine.,"[{'word_form': 'gondan', 'fst_analyses': ['gondan+VTI+Imp+Sim+2SgSubj+0PlObj', 'gondan+VTI+Imp+Sim+2SgSubj+0SgObj']}, {'word_form': 'gimashkikiim', 'fst_analyses': ['mashkiki+NI+Poss+Sg+2SgPoss']}, {'word_form': '.', 'fst_analyses': []}]",nj
Gegaa ningii-pakwenishkaagon baate-wiiyaas onzaam wewiib ningii-kondaan.,I almost choked on some smoked meat because I swallowed it too quickly.,"[{'word_form': 'gegaa', 'fst_analyses': ['gegaa+ADVDeg']}, {'word_form': 'ningii-pakwenishkaagon', 'fst_analyses': []}, {'word_form': 'baate-wiiyaas', 'fst_analyses': ['baate-wiiyaas+NI+Sg', 'PNLex/baate+wiiyaas+NI+Sg']}, {'word_form': 'onzaam', 'fst_analyses': ['onzaam+ADVQnt']}, {'word_form': 'wewiib', 'fst_analyses': ['wewiib+ADVMan']}, {'word_form': 'ningii-kondaan', 'fst_analyses': ['PVTense/gii+gondan+VTI+Ind+Pos+Neu+1SgSubj+0SgObj']}, {'word_form': '.', 'fst_analyses': []}]",nj
Aandi wendinised.,Where does he get the firewood?,"[{'word_form': 'aandi', 'fst_analyses': ['aandi+ADVInter']}, {'word_form': 'wendinised', 'fst_analyses': ['ondinise+VAI+Pcp+Pos+Neu+3SgProxSubj+3SgProxHead']}, {'word_form': '.', 'fst_analyses': []}]",nj
Gii'-miikanaagoneshkige waa'-ondinised waabaninig.,She made a trail to where she's going to cut the wood tomorrow.,"[{'word_form': ""gii'-miikanaagoneshkige"", 'fst_analyses': [""PVTense/gii'+miikanaagoneshkige+VAI+Ind+Pos+Neu+3SgProxSubj""]}, {'word_form': ""waa'-ondinised"", 'fst_analyses': [""PVTense/wii'+ondinise+VAI+Pcp+Pos+Neu+3SgProxSubj+3SgProxHead""]}, {'word_form': 'waabaninig', 'fst_analyses': ['waaban+VII+Cnj+Pos+Neu+0PlObvSubj', 'waaban+VII+Cnj+Pos+Neu+0SgObvSubj']}, {'word_form': '.', 'fst_analyses': []}]",nj
Agaamaabik aazhawigwaashkwanin.,Jump to the other rock.,"[{'word_form': 'agaamaabik', 'fst_analyses': ['agaamaabik+ADVLoc']}, {'word_form': 'aazhawigwaashkwanin', 'fst_analyses': ['aazhawigwaashkwani+VAI+Imp+Sim+2SgSubj']}, {'word_form': '.', 'fst_analyses': []}]",nj
Giga-zhooshkwaabooz giishpin dakokaadaman baatebagoon.,You might slip if you step on the dry leaves.,"[{'word_form': 'giga-zhooshkwaabooz', 'fst_analyses': ['PVTense/ga+zhooshkwaaboozo+VAI+Ind+Pos+Neu+2SgSubj']}, {'word_form': 'giishpin', 'fst_analyses': ['giishpin+ADVGram']}, {'word_form': 'dakokaadaman', 'fst_analyses': ['dakokaadan+VTI+Cnj+Pos+Neu+2SgSubj+0PlObj', 'dakokaadan+VTI+Cnj+Pos+Neu+2SgSubj+0SgObj']}, {'word_form': 'baatebagoon', 'fst_analyses': ['baatebag+NI+Pl']}, {'word_form': '.', 'fst_analyses': []}]",nj
Aandi endanweweg. | Awasi-gakiiw danwewe.,Where is that shot coming from? | It's coming from over the portage.,"[{'word_form': 'aandi', 'fst_analyses': ['aandi+ADVInter']}, {'word_form': 'endanweweg', 'fst_analyses': ['danwewe+VII+Pcp+Pos+Neu+0SgSubj+0SgHead']}, {'word_form': '.', 'fst_analyses': []}, {'word_form': '|', 'fst_analyses': []}, {'word_form': 'awasi-gakiiw', 'fst_analyses': ['awasi-gakiiw+ADVLoc', 'PVLex/awasi+gakiiw+ADVLoc']}, {'word_form': 'danwewe', 'fst_analyses': ['danwewe+VII+Ind+Pos+Neu+0SgSubj']}, {'word_form': '.', 'fst_analyses': []}]",nj
Wanako-niminaawaandawaagan danwewewan.,The fireworks are shot off at the end of the dock.,"[{'word_form': 'wanako-niminaawaandawaagan', 'fst_analyses': []}, {'word_form': 'danwewewan', 'fst_analyses': ['danwewe+VII+Ind+Pos+Neu+0PlSubj']}, {'word_form': '.', 'fst_analyses': []}]",nj
Nimaanendam enaajimotawid.,What is was telling me makes me feels sad.,"[{'word_form': 'nimaanendam', 'fst_analyses': ['maanendam+VAI+Ind+Pos+Neu+1SgSubj']}, {'word_form': 'enaajimotawid', 'fst_analyses': []}, {'word_form': '.', 'fst_analyses': []}]",nj
Noomaya go ningii-pi-wiindamaagoo aakozid nimaamaa.,They told me a little while ago that my mum was sick.,"[{'word_form': 'noomaya', 'fst_analyses': ['noomaya+ADVTmp']}, {'word_form': 'go', 'fst_analyses': ['go+PCDisc']}, {'word_form': 'ningii-pi-wiindamaagoo', 'fst_analyses': ['PVTense/gii+PVDir/bi+wiindamaw+VTA+Ind+Pos+Neu+XSubj+1SgObj']}, {'word_form': 'aakozid', 'fst_analyses': ['aakozi+VAI+Cnj+Pos+Neu+3SgProxSubj', 'aakozin+VAIO+Cnj+Pos+Neu+3SgProxSubj+0PlObj', 'aakozin+VAIO+Cnj+Pos+Neu+3SgProxSubj+0SgObj', 'aakozin+VAIO+Cnj+Pos+Neu+3SgProxSubj+3SgObvObj', 'aakozin+VAIO+Cnj+Pos+Neu+3SgProxSubj+3PlObvObj', 'aakozin+VAIO+Cnj+Pos+Neu+3SgProxSubj']}, {'word_form': 'nimaamaa', 'fst_analyses': ['maamaay+NAD+ProxSg+1SgPoss', 'maamaa+NAD+ProxSg+1SgPoss']}, {'word_form': '.', 'fst_analyses': []}]",nj
Giga-maanikaagon niibiwa minikweyan zhiiwaabo.,Pop will make you sick if you drink a lot of it.,"[{'word_form': 'giga-maanikaagon', 'fst_analyses': []}, {'word_form': 'niibiwa', 'fst_analyses': ['niibiwa+ADVQnt']}, {'word_form': 'minikweyan', 'fst_analyses': ['minikwe+VAI+Cnj+Pos+Neu+2SgSubj', 'minikwen+VAIO+Cnj+Pos+Neu+2SgSubj+0PlObj', 'minikwen+VAIO+Cnj+Pos+Neu+2SgSubj+0SgObj', 'minikwen+VAIO+Cnj+Pos+Neu+2SgSubj+3SgProxObj', 'minikwen+VAIO+Cnj+Pos+Neu+2SgSubj+3PlProxObj', 'minikwen+VAIO+Cnj+Pos+Neu+2SgSubj']}, {'word_form': 'zhiiwaabo', 'fst_analyses': ['zhiiwaabo+NI+Sg']}, {'word_form': '.', 'fst_analyses': []}]",nj
Awasi-biboonong ningii-pagida'waa anaamizigwam.,Winter before last I set nets under the ice.,"[{'word_form': 'awasi-biboonong', 'fst_analyses': ['PVLex/awasi+biboonong+ADVTmp', 'awasi-biboonong+ADVTmp']}, {'word_form': ""ningii-pagida'waa"", 'fst_analyses': [""PVTense/gii+bagida'waa+VAI+Ind+Pos+Neu+1SgSubj""]}, {'word_form': 'anaamizigwam', 'fst_analyses': ['anaamizigwam+ADVLoc']}, {'word_form': '.', 'fst_analyses': []}]",nj
Giin ina ogowe giminjikaawanag.,Are these your mitts?,"[{'word_form': 'giin', 'fst_analyses': ['giin+PRONPer+NA+2Sg']}, {'word_form': 'ina', 'fst_analyses': ['ina+PCDisc']}, {'word_form': 'ogowe', 'fst_analyses': ['ogowe+PRONDem+NA+ProxPl']}, {'word_form': 'giminjikaawanag', 'fst_analyses': ['minjikaawan+NA+ProxPl+2SgPoss']}, {'word_form': '.', 'fst_analyses': []}]",nj
Aaniin giin enamanji'oyan noongom.,How are you feeling now?,"[{'word_form': 'aaniin', 'fst_analyses': ['aaniin+PCInterj', 'aaniin+ADVInter']}, {'word_form': 'giin', 'fst_analyses': ['giin+PRONPer+NA+2Sg']}, {'word_form': ""enamanji'oyan"", 'fst_analyses': []}, {'word_form': 'noongom', 'fst_analyses': ['noongom+ADVTmp']}, {'word_form': '.', 'fst_analyses': []}]",nj
Awenen giin.,Who are you?,"[{'word_form': 'awenen', 'fst_analyses': ['awenen+PRONInter+NA+ProxSg']}, {'word_form': 'giin', 'fst_analyses': ['giin+PRONPer+NA+2Sg']}, {'word_form': '.', 'fst_analyses': []}]",nj
Gaashaakizo goon gii-ziigwang.,The snow gets sharp and prickly from the sun in the spring.,"[{'word_form': 'gaashaakizo', 'fst_analyses': ['gaashaakizo+VAI+Ind+Pos+Neu+3SgProxSubj']}, {'word_form': 'goon', 'fst_analyses': ['goon+NA+ProxSg']}, {'word_form': 'gii-ziigwang', 'fst_analyses': ['PVTense/gii+ziigwan+VII+Cnj+Pos+Neu+0SgSubj', 'PVTense/gii+ziigwan+VII+Cnj+Pos+Neu+0PlSubj']}, {'word_form': '.', 'fst_analyses': []}]",nj
NIngii-pawaanaa ji-gigizid dewe'iganensan.,I dreamt of her being the keeper of a hand drum.,"[{'word_form': 'ningii-pawaanaa', 'fst_analyses': ['PVTense/gii+bawaazh+VTA+Ind+Pos+Neu+1SgSubj+3SgProxObj']}, {'word_form': 'ji-gigizid', 'fst_analyses': ['PVTense/daa+gigizin+VAIO+Cnj+Pos+Neu+3SgProxSubj+0PlObj', 'PVTense/ga+gigizin+VAIO+Cnj+Pos+Neu+3SgProxSubj+0PlObj', 'PVTense/daa+gigizin+VAIO+Cnj+Pos+Neu+3SgProxSubj+0SgObj', 'PVTense/ga+gigizin+VAIO+Cnj+Pos+Neu+3SgProxSubj+0SgObj', 'PVTense/daa+gigizin+VAIO+Cnj+Pos+Neu+3SgProxSubj+3SgObvObj', 'PVTense/ga+gigizin+VAIO+Cnj+Pos+Neu+3SgProxSubj+3SgObvObj', 'PVTense/daa+gigizin+VAIO+Cnj+Pos+Neu+3SgProxSubj+3PlObvObj', 'PVTense/ga+gigizin+VAIO+Cnj+Pos+Neu+3SgProxSubj+3PlObvObj', 'PVTense/daa+gigizin+VAIO+Cnj+Pos+Neu+3SgProxSubj', 'PVTense/ga+gigizin+VAIO+Cnj+Pos+Neu+3SgProxSubj']}, {'word_form': ""dewe'iganensan"", 'fst_analyses': [""dewe'igan+NA+Dim+ObvSg"", ""dewe'igan+NA+Dim+ObvPl""]}, {'word_form': '.', 'fst_analyses': []}]",nj
Ningii'-mayaawisidoon naboob jibwaa-ziigiseg.,I straightened up my (tilted) bowl up before the soup spilled out.,"[{'word_form': ""ningii'-mayaawisidoon"", 'fst_analyses': [""PVTense/gii'+mayaawisidoon+VTI+Ind+Pos+Neu+1SgSubj+0SgObj""]}, {'word_form': 'naboob', 'fst_analyses': ['naboob+NI+Sg']}, {'word_form': 'jibwaa-ziigiseg', 'fst_analyses': ['PVTense/jibwaa+ziigise+VII+Cnj+Pos+Neu+0SgSubj', 'PVTense/jibwaa+ziigise+VII+Cnj+Pos+Neu+0PlSubj']}, {'word_form': '.', 'fst_analyses': []}]",nj
Obwaamaan ji-manisaagod odawemaan.,He refused to cut wood for his sister.,"[{'word_form': 'obwaamaan', 'fst_analyses': ['bwaam+VTA+Ind+Pos+Neu+3SgProxSubj+3SgObvObj', 'bwaam+VTA+Ind+Pos+Neu+3SgProxSubj+3PlObvObj']}, {'word_form': 'ji-manisaagod', 'fst_analyses': ['PVTense/daa+manisaw+VTA+Cnj+Pos+Neu+3PlObvSubj+3SgProxObj', 'PVTense/ga+manisaw+VTA+Cnj+Pos+Neu+3PlObvSubj+3SgProxObj', 'PVTense/daa+manisaw+VTA+Cnj+Pos+Neu+3SgObvSubj+3SgProxObj', 'PVTense/ga+manisaw+VTA+Cnj+Pos+Neu+3SgObvSubj+3SgProxObj', 'PVTense/daa+manisaw+VTA+Cnj+Pos+Neu+0SgSubj+3SgProxObj', 'PVTense/ga+manisaw+VTA+Cnj+Pos+Neu+0SgSubj+3SgProxObj', 'PVTense/daa+manisaw+VTA+Cnj+Pos+Neu+0PlSubj+3SgProxObj', 'PVTense/ga+manisaw+VTA+Cnj+Pos+Neu+0PlSubj+3SgProxObj']}, {'word_form': 'odawemaan', 'fst_analyses': ['dawemaaw+NAD+ObvPl+3SgProxPoss', 'dawemaa+NAD+ObvPl+3SgProxPoss', 'dawemaaw+NAD+ObvSg+3SgProxPoss', 'dawemaa+NAD+ObvSg+3SgProxPoss']}, {'word_form': '.', 'fst_analyses': []}]",nj
Nimookwaapi'aa wawiiyazh gaa-inaajimod.,I laugh so hard at h/ funny story that it makes me teary-eyed.,"[{'word_form': ""nimookwaapi'aa"", 'fst_analyses': [""mookwaapi'+VTA+Ind+Pos+Neu+1SgSubj+3SgProxObj""]}, {'word_form': 'wawiiyazh', 'fst_analyses': []}, {'word_form': 'gaa-inaajimod', 'fst_analyses': ['PVSub/gaa+inaajimo+VAI+Cnj+Pos+Neu+3SgProxSubj', 'PVTense/gii+inaajimo+VAI+Pcp+Pos+Neu+3SgProxSubj+3SgProxHead']}, {'word_form': '.', 'fst_analyses': []}]",nj
Bagama'amaazo. Ganabaj gii'-niiwezhiwewag gaa-bikwaakwadoonsikewaad.,He came in singing. Maybe the baseball players won the game.,"[{'word_form': ""bagama'amaazo"", 'fst_analyses': [""bagama'amaazo+VAI+Ind+Pos+Neu+3SgProxSubj""]}, {'word_form': '.', 'fst_analyses': []}, {'word_form': 'ganabaj', 'fst_analyses': ['ganabaj+ADVMan']}, {'word_form': ""gii'-niiwezhiwewag"", 'fst_analyses': [""PVTense/gii'+niiwezhiwe+VAI+Ind+Pos+Neu+3PlProxSubj""]}, {'word_form': 'gaa-bikwaakwadoonsikewaad', 'fst_analyses': ['PVSub/gaa+bikwaakwadoonsike+VAI+Cnj+Pos+Neu+3PlProxSubj']}, {'word_form': '.', 'fst_analyses': []}]",nj
Zhigwa bagakinaagwad mii 'i gaa-ishkwaa-awang.,It's clear now since the fog has lifted.,"[{'word_form': 'zhigwa', 'fst_analyses': ['zhigwa+ADVTmp']}, {'word_form': 'bagakinaagwad', 'fst_analyses': ['bagakinaagwad+VII+Ind+Pos+Neu+0SgSubj']}, {'word_form': 'mii', 'fst_analyses': ['mii+ADVPred']}, {'word_form': ""'i"", 'fst_analyses': [""'i+PRONDem+NI+Sg""]}, {'word_form': 'gaa-ishkwaa-awang', 'fst_analyses': ['PVSub/gaa+PVLex/ishkwaa+awan+VII+Cnj+Pos+Neu+0SgSubj', 'PVSub/gaa+PVLex/ishkwaa+awan+VII+Cnj+Pos+Neu+0PlSubj', 'PVTense/gii+PVLex/ishkwaa+awan+VII+Pcp+Pos+Neu+0SgSubj+0SgHead']}, {'word_form': '.', 'fst_analyses': []}]",nj
Baakibidoon waasechigan.,Pull the window open.,"[{'word_form': 'baakibidoon', 'fst_analyses': ['baakibidoon+VTI+Imp+Sim+2SgSubj+0PlObj', 'baakibidoon+VTI+Imp+Sim+2SgSubj+0SgObj']}, {'word_form': 'waasechigan', 'fst_analyses': ['waasechigan+NI+Sg']}, {'word_form': '.', 'fst_analyses': []}]",nj
Eniwek igo niminomanji' noongom.,I feel  somewhat better today.,"[{'word_form': 'eniwek', 'fst_analyses': ['eniwek+ADVDeg']}, {'word_form': 'igo', 'fst_analyses': ['igo+PCEmph']}, {'word_form': ""niminomanji'"", 'fst_analyses': [""minomanji'o+VAI+Ind+Pos+Neu+1SgSubj""]}, {'word_form': 'noongom', 'fst_analyses': ['noongom+ADVTmp']}, {'word_form': '.', 'fst_analyses': []}]",nj
Wegonen ge-naada'amang.,What shall we go and get (in the boat)?,"[{'word_form': 'wegonen', 'fst_analyses': ['wegonen+PRONInter+NI+Sg']}, {'word_form': ""ge-naada'amang"", 'fst_analyses': []}, {'word_form': '.', 'fst_analyses': []}]",nj
Daga naada'andaanin misan.,Let's go get some firewood (in the boat).,"[{'word_form': 'daga', 'fst_analyses': ['daga+PCDisc']}, {'word_form': ""naada'andaanin"", 'fst_analyses': [""naada'an+VTI+Imp+Sim+InclSubj+0PlObj""]}, {'word_form': 'misan', 'fst_analyses': ['mishi+NI+Pl']}, {'word_form': '.', 'fst_analyses': []}]",nj
Weweni mashkawaakwa'an ginaabikwaanens gijiimaaning.,Tighten up your motor on your boat.,"[{'word_form': 'weweni', 'fst_analyses': ['weweni+ADVMan']}, {'word_form': ""mashkawaakwa'an"", 'fst_analyses': [""mashkawaakwa'an+VTI+Imp+Sim+2SgSubj+0PlObj"", ""mashkawaakwa'an+VTI+Imp+Sim+2SgSubj+0SgObj""]}, {'word_form': 'ginaabikwaanens', 'fst_analyses': ['naabikwaanens+NI+Sg+2SgPoss', 'naabikwaan+NI+Dim+Sg+2SgPoss']}, {'word_form': 'gijiimaaning', 'fst_analyses': ['jiimaan+NI+Loc+2SgPoss']}, {'word_form': '.', 'fst_analyses': []}]",nj
Onjishkawa'o gaa-biidakwazhiwed. Baamaa naagaj da-bi-bagamakwazhiwe.,The one paddling here is going against the wind. It will be some time before he gets here.,"[{'word_form': ""onjishkawa'o"", 'fst_analyses': [""onjishkawa'o+VAI+Ind+Pos+Neu+3SgProxSubj""]}, {'word_form': 'gaa-biidakwazhiwed', 'fst_analyses': ['PVSub/gaa+biidakwazhiwe+VAI+Cnj+Pos+Neu+3SgProxSubj', 'PVTense/gii+biidakwazhiwe+VAI+Pcp+Pos+Neu+3SgProxSubj+3SgProxHead']}, {'word_form': '.', 'fst_analyses': []}, {'word_form': 'baamaa', 'fst_analyses': ['baamaa+ADVTmp']}, {'word_form': 'naagaj', 'fst_analyses': ['naagaj+ADVQnt']}, {'word_form': 'da-bi-bagamakwazhiwe', 'fst_analyses': ['PVTense/ga+PVDir/bi+bagamakwazhiwe+VAI+Ind+Pos+Neu+3SgProxSubj']}, {'word_form': '.', 'fst_analyses': []}]",nj
Ozhaawishkominagad manoomin gaa-oshkiging.,Fresh young rice is green in color.,"[{'word_form': 'ozhaawishkominagad', 'fst_analyses': ['ozhaawishkominagad+VII+Ind+Pos+Neu+0SgSubj']}, {'word_form': 'manoomin', 'fst_analyses': ['manoomin+NI+Sg']}, {'word_form': 'gaa-oshkiging', 'fst_analyses': ['PVSub/gaa+oshkigin+VII+Cnj+Pos+Neu+0SgSubj', 'PVSub/gaa+oshkigin+VII+Cnj+Pos+Neu+0PlSubj', 'PVSub/gaa+oshkigi+VAI+Cnj+Pos+Neu+XSubj', 'PVTense/gii+oshkigin+VII+Pcp+Pos+Neu+0SgSubj+0SgHead']}, {'word_form': '.', 'fst_analyses': []}]",nj
Zhooniyaan ningii-pi-izhinizha'amaag ningozis.,My son sent me some money.,"[{'word_form': 'zhooniyaan', 'fst_analyses': ['zhooniyaa+NA+ObvPl', 'zhooniyaa+NA+ObvSg', 'zhooniyaa+NI+Pl']}, {'word_form': ""ningii-pi-izhinizha'amaag"", 'fst_analyses': [""PVTense/gii+PVDir/bi+izhinizha'amaw+VTA+Ind+Pos+Neu+3SgProxSubj+1SgObj""]}, {'word_form': 'ningozis', 'fst_analyses': ['gozis+NAD+ProxSg+1SgPoss']}, {'word_form': '.', 'fst_analyses': []}]",nj
Babaa-andawaabi waa'-inadaawed.,She's looking around to buy stuff.,"[{'word_form': 'babaa-andawaabi', 'fst_analyses': ['PVDir/babaa+andawaabi+VAI+Ind+Pos+Neu+3SgProxSubj']}, {'word_form': ""waa'-inadaawed"", 'fst_analyses': []}, {'word_form': '.', 'fst_analyses': []}]",nj
Nabagisag apishim gijiibaakwaanakik ji-jaagidesinog gidadoopowiniigin.,Put a board under your pot so your tablecloth doesn't get burned.,"[{'word_form': 'nabagisag', 'fst_analyses': ['nabagisag+NA+ProxSg']}, {'word_form': 'apishim', 'fst_analyses': ['apishim+VTA+Imp+Sim+2SgSubj+3SgProxObj', 'apishim+VTA+Imp+Sim+2SgSubj+3PlProxObj']}, {'word_form': 'gijiibaakwaanakik', 'fst_analyses': ['jiibaakwaanakik+NA+ProxSg+2SgPoss']}, {'word_form': 'ji-jaagidesinog', 'fst_analyses': ['PVTense/daa+jaagide+VII+Cnj+Neg+Neu+0PlSubj', 'PVTense/ga+jaagide+VII+Cnj+Neg+Neu+0PlSubj', 'PVTense/daa+jaagide+VII+Cnj+Neg+Neu+0SgSubj', 'PVTense/ga+jaagide+VII+Cnj+Neg+Neu+0SgSubj']}, {'word_form': 'gidadoopowiniigin', 'fst_analyses': ['adoopowiniigin+NI+Sg+2SgPoss']}, {'word_form': '.', 'fst_analyses': []}]",nj
Odaabaanaak aabadizi gegoo gii-naajidaabiing.,A sled is used to go and haul something.,"[{'word_form': 'odaabaanaak', 'fst_analyses': ['odaabaanaak+NA+ProxSg']}, {'word_form': 'aabadizi', 'fst_analyses': ['aabadizi+VAI+Ind+Pos+Neu+3SgProxSubj']}, {'word_form': 'gegoo', 'fst_analyses': ['gegoo+PRONIndf+NI']}, {'word_form': 'gii-naajidaabiing', 'fst_analyses': ['PVTense/gii+naajidaabii+VAI+Cnj+Pos+Neu+XSubj']}, {'word_form': '.', 'fst_analyses': []}]",nj
Nabagashkinatoon weweni ji-minosing odoodaabaanaakong.,Put the pack the flat way so it will fit nicely in the sleigh.,"[{'word_form': 'nabagashkinatoon', 'fst_analyses': []}, {'word_form': 'weweni', 'fst_analyses': ['weweni+ADVMan']}, {'word_form': 'ji-minosing', 'fst_analyses': ['PVTense/daa+minosin+VII+Cnj+Pos+Neu+0SgSubj', 'PVTense/ga+minosin+VII+Cnj+Pos+Neu+0SgSubj', 'PVTense/daa+minosin+VII+Cnj+Pos+Neu+0PlSubj', 'PVTense/ga+minosin+VII+Cnj+Pos+Neu+0PlSubj']}, {'word_form': 'odoodaabaanaakong', 'fst_analyses': ['odaabaanaak+NA+Loc+3SgProxPoss']}, {'word_form': '.', 'fst_analyses': []}]",nj
Onzaam agaasaakozi nindoodaabaanaak. Gaawiin gakina nindaa-debibidaabiisiinan,My toboggan is too small. I can't carry everything on it.,"[{'word_form': 'onzaam', 'fst_analyses': ['onzaam+ADVQnt']}, {'word_form': 'agaasaakozi', 'fst_analyses': ['agaasaakozi+VAI+Ind+Pos+Neu+3SgProxSubj']}, {'word_form': 'nindoodaabaanaak', 'fst_analyses': ['odaabaanaak+NA+ProxSg+1SgPoss']}, {'word_form': '.', 'fst_analyses': []}, {'word_form': 'gaawiin', 'fst_analyses': ['gaawiin+ADVNeg']}, {'word_form': 'gakina', 'fst_analyses': ['gakina+ADVQnt']}, {'word_form': 'nindaa-debibidaabiisiinan', 'fst_analyses': []}]",nj
Gashkiidibikateni Marie endaad. Ingoji maawiin ondendi.,Marie's place is dark. She must be gone somewhere.,"[{'word_form': 'gashkiidibikateni', 'fst_analyses': ['gashkiidibikate+VII+Ind+Pos+Neu+0SgObvSubj']}, {'word_form': 'marie', 'fst_analyses': []}, {'word_form': 'endaad', 'fst_analyses': ['daa+VAI+Pcp+Pos+Neu+3SgProxSubj+3SgProxHead']}, {'word_form': '.', 'fst_analyses': []}, {'word_form': 'ingoji', 'fst_analyses': ['ingoji+ADVDeg']}, {'word_form': 'maawiin', 'fst_analyses': ['maawiin+ADVMan']}, {'word_form': 'ondendi', 'fst_analyses': ['ondendi+VAI+Ind+Pos+Neu+3SgProxSubj']}, {'word_form': '.', 'fst_analyses': []}]",nj
Zinigojiibizh giday. Andookomaazh.,Rub your dog's belly. Check it for bugs.,"[{'word_form': 'zinigojiibizh', 'fst_analyses': ['zinigojiibizh+VTA+Imp+Sim+2SgSubj+3SgProxObj', 'zinigojiibizh+VTA+Imp+Sim+2SgSubj+3PlProxObj']}, {'word_form': 'giday', 'fst_analyses': ['day+NAD+ProxSg+2SgPoss']}, {'word_form': '.', 'fst_analyses': []}, {'word_form': 'andookomaazh', 'fst_analyses': ['andookomaazh+VTA+Imp+Sim+2SgSubj+3SgProxObj', 'andookomaazh+VTA+Imp+Sim+2SgSubj+3PlProxObj']}, {'word_form': '.', 'fst_analyses': []}]",nj
Aaniin enaabadizid awe odaabaan gaa-abid idi mashkikiiwigamigong. Mii na awe aakoziiwidaabaan.,What's that vehicle doing over there at the medical building? Is that the ambulance?,"[{'word_form': 'aaniin', 'fst_analyses': ['aaniin+PCInterj', 'aaniin+ADVInter']}, {'word_form': 'enaabadizid', 'fst_analyses': ['inaabadizi+VAI+Pcp+Pos+Neu+3SgProxSubj+3SgProxHead']}, {'word_form': 'awe', 'fst_analyses': ['awe+PRONDem+NA+ProxSg']}, {'word_form': 'odaabaan', 'fst_analyses': ['odaabaan+NA+ProxSg', 'odaabaan+NI+Sg']}, {'word_form': 'gaa-abid', 'fst_analyses': ['PVSub/gaa+abi+VAI+Cnj+Pos+Neu+3SgProxSubj', 'PVTense/gii+abi+VAI+Pcp+Pos+Neu+3SgProxSubj+3SgProxHead']}, {'word_form': 'idi', 'fst_analyses': ['idi+PRONDem+NI+Sg']}, {'word_form': 'mashkikiiwigamigong', 'fst_analyses': []}, {'word_form': '.', 'fst_analyses': []}, {'word_form': 'mii', 'fst_analyses': ['mii+ADVPred']}, {'word_form': 'na', 'fst_analyses': ['na+PCDisc']}, {'word_form': 'awe', 'fst_analyses': ['awe+PRONDem+NA+ProxSg']}, {'word_form': 'aakoziiwidaabaan', 'fst_analyses': ['aakoziiwidaabaan+NA+ProxSg', 'aakoziiwidaabaan+NI+Sg']}, {'word_form': '.', 'fst_analyses': []}]",nj
Onzaam dabasaagamishkaa nimiskwiim.,My blood pressure is too low.,"[{'word_form': 'onzaam', 'fst_analyses': ['onzaam+ADVQnt']}, {'word_form': 'dabasaagamishkaa', 'fst_analyses': ['dabasaagamishkaa+VAI+Ind+Pos+Neu+3SgProxSubj']}, {'word_form': 'nimiskwiim', 'fst_analyses': ['miskwi+NI+Poss+Sg+1SgPoss']}, {'word_form': '.', 'fst_analyses': []}]",nj
Iska'an gijiimaan jibwaa-ani-dibikak. Maagizhaa da-gashkadin.,Get the water out of your canoe before tonight. Maybe (the lake) will freeze up.,"[{'word_form': ""iska'an"", 'fst_analyses': [""iska'an+VTI+Imp+Sim+2SgSubj+0PlObj"", ""iska'an+VTI+Imp+Sim+2SgSubj+0SgObj""]}, {'word_form': 'gijiimaan', 'fst_analyses': ['jiimaan+NI+Sg+2SgPoss']}, {'word_form': 'jibwaa-ani-dibikak', 'fst_analyses': ['PVTense/jibwaa+PVDir/ani+dibikad+VII+Cnj+Pos+Neu+0SgSubj', 'PVTense/jibwaa+PVDir/ani+dibikad+VII+Cnj+Pos+Neu+0PlSubj']}, {'word_form': '.', 'fst_analyses': []}, {'word_form': 'maagizhaa', 'fst_analyses': ['maagizhaa+ADVMan']}, {'word_form': 'da-gashkadin', 'fst_analyses': ['PVTense/ga+gashkadin+VII+Ind+Pos+Neu+0SgSubj']}, {'word_form': '.', 'fst_analyses': []}]",nj
Namadakidoon giwaagaakwad jibwaa-ningwaagoneg.,Stick your axe upright before it gets covered by snow.,"[{'word_form': 'namadakidoon', 'fst_analyses': ['namadakidoon+VTI+Imp+Sim+2SgSubj+0PlObj', 'namadakidoon+VTI+Imp+Sim+2SgSubj+0SgObj']}, {'word_form': 'giwaagaakwad', 'fst_analyses': ['waagaakwad+NI+Sg+2SgPoss']}, {'word_form': 'jibwaa-ningwaagoneg', 'fst_analyses': ['PVTense/jibwaa+ningwaagone+VII+Cnj+Pos+Neu+0SgSubj', 'PVTense/jibwaa+ningwaagone+VII+Cnj+Pos+Neu+0PlSubj', 'PVTense/jibwaa+ningwaagone+VAI+Imp+Sim+2PlSubj']}, {'word_form': '.', 'fst_analyses': []}]",nj
Wiinaajimo gaa-toodawind ikwezens. Gii-kwaashkwanodawaa.,The girl told a story of what happened to her.  She was raped.,"[{'word_form': 'wiinaajimo', 'fst_analyses': ['wiinaajimo+VAI+Ind+Pos+Neu+3SgProxSubj']}, {'word_form': 'gaa-toodawind', 'fst_analyses': []}, {'word_form': 'ikwezens', 'fst_analyses': ['ikwezens+NA+ProxSg']}, {'word_form': '.', 'fst_analyses': []}, {'word_form': 'gii-kwaashkwanodawaa', 'fst_analyses': ['PVTense/gii+gwaashkwanodaw+VTA+Ind+Pos+Neu+XSubj+3SgProxObj']}, {'word_form': '.', 'fst_analyses': []}]",nj
Ogii'-onzaami-bengozaan ojiibaakwaan.,He made his soup too thick.,"[{'word_form': ""ogii'-onzaami-bengozaan"", 'fst_analyses': [""PVTense/gii'+PVLex/onzaami+bengozan+VTI+Ind+Pos+Neu+3SgProxSubj+0SgObj""]}, {'word_form': 'ojiibaakwaan', 'fst_analyses': ['jiibaakwaan+NI+Sg+3SgProxPoss']}, {'word_form': '.', 'fst_analyses': []}]",nj
Gikinawaaj inaago'o ogimaakaan. Miigwani-wiiwakwaan obiizikaan.,A chief dresses in a certain way. He wears a war bonnet.,"[{'word_form': 'gikinawaaj', 'fst_analyses': ['gikinawaaj+ADVMan']}, {'word_form': ""inaago'o"", 'fst_analyses': []}, {'word_form': 'ogimaakaan', 'fst_analyses': ['ogimaakaan+NA+ProxSg']}, {'word_form': '.', 'fst_analyses': []}, {'word_form': 'miigwani-wiiwakwaan', 'fst_analyses': ['miigwani-wiiwakwaan+NI+Sg']}, {'word_form': 'obiizikaan', 'fst_analyses': ['biizikan+VTI+Ind+Pos+Neu+3SgProxSubj+0SgObj']}, {'word_form': '.', 'fst_analyses': []}]",nj
Gii'-wiisagaakizo gii-jaagizod aakwaagamide-bimide.,He really got hurt when he got burned by hot grease.,"[{'word_form': ""gii'-wiisagaakizo"", 'fst_analyses': [""PVTense/gii'+wiisagaakizo+VAI+Ind+Pos+Neu+3SgProxSubj""]}, {'word_form': 'gii-jaagizod', 'fst_analyses': ['PVTense/gii+jaagizo+VAI+Cnj+Pos+Neu+3SgProxSubj', 'PVTense/gii+jaagizwi+VTA+Cnj+Pos+Neu+3SgProxSubj+1SgObj', 'PVTense/gii+jaagiz+VTA+Cnj+Pos+Neu+3SgProxSubj+1SgObj']}, {'word_form': 'aakwaagamide-bimide', 'fst_analyses': []}, {'word_form': '.', 'fst_analyses': []}]",nj
Wiisagaagamin gigaapiikaan; onzaam niibiwa gigii-tagonaan.,Your coffee tastes bitter because you put too much in.,"[{'word_form': 'wiisagaagamin', 'fst_analyses': ['wiisagaagamin+VII+Ind+Pos+Neu+0SgSubj']}, {'word_form': 'gigaapiikaan;', 'fst_analyses': []}, {'word_form': 'onzaam', 'fst_analyses': ['onzaam+ADVQnt']}, {'word_form': 'niibiwa', 'fst_analyses': ['niibiwa+ADVQnt']}, {'word_form': 'gigii-tagonaan', 'fst_analyses': ['PVTense/gii+dagonan+VTI+Ind+Pos+Neu+2SgSubj+0SgObj']}, {'word_form': '.', 'fst_analyses': []}]",nj
Bagakitaagozi awe gaa-inaajimod.,The story teller is so clear. = S/he tells h/ story so clearly.,"[{'word_form': 'bagakitaagozi', 'fst_analyses': ['bagakitaagozi+VAI+Ind+Pos+Neu+3SgProxSubj']}, {'word_form': 'awe', 'fst_analyses': ['awe+PRONDem+NA+ProxSg']}, {'word_form': 'gaa-inaajimod', 'fst_analyses': ['PVSub/gaa+inaajimo+VAI+Cnj+Pos+Neu+3SgProxSubj', 'PVTense/gii+inaajimo+VAI+Pcp+Pos+Neu+3SgProxSubj+3SgProxHead']}, {'word_form': '.', 'fst_analyses': []}]",nj
"Bagamaajimo: ""Wii'-niimi'idiwag anishinaabeg aabita-biboong.""","He arrived with news. ""The Anishinaabeg will be having a mid-winter powow.""","[{'word_form': 'bagamaajimo:', 'fst_analyses': []}, {'word_form': '""wii\'-niimi\'idiwag', 'fst_analyses': []}, {'word_form': 'anishinaabeg', 'fst_analyses': ['anishinaabe+NA+ProxPl']}, {'word_form': 'aabita-biboong.""', 'fst_analyses': []}]",nj
Naawininj gidaa-atamawaa asemaan biindaakoonad.,Put the tobacco right in the middle of her palm when you honor her.,"[{'word_form': 'naawininj', 'fst_analyses': ['naawininj+NI+Sg', 'naawininj+ADVLoc']}, {'word_form': 'gidaa-atamawaa', 'fst_analyses': ['PVTense/daa+atamaw+VTA+Ind+Pos+Neu+2SgSubj+3SgProxObj']}, {'word_form': 'asemaan', 'fst_analyses': ['asemaa+NA+ObvPl', 'asemaa+NA+ObvSg']}, {'word_form': 'biindaakoonad', 'fst_analyses': ['biindaakoozh+VTA+Cnj+Pos+Neu+2SgSubj+3SgProxObj']}, {'word_form': '.', 'fst_analyses': []}]",nj
Agaamaakwaa debwewidam gookooko'oo.,An owl can be heard from in the woods across the ridge.,"[{'word_form': 'agaamaakwaa', 'fst_analyses': ['agaamaakwaa+ADVLoc']}, {'word_form': 'debwewidam', 'fst_analyses': ['debwewidam+VAI+Ind+Pos+Neu+3SgProxSubj']}, {'word_form': ""gookooko'oo"", 'fst_analyses': [""gookooko'oo+NA+ProxSg""]}, {'word_form': '.', 'fst_analyses': []}]",nj
Odaapinan gaa-ozaawibagak aniibiish.,Pick up a brown leaf.,"[{'word_form': 'odaapinan', 'fst_analyses': ['odaapinan+VTI+Imp+Sim+2SgSubj+0PlObj', 'odaapinan+VTI+Imp+Sim+2SgSubj+0SgObj']}, {'word_form': 'gaa-ozaawibagak', 'fst_analyses': ['PVSub/gaa+ozaawibagad+VII+Cnj+Pos+Neu+0SgSubj', 'PVSub/gaa+ozaawibagad+VII+Cnj+Pos+Neu+0PlSubj', 'PVTense/gii+ozaawibagad+VII+Pcp+Pos+Neu+0SgSubj+0SgHead']}, {'word_form': 'aniibiish', 'fst_analyses': ['aniib+NA+Pej+ProxSg', 'aniibiish+NI+Sg']}, {'word_form': '.', 'fst_analyses': []}]",nj
Biindigen. Gego memwech madweyaakwa'igeken. Aazha misawaa gigii'-waabamin.,Come in!  You don't have to knock. I already saw you anyway.,"[{'word_form': 'biindigen', 'fst_analyses': ['biindige+VAI+Imp+Sim+2SgSubj']}, {'word_form': '.', 'fst_analyses': []}, {'word_form': 'gego', 'fst_analyses': ['gego+ADVNeg']}, {'word_form': 'memwech', 'fst_analyses': ['memwech+ADVMan']}, {'word_form': ""madweyaakwa'igeken"", 'fst_analyses': [""madweyaakwa'ige+VAI+Imp+Prb+2SgSubj""]}, {'word_form': '.', 'fst_analyses': []}, {'word_form': 'aazha', 'fst_analyses': ['aazha+ADVTmp']}, {'word_form': 'misawaa', 'fst_analyses': ['misawaa+ADVGram']}, {'word_form': ""gigii'-waabamin"", 'fst_analyses': [""PVTense/gii'+waabam+VTA+Ind+Pos+Neu+1SgSubj+2SgObj""]}, {'word_form': '.', 'fst_analyses': []}]",nj
Gego memwech ganoonaaken gimaamaa. Goshko-mawadishi.,You don't have to call your mum. Give her a surprise visit.,"[{'word_form': 'gego', 'fst_analyses': ['gego+ADVNeg']}, {'word_form': 'memwech', 'fst_analyses': ['memwech+ADVMan']}, {'word_form': 'ganoonaaken', 'fst_analyses': ['ganoozh+VTA+Imp+Prb+2SgSubj+3PlProxObj', 'ganoozh+VTA+Imp+Prb+2SgSubj+3SgProxObj']}, {'word_form': 'gimaamaa', 'fst_analyses': ['maamaay+NAD+ProxSg+2SgPoss', 'maamaa+NAD+ProxSg+2SgPoss']}, {'word_form': '.', 'fst_analyses': []}, {'word_form': 'goshko-mawadishi', 'fst_analyses': []}, {'word_form': '.', 'fst_analyses': []}]",nj
Gego memwech wiindamawaaken. Aazha ogikendaan waa'-izhichiged.,You don't have to tell him. He already knows what to do.,"[{'word_form': 'gego', 'fst_analyses': ['gego+ADVNeg']}, {'word_form': 'memwech', 'fst_analyses': ['memwech+ADVMan']}, {'word_form': 'wiindamawaaken', 'fst_analyses': ['wiindamaw+VTA+Imp+Prb+2SgSubj+3PlProxObj', 'wiindamaw+VTA+Imp+Prb+2SgSubj+3SgProxObj']}, {'word_form': '.', 'fst_analyses': []}, {'word_form': 'aazha', 'fst_analyses': ['aazha+ADVTmp']}, {'word_form': 'ogikendaan', 'fst_analyses': ['gikendan+VTI+Ind+Pos+Neu+3SgProxSubj+0SgObj']}, {'word_form': ""waa'-izhichiged"", 'fst_analyses': [""PVTense/wii'+izhichige+VAI+Pcp+Pos+Neu+3SgProxSubj+3SgProxHead""]}, {'word_form': '.', 'fst_analyses': []}]",nj
Wiinitam da-wiisini gookomisinaan.,Let grandma eat first.,"[{'word_form': 'wiinitam', 'fst_analyses': ['wiinitam+PRONPer+NA+3Sg']}, {'word_form': 'da-wiisini', 'fst_analyses': ['PVTense/ga+wiisini+VAI+Ind+Pos+Neu+3SgProxSubj']}, {'word_form': 'gookomisinaan', 'fst_analyses': ['ookomis+NAD+ProxSg+InclPoss']}, {'word_form': '.', 'fst_analyses': []}]",nj
Wiinitam gii'-maajitaa.,He started doing it first!,"[{'word_form': 'wiinitam', 'fst_analyses': ['wiinitam+PRONPer+NA+3Sg']}, {'word_form': ""gii'-maajitaa"", 'fst_analyses': [""PVTense/gii'+maajitaa+VAI+Ind+Pos+Neu+3SgProxSubj""]}, {'word_form': '.', 'fst_analyses': []}]",nj
Aandi enaashid.,Where's it flying?,"[{'word_form': 'aandi', 'fst_analyses': ['aandi+ADVInter']}, {'word_form': 'enaashid', 'fst_analyses': ['inaashi+VAI+Pcp+Pos+Neu+3SgProxSubj+3SgProxHead']}, {'word_form': '.', 'fst_analyses': []}]",nj
Baapi'idiwag dazhimaawaad ogete-wiinimoshenyiwaan. Daabida iniwe gaa-mikomaawaad.,They laugh together when they mention an old sweetheart of theirs. They're talking about the same guy!,"[{'word_form': ""baapi'idiwag"", 'fst_analyses': [""baapi'+VTA+Recip/di+VAI+Ind+Pos+Neu+3PlProxSubj+3PlProxObj"", ""baapi'idiwag+VAI+Ind+Pos+Neu+3PlProxSubj+3PlProxObj""]}, {'word_form': 'dazhimaawaad', 'fst_analyses': ['dazhim+VTA+Cnj+Pos+Neu+3PlProxSubj+3SgObvObj', 'dazhim+VTA+Cnj+Pos+Neu+3PlProxSubj+3PlObvObj']}, {'word_form': 'ogete-wiinimoshenyiwaan', 'fst_analyses': []}, {'word_form': '.', 'fst_analyses': []}, {'word_form': 'daabida', 'fst_analyses': ['daabida+ADVMan']}, {'word_form': 'iniwe', 'fst_analyses': ['iniwe+PRONDem+NI+Pl', 'iniwe+PRONDem+NA+ObvSg', 'iniwe+PRONDem+NA+ObvPl']}, {'word_form': 'gaa-mikomaawaad', 'fst_analyses': ['PVSub/gaa+mikom+VTA+Cnj+Pos+Neu+3PlProxSubj+3SgObvObj', 'PVSub/gaa+mikom+VTA+Cnj+Pos+Neu+3PlProxSubj+3PlObvObj']}, {'word_form': '.', 'fst_analyses': []}]",nj
Weweni ozagakiiginaa' ogiziingwe'ona' gaa-paasonid.,She folded her towels neatly after they were dry.,"[{'word_form': 'weweni', 'fst_analyses': ['weweni+ADVMan']}, {'word_form': ""ozagakiiginaa'"", 'fst_analyses': ['zagakiigin+VTA+Ind+Pos+Neu+3SgProxSubj+3PlObvObj']}, {'word_form': ""ogiziingwe'ona'"", 'fst_analyses': [""giziingwe'on+NA+ObvPl+3SgProxPoss""]}, {'word_form': 'gaa-paasonid', 'fst_analyses': []}, {'word_form': '.', 'fst_analyses': []}]",nj
Ninandawendam ji-bimosemagak anishinaabemowin.,I hope the Native language will carry on.,"[{'word_form': 'ninandawendam', 'fst_analyses': ['nandawendam+VAI+Ind+Pos+Neu+1SgSubj', 'andawendam+VAI+Ind+Pos+Neu+1SgSubj', 'andawendam+VAI+Ind+Pos+Neu+1SgSubj']}, {'word_form': 'ji-bimosemagak', 'fst_analyses': ['PVTense/daa+bimose+VAI+Der/magad+VII+Cnj+Pos+Neu+0SgSubj', 'PVTense/ga+bimose+VAI+Der/magad+VII+Cnj+Pos+Neu+0SgSubj', 'PVTense/daa+bimose+VAI+Der/magad+VII+Cnj+Pos+Neu+0PlSubj', 'PVTense/ga+bimose+VAI+Der/magad+VII+Cnj+Pos+Neu+0PlSubj']}, {'word_form': 'anishinaabemowin', 'fst_analyses': ['anishinaabemowin+NI+Sg']}, {'word_form': '.', 'fst_analyses': []}]",nj
Andawendam ji-miinind zhooniyaan waa'-awi'aazod imaa zhooniyaawigamigong.,He's wishing his loan would go through at the bank.,"[{'word_form': 'andawendam', 'fst_analyses': ['andawendam+VAI+Ind+Pos+Neu+3SgProxSubj']}, {'word_form': 'ji-miinind', 'fst_analyses': ['PVTense/daa+miizh+VTA+Cnj+Pos+Neu+XSubj+3SgProxObj', 'PVTense/ga+miizh+VTA+Cnj+Pos+Neu+XSubj+3SgProxObj']}, {'word_form': 'zhooniyaan', 'fst_analyses': ['zhooniyaa+NA+ObvPl', 'zhooniyaa+NA+ObvSg', 'zhooniyaa+NI+Pl']}, {'word_form': ""waa'-awi'aazod"", 'fst_analyses': []}, {'word_form': 'imaa', 'fst_analyses': ['imaa+ADVLoc']}, {'word_form': 'zhooniyaawigamigong', 'fst_analyses': ['zhooniyaawigamig+NI+Loc']}, {'word_form': '.', 'fst_analyses': []}]",nj
Aaniin enaandeg.,What color it it?,"[{'word_form': 'aaniin', 'fst_analyses': ['aaniin+PCInterj', 'aaniin+ADVInter']}, {'word_form': 'enaandeg', 'fst_analyses': ['inaande+VII+Pcp+Pos+Neu+0SgSubj+0SgHead']}, {'word_form': '.', 'fst_analyses': []}]",nj
Gii-takakamigaabaawe dibikong gii-gimiwang. Ganabaj gii'-mikwaminaaniwan.,The rain last night made the ground cold. I think there might have been some hail with it.,"[{'word_form': 'gii-takakamigaabaawe', 'fst_analyses': ['PVTense/gii+dakakamigaabaawe+VII+Ind+Pos+Neu+0SgSubj']}, {'word_form': 'dibikong', 'fst_analyses': ['dibikong+ADVTmp']}, {'word_form': 'gii-gimiwang', 'fst_analyses': ['PVTense/gii+gimiwan+VII+Cnj+Pos+Neu+0SgSubj', 'PVTense/gii+gimiwan+VII+Cnj+Pos+Neu+0PlSubj']}, {'word_form': '.', 'fst_analyses': []}, {'word_form': 'ganabaj', 'fst_analyses': ['ganabaj+ADVMan']}, {'word_form': ""gii'-mikwaminaaniwan"", 'fst_analyses': [""PVTense/gii'+mikwaminaaniwan+VII+Ind+Pos+Neu+0SgSubj""]}, {'word_form': '.', 'fst_analyses': []}]",nj
Minweweshin mikwam ogidabak gii-mikwaminaaniwang.,The hail sounds good hitting on top of the roof.,"[{'word_form': 'minweweshin', 'fst_analyses': ['minweweshin+VAI+Ind+Pos+Neu+3SgProxSubj']}, {'word_form': 'mikwam', 'fst_analyses': ['mikwam+NA+ProxSg']}, {'word_form': 'ogidabak', 'fst_analyses': ['ogidabak+ADVLoc']}, {'word_form': 'gii-mikwaminaaniwang', 'fst_analyses': ['PVTense/gii+mikwaminaaniwan+VII+Cnj+Pos+Neu+0SgSubj', 'PVTense/gii+mikwaminaaniwan+VII+Cnj+Pos+Neu+0PlSubj']}, {'word_form': '.', 'fst_analyses': []}]",nj
Ogidaatig nanaamadabi bizhiins.,A cat is sitting on the log.,"[{'word_form': 'ogidaatig', 'fst_analyses': ['ogidaatig+ADVLoc']}, {'word_form': 'nanaamadabi', 'fst_analyses': ['nanaamadabi+VAI+Ind+Pos+Neu+3SgProxSubj']}, {'word_form': 'bizhiins', 'fst_analyses': ['bizhiw+NA+Dim+ProxSg', 'bizhiins+NA+ProxSg']}, {'word_form': '.', 'fst_analyses': []}]",nj
Naazibiiwidoon waasigani-bimide-atoobaanan.,Take the gas tanks down to the lake.,"[{'word_form': 'naazibiiwidoon', 'fst_analyses': ['naazibiiwidoon+VTI+Imp+Sim+2SgSubj+0PlObj', 'naazibiiwidoon+VTI+Imp+Sim+2SgSubj+0SgObj']}, {'word_form': 'waasigani-bimide-atoobaanan', 'fst_analyses': ['waasigani-bimide-atoobaan+NI+Pl']}, {'word_form': '.', 'fst_analyses': []}]",nj
Onzaam waasa danakamigad. Gaawiin ganabaj nindaa-izhaasii.,The gathering is too far away. I don't think I'll go.,"[{'word_form': 'onzaam', 'fst_analyses': ['onzaam+ADVQnt']}, {'word_form': 'waasa', 'fst_analyses': ['waasa+ADVLoc']}, {'word_form': 'danakamigad', 'fst_analyses': ['danakamigad+VII+Ind+Pos+Neu+0SgSubj']}, {'word_form': '.', 'fst_analyses': []}, {'word_form': 'gaawiin', 'fst_analyses': ['gaawiin+ADVNeg']}, {'word_form': 'ganabaj', 'fst_analyses': ['ganabaj+ADVMan']}, {'word_form': 'nindaa-izhaasii', 'fst_analyses': ['PVTense/daa+izhaa+VAI+Ind+Neg+Neu+1SgSubj']}, {'word_form': '.', 'fst_analyses': []}]",nj
Aaniin ezhimaateg.,How is its aroma?,"[{'word_form': 'aaniin', 'fst_analyses': ['aaniin+PCInterj', 'aaniin+ADVInter']}, {'word_form': 'ezhimaateg', 'fst_analyses': ['izhimaate+VII+Pcp+Pos+Neu+0SgSubj+0SgHead']}, {'word_form': '.', 'fst_analyses': []}]",nj
Ningii-pookoshkaa'ig oshki-odaabaan gii-adaaweyaan.,Buying a new vehicle made me broke.,"[{'word_form': ""ningii-pookoshkaa'ig"", 'fst_analyses': [""PVTense/gii+bookoshkaa'+VTA+Ind+Pos+Neu+3SgProxSubj+1SgObj""]}, {'word_form': 'oshki-odaabaan', 'fst_analyses': ['PNLex/oshki+odaabaan+NA+ProxSg', 'PNLex/oshki+odaabaan+NI+Sg']}, {'word_form': 'gii-adaaweyaan', 'fst_analyses': ['PVTense/gii+adaawe+VAI+Cnj+Pos+Neu+1SgSubj', 'PVTense/gii+adaawen+VAIO+Cnj+Pos+Neu+1SgSubj+0PlObj', 'PVTense/gii+adaawen+VAIO+Cnj+Pos+Neu+1SgSubj+0SgObj', 'PVTense/gii+adaawen+VAIO+Cnj+Pos+Neu+1SgSubj+3SgProxObj', 'PVTense/gii+adaawen+VAIO+Cnj+Pos+Neu+1SgSubj+3PlProxObj', 'PVTense/gii+adaawen+VAIO+Cnj+Pos+Neu+1SgSubj']}, {'word_form': '.', 'fst_analyses': []}]",nj
Gikinawaaj inaago'o ogimaakaan. Miigwani-wiiwakwaan obiizikaan.,A chief dresses in a certain way. He wears a war bonnet.,"[{'word_form': 'gikinawaaj', 'fst_analyses': ['gikinawaaj+ADVMan']}, {'word_form': ""inaago'o"", 'fst_analyses': []}, {'word_form': 'ogimaakaan', 'fst_analyses': ['ogimaakaan+NA+ProxSg']}, {'word_form': '.', 'fst_analyses': []}, {'word_form': 'miigwani-wiiwakwaan', 'fst_analyses': ['miigwani-wiiwakwaan+NI+Sg']}, {'word_form': 'obiizikaan', 'fst_analyses': ['biizikan+VTI+Ind+Pos+Neu+3SgProxSubj+0SgObj']}, {'word_form': '.', 'fst_analyses': []}]",nj
Ningii-pawaadamaagoo gikinawaaj ji-izhinaagozid opwaagan.,Someone dreamed of me owning a pipe of this description.,"[{'word_form': 'ningii-pawaadamaagoo', 'fst_analyses': []}, {'word_form': 'gikinawaaj', 'fst_analyses': ['gikinawaaj+ADVMan']}, {'word_form': 'ji-izhinaagozid', 'fst_analyses': ['PVTense/daa+izhinaagozi+VAI+Cnj+Pos+Neu+3SgProxSubj', 'PVTense/ga+izhinaagozi+VAI+Cnj+Pos+Neu+3SgProxSubj']}, {'word_form': 'opwaagan', 'fst_analyses': ['opwaagan+NA+ProxSg']}, {'word_form': '.', 'fst_analyses': []}]",nj
Wiinawaa ogii'-ozhitoonaawaa waakaa'igan.,They built their own house.,"[{'word_form': 'wiinawaa', 'fst_analyses': ['wiinawaa+PRONPer+NA+3Pl']}, {'word_form': ""ogii'-ozhitoonaawaa"", 'fst_analyses': [""PVTense/gii'+ozhitoon+VTI+Ind+Pos+Neu+3PlProxSubj+0SgObj""]}, {'word_form': ""waakaa'igan"", 'fst_analyses': [""waakaa'igan+NI+Sg""]}, {'word_form': '.', 'fst_analyses': []}]",nj
Gaagiijijaane; onzaam omigiiwi biinjijaan.,His nose is sore because he has sores in his nose.,"[{'word_form': 'gaagiijijaane;', 'fst_analyses': []}, {'word_form': 'onzaam', 'fst_analyses': ['onzaam+ADVQnt']}, {'word_form': 'omigiiwi', 'fst_analyses': ['omigiiwi+VAI+Ind+Pos+Neu+3SgProxSubj']}, {'word_form': 'biinjijaan', 'fst_analyses': ['biinjijaan+ADVLoc']}, {'word_form': '.', 'fst_analyses': []}]",nj
Nawaj agaasikodan gizhiiba'ataanaak. Agaashiinyi gaa-wii-shiiba'wad,Make your stretcher a little smaller. What you are going to stretch on it is pretty small.,"[{'word_form': 'nawaj', 'fst_analyses': ['nawaj+ADVDeg']}, {'word_form': 'agaasikodan', 'fst_analyses': ['agaasikodan+VTI+Imp+Sim+2SgSubj+0PlObj', 'agaasikodan+VTI+Imp+Sim+2SgSubj+0SgObj']}, {'word_form': ""gizhiiba'ataanaak"", 'fst_analyses': [""zhiiba'ataanaak+NI+Sg+2SgPoss""]}, {'word_form': '.', 'fst_analyses': []}, {'word_form': 'agaashiinyi', 'fst_analyses': ['agaashiinyi+VAI+Ind+Pos+Neu+3SgProxSubj']}, {'word_form': ""gaa-wii-shiiba'wad"", 'fst_analyses': [""PVSub/gaa+PVTense/wii+zhiiba'wi+VTA+Cnj+Pos+Neu+2SgSubj+3SgProxObj""]}]",nj
Geyaabi go minomaagozi giigoonh. Gaawiin mashi wanaajishinzii.,The fish still smells okay. It's not spoiled yet,"[{'word_form': 'geyaabi', 'fst_analyses': ['geyaabi+ADVTmp']}, {'word_form': 'go', 'fst_analyses': ['go+PCDisc']}, {'word_form': 'minomaagozi', 'fst_analyses': ['minomaagozi+VAI+Ind+Pos+Neu+3SgProxSubj']}, {'word_form': 'giigoonh', 'fst_analyses': ['giigoonh+NA+ProxSg']}, {'word_form': '.', 'fst_analyses': []}, {'word_form': 'gaawiin', 'fst_analyses': ['gaawiin+ADVNeg']}, {'word_form': 'mashi', 'fst_analyses': ['mashi+ADVTmp']}, {'word_form': 'wanaajishinzii', 'fst_analyses': []}, {'word_form': '.', 'fst_analyses': []}]",nj
Inaabin enakwazhiweyan. Giga-bitaabikishin minisaabik.,Look where you paddle to. You might get hung up on a reef.,"[{'word_form': 'inaabin', 'fst_analyses': ['inaabi+VAI+Imp+Sim+2SgSubj']}, {'word_form': 'enakwazhiweyan', 'fst_analyses': []}, {'word_form': '.', 'fst_analyses': []}, {'word_form': 'giga-bitaabikishin', 'fst_analyses': ['PVTense/ga+bitaabikishin+VAI+Ind+Pos+Neu+2SgSubj']}, {'word_form': 'minisaabik', 'fst_analyses': ['minisaabik+NI+Sg']}, {'word_form': '.', 'fst_analyses': []}]",nj
Manginaagozi mikwam gaa-waasishing minisaabikong.,There is a big shining pile of ice on the reef.,"[{'word_form': 'manginaagozi', 'fst_analyses': ['manginaagozi+VAI+Ind+Pos+Neu+3SgProxSubj']}, {'word_form': 'mikwam', 'fst_analyses': ['mikwam+NA+ProxSg']}, {'word_form': 'gaa-waasishing', 'fst_analyses': []}, {'word_form': 'minisaabikong', 'fst_analyses': ['minisaabik+NI+Loc']}, {'word_form': '.', 'fst_analyses': []}]",nj
Gego inoo'angen minisaabik. Da-bagamaanimad giishpin inoo'aman minisaabik.,Don't point to the reef. A strong wind will come up if you point at a reef.,"[{'word_form': 'gego', 'fst_analyses': ['gego+ADVNeg']}, {'word_form': ""inoo'angen"", 'fst_analyses': [""inoo'an+VTI+Imp+Prb+2SgSubj+0PlObj"", ""inoo'an+VTI+Imp+Prb+2SgSubj+0SgObj""]}, {'word_form': 'minisaabik', 'fst_analyses': ['minisaabik+NI+Sg']}, {'word_form': '.', 'fst_analyses': []}, {'word_form': 'da-bagamaanimad', 'fst_analyses': ['PVTense/ga+bagamaanimad+VII+Ind+Pos+Neu+0SgSubj']}, {'word_form': 'giishpin', 'fst_analyses': ['giishpin+ADVGram']}, {'word_form': ""inoo'aman"", 'fst_analyses': [""inoo'an+VTI+Cnj+Pos+Neu+2SgSubj+0PlObj"", ""inoo'an+VTI+Cnj+Pos+Neu+2SgSubj+0SgObj""]}, {'word_form': 'minisaabik', 'fst_analyses': ['minisaabik+NI+Sg']}, {'word_form': '.', 'fst_analyses': []}]",nj
Biinji-waazh ogii'-ina'anaan. Owii-saagidaabaswaan.,He followed its trail into the den. He's going to smoke it out.,"[{'word_form': 'biinji-waazh', 'fst_analyses': ['PNLex/biinji+waazh+NI+Sg', 'biinji-waazh+ADVLoc', 'PVLex/biinji+waazhwi+VTA+Imp+Sim+2SgSubj+3SgProxObj', 'PVLex/biinji+waazhwi+VTA+Imp+Sim+2SgSubj+3PlProxObj']}, {'word_form': ""ogii'-ina'anaan"", 'fst_analyses': [""PVTense/gii'+ina'azh+VTA+Ind+Pos+Neu+3SgProxSubj+3SgObvObj"", ""PVTense/gii'+ina'azh+VTA+Ind+Pos+Neu+3SgProxSubj+3PlObvObj""]}, {'word_form': '.', 'fst_analyses': []}, {'word_form': 'owii-saagidaabaswaan', 'fst_analyses': ['PVTense/wii+zaagidaabaswi+VTA+Ind+Pos+Neu+3SgProxSubj+3SgObvObj', 'PVTense/wii+zaagidaabaswi+VTA+Ind+Pos+Neu+3SgProxSubj+3PlObvObj']}, {'word_form': '.', 'fst_analyses': []}]",nj
Gabe-gigizheb ninga-ab waabang.,Ill be home all morning tomorrow.,"[{'word_form': 'gabe-gigizheb', 'fst_analyses': ['PVLex/gabe+gigizheb+ADVTmp']}, {'word_form': 'ninga-ab', 'fst_analyses': ['PVTense/ga+abi+VAI+Ind+Pos+Neu+1SgSubj']}, {'word_form': 'waabang', 'fst_analyses': ['waaban+VII+Cnj+Pos+Neu+0SgSubj', 'waaban+VII+Cnj+Pos+Neu+0PlSubj']}, {'word_form': '.', 'fst_analyses': []}]",nj
Naage waasa wii'-ani-izhi-gozi waabaninig.,He's going to move further away tomorrow.,"[{'word_form': 'naage', 'fst_analyses': ['naage+ADVTmp']}, {'word_form': 'waasa', 'fst_analyses': ['waasa+ADVLoc']}, {'word_form': ""wii'-ani-izhi-gozi"", 'fst_analyses': [""PVTense/wii'+PVDir/ani+PVRel/izhi+gozi+VAI+Ind+Pos+Neu+3SgProxSubj""]}, {'word_form': 'waabaninig', 'fst_analyses': ['waaban+VII+Cnj+Pos+Neu+0PlObvSubj', 'waaban+VII+Cnj+Pos+Neu+0SgObvSubj']}, {'word_form': '.', 'fst_analyses': []}]",nj
Gaawiin geyaabi ogashki'aasiin ji-bimibizo'aad odaabaanan; onzaam gaawiin zaabaabisii.,He's not able to drive a car anymore because he can't see very well.,"[{'word_form': 'gaawiin', 'fst_analyses': ['gaawiin+ADVNeg']}, {'word_form': 'geyaabi', 'fst_analyses': ['geyaabi+ADVTmp']}, {'word_form': ""ogashki'aasiin"", 'fst_analyses': [""gashki'+VTA+Ind+Neg+Neu+3SgProxSubj+3PlObvObj"", ""gashki'+VTA+Ind+Neg+Neu+3SgProxSubj+3SgObvObj""]}, {'word_form': ""ji-bimibizo'aad"", 'fst_analyses': [""PVTense/daa+bimibizo'+VTA+Cnj+Pos+Neu+3SgProxSubj+3SgObvObj"", ""PVTense/ga+bimibizo'+VTA+Cnj+Pos+Neu+3SgProxSubj+3SgObvObj"", ""PVTense/daa+bimibizo'+VTA+Cnj+Pos+Neu+3SgProxSubj+3PlObvObj"", ""PVTense/ga+bimibizo'+VTA+Cnj+Pos+Neu+3SgProxSubj+3PlObvObj""]}, {'word_form': 'odaabaanan;', 'fst_analyses': []}, {'word_form': 'onzaam', 'fst_analyses': ['onzaam+ADVQnt']}, {'word_form': 'gaawiin', 'fst_analyses': ['gaawiin+ADVNeg']}, {'word_form': 'zaabaabisii', 'fst_analyses': []}, {'word_form': '.', 'fst_analyses': []}]",nj
Ningii-pi-boozi'aa nindoodaabaaning.,I gave her a ride here in my car.,"[{'word_form': ""ningii-pi-boozi'aa"", 'fst_analyses': [""PVTense/gii+PVDir/bi+boozi'+VTA+Ind+Pos+Neu+1SgSubj+3SgProxObj""]}, {'word_form': 'nindoodaabaaning', 'fst_analyses': ['odaabaan+NA+Loc+1SgPoss', 'odaabaan+NI+Loc+1SgPoss']}, {'word_form': '.', 'fst_analyses': []}]",nj
Ogii'-minjimendaan mewinzha gii-wiiji-gikinoo'amawagiban.,She remembered that I went to school with her long ago.,"[{'word_form': ""ogii'-minjimendaan"", 'fst_analyses': [""PVTense/gii'+minjimendan+VTI+Ind+Pos+Neu+3SgProxSubj+0SgObj""]}, {'word_form': 'mewinzha', 'fst_analyses': ['mewinzha+ADVTmp']}, {'word_form': ""gii-wiiji-gikinoo'amawagiban"", 'fst_analyses': [""PVTense/gii+PVLex/wiiji+gikinoo'amaw+VTA+Cnj+Pos+Prt+1SgSubj+3SgProxObj""]}, {'word_form': '.', 'fst_analyses': []}]",nj
Ingoji go ningii'-izhi-waabamaa John. Gaawiin dash niminjimendanziin aandi go gaa-gii'-izhi-waabamag.,I've seen John someplace but I can't remember where where I saw him,"[{'word_form': 'ingoji', 'fst_analyses': ['ingoji+ADVDeg']}, {'word_form': 'go', 'fst_analyses': ['go+PCDisc']}, {'word_form': ""ningii'-izhi-waabamaa"", 'fst_analyses': [""PVTense/gii'+PVRel/izhi+waabam+VTA+Ind+Pos+Neu+1SgSubj+3SgProxObj""]}, {'word_form': 'john', 'fst_analyses': []}, {'word_form': '.', 'fst_analyses': []}, {'word_form': 'gaawiin', 'fst_analyses': ['gaawiin+ADVNeg']}, {'word_form': 'dash', 'fst_analyses': ['dash+ADVConj']}, {'word_form': 'niminjimendanziin', 'fst_analyses': ['minjimendam+VAI+Ind+Neg+Neu+1SgSubj', 'minjimendan+VTI+Ind+Neg+Neu+1SgSubj+0SgObj']}, {'word_form': 'aandi', 'fst_analyses': ['aandi+ADVInter']}, {'word_form': 'go', 'fst_analyses': ['go+PCDisc']}, {'word_form': ""gaa-gii'-izhi-waabamag"", 'fst_analyses': [""PVSub/gaa+PVTense/gii'+PVRel/izhi+waabam+VTA+Cnj+Pos+Neu+1SgSubj+3SgProxObj""]}, {'word_form': '.', 'fst_analyses': []}]",nj
Agaasaabikizi giizis. Gegaa zhigwa ishkwaayaasige.,The moon is real thin. It's almost the end of the month.,"[{'word_form': 'agaasaabikizi', 'fst_analyses': ['agaasaabikizi+VAI+Ind+Pos+Neu+3SgProxSubj']}, {'word_form': 'giizis', 'fst_analyses': ['giizis+NA+ProxSg']}, {'word_form': '.', 'fst_analyses': []}, {'word_form': 'gegaa', 'fst_analyses': ['gegaa+ADVDeg']}, {'word_form': 'zhigwa', 'fst_analyses': ['zhigwa+ADVTmp']}, {'word_form': 'ishkwaayaasige', 'fst_analyses': ['ishkwaayaasige+VAI+Ind+Pos+Neu+3SgProxSubj']}, {'word_form': '.', 'fst_analyses': []}]",nj
Apenimon gigitiziimag ji-gikinoo'amawikwaa ge-izhi-bimiwidooyan gibimaadiziwin.,Rely on your parents to teach you how to carry on your life in the future.,"[{'word_form': 'apenimon', 'fst_analyses': ['apenimo+VAI+Imp+Sim+2SgSubj', 'apenimon+VAIO+Imp+Sim+2SgSubj+0PlObj', 'apenimon+VAIO+Imp+Sim+2SgSubj+0SgObj', 'apenimon+VAIO+Imp+Sim+2SgSubj+3PlProx', 'apenimon+VAIO+Imp+Sim+2SgSubj+3SgProx', 'apenimon+VAIO+Imp+Sim+2SgSubj']}, {'word_form': 'gigitiziimag', 'fst_analyses': ['gitiziim+NAD+ProxPl+2SgPoss']}, {'word_form': ""ji-gikinoo'amawikwaa"", 'fst_analyses': []}, {'word_form': 'ge-izhi-bimiwidooyan', 'fst_analyses': []}, {'word_form': 'gibimaadiziwin', 'fst_analyses': ['bimaadiziwin+NI+Sg+2SgPoss']}, {'word_form': '.', 'fst_analyses': []}]",nj
Gegiin ina.,You too?,"[{'word_form': 'gegiin', 'fst_analyses': ['gegiin+PRONPer+NA+2Sg']}, {'word_form': 'ina', 'fst_analyses': ['ina+PCDisc']}, {'word_form': '.', 'fst_analyses': []}]",nj
Aandi wenjibideg bikwaakwad gaa-gii-piindigebideg.,Where the ball that flew inside (through the window) thrown from?,"[{'word_form': 'aandi', 'fst_analyses': ['aandi+ADVInter']}, {'word_form': 'wenjibideg', 'fst_analyses': ['onjibide+VII+Pcp+Pos+Neu+0SgSubj+0SgHead']}, {'word_form': 'bikwaakwad', 'fst_analyses': ['bikwaakwad+NI+Sg']}, {'word_form': 'gaa-gii-piindigebideg', 'fst_analyses': ['PVSub/gaa+PVTense/gii+biindigebide+VII+Cnj+Pos+Neu+0SgSubj', 'PVSub/gaa+PVTense/gii+biindigebide+VII+Cnj+Pos+Neu+0PlSubj', 'PVTense/gii+PVTense/gii+biindigebide+VII+Pcp+Pos+Neu+0SgSubj+0SgHead']}, {'word_form': '.', 'fst_analyses': []}]",nj
Debinaak odizhitoon gaa-ozhitood wiigwaasinaagan.,She's  making that birch bark basket in a rough way.,"[{'word_form': 'debinaak', 'fst_analyses': ['debinaw+VTA+Cnj+Pos+Neu+3SgProxSubj+2SgObj', 'debinaak+ADVMan']}, {'word_form': 'odizhitoon', 'fst_analyses': ['izhitoon+VTI+Ind+Pos+Neu+3SgProxSubj+0SgObj']}, {'word_form': 'gaa-ozhitood', 'fst_analyses': ['PVSub/gaa+ozhitoon+VTI+Cnj+Pos+Neu+3SgProxSubj+0PlObj', 'PVSub/gaa+ozhitoon+VTI+Cnj+Pos+Neu+3SgProxSubj+0SgObj']}, {'word_form': 'wiigwaasinaagan', 'fst_analyses': ['wiigwaasinaagan+NI+Sg']}, {'word_form': '.', 'fst_analyses': []}]",nj
Daabishkooj igo gaa-gii'-izhitooyan iwedi bezhig.,Make it the same way you made the other one.,"[{'word_form': 'daabishkooj', 'fst_analyses': []}, {'word_form': 'igo', 'fst_analyses': ['igo+PCEmph']}, {'word_form': ""gaa-gii'-izhitooyan"", 'fst_analyses': [""PVSub/gaa+PVTense/gii'+izhitoon+VTI+Cnj+Pos+Neu+2SgSubj+0PlObj"", ""PVSub/gaa+PVTense/gii'+izhitoon+VTI+Cnj+Pos+Neu+2SgSubj+0SgObj""]}, {'word_form': 'iwedi', 'fst_analyses': ['iwedi+PRONDem+NI+Sg']}, {'word_form': 'bezhig', 'fst_analyses': ['bezhig+NUM']}, {'word_form': '.', 'fst_analyses': []}]",nj
Aazha gii-kagwejii John waa'-izhitood owaakaa'igan.,John already worked out how to build his house.,"[{'word_form': 'aazha', 'fst_analyses': ['aazha+ADVTmp']}, {'word_form': 'gii-kagwejii', 'fst_analyses': ['PVTense/gii+gagwejii+VAI+Ind+Pos+Neu+3SgProxSubj']}, {'word_form': 'john', 'fst_analyses': []}, {'word_form': ""waa'-izhitood"", 'fst_analyses': []}, {'word_form': ""owaakaa'igan"", 'fst_analyses': [""waakaa'igan+NI+Sg+3SgProxPoss""]}, {'word_form': '.', 'fst_analyses': []}]",nj
Wiikwaasinjigan aabajitoon wii-chiishada'igeyan. Wiikwaasinoon gaa-biiwisingin michisag.,Use a vacuum cleaner when you want to sweep up something. Stuff scattered on the floor is sucked up.,"[{'word_form': 'wiikwaasinjigan', 'fst_analyses': ['wiikwaasinjigan+NI+Sg']}, {'word_form': 'aabajitoon', 'fst_analyses': ['aabajitoon+VTI+Imp+Sim+2SgSubj+0PlObj', 'aabajitoon+VTI+Imp+Sim+2SgSubj+0SgObj']}, {'word_form': ""wii-chiishada'igeyan"", 'fst_analyses': [""PVTense/wii+jiishada'ige+VAI+Cnj+Pos+Neu+2SgSubj""]}, {'word_form': '.', 'fst_analyses': []}, {'word_form': 'wiikwaasinoon', 'fst_analyses': ['wiikwaasin+VII+Ind+Pos+Neu+0PlSubj']}, {'word_form': 'gaa-biiwisingin', 'fst_analyses': ['PVSub/gaa+biiwisin+VII+Cnj+Pos+Neu+0PlSubj', 'PVTense/gii+biiwisin+VII+Pcp+Pos+Neu+0PlSubj+0PlHead']}, {'word_form': 'michisag', 'fst_analyses': ['michisag+NI+Sg', 'michisag+ADVLoc']}, {'word_form': '.', 'fst_analyses': []}]",nj
Agaasiinad ombisijigan. Gaawiin daa-de-ombizosii nimbakwezhiganikaan.,There's only a little bit of baking powder. My bannock won't rise enough.,"[{'word_form': 'agaasiinad', 'fst_analyses': ['agaasiinad+VII+Ind+Pos+Neu+0SgSubj']}, {'word_form': 'ombisijigan', 'fst_analyses': ['ombisijigan+NI+Sg']}, {'word_form': '.', 'fst_analyses': []}, {'word_form': 'gaawiin', 'fst_analyses': ['gaawiin+ADVNeg']}, {'word_form': 'daa-de-ombizosii', 'fst_analyses': ['PVTense/daa+PVLex/de+ombizo+VAI+Ind+Neg+Neu+3SgProxSubj']}, {'word_form': 'nimbakwezhiganikaan', 'fst_analyses': ['bakwezhiganikaan+NA+ProxSg+1SgPoss']}, {'word_form': '.', 'fst_analyses': []}]",nj
Anangoog bagakaanzhewag; noomag igo wii-kisinaa.,The stars are shining brightly; it will be cold for a while.,"[{'word_form': 'anangoog', 'fst_analyses': ['anang+NA+ProxPl']}, {'word_form': 'bagakaanzhewag;', 'fst_analyses': []}, {'word_form': 'noomag', 'fst_analyses': ['noomag+ADVTmp']}, {'word_form': 'igo', 'fst_analyses': ['igo+PCEmph']}, {'word_form': 'wii-kisinaa', 'fst_analyses': ['PVTense/wii+gisinaa+VII+Ind+Pos+Neu+0SgSubj']}, {'word_form': '.', 'fst_analyses': []}]",nj
Zhawendaagwad ekidod.,It's so caring the way she says it.,"[{'word_form': 'zhawendaagwad', 'fst_analyses': ['zhawendaagwad+VII+Ind+Pos+Neu+0SgSubj']}, {'word_form': 'ekidod', 'fst_analyses': ['ikido+VAI+Pcp+Pos+Neu+3SgProxSubj+3SgProxHead']}, {'word_form': '.', 'fst_analyses': []}]",nj
Dakaabikishin nindoodaabaan. Gaawiin maajiibizosii.,My car got cooled off. It won't start.,"[{'word_form': 'dakaabikishin', 'fst_analyses': ['dakaabikishin+VAI+Ind+Pos+Neu+3SgProxSubj']}, {'word_form': 'nindoodaabaan', 'fst_analyses': ['odaabaan+NA+ProxSg+1SgPoss', 'odaabaan+NI+Sg+1SgPoss']}, {'word_form': '.', 'fst_analyses': []}, {'word_form': 'gaawiin', 'fst_analyses': ['gaawiin+ADVNeg']}, {'word_form': 'maajiibizosii', 'fst_analyses': ['maajiibizo+VAI+Ind+Neg+Neu+3SgProxSubj']}, {'word_form': '.', 'fst_analyses': []}]",nj
Niwii'-mashkawaakwajidoon wiiyaas gaa-gii'-miinigooyaan.,I'm going to freeze the meat I got.,"[{'word_form': ""niwii'-mashkawaakwajidoon"", 'fst_analyses': [""PVTense/wii'+mashkawaakwajidoon+VTI+Ind+Pos+Neu+1SgSubj+0SgObj""]}, {'word_form': 'wiiyaas', 'fst_analyses': ['wiiyaas+NI+Sg', 'iiyaas+NID+Sg+3SgProxPoss']}, {'word_form': ""gaa-gii'-miinigooyaan"", 'fst_analyses': [""PVSub/gaa+PVTense/gii'+miizh+VTA+Cnj+Pos+Neu+XSubj+1SgObj""]}, {'word_form': '.', 'fst_analyses': []}]",nj
Aaboodazhigane. Ganabaj wewiib gii-piitazhigane.,He's got his socks on inside out. He must have put them on in a hurry.,"[{'word_form': 'aaboodazhigane', 'fst_analyses': ['aaboodazhigane+VAI+Ind+Pos+Neu+3SgProxSubj']}, {'word_form': '.', 'fst_analyses': []}, {'word_form': 'ganabaj', 'fst_analyses': ['ganabaj+ADVMan']}, {'word_form': 'wewiib', 'fst_analyses': ['wewiib+ADVMan']}, {'word_form': 'gii-piitazhigane', 'fst_analyses': ['PVTense/gii+biitazhigane+VAI+Ind+Pos+Neu+3SgProxSubj']}, {'word_form': '.', 'fst_analyses': []}]",nj
Bezhigwaabik geyaabi awashime nindachige.,I'm raising (my bet) to a dollar more.,"[{'word_form': 'bezhigwaabik', 'fst_analyses': ['bezhigwaabik+NA+ProxSg']}, {'word_form': 'geyaabi', 'fst_analyses': ['geyaabi+ADVTmp']}, {'word_form': 'awashime', 'fst_analyses': ['awashime+ADVDeg']}, {'word_form': 'nindachige', 'fst_analyses': ['achige+VAI+Ind+Pos+Neu+1SgSubj']}, {'word_form': '.', 'fst_analyses': []}]",nj
Gego wiikaa anooj-igo doodawaaken asemaa.,Don’t ever abuse tobacco.,"[{'word_form': 'gego', 'fst_analyses': ['gego+ADVNeg']}, {'word_form': 'wiikaa', 'fst_analyses': ['wiikaa+ADVTmp']}, {'word_form': 'anooj-igo', 'fst_analyses': []}, {'word_form': 'doodawaaken', 'fst_analyses': ['doodaw+VTA+Imp+Prb+2SgSubj+3PlProxObj', 'doodaw+VTA+Imp+Prb+2SgSubj+3SgProxObj']}, {'word_form': 'asemaa', 'fst_analyses': ['asemaa+NA+ProxSg']}, {'word_form': '.', 'fst_analyses': []}]",nj
Doodooshaabo na giwii-tagonaan.,Will you add milk?,"[{'word_form': 'doodooshaabo', 'fst_analyses': ['doodooshaabo+NI+Sg']}, {'word_form': 'na', 'fst_analyses': ['na+PCDisc']}, {'word_form': 'giwii-tagonaan', 'fst_analyses': ['PVTense/wii+dagonan+VTI+Ind+Pos+Neu+2SgSubj+0SgObj']}, {'word_form': '.', 'fst_analyses': []}]",nj
Gegaa gii'-aapijishin. Ogidabak gii'-ondagoojin.,Her nearly killed himself. He fell off the roof.,"[{'word_form': 'gegaa', 'fst_analyses': ['gegaa+ADVDeg']}, {'word_form': ""gii'-aapijishin"", 'fst_analyses': [""PVTense/gii'+aapijishin+VAI+Ind+Pos+Neu+3SgProxSubj""]}, {'word_form': '.', 'fst_analyses': []}, {'word_form': 'ogidabak', 'fst_analyses': ['ogidabak+ADVLoc']}, {'word_form': ""gii'-ondagoojin"", 'fst_analyses': [""PVTense/gii'+ondagoojin+VAI+Ind+Pos+Neu+3SgProxSubj""]}, {'word_form': '.', 'fst_analyses': []}]",nj
Gidaa-michi-boozidaabaanaag mitigoog gaa-bwaawinadwaa.,You should drag the trees you can't lift to the car.,"[{'word_form': 'gidaa-michi-boozidaabaanaag', 'fst_analyses': ['PVTense/daa+PVLex/michi+boozidaabaazh+VTA+Ind+Pos+Neu+2SgSubj+3PlProxObj']}, {'word_form': 'mitigoog', 'fst_analyses': ['mitig+NA+ProxPl']}, {'word_form': 'gaa-bwaawinadwaa', 'fst_analyses': ['PVSub/gaa+bwaawin+VTA+Cnj+Pos+Neu+2SgSubj+3PlProxObj']}, {'word_form': '.', 'fst_analyses': []}]",nj
Binaagonesewag mitigoog.,The snow is falling down off the trees.,"[{'word_form': 'binaagonesewag', 'fst_analyses': ['binaagonese+VAI+Ind+Pos+Neu+3PlProxSubj']}, {'word_form': 'mitigoog', 'fst_analyses': ['mitig+NA+ProxPl']}, {'word_form': '.', 'fst_analyses': []}]",nj
Aandi gaa'-izhi-dazhwegisidooyan bagiwaanegamig ji-baateg. / Ogiji-bikwasin ingii'-izhi-dazhwegisidoon.,Where did you spread the tent to dry? / I spread it out on the big boulder.,"[{'word_form': 'aandi', 'fst_analyses': ['aandi+ADVInter']}, {'word_form': ""gaa'-izhi-dazhwegisidooyan"", 'fst_analyses': []}, {'word_form': 'bagiwaanegamig', 'fst_analyses': ['bagiwaanegamig+NI+Sg']}, {'word_form': 'ji-baateg', 'fst_analyses': ['PVTense/daa+baate+VII+Cnj+Pos+Neu+0SgSubj', 'PVTense/ga+baate+VII+Cnj+Pos+Neu+0SgSubj', 'PVTense/daa+baate+VII+Cnj+Pos+Neu+0PlSubj', 'PVTense/ga+baate+VII+Cnj+Pos+Neu+0PlSubj']}, {'word_form': '.', 'fst_analyses': []}, {'word_form': '/', 'fst_analyses': []}, {'word_form': 'ogiji-bikwasin', 'fst_analyses': []}, {'word_form': ""ingii'-izhi-dazhwegisidoon"", 'fst_analyses': [""PVTense/gii'+PVRel/izhi+dazhwegisidoon+VTI+Ind+Pos+Neu+1SgSubj+0SgObj""]}, {'word_form': '.', 'fst_analyses': []}]",nj
Zhebaa omaa gii-pi-boonii migizi ogidabak.,This morning an eagle landed on the roof.,"[{'word_form': 'zhebaa', 'fst_analyses': ['zhebaa+ADVTmp']}, {'word_form': 'omaa', 'fst_analyses': ['omaa+ADVLoc']}, {'word_form': 'gii-pi-boonii', 'fst_analyses': ['PVTense/gii+PVDir/bi+boonii+VAI+Ind+Pos+Neu+3SgProxSubj']}, {'word_form': 'migizi', 'fst_analyses': ['migizi+NA+ProxSg']}, {'word_form': 'ogidabak', 'fst_analyses': ['ogidabak+ADVLoc']}, {'word_form': '.', 'fst_analyses': []}]",nj
Aaniin apii ekwaateg.,How far does it shine?,"[{'word_form': 'aaniin', 'fst_analyses': ['aaniin+PCInterj', 'aaniin+ADVInter']}, {'word_form': 'apii', 'fst_analyses': ['apii+ADVTmp']}, {'word_form': 'ekwaateg', 'fst_analyses': ['akwaate+VII+Pcp+Pos+Neu+0SgSubj+0SgHead']}, {'word_form': '.', 'fst_analyses': []}]",nj
Agaaming akwaate niwaazakonenjiganens.,My flashlight can shine all the way across the lake.,"[{'word_form': 'agaaming', 'fst_analyses': ['agaaming+ADVLoc']}, {'word_form': 'akwaate', 'fst_analyses': ['akwaate+VII+Ind+Pos+Neu+0SgSubj']}, {'word_form': 'niwaazakonenjiganens', 'fst_analyses': ['waazakonenjigan+NI+Dim+Sg+1SgPoss']}, {'word_form': '.', 'fst_analyses': []}]",nj
Aaniin enigokwaabikak 'i waagaakwad.,How big is that ax?,"[{'word_form': 'aaniin', 'fst_analyses': ['aaniin+PCInterj', 'aaniin+ADVInter']}, {'word_form': 'enigokwaabikak', 'fst_analyses': ['inigokwaabikad+VII+Pcp+Pos+Neu+0SgSubj+0SgHead']}, {'word_form': ""'i"", 'fst_analyses': [""'i+PRONDem+NI+Sg""]}, {'word_form': 'waagaakwad', 'fst_analyses': ['waagaakwad+NI+Sg', 'waagaakwad+VII+Ind+Pos+Neu+0SgSubj']}, {'word_form': '.', 'fst_analyses': []}]",nj
Aaniin enigokwaabikak ginaabikwaanens gaa-bimibizwaageyan.,What horsepower motor are you driving now?,"[{'word_form': 'aaniin', 'fst_analyses': ['aaniin+PCInterj', 'aaniin+ADVInter']}, {'word_form': 'enigokwaabikak', 'fst_analyses': ['inigokwaabikad+VII+Pcp+Pos+Neu+0SgSubj+0SgHead']}, {'word_form': 'ginaabikwaanens', 'fst_analyses': ['naabikwaanens+NI+Sg+2SgPoss', 'naabikwaan+NI+Dim+Sg+2SgPoss']}, {'word_form': 'gaa-bimibizwaageyan', 'fst_analyses': []}, {'word_form': '.', 'fst_analyses': []}]",nj
Jiigaabik izhi-biindaakoojigen.,Offer tobacco by the rock.,"[{'word_form': 'jiigaabik', 'fst_analyses': ['jiigaabik+ADVLoc']}, {'word_form': 'izhi-biindaakoojigen', 'fst_analyses': ['PVRel/izhi+biindaakoojige+VAI+Imp+Sim+2SgSubj']}, {'word_form': '.', 'fst_analyses': []}]",nj
Onji'idim anooj igo ji-doodawindwaa animoshag.,It is forbidden to mistreat dogs.,"[{'word_form': ""onji'idim"", 'fst_analyses': [""onji'+VTA+Recip/di+VAI+Ind+Pos+Neu+XSubj+XObj"", ""onji'idiwag+VAI+Ind+Pos+Neu+XSubj+XObj""]}, {'word_form': 'anooj', 'fst_analyses': ['anooj+ADVQnt']}, {'word_form': 'igo', 'fst_analyses': ['igo+PCEmph']}, {'word_form': 'ji-doodawindwaa', 'fst_analyses': ['PVTense/daa+doodaw+VTA+Cnj+Pos+Neu+XSubj+3PlProxObj', 'PVTense/ga+doodaw+VTA+Cnj+Pos+Neu+XSubj+3PlProxObj']}, {'word_form': 'animoshag', 'fst_analyses': ['animosh+NA+ProxPl']}, {'word_form': '.', 'fst_analyses': []}]",nj
Aaswaakoshim giniijaanis ji-ganawaabamik ezhichigeyan.,Lean your baby's cradle board up against the wall so s/he can see what you're doing.,"[{'word_form': 'aaswaakoshim', 'fst_analyses': ['aaswaakoshim+VTA+Imp+Sim+2SgSubj+3SgProxObj', 'aaswaakoshim+VTA+Imp+Sim+2SgSubj+3PlProxObj']}, {'word_form': 'giniijaanis', 'fst_analyses': ['niijaanis+NAD+ProxSg+2SgPoss']}, {'word_form': 'ji-ganawaabamik', 'fst_analyses': ['PVTense/daa+ganawaabam+VTA+Cnj+Pos+Neu+3SgProxSubj+2SgObj', 'PVTense/ga+ganawaabam+VTA+Cnj+Pos+Neu+3SgProxSubj+2SgObj']}, {'word_form': 'ezhichigeyan', 'fst_analyses': []}, {'word_form': '.', 'fst_analyses': []}]",nj
Waawiiba omeshkojisidoon gaa-ozhibii'igesenig odoozhibii'iganaakong.,He frequently changes the ink cartridge on his pen.,"[{'word_form': 'waawiiba', 'fst_analyses': ['waawiiba+ADVTmp']}, {'word_form': 'omeshkojisidoon', 'fst_analyses': ['meshkojisidoon+VTI+Ind+Pos+Neu+3SgProxSubj+0SgObj']}, {'word_form': ""gaa-ozhibii'igesenig"", 'fst_analyses': []}, {'word_form': ""odoozhibii'iganaakong"", 'fst_analyses': [""ozhibii'iganaak+NA+Loc+3SgProxPoss"", ""ozhibii'iganaak+NI+Loc+3SgProxPoss""]}, {'word_form': '.', 'fst_analyses': []}]",nj
Niminwendaanan gaa-makadewaagin makizinan.,I like the black pair of shoes.,"[{'word_form': 'niminwendaanan', 'fst_analyses': ['minwendan+VTI+Ind+Pos+Neu+1SgSubj+0PlObj']}, {'word_form': 'gaa-makadewaagin', 'fst_analyses': ['PVSub/gaa+makadewaa+VII+Cnj+Pos+Neu+0PlSubj', 'PVTense/gii+makadewaa+VII+Pcp+Pos+Neu+0PlSubj+0PlHead']}, {'word_form': 'makizinan', 'fst_analyses': ['makizin+NI+Pl']}, {'word_form': '.', 'fst_analyses': []}]",nj
Gidaa-giizhoowaabikzwaa gidoodaabaan. Wiiba zhigwa wii'-ishkwaakamigad.,You should go warm up your car. The event is just about over.,"[{'word_form': 'gidaa-giizhoowaabikzwaa', 'fst_analyses': []}, {'word_form': 'gidoodaabaan', 'fst_analyses': ['odaabaan+NI+Sg+2SgPoss', 'odaabaan+NA+ProxSg+2SgPoss']}, {'word_form': '.', 'fst_analyses': []}, {'word_form': 'wiiba', 'fst_analyses': ['wiiba+ADVTmp']}, {'word_form': 'zhigwa', 'fst_analyses': ['zhigwa+ADVTmp']}, {'word_form': ""wii'-ishkwaakamigad"", 'fst_analyses': [""PVTense/wii'+ishkwaakamigad+VII+Ind+Pos+Neu+0SgSubj""]}, {'word_form': '.', 'fst_analyses': []}]",nj
Mitikwam gidaa-agwana'aanan amikoganan.,You can cover up the beaver bones right on the ice.,"[{'word_form': 'mitikwam', 'fst_analyses': ['mitikwam+ADVLoc']}, {'word_form': ""gidaa-agwana'aanan"", 'fst_analyses': [""PVTense/daa+agwana'an+VTI+Ind+Pos+Neu+2SgSubj+0PlObj""]}, {'word_form': 'amikoganan', 'fst_analyses': ['amikogan+NI+Pl']}, {'word_form': '.', 'fst_analyses': []}]",nj
Zhiibaa-adoopowinaak atoon makakosh.,Put that old box under the table.,"[{'word_form': 'zhiibaa-adoopowinaak', 'fst_analyses': ['PNLex/zhiibaa+adoopowinaak+NI+Sg', 'zhiibaa-adoopowinaak+ADVLoc']}, {'word_form': 'atoon', 'fst_analyses': ['atoon+VTI+Imp+Sim+2SgSubj+0PlObj', 'atoon+VTI+Imp+Sim+2SgSubj+0SgObj']}, {'word_form': 'makakosh', 'fst_analyses': ['makak+NI+Pej+Sg']}, {'word_form': '.', 'fst_analyses': []}]",nj
Oshkiinamoog gaa-gii-pimi-miikanaakewaad. Ganabaj zhebaa gii-pimi-ayaawag.,There are fresh tracks of people making a (snowshoe) trail. They must have been by this morning.,"[{'word_form': 'oshkiinamoog', 'fst_analyses': []}, {'word_form': 'gaa-gii-pimi-miikanaakewaad', 'fst_analyses': ['PVSub/gaa+PVTense/gii+PVDir/bimi+miikanaake+VAI+Cnj+Pos+Neu+3PlProxSubj']}, {'word_form': '.', 'fst_analyses': []}, {'word_form': 'ganabaj', 'fst_analyses': ['ganabaj+ADVMan']}, {'word_form': 'zhebaa', 'fst_analyses': ['zhebaa+ADVTmp']}, {'word_form': 'gii-pimi-ayaawag', 'fst_analyses': ['PVTense/gii+PVDir/bimi+ayaaw+VTA+Cnj+Pos+Neu+1SgSubj+3SgProxObj', 'PVTense/gii+bimi-ayaa+VAI+Ind+Pos+Neu+3PlProxSubj', 'PVTense/gii+PVDir/bimi+ayaa+VAI+Ind+Pos+Neu+3PlProxSubj']}, {'word_form': '.', 'fst_analyses': []}]",nj
Gego memwech wiiji'ishiken. Mii go ji-gashkinag ji-aanjishimag.,You don't have to help me. I can lift it to move it over.,"[{'word_form': 'gego', 'fst_analyses': ['gego+ADVNeg']}, {'word_form': 'memwech', 'fst_analyses': ['memwech+ADVMan']}, {'word_form': ""wiiji'ishiken"", 'fst_analyses': [""wiiji'+VTA+Imp+Prb+2SgSubj+1SgObj""]}, {'word_form': '.', 'fst_analyses': []}, {'word_form': 'mii', 'fst_analyses': ['mii+ADVPred']}, {'word_form': 'go', 'fst_analyses': ['go+PCDisc']}, {'word_form': 'ji-gashkinag', 'fst_analyses': ['PVTense/daa+gashkin+VTA+Cnj+Pos+Neu+1SgSubj+3SgProxObj', 'PVTense/ga+gashkin+VTA+Cnj+Pos+Neu+1SgSubj+3SgProxObj']}, {'word_form': 'ji-aanjishimag', 'fst_analyses': ['PVTense/daa+aanjishim+VTA+Cnj+Pos+Neu+1SgSubj+3SgProxObj', 'PVTense/ga+aanjishim+VTA+Cnj+Pos+Neu+1SgSubj+3SgProxObj']}, {'word_form': '.', 'fst_analyses': []}]",nj
Wawenabi waa-tanagindang dibaajimoo-mazina'igan.,She's sitting herself down to read the newspaper.,"[{'word_form': 'wawenabi', 'fst_analyses': ['wawenabi+VAI+Ind+Pos+Neu+3SgProxSubj']}, {'word_form': 'waa-tanagindang', 'fst_analyses': []}, {'word_form': ""dibaajimoo-mazina'igan"", 'fst_analyses': [""dibaajimoo-mazina'igan+NI+Sg""]}, {'word_form': '.', 'fst_analyses': []}]",nj
Mitigong ondanjige baapaase. Mii iwe gaa-onji-bagone'waad mitigoo',A redheaded woodpecker gets its food from a tree. That's why it makes holes in the tree.,"[{'word_form': 'mitigong', 'fst_analyses': ['mitig+NA+Loc', 'mitig+NI+Loc']}, {'word_form': 'ondanjige', 'fst_analyses': ['ondanjige+VAI+Ind+Pos+Neu+3SgProxSubj']}, {'word_form': 'baapaase', 'fst_analyses': ['baapaase+NA+ProxSg']}, {'word_form': '.', 'fst_analyses': []}, {'word_form': 'mii', 'fst_analyses': ['mii+ADVPred']}, {'word_form': 'iwe', 'fst_analyses': ['iwe+PRONDem+NI+Sg']}, {'word_form': ""gaa-onji-bagone'waad"", 'fst_analyses': [""PVSub/gaa+PVRel/onji+bagone'wi+VTA+Cnj+Pos+Neu+3SgProxSubj+3SgObvObj"", ""PVSub/gaa+PVRel/onji+bagone'+VTA+Cnj+Pos+Neu+3SgProxSubj+3SgObvObj"", ""PVSub/gaa+PVRel/onji+bagone'wi+VTA+Cnj+Pos+Neu+3SgProxSubj+3PlObvObj"", ""PVSub/gaa+PVRel/onji+bagone'+VTA+Cnj+Pos+Neu+3SgProxSubj+3PlObvObj""]}, {'word_form': ""mitigoo'"", 'fst_analyses': ['mitig+NA+ObvPl']}]",nj
Nookomis gii'-achigaazo gikaawigamigong; onzaam obwaanawitoon ji-bami'idizod.,My grandmother was put in a retirement home because she isn't able to take care of herself.,"[{'word_form': 'nookomis', 'fst_analyses': ['ookomis+NAD+ProxSg+1SgPoss']}, {'word_form': ""gii'-achigaazo"", 'fst_analyses': [""PVTense/gii'+achigaazo+VAI+Ind+Pos+Neu+3SgProxSubj""]}, {'word_form': 'gikaawigamigong;', 'fst_analyses': []}, {'word_form': 'onzaam', 'fst_analyses': ['onzaam+ADVQnt']}, {'word_form': 'obwaanawitoon', 'fst_analyses': ['bwaanawitoon+VTI+Ind+Pos+Neu+3SgProxSubj+0SgObj']}, {'word_form': ""ji-bami'idizod"", 'fst_analyses': [""PVTense/daa+bami'+VTA+Reflex/dizo+VAI+Cnj+Pos+Neu+3SgProxSubj+3SgProxObj"", ""PVTense/ga+bami'+VTA+Reflex/dizo+VAI+Cnj+Pos+Neu+3SgProxSubj+3SgProxObj"", ""PVTense/daa+bami'idizo+VAI+Cnj+Pos+Neu+3SgProxSubj+3SgProxObj"", ""PVTense/ga+bami'idizo+VAI+Cnj+Pos+Neu+3SgProxSubj+3SgProxObj""]}, {'word_form': '.', 'fst_analyses': []}]",nj
Zezika iinzan gii'-ishkwaanaamo.,I guess he suddenly stopped breathing.,"[{'word_form': 'zezika', 'fst_analyses': ['zezika+ADVTmp']}, {'word_form': 'iinzan', 'fst_analyses': ['iinzan+PCDisc']}, {'word_form': ""gii'-ishkwaanaamo"", 'fst_analyses': [""PVTense/gii'+ishkwaanaamo+VAI+Ind+Pos+Neu+3SgProxSubj""]}, {'word_form': '.', 'fst_analyses': []}]",nj
Aaniin enenimaad.,What does s/he think about h/?,"[{'word_form': 'aaniin', 'fst_analyses': ['aaniin+PCInterj', 'aaniin+ADVInter']}, {'word_form': 'enenimaad', 'fst_analyses': []}, {'word_form': '.', 'fst_analyses': []}]",nj
Wiinaajimo gaa-toodawind ikwezens. Gii-kwaashkwanodawaa.,The girl told a story of what happened to her.  She was raped.,"[{'word_form': 'wiinaajimo', 'fst_analyses': ['wiinaajimo+VAI+Ind+Pos+Neu+3SgProxSubj']}, {'word_form': 'gaa-toodawind', 'fst_analyses': []}, {'word_form': 'ikwezens', 'fst_analyses': ['ikwezens+NA+ProxSg']}, {'word_form': '.', 'fst_analyses': []}, {'word_form': 'gii-kwaashkwanodawaa', 'fst_analyses': ['PVTense/gii+gwaashkwanodaw+VTA+Ind+Pos+Neu+XSubj+3SgProxObj']}, {'word_form': '.', 'fst_analyses': []}]",nj
Giga-binaanikwe odisaabandaman ani-gichi-aya'aawiyan.,You'll start to lose hair as you get older.,"[{'word_form': 'giga-binaanikwe', 'fst_analyses': ['PVTense/ga+binaanikwe+VAI+Ind+Pos+Neu+2SgSubj']}, {'word_form': 'odisaabandaman', 'fst_analyses': ['odisaabandan+VTI+Cnj+Pos+Neu+2SgSubj+0PlObj', 'odisaabandan+VTI+Cnj+Pos+Neu+2SgSubj+0SgObj']}, {'word_form': ""ani-gichi-aya'aawiyan"", 'fst_analyses': [""PVDir/ani+gichi-aya'aawi+VAI+Cnj+Pos+Neu+2SgSubj""]}, {'word_form': '.', 'fst_analyses': []}]",nj
Ningii'-awi-mawadisaa nookomis zhebaa. Wiinge go ani-oziigiingwe. Gichi-aya'aawi.,I went to visit my grandma this morning. She has more wrinkles on her face. She's an elder.,"[{'word_form': ""ningii'-awi-mawadisaa"", 'fst_analyses': [""PVTense/gii'+PVDir/awi+mawadish+VTA+Ind+Pos+Neu+1SgSubj+3SgProxObj""]}, {'word_form': 'nookomis', 'fst_analyses': ['ookomis+NAD+ProxSg+1SgPoss']}, {'word_form': 'zhebaa', 'fst_analyses': ['zhebaa+ADVTmp']}, {'word_form': '.', 'fst_analyses': []}, {'word_form': 'wiinge', 'fst_analyses': ['wiinge+ADVDeg']}, {'word_form': 'go', 'fst_analyses': ['go+PCDisc']}, {'word_form': 'ani-oziigiingwe', 'fst_analyses': ['PVDir/ani+oziigiingwe+VAI+Ind+Pos+Neu+3SgProxSubj']}, {'word_form': '.', 'fst_analyses': []}, {'word_form': ""gichi-aya'aawi"", 'fst_analyses': [""gichi-aya'aawi+VAI+Ind+Pos+Neu+3SgProxSubj""]}, {'word_form': '.', 'fst_analyses': []}]",nj
Jiigidaabaan namadabi nimaamaa. Ganabaj awiya obaabii'aan.,My mother is sitting by the car. I think she's awaiting for somebody.,"[{'word_form': 'jiigidaabaan', 'fst_analyses': ['jiigidaabaan+ADVLoc']}, {'word_form': 'namadabi', 'fst_analyses': ['namadabi+VAI+Ind+Pos+Neu+3SgProxSubj']}, {'word_form': 'nimaamaa', 'fst_analyses': ['maamaay+NAD+ProxSg+1SgPoss', 'maamaa+NAD+ProxSg+1SgPoss']}, {'word_form': '.', 'fst_analyses': []}, {'word_form': 'ganabaj', 'fst_analyses': ['ganabaj+ADVMan']}, {'word_form': 'awiya', 'fst_analyses': ['awiya+PRONIndf+NA']}, {'word_form': ""obaabii'aan"", 'fst_analyses': [""baabii'+VTA+Ind+Pos+Neu+3SgProxSubj+3SgObvObj"", ""baabii'+VTA+Ind+Pos+Neu+3SgProxSubj+3PlObvObj""]}, {'word_form': '.', 'fst_analyses': []}]",nj
Okwadaawewigamigong gii'-awi-ondadaawe Njim.,Jim went and bought his stuff at the wholesale store.,"[{'word_form': 'okwadaawewigamigong', 'fst_analyses': ['okwadaawewigamig+NI+Loc']}, {'word_form': ""gii'-awi-ondadaawe"", 'fst_analyses': [""PVTense/gii'+PVDir/awi+ondadaawe+VAIO+Ind+Pos+Neu+3SgProxSubj""]}, {'word_form': 'njim', 'fst_analyses': []}, {'word_form': '.', 'fst_analyses': []}]",nj
Gaawiin ganabaj odaa-gashkitoosiin ji-bawishkang manoomin.,I don’t think he’s able to do the dancing on the rice.,"[{'word_form': 'gaawiin', 'fst_analyses': ['gaawiin+ADVNeg']}, {'word_form': 'ganabaj', 'fst_analyses': ['ganabaj+ADVMan']}, {'word_form': 'odaa-gashkitoosiin', 'fst_analyses': ['PVTense/daa+gashkitoon+VTI+Ind+Neg+Neu+3SgProxSubj+0SgObj']}, {'word_form': 'ji-bawishkang', 'fst_analyses': ['PVTense/daa+bawishkam+VAI+Cnj+Pos+Neu+3SgProxSubj', 'PVTense/ga+bawishkam+VAI+Cnj+Pos+Neu+3SgProxSubj', 'PVTense/daa+bawishkan+VTI+Cnj+Pos+Neu+3SgProxSubj+0PlObj', 'PVTense/ga+bawishkan+VTI+Cnj+Pos+Neu+3SgProxSubj+0PlObj', 'PVTense/daa+bawishkan+VTI+Cnj+Pos+Neu+3SgProxSubj+0SgObj', 'PVTense/ga+bawishkan+VTI+Cnj+Pos+Neu+3SgProxSubj+0SgObj']}, {'word_form': 'manoomin', 'fst_analyses': ['manoomin+NI+Sg']}, {'word_form': '.', 'fst_analyses': []}]",nj
Nimaanab onzaam baapaagaa desabiwin.,I'm sitting uncommortably because the chair is too hard.,"[{'word_form': 'nimaanab', 'fst_analyses': ['maanabi+VAI+Ind+Pos+Neu+1SgSubj']}, {'word_form': 'onzaam', 'fst_analyses': ['onzaam+ADVQnt']}, {'word_form': 'baapaagaa', 'fst_analyses': ['baapaagaa+VII+Ind+Pos+Neu+0SgSubj']}, {'word_form': 'desabiwin', 'fst_analyses': ['desabiwin+NI+Sg']}, {'word_form': '.', 'fst_analyses': []}]",nj
Aasamisag agoodoon gimishoomis omazinaakizon.,Hang your grandfather's picture on the wall.,"[{'word_form': 'aasamisag', 'fst_analyses': ['aasamisag+NI+Sg']}, {'word_form': 'agoodoon', 'fst_analyses': ['agoodoo+VAI+Imp+Sim+2SgSubj', 'agoodoon+VTI+Imp+Sim+2SgSubj+0PlObj', 'agoodoon+VTI+Imp+Sim+2SgSubj+0SgObj']}, {'word_form': 'gimishoomis', 'fst_analyses': ['mishoomis+NAD+ProxSg+2SgPoss']}, {'word_form': 'omazinaakizon', 'fst_analyses': ['mazinaakizon+NI+Sg+3SgProxPoss']}, {'word_form': '.', 'fst_analyses': []}]",nj
Ningii'-noondawaa noondaagozid ninday dibikong. Mii nangwana gii'-niiginaawasod. Zhebaa ningii'-waabamaag. Ningodwaachiwa' oniijaanisensa'.,I heard my dog moaning last night. It turns out she was having her puppies. I saw them in the morning. There are 6 of them.,"[{'word_form': ""ningii'-noondawaa"", 'fst_analyses': [""PVTense/gii'+noondaw+VTA+Ind+Pos+Neu+1SgSubj+3SgProxObj""]}, {'word_form': 'noondaagozid', 'fst_analyses': ['noondaagozi+VAI+Cnj+Pos+Neu+3SgProxSubj']}, {'word_form': 'ninday', 'fst_analyses': ['day+NAD+ProxSg+1SgPoss']}, {'word_form': 'dibikong', 'fst_analyses': ['dibikong+ADVTmp']}, {'word_form': '.', 'fst_analyses': []}, {'word_form': 'mii', 'fst_analyses': ['mii+ADVPred']}, {'word_form': 'nangwana', 'fst_analyses': ['nangwana+PCDisc']}, {'word_form': ""gii'-niiginaawasod"", 'fst_analyses': [""PVTense/gii'+niiginaawaso+VAI+Cnj+Pos+Neu+3SgProxSubj""]}, {'word_form': '.', 'fst_analyses': []}, {'word_form': 'zhebaa', 'fst_analyses': ['zhebaa+ADVTmp']}, {'word_form': ""ningii'-waabamaag"", 'fst_analyses': [""PVTense/gii'+waabam+VTA+Ind+Pos+Neu+1SgSubj+3PlProxObj""]}, {'word_form': '.', 'fst_analyses': []}, {'word_form': ""ningodwaachiwa'"", 'fst_analyses': ['ningodwaachiwag+VAIPL+Ind+Pos+Neu+3PlObvSubj']}, {'word_form': ""oniijaanisensa'"", 'fst_analyses': ['niijaanis+NAD+Dim+ObvPl+3SgProxPoss']}, {'word_form': '.', 'fst_analyses': []}]",nj
Na'owe gaa-ateg.,Here it is!,"[{'word_form': ""na'owe"", 'fst_analyses': []}, {'word_form': 'gaa-ateg', 'fst_analyses': ['PVSub/gaa+ate+VII+Cnj+Pos+Neu+0SgSubj', 'PVSub/gaa+ate+VII+Cnj+Pos+Neu+0PlSubj', 'PVTense/gii+ate+VII+Pcp+Pos+Neu+0SgSubj+0SgHead']}, {'word_form': '.', 'fst_analyses': []}]",nj
Ningii-paapi'idiz gii-waabandamaan bebakaanazhiganeyaan.,I laughed at myself when I noticed that my socks didn't match.,"[{'word_form': ""ningii-paapi'idiz"", 'fst_analyses': [""PVTense/gii+baapi'+VTA+Reflex/dizo+VAI+Ind+Pos+Neu+1SgSubj+1SgObj"", ""PVTense/gii+baapi'idizo+VAI+Ind+Pos+Neu+1SgSubj+1SgObj""]}, {'word_form': 'gii-waabandamaan', 'fst_analyses': ['PVTense/gii+waabandan+VTI+Cnj+Pos+Neu+1SgSubj+0PlObj', 'PVTense/gii+waabandan+VTI+Cnj+Pos+Neu+1SgSubj+0SgObj']}, {'word_form': 'bebakaanazhiganeyaan', 'fst_analyses': ['bebakaanazhigane+VAI+Cnj+Pos+Neu+1SgSubj']}, {'word_form': '.', 'fst_analyses': []}]",nj
Biindikomaaning zhegonan gimookomaan jibwaa-beshininjiishinan.,Put your knife in the case before you cut your hand on it.,"[{'word_form': 'biindikomaaning', 'fst_analyses': ['biindikomaan+NI+Loc']}, {'word_form': 'zhegonan', 'fst_analyses': ['zhegonan+VTI+Imp+Sim+2SgSubj+0PlObj', 'zhegonan+VTI+Imp+Sim+2SgSubj+0SgObj']}, {'word_form': 'gimookomaan', 'fst_analyses': ['mookomaan+NI+Sg+2SgPoss']}, {'word_form': 'jibwaa-beshininjiishinan', 'fst_analyses': ['PVTense/jibwaa+beshininjiishin+VAI+Cnj+Pos+Neu+2SgSubj']}, {'word_form': '.', 'fst_analyses': []}]",nj
Ambegish mino-giizhigak waabang. Gidaa-andobinewemin.,I hope it's a nice day tomorrow. We could go partridge hunting.,"[{'word_form': 'ambegish', 'fst_analyses': ['ambegish+ADVPred']}, {'word_form': 'mino-giizhigak', 'fst_analyses': ['mino-giizhigad+VII+Cnj+Pos+Neu+0SgSubj', 'PVLex/mino+giizhigad+VII+Cnj+Pos+Neu+0SgSubj', 'mino-giizhigad+VII+Cnj+Pos+Neu+0PlSubj', 'PVLex/mino+giizhigad+VII+Cnj+Pos+Neu+0PlSubj']}, {'word_form': 'waabang', 'fst_analyses': ['waaban+VII+Cnj+Pos+Neu+0SgSubj', 'waaban+VII+Cnj+Pos+Neu+0PlSubj']}, {'word_form': '.', 'fst_analyses': []}, {'word_form': 'gidaa-andobinewemin', 'fst_analyses': ['PVTense/daa+andobinewe+VAI+Ind+Pos+Neu+InclSubj']}, {'word_form': '.', 'fst_analyses': []}]",nj
Endaso-biboon ninagwaanaag waaboozoog.,Every winter I snare rabbits.,"[{'word_form': 'endaso-biboon', 'fst_analyses': ['endaso-biboon+ADVTmp']}, {'word_form': 'ninagwaanaag', 'fst_analyses': ['nagwaazh+VTA+Ind+Pos+Neu+1SgSubj+3PlProxObj']}, {'word_form': 'waaboozoog', 'fst_analyses': ['waabooz+NA+ProxPl']}, {'word_form': '.', 'fst_analyses': []}]",nj
Gidaa-michi-boozidaabaanaag mitigoog gaa-bwaawinadwaa.,You should drag the trees you can't lift to the car.,"[{'word_form': 'gidaa-michi-boozidaabaanaag', 'fst_analyses': ['PVTense/daa+PVLex/michi+boozidaabaazh+VTA+Ind+Pos+Neu+2SgSubj+3PlProxObj']}, {'word_form': 'mitigoog', 'fst_analyses': ['mitig+NA+ProxPl']}, {'word_form': 'gaa-bwaawinadwaa', 'fst_analyses': ['PVSub/gaa+bwaawin+VTA+Cnj+Pos+Neu+2SgSubj+3PlProxObj']}, {'word_form': '.', 'fst_analyses': []}]",nj
Mooz omawinadaan waasakonenjiganens.,A moose is charging the light.,"[{'word_form': 'mooz', 'fst_analyses': ['moonz+NA+ProxSg', 'mooz+NA+ProxSg']}, {'word_form': 'omawinadaan', 'fst_analyses': ['mawinadan+VTI+Ind+Pos+Neu+3SgProxSubj+0SgObj']}, {'word_form': 'waasakonenjiganens', 'fst_analyses': []}, {'word_form': '.', 'fst_analyses': []}]",nj
Agamiing madwe-gabaawag nindinawemaaganag.,My relatives are heard getting off their canoe down the lake.,"[{'word_form': 'agamiing', 'fst_analyses': ['agamiing+ADVLoc']}, {'word_form': 'madwe-gabaawag', 'fst_analyses': ['PVLex/madwe+gabaa+VAI+Ind+Pos+Neu+3PlProxSubj']}, {'word_form': 'nindinawemaaganag', 'fst_analyses': ['inawemaagan+NA+ProxPl+1SgPoss']}, {'word_form': '.', 'fst_analyses': []}]",nj
Onaazitaan baawitig endanwewejiwaninig.,He follows the sound of the rapids.,"[{'word_form': 'onaazitaan', 'fst_analyses': ['naazitan+VTI+Ind+Pos+Neu+3SgProxSubj+0SgObj']}, {'word_form': 'baawitig', 'fst_analyses': ['baawitig+NI+Sg']}, {'word_form': 'endanwewejiwaninig', 'fst_analyses': ['danwewejiwan+VII+Pcp+Pos+Neu+0SgObvSubj+0SgObvHead']}, {'word_form': '.', 'fst_analyses': []}]",nj
Gego miijiken gaa-boozaag. Mii iwe ge-onji-zhiiwaakiganeyan.,Don't eat greasy things. That's going to give you heartburn.,"[{'word_form': 'gego', 'fst_analyses': ['gego+ADVNeg']}, {'word_form': 'miijiken', 'fst_analyses': ['miijin+VTI+Imp+Prb+2SgSubj+0PlObj', 'miijin+VTI+Imp+Prb+2SgSubj+0SgObj']}, {'word_form': 'gaa-boozaag', 'fst_analyses': ['PVSub/gaa+boozaa+VII+Cnj+Pos+Neu+0SgSubj', 'PVSub/gaa+boozaa+VII+Cnj+Pos+Neu+0PlSubj', 'PVTense/gii+boozaa+VII+Pcp+Pos+Neu+0SgSubj+0SgHead']}, {'word_form': '.', 'fst_analyses': []}, {'word_form': 'mii', 'fst_analyses': ['mii+ADVPred']}, {'word_form': 'iwe', 'fst_analyses': ['iwe+PRONDem+NI+Sg']}, {'word_form': 'ge-onji-zhiiwaakiganeyan', 'fst_analyses': []}, {'word_form': '.', 'fst_analyses': []}]",nj
Odoozhijiishkiwaginaan obakwezhiganikaanan wii-kiizizwaad.,She is shaping the bannock to cook.,"[{'word_form': 'odoozhijiishkiwaginaan', 'fst_analyses': ['ozhijiishkiwagin+VTA+Ind+Pos+Neu+3SgProxSubj+3SgObvObj', 'ozhijiishkiwagin+VTA+Ind+Pos+Neu+3SgProxSubj+3PlObvObj']}, {'word_form': 'obakwezhiganikaanan', 'fst_analyses': ['bakwezhiganikaan+NA+ObvPl+3SgProxPoss', 'bakwezhiganikaan+NA+ObvSg+3SgProxPoss']}, {'word_form': 'wii-kiizizwaad', 'fst_analyses': ['PVTense/wii+giiziz+VTA+Cnj+Pos+Neu+3SgProxSubj+3SgObvObj', 'PVTense/wii+giiziz+VTA+Cnj+Pos+Neu+3SgProxSubj+3PlObvObj']}, {'word_form': '.', 'fst_analyses': []}]",nj
Zhebaa ogii'-wiinaan ge-izhi-anishinaabewinikaazonid. Miiwan iniwe wiiyawen'enyan.,This morning he gave a spirit name to his namesake.,"[{'word_form': 'zhebaa', 'fst_analyses': ['zhebaa+ADVTmp']}, {'word_form': ""ogii'-wiinaan"", 'fst_analyses': [""PVTense/gii'+wiinzh+VTA+Ind+Pos+Neu+3SgProxSubj+3SgObvObj"", ""PVTense/gii'+wiinzh+VTA+Ind+Pos+Neu+3SgProxSubj+3PlObvObj""]}, {'word_form': 'ge-izhi-anishinaabewinikaazonid', 'fst_analyses': []}, {'word_form': '.', 'fst_analyses': []}, {'word_form': 'miiwan', 'fst_analyses': ['miiwan+ADVPred']}, {'word_form': 'iniwe', 'fst_analyses': ['iniwe+PRONDem+NI+Pl', 'iniwe+PRONDem+NA+ObvSg', 'iniwe+PRONDem+NA+ObvPl']}, {'word_form': ""wiiyawen'enyan"", 'fst_analyses': [""iiyawen'enhy+NAD+ObvPl+3SgProxPoss"", ""iiyawen'eny+NAD+ObvPl+3SgProxPoss"", ""iiyawen'enhy+NAD+ObvSg+3SgProxPoss"", ""iiyawen'eny+NAD+ObvSg+3SgProxPoss""]}, {'word_form': '.', 'fst_analyses': []}]",nj
Apane mooshkinebadoon waasigani-bimide-biiwaabik.,Always keep your gas can full.,"[{'word_form': 'apane', 'fst_analyses': ['apane+ADVTmp']}, {'word_form': 'mooshkinebadoon', 'fst_analyses': ['mooshkinebadoon+VTI+Imp+Sim+2SgSubj+0PlObj', 'mooshkinebadoon+VTI+Imp+Sim+2SgSubj+0SgObj']}, {'word_form': 'waasigani-bimide-biiwaabik', 'fst_analyses': ['waasigani-bimide-biiwaabik+NI+Sg']}, {'word_form': '.', 'fst_analyses': []}]",nj
Gii-pengode ninjiibaakwaan. Ningii'-waniike ji-aanji-mooshkinebadooyaan.,My stew boiled dry. I forgot to fill it back up (with some water).,"[{'word_form': 'gii-pengode', 'fst_analyses': ['PVTense/gii+bengode+VII+Ind+Pos+Neu+0SgSubj']}, {'word_form': 'ninjiibaakwaan', 'fst_analyses': ['jiibaakwaan+NI+Sg+1SgPoss']}, {'word_form': '.', 'fst_analyses': []}, {'word_form': ""ningii'-waniike"", 'fst_analyses': [""PVTense/gii'+waniiken+VAIO+Ind+Pos+Neu+1SgSubj"", ""PVTense/gii'+waniike+VAI+Ind+Pos+Neu+1SgSubj""]}, {'word_form': 'ji-aanji-mooshkinebadooyaan', 'fst_analyses': ['PVTense/daa+PVLex/aanji+mooshkinebadoon+VTI+Cnj+Pos+Neu+1SgSubj+0PlObj', 'PVTense/ga+PVLex/aanji+mooshkinebadoon+VTI+Cnj+Pos+Neu+1SgSubj+0PlObj', 'PVTense/daa+PVLex/aanji+mooshkinebadoon+VTI+Cnj+Pos+Neu+1SgSubj+0SgObj', 'PVTense/ga+PVLex/aanji+mooshkinebadoon+VTI+Cnj+Pos+Neu+1SgSubj+0SgObj']}, {'word_form': '.', 'fst_analyses': []}]",nj
Onaagoshig gakina ninga-aaboojiiginaag weweni ji-bengwadowezowaad.,In the evening I'll turn all of them (hides) fur side out so they will dry properly.,"[{'word_form': 'onaagoshig', 'fst_analyses': ['onaagoshin+VII+Cnj+Pos+Neu+0SgSubj', 'onaagoshin+VII+Cnj+Pos+Neu+0PlSubj']}, {'word_form': 'gakina', 'fst_analyses': ['gakina+ADVQnt']}, {'word_form': 'ninga-aaboojiiginaag', 'fst_analyses': ['PVTense/ga+aaboojiigin+VTA+Ind+Pos+Neu+1SgSubj+3PlProxObj']}, {'word_form': 'weweni', 'fst_analyses': ['weweni+ADVMan']}, {'word_form': 'ji-bengwadowezowaad', 'fst_analyses': ['PVTense/daa+bengwadowezo+VAI+Cnj+Pos+Neu+3PlProxSubj', 'PVTense/ga+bengwadowezo+VAI+Cnj+Pos+Neu+3PlProxSubj']}, {'word_form': '.', 'fst_analyses': []}]",nj
Naabowen ekidoyaan.,Repeat what I say.,"[{'word_form': 'naabowen', 'fst_analyses': ['naabowe+VAI+Imp+Sim+2SgSubj']}, {'word_form': 'ekidoyaan', 'fst_analyses': []}, {'word_form': '.', 'fst_analyses': []}]",nj
Anaamidaabaanaak ashi gidaagimag.,Put your snowshoes under the sled.,"[{'word_form': 'anaamidaabaanaak', 'fst_analyses': ['anaamidaabaanaak+ADVLoc']}, {'word_form': 'ashi', 'fst_analyses': ['ashi+VTA+Imp+Sim+2SgSubj+3SgProxObj', 'ashi+VTA+Imp+Sim+2SgSubj+3PlProxObj', 'ashi+ADVConj']}, {'word_form': 'gidaagimag', 'fst_analyses': ['aagim+NA+ProxPl+2SgPoss']}, {'word_form': '.', 'fst_analyses': []}]",nj
Maamaagojiibidoon gigiishkiboojigan ji-maajiibideg.,Prime your saw so it will start.,"[{'word_form': 'maamaagojiibidoon', 'fst_analyses': ['maamaagojiibidoon+VTI+Imp+Sim+2SgSubj+0PlObj', 'maamaagojiibidoon+VTI+Imp+Sim+2SgSubj+0SgObj']}, {'word_form': 'gigiishkiboojigan', 'fst_analyses': ['giishkiboojigan+NI+Sg+2SgPoss']}, {'word_form': 'ji-maajiibideg', 'fst_analyses': ['PVTense/daa+maajiibide+VII+Cnj+Pos+Neu+0SgSubj', 'PVTense/ga+maajiibide+VII+Cnj+Pos+Neu+0SgSubj', 'PVTense/daa+maajiibide+VII+Cnj+Pos+Neu+0PlSubj', 'PVTense/ga+maajiibide+VII+Cnj+Pos+Neu+0PlSubj']}, {'word_form': '.', 'fst_analyses': []}]",nj
Akawe niwiindamawaa minik waa-tiba'amawind.,I told him about his pay ahead of time,"[{'word_form': 'akawe', 'fst_analyses': ['akawe+ADVTmp']}, {'word_form': 'niwiindamawaa', 'fst_analyses': ['wiindamaw+VTA+Ind+Pos+Neu+1SgSubj+3SgProxObj']}, {'word_form': 'minik', 'fst_analyses': ['minik+ADVQnt']}, {'word_form': ""waa-tiba'amawind"", 'fst_analyses': []}, {'word_form': '.', 'fst_analyses': []}]",nj
Ogii'-ozhibii'aanan minik gegoo waa'-andawadaawed.,She wrote down her shopping list. (She wrote down the things she is going to looking for to buy.),"[{'word_form': ""ogii'-ozhibii'aanan"", 'fst_analyses': [""PVTense/gii'+ozhibii'an+VTI+Ind+Pos+Neu+3PlObvSubj+0PlObj"", ""PVTense/gii'+ozhibii'an+VTI+Ind+Pos+Neu+3SgObvSubj+0PlObj"", ""PVTense/gii'+ozhibii'an+VTI+Ind+Pos+Neu+3SgProxSubj+0PlObj""]}, {'word_form': 'minik', 'fst_analyses': ['minik+ADVQnt']}, {'word_form': 'gegoo', 'fst_analyses': ['gegoo+PRONIndf+NI']}, {'word_form': ""waa'-andawadaawed"", 'fst_analyses': []}, {'word_form': '.', 'fst_analyses': []}]",nj
Eniwek igo obooni'aan iniwe apane gaa-miikinji'aad.,He's starting to lay off bothering her all the time.,"[{'word_form': 'eniwek', 'fst_analyses': ['eniwek+ADVDeg']}, {'word_form': 'igo', 'fst_analyses': ['igo+PCEmph']}, {'word_form': ""obooni'aan"", 'fst_analyses': [""booni'+VTA+Ind+Pos+Neu+3SgProxSubj+3SgObvObj"", ""booni'+VTA+Ind+Pos+Neu+3SgProxSubj+3PlObvObj""]}, {'word_form': 'iniwe', 'fst_analyses': ['iniwe+PRONDem+NI+Pl', 'iniwe+PRONDem+NA+ObvSg', 'iniwe+PRONDem+NA+ObvPl']}, {'word_form': 'apane', 'fst_analyses': ['apane+ADVTmp']}, {'word_form': ""gaa-miikinji'aad"", 'fst_analyses': [""PVSub/gaa+miikinji'+VTA+Cnj+Pos+Neu+3SgProxSubj+3SgObvObj"", ""PVSub/gaa+miikinji'+VTA+Cnj+Pos+Neu+3SgProxSubj+3PlObvObj""]}, {'word_form': '.', 'fst_analyses': []}]",nj
Ningii'-wiisagendam ninde' gii-bakewinidiyang.,My heart was aching when we separated.,"[{'word_form': ""ningii'-wiisagendam"", 'fst_analyses': [""PVTense/gii'+wiisagendam+VAI+Ind+Pos+Neu+1SgSubj""]}, {'word_form': ""ninde'"", 'fst_analyses': [""de'+NID+Sg+1SgPoss""]}, {'word_form': 'gii-bakewinidiyang', 'fst_analyses': ['PVTense/gii+bakewin+VTA+Recip/di+VAI+Cnj+Pos+Neu+InclSubj+InclObj', 'PVTense/gii+bakewinidiwag+VAI+Cnj+Pos+Neu+InclSubj+InclObj']}, {'word_form': '.', 'fst_analyses': []}]",nj
Wiinge naa onzaamaagonagaa noongom gaa-biboong.,Boy! There's a lot of snow this year.,"[{'word_form': 'wiinge', 'fst_analyses': ['wiinge+ADVDeg']}, {'word_form': 'naa', 'fst_analyses': ['naa+PCEmph']}, {'word_form': 'onzaamaagonagaa', 'fst_analyses': ['onzaamaagonagaa+VII+Ind+Pos+Neu+0SgSubj']}, {'word_form': 'noongom', 'fst_analyses': ['noongom+ADVTmp']}, {'word_form': 'gaa-biboong', 'fst_analyses': ['PVSub/gaa+biboon+VII+Cnj+Pos+Neu+0SgSubj', 'PVSub/gaa+biboon+VII+Cnj+Pos+Neu+0PlSubj', 'PVTense/gii+biboon+VII+Pcp+Pos+Neu+0SgSubj+0SgHead']}, {'word_form': '.', 'fst_analyses': []}]",nj
Wewiib gashkaakowebinan makak jibwaa-zaagijibatood.,Hurry and slam the lid on the box before it (a mouse) runs out.,"[{'word_form': 'wewiib', 'fst_analyses': ['wewiib+ADVMan']}, {'word_form': 'gashkaakowebinan', 'fst_analyses': ['gashkaakowebinan+VTI+Imp+Sim+2SgSubj+0PlObj', 'gashkaakowebinan+VTI+Imp+Sim+2SgSubj+0SgObj']}, {'word_form': 'makak', 'fst_analyses': ['makak+NI+Sg']}, {'word_form': 'jibwaa-zaagijibatood', 'fst_analyses': ['PVTense/jibwaa+zaagijibatoo+VAI+Cnj+Pos+Neu+3SgProxSubj']}, {'word_form': '.', 'fst_analyses': []}]",nj
Ningaabii'anong nindinaasamab.,I sit facing west.,"[{'word_form': ""ningaabii'anong"", 'fst_analyses': [""ningaabii'an+NI+Loc"", ""ningaabii'anong+ADVLoc""]}, {'word_form': 'nindinaasamab', 'fst_analyses': ['inaasamabi+VAI+Ind+Pos+Neu+1SgSubj']}, {'word_form': '.', 'fst_analyses': []}]",nj
Eyiidawagaam danwewidamoog gookooko'oog.,The owls are calling from both sides of the lake.,"[{'word_form': 'eyiidawagaam', 'fst_analyses': ['eyiidawagaam+ADVLoc']}, {'word_form': 'danwewidamoog', 'fst_analyses': ['danwewidam+VAI+Ind+Pos+Neu+3PlProxSubj']}, {'word_form': ""gookooko'oog"", 'fst_analyses': [""gookooko'oo+NA+ProxPl""]}, {'word_form': '.', 'fst_analyses': []}]",nj
Eyiidawagaam daawag amikwag.,Beavers live on both sides of the bay (or lake).,"[{'word_form': 'eyiidawagaam', 'fst_analyses': ['eyiidawagaam+ADVLoc']}, {'word_form': 'daawag', 'fst_analyses': ['daa+VAI+Ind+Pos+Neu+3PlProxSubj']}, {'word_form': 'amikwag', 'fst_analyses': ['amik+NA+ProxPl']}, {'word_form': '.', 'fst_analyses': []}]",nj
Aabiskobizh aagimag wii'-aandashkimaanadwaa.,Unravel your snowshoes so you can put new lacing on them.,"[{'word_form': 'aabiskobizh', 'fst_analyses': ['aabiskobizh+VTA+Imp+Sim+2SgSubj+3SgProxObj', 'aabiskobizh+VTA+Imp+Sim+2SgSubj+3PlProxObj']}, {'word_form': 'aagimag', 'fst_analyses': ['aagim+NA+ProxPl']}, {'word_form': ""wii'-aandashkimaanadwaa"", 'fst_analyses': [""PVTense/wii'+aandashkimaazh+VTA+Cnj+Pos+Neu+2SgSubj+3PlProxObj""]}, {'word_form': '.', 'fst_analyses': []}]",nj
Ganabaj ninga-azhe-giiwewidoon. Gaawiin nindaa-debishkanziin. Ninga-meshkodoonaan.,I think I'll take it back. I won't fit it. I'll exchange  it.,"[{'word_form': 'ganabaj', 'fst_analyses': ['ganabaj+ADVMan']}, {'word_form': 'ninga-azhe-giiwewidoon', 'fst_analyses': ['PVTense/ga+PVLex/azhe+giiwewidoon+VTI+Ind+Pos+Neu+1SgSubj+0SgObj']}, {'word_form': '.', 'fst_analyses': []}, {'word_form': 'gaawiin', 'fst_analyses': ['gaawiin+ADVNeg']}, {'word_form': 'nindaa-debishkanziin', 'fst_analyses': ['PVTense/daa+debishkan+VTI+Ind+Neg+Neu+1SgSubj+0SgObj']}, {'word_form': '.', 'fst_analyses': []}, {'word_form': 'ninga-meshkodoonaan', 'fst_analyses': ['PVTense/ga+meshkodoonan+VTI+Ind+Pos+Neu+1SgSubj+0SgObj']}, {'word_form': '.', 'fst_analyses': []}]",nj
Aaniin dash apii waa'-maajii-gitigeyan.,When are you going to start putting your garden in?,"[{'word_form': 'aaniin', 'fst_analyses': ['aaniin+PCInterj', 'aaniin+ADVInter']}, {'word_form': 'dash', 'fst_analyses': ['dash+ADVConj']}, {'word_form': 'apii', 'fst_analyses': ['apii+ADVTmp']}, {'word_form': ""waa'-maajii-gitigeyan"", 'fst_analyses': []}, {'word_form': '.', 'fst_analyses': []}]",nj
Ozhitoon gibashkweginwekizinan jibwaa-maajii-niimi'iding.,Make your moccasins before the powwow season starts.,"[{'word_form': 'ozhitoon', 'fst_analyses': ['ozhitoon+VTI+Imp+Sim+2SgSubj+0PlObj', 'ozhitoon+VTI+Imp+Sim+2SgSubj+0SgObj']}, {'word_form': 'gibashkweginwekizinan', 'fst_analyses': ['bashkweginwekizin+NI+Pl+2SgPoss']}, {'word_form': ""jibwaa-maajii-niimi'iding"", 'fst_analyses': [""PVTense/jibwaa+PVLex/maajii+niimi'+VTA+Recip/di+VAI+Cnj+Pos+Neu+XSubj+XObj"", ""PVTense/jibwaa+PVLex/maajii+niimi'idiwag+VAI+Cnj+Pos+Neu+XSubj+XObj""]}, {'word_form': '.', 'fst_analyses': []}]",nj
Aaniin ekwaabiigizid gizenibaam gaa-naabishimad.,How long is the ribbon that you clip on?,"[{'word_form': 'aaniin', 'fst_analyses': ['aaniin+PCInterj', 'aaniin+ADVInter']}, {'word_form': 'ekwaabiigizid', 'fst_analyses': ['akwaabiigizi+VAI+Pcp+Pos+Neu+3SgProxSubj+3SgProxHead']}, {'word_form': 'gizenibaam', 'fst_analyses': []}, {'word_form': 'gaa-naabishimad', 'fst_analyses': ['PVSub/gaa+naabishim+VTA+Cnj+Pos+Neu+2SgSubj+3SgProxObj']}, {'word_form': '.', 'fst_analyses': []}]",nj
Ningii-kagwejimigoo ji-gikinoo'amaageyaan gakinoo'amaadiiyigamigong anishinaabemowin ji-dazhindamaan.,I was asked to teach at the school to teach about the Native language.,"[{'word_form': 'ningii-kagwejimigoo', 'fst_analyses': ['PVTense/gii+gagwejim+VTA+Ind+Pos+Neu+XSubj+1SgObj']}, {'word_form': ""ji-gikinoo'amaageyaan"", 'fst_analyses': [""PVTense/daa+gikinoo'amaage+VAI+Cnj+Pos+Neu+1SgSubj"", ""PVTense/ga+gikinoo'amaage+VAI+Cnj+Pos+Neu+1SgSubj""]}, {'word_form': ""gakinoo'amaadiiyigamigong"", 'fst_analyses': []}, {'word_form': 'anishinaabemowin', 'fst_analyses': ['anishinaabemowin+NI+Sg']}, {'word_form': 'ji-dazhindamaan', 'fst_analyses': ['PVTense/daa+dazhindan+VTI+Cnj+Pos+Neu+1SgSubj+0PlObj', 'PVTense/ga+dazhindan+VTI+Cnj+Pos+Neu+1SgSubj+0PlObj', 'PVTense/daa+dazhindan+VTI+Cnj+Pos+Neu+1SgSubj+0SgObj', 'PVTense/ga+dazhindan+VTI+Cnj+Pos+Neu+1SgSubj+0SgObj']}, {'word_form': '.', 'fst_analyses': []}]",nj
Aandi ena'ajiged.,Where's she following the trail to?,"[{'word_form': 'aandi', 'fst_analyses': ['aandi+ADVInter']}, {'word_form': ""ena'ajiged"", 'fst_analyses': [""ina'ajige+VAI+Pcp+Pos+Neu+3SgProxSubj+3SgProxHead""]}, {'word_form': '.', 'fst_analyses': []}]",nj
Niwii-pagwa'aan niwaabowayaan gaa-biigoshkaag.,I want to patch my damaged blanket.,"[{'word_form': ""niwii-pagwa'aan"", 'fst_analyses': [""PVTense/wii+bagwa'an+VTI+Ind+Pos+Neu+1SgSubj+0SgObj""]}, {'word_form': 'niwaabowayaan', 'fst_analyses': ['waabowayaan+NI+Sg+1SgPoss']}, {'word_form': 'gaa-biigoshkaag', 'fst_analyses': ['PVSub/gaa+biigoshkaa+VII+Cnj+Pos+Neu+0SgSubj', 'PVSub/gaa+biigoshkaa+VII+Cnj+Pos+Neu+0PlSubj', 'PVTense/gii+biigoshkaa+VII+Pcp+Pos+Neu+0SgSubj+0SgHead']}, {'word_form': '.', 'fst_analyses': []}]",nj
Onashkinatoon gibaashkizigan.,Load your gun.,"[{'word_form': 'onashkinatoon', 'fst_analyses': ['onashkinatoon+VTI+Imp+Sim+2SgSubj+0PlObj', 'onashkinatoon+VTI+Imp+Sim+2SgSubj+0SgObj']}, {'word_form': 'gibaashkizigan', 'fst_analyses': ['baashkizigan+NI+Sg+2SgPoss']}, {'word_form': '.', 'fst_analyses': []}]",nj
Indaashaan 'omaa.,Come here!,"[{'word_form': 'indaashaan', 'fst_analyses': ['indaashaan+PCDisc']}, {'word_form': ""'omaa"", 'fst_analyses': [""'omaa+ADVLoc""]}, {'word_form': '.', 'fst_analyses': []}]",nj
Aapiji gabeya'ii googii zhingibis.,A helldiver can dive for a long time.,"[{'word_form': 'aapiji', 'fst_analyses': ['aapiji+ADVDeg']}, {'word_form': ""gabeya'ii"", 'fst_analyses': [""gabeya'ii+ADVTmp""]}, {'word_form': 'googii', 'fst_analyses': ['googii+VAI+Ind+Pos+Neu+3SgProxSubj']}, {'word_form': 'zhingibis', 'fst_analyses': ['zhingibis+NA+ProxSg']}, {'word_form': '.', 'fst_analyses': []}]",nj
Ogii'-adiswaan odasabiin ji-bagakinaagozisinig.,He dyed his net so it wouldn't be so bright and flashy.,"[{'word_form': ""ogii'-adiswaan"", 'fst_analyses': [""PVTense/gii'+adiswi+VTA+Ind+Pos+Neu+3SgProxSubj+3SgObvObj"", ""PVTense/gii'+adis+VTA+Ind+Pos+Neu+3SgProxSubj+3SgObvObj"", ""PVTense/gii'+adiswi+VTA+Ind+Pos+Neu+3SgProxSubj+3PlObvObj"", ""PVTense/gii'+adis+VTA+Ind+Pos+Neu+3SgProxSubj+3PlObvObj""]}, {'word_form': 'odasabiin', 'fst_analyses': ['odasabii+VAI+Imp+Sim+2SgSubj', 'asab+NA+ObvSg+3SgProxPoss', 'asab+NA+ObvPl+3SgProxPoss']}, {'word_form': 'ji-bagakinaagozisinig', 'fst_analyses': ['PVTense/daa+bagakinaagozi+VAI+Cnj+Neg+Neu+3PlObvSubj', 'PVTense/ga+bagakinaagozi+VAI+Cnj+Neg+Neu+3PlObvSubj', 'PVTense/daa+bagakinaagozi+VAI+Cnj+Neg+Neu+3SgObvSubj', 'PVTense/ga+bagakinaagozi+VAI+Cnj+Neg+Neu+3SgObvSubj']}, {'word_form': '.', 'fst_analyses': []}]",nj
Bapagoone'igen ji-noondawik.,Pound on your canoe so she'll hear you.,"[{'word_form': ""bapagoone'igen"", 'fst_analyses': [""bapagoone'ige+VAI+Imp+Sim+2SgSubj""]}, {'word_form': 'ji-noondawik', 'fst_analyses': []}, {'word_form': '.', 'fst_analyses': []}]",nj
Mazinaagonesin enigokozided.,There are marks in the snow of how big his feet are.,"[{'word_form': 'mazinaagonesin', 'fst_analyses': ['mazinaagonesin+VII+Ind+Pos+Neu+0SgSubj']}, {'word_form': 'enigokozided', 'fst_analyses': ['inigokozide+VAI+Pcp+Pos+Neu+3SgProxSubj+3SgProxHead']}, {'word_form': '.', 'fst_analyses': []}]",nj
Ogii'-miikwa'waan asiniin gaa-bimishkaad. Gii-bitaabikishin.,The paddler accidentally hit the reef right on.,"[{'word_form': ""ogii'-miikwa'waan"", 'fst_analyses': [""PVTense/gii'+miikwa'wi+VTA+Ind+Pos+Neu+3SgProxSubj+3SgObvObj"", ""PVTense/gii'+miikwa'+VTA+Ind+Pos+Neu+3SgProxSubj+3SgObvObj"", ""PVTense/gii'+miikwa'wi+VTA+Ind+Pos+Neu+3SgProxSubj+3PlObvObj"", ""PVTense/gii'+miikwa'+VTA+Ind+Pos+Neu+3SgProxSubj+3PlObvObj""]}, {'word_form': 'asiniin', 'fst_analyses': ['asin+NA+ObvSg', 'asin+NA+ObvPl']}, {'word_form': 'gaa-bimishkaad', 'fst_analyses': ['PVSub/gaa+bimishkaa+VAI+Cnj+Pos+Neu+3SgProxSubj', 'PVTense/gii+bimishkaa+VAI+Pcp+Pos+Neu+3SgProxSubj+3SgProxHead']}, {'word_form': '.', 'fst_analyses': []}, {'word_form': 'gii-bitaabikishin', 'fst_analyses': ['PVTense/gii+bitaabikishin+VAI+Ind+Pos+Neu+3SgProxSubj']}, {'word_form': '.', 'fst_analyses': []}]",nj
Waabang wii'-na'inigaazo gaa-gii'-ishkwaa-ayaad.,The funeral for the deceased is tomorrow.,"[{'word_form': 'waabang', 'fst_analyses': ['waaban+VII+Cnj+Pos+Neu+0SgSubj', 'waaban+VII+Cnj+Pos+Neu+0PlSubj']}, {'word_form': ""wii'-na'inigaazo"", 'fst_analyses': [""PVTense/wii'+na'inigaazo+VAI+Ind+Pos+Neu+3SgProxSubj""]}, {'word_form': ""gaa-gii'-ishkwaa-ayaad"", 'fst_analyses': [""PVSub/gaa+PVTense/gii'+ishkwaa-ayaa+VAI+Cnj+Pos+Neu+3SgProxSubj"", ""PVSub/gaa+PVTense/gii'+PVLex/ishkwaa+ayaa+VAI+Cnj+Pos+Neu+3SgProxSubj"", ""PVTense/gii+PVTense/gii'+ishkwaa-ayaa+VAI+Pcp+Pos+Neu+3SgProxSubj+3SgProxHead"", ""PVTense/gii+PVTense/gii'+PVLex/ishkwaa+ayaa+VAI+Pcp+Pos+Neu+3SgProxSubj+3SgProxHead""]}, {'word_form': '.', 'fst_analyses': []}]",nj
Binaagone'an giwaakaa'igan.,Get the snow down off your house.,"[{'word_form': ""binaagone'an"", 'fst_analyses': [""binaagone'an+VTI+Imp+Sim+2SgSubj+0PlObj"", ""binaagone'an+VTI+Imp+Sim+2SgSubj+0SgObj""]}, {'word_form': ""giwaakaa'igan"", 'fst_analyses': [""waakaa'igan+NI+Sg+2SgPoss""]}, {'word_form': '.', 'fst_analyses': []}]",nj
Gii-kibwaabaso gaa-gii-chaagizod.,He got burnt because he couldn't get out because of the smoke.,"[{'word_form': 'gii-kibwaabaso', 'fst_analyses': ['PVTense/gii+gibwaabaso+VAI+Ind+Pos+Neu+3SgProxSubj']}, {'word_form': 'gaa-gii-chaagizod', 'fst_analyses': ['PVSub/gaa+PVTense/gii+jaagizo+VAI+Cnj+Pos+Neu+3SgProxSubj', 'PVSub/gaa+PVTense/gii+jaagizwi+VTA+Cnj+Pos+Neu+3SgProxSubj+1SgObj', 'PVSub/gaa+PVTense/gii+jaagiz+VTA+Cnj+Pos+Neu+3SgProxSubj+1SgObj', 'PVTense/gii+PVTense/gii+jaagizo+VAI+Pcp+Pos+Neu+3SgProxSubj+3SgProxHead']}, {'word_form': '.', 'fst_analyses': []}]",nj
Niizhoopizowag animoshag gaa-odaabii'aad gaa-maa'ishkang.,There are two dogs in the team the one that goes shopping drives.,"[{'word_form': 'niizhoopizowag', 'fst_analyses': ['niizhoopizowag+VAIPL+Ind+Pos+Neu+3PlProxSubj']}, {'word_form': 'animoshag', 'fst_analyses': ['animosh+NA+ProxPl']}, {'word_form': ""gaa-odaabii'aad"", 'fst_analyses': [""PVSub/gaa+odaabii'+VTA+Cnj+Pos+Neu+3SgProxSubj+3SgObvObj"", ""PVSub/gaa+odaabii'+VTA+Cnj+Pos+Neu+3SgProxSubj+3PlObvObj""]}, {'word_form': ""gaa-maa'ishkang"", 'fst_analyses': [""PVSub/gaa+maa'ishkam+VAI+Cnj+Pos+Neu+3SgProxSubj"", ""PVTense/gii+maa'ishkam+VAI+Pcp+Pos+Neu+3SgProxSubj+3SgProxHead"", ""PVTense/gii+maa'ishkam+VAI+Pcp+Pos+Neu+3PlProxSubj+3PlProxHead""]}, {'word_form': '.', 'fst_analyses': []}]",nj
Madwebagaasin. Ganabaj aanji-bagamaanimad.,You can hear the leaves blowing. I think the wind is changing.,"[{'word_form': 'madwebagaasin', 'fst_analyses': ['madwebagaasin+VII+Ind+Pos+Neu+0SgSubj']}, {'word_form': '.', 'fst_analyses': []}, {'word_form': 'ganabaj', 'fst_analyses': ['ganabaj+ADVMan']}, {'word_form': 'aanji-bagamaanimad', 'fst_analyses': ['PVLex/aanji+bagamaanimad+VII+Ind+Pos+Neu+0SgSubj']}, {'word_form': '.', 'fst_analyses': []}]",nj
Onzaam agaasinoon nimakizinan ninoonishkaanan gaa-gii'-adaaweyaan.,I don't fit the shoes I bought because they're too small.,"[{'word_form': 'onzaam', 'fst_analyses': ['onzaam+ADVQnt']}, {'word_form': 'agaasinoon', 'fst_analyses': ['agaasin+VII+Ind+Pos+Neu+0PlSubj']}, {'word_form': 'nimakizinan', 'fst_analyses': ['makizin+NI+Pl+1SgPoss']}, {'word_form': 'ninoonishkaanan', 'fst_analyses': ['noonishkan+VTI+Ind+Pos+Neu+1SgSubj+0PlObj']}, {'word_form': ""gaa-gii'-adaaweyaan"", 'fst_analyses': [""PVSub/gaa+PVTense/gii'+adaawe+VAI+Cnj+Pos+Neu+1SgSubj"", ""PVSub/gaa+PVTense/gii'+adaawen+VAIO+Cnj+Pos+Neu+1SgSubj+0PlObj"", ""PVSub/gaa+PVTense/gii'+adaawen+VAIO+Cnj+Pos+Neu+1SgSubj+0SgObj"", ""PVSub/gaa+PVTense/gii'+adaawen+VAIO+Cnj+Pos+Neu+1SgSubj+3SgProxObj"", ""PVSub/gaa+PVTense/gii'+adaawen+VAIO+Cnj+Pos+Neu+1SgSubj+3PlProxObj"", ""PVSub/gaa+PVTense/gii'+adaawen+VAIO+Cnj+Pos+Neu+1SgSubj""]}, {'word_form': '.', 'fst_analyses': []}]",nj
Zhagashkin gibigiim giwanakojaaning.,Stick your gum on the end of your nose.,"[{'word_form': 'zhagashkin', 'fst_analyses': []}, {'word_form': 'gibigiim', 'fst_analyses': []}, {'word_form': 'giwanakojaaning', 'fst_analyses': ['wanakojaan+NI+Loc+2SgPoss']}, {'word_form': '.', 'fst_analyses': []}]",nj
Aakwaapine ikwe gii-nitaawiginaawasod.,A woman has severe pain giving birth.,"[{'word_form': 'aakwaapine', 'fst_analyses': ['aakwaapine+VAI+Ind+Pos+Neu+3SgProxSubj']}, {'word_form': 'ikwe', 'fst_analyses': ['ikwe+NA+ProxSg']}, {'word_form': 'gii-nitaawiginaawasod', 'fst_analyses': ['PVTense/gii+nitaawiginaawaso+VAI+Cnj+Pos+Neu+3SgProxSubj']}, {'word_form': '.', 'fst_analyses': []}]",nj
Enigok gaandanaamo ikwe wewiib ji-nitaawiginaawasod.,A woman pushes hard for a quick childbirth.,"[{'word_form': 'enigok', 'fst_analyses': ['enigok+ADVDeg']}, {'word_form': 'gaandanaamo', 'fst_analyses': ['gaandanaamo+VAI+Ind+Pos+Neu+3SgProxSubj']}, {'word_form': 'ikwe', 'fst_analyses': ['ikwe+NA+ProxSg']}, {'word_form': 'wewiib', 'fst_analyses': ['wewiib+ADVMan']}, {'word_form': 'ji-nitaawiginaawasod', 'fst_analyses': ['PVTense/daa+nitaawiginaawaso+VAI+Cnj+Pos+Neu+3SgProxSubj', 'PVTense/ga+nitaawiginaawaso+VAI+Cnj+Pos+Neu+3SgProxSubj']}, {'word_form': '.', 'fst_analyses': []}]",nj
Ogii'-wanagimaa' aaniin minik endaswegizinid omaanataana'.,He miscounted how many furs he had.,"[{'word_form': ""ogii'-wanagimaa'"", 'fst_analyses': [""PVTense/gii'+wanagim+VTA+Ind+Pos+Neu+3SgProxSubj+3PlObvObj""]}, {'word_form': 'aaniin', 'fst_analyses': ['aaniin+PCInterj', 'aaniin+ADVInter']}, {'word_form': 'minik', 'fst_analyses': ['minik+ADVQnt']}, {'word_form': 'endaswegizinid', 'fst_analyses': []}, {'word_form': ""omaanataana'"", 'fst_analyses': ['maanataan+NA+ObvPl+3SgProxPoss']}, {'word_form': '.', 'fst_analyses': []}]",nj
Gegaa ningii-pakwenishkaagon baate-wiiyaas onzaam wewiib ningii-kondaan.,I almost choked on some smoked meat because I swallowed it too quickly.,"[{'word_form': 'gegaa', 'fst_analyses': ['gegaa+ADVDeg']}, {'word_form': 'ningii-pakwenishkaagon', 'fst_analyses': []}, {'word_form': 'baate-wiiyaas', 'fst_analyses': ['baate-wiiyaas+NI+Sg', 'PNLex/baate+wiiyaas+NI+Sg']}, {'word_form': 'onzaam', 'fst_analyses': ['onzaam+ADVQnt']}, {'word_form': 'wewiib', 'fst_analyses': ['wewiib+ADVMan']}, {'word_form': 'ningii-kondaan', 'fst_analyses': ['PVTense/gii+gondan+VTI+Ind+Pos+Neu+1SgSubj+0SgObj']}, {'word_form': '.', 'fst_analyses': []}]",nj
Gezhidine onakwetawaan ookomisan gaa-inanoonigod.,He answers his grandma's requests right away.,"[{'word_form': 'gezhidine', 'fst_analyses': ['gezhidine+ADVTmp']}, {'word_form': 'onakwetawaan', 'fst_analyses': ['nakwetaw+VTA+Ind+Pos+Neu+3SgProxSubj+3SgObvObj', 'nakwetaw+VTA+Ind+Pos+Neu+3SgProxSubj+3PlObvObj']}, {'word_form': 'ookomisan', 'fst_analyses': ['ookomis+NAD+ObvPl+3SgProxPoss', 'ookomis+NAD+ObvSg+3SgProxPoss']}, {'word_form': 'gaa-inanoonigod', 'fst_analyses': ['PVSub/gaa+inanoozh+VTA+Cnj+Pos+Neu+3PlObvSubj+3SgProxObj', 'PVSub/gaa+inanoozh+VTA+Cnj+Pos+Neu+3SgObvSubj+3SgProxObj', 'PVSub/gaa+inanoozh+VTA+Cnj+Pos+Neu+0SgSubj+3SgProxObj', 'PVSub/gaa+inanoozh+VTA+Cnj+Pos+Neu+0PlSubj+3SgProxObj']}, {'word_form': '.', 'fst_analyses': []}]",nj
Maagizhaa waabang ninga-bakwezhiganaabookaadan nooka'iiwagwaan.,Maybe tomorrow I'll make dumpling stew with the pemmican.,"[{'word_form': 'maagizhaa', 'fst_analyses': ['maagizhaa+ADVMan']}, {'word_form': 'waabang', 'fst_analyses': ['waaban+VII+Cnj+Pos+Neu+0SgSubj', 'waaban+VII+Cnj+Pos+Neu+0PlSubj']}, {'word_form': 'ninga-bakwezhiganaabookaadan', 'fst_analyses': []}, {'word_form': ""nooka'iiwagwaan"", 'fst_analyses': [""nooka'iiwagwaan+NI+Sg""]}, {'word_form': '.', 'fst_analyses': []}]",nj
Ishkwandamawishiyok nooka'iiwagwaan.,Save some of the pemmican for me (to eat).,"[{'word_form': 'ishkwandamawishiyok', 'fst_analyses': []}, {'word_form': ""nooka'iiwagwaan"", 'fst_analyses': [""nooka'iiwagwaan+NI+Sg""]}, {'word_form': '.', 'fst_analyses': []}]",nj
Gonige gidaa-awi' midaaswaabik.,I wonder if you could lend me ten bucks?,"[{'word_form': 'gonige', 'fst_analyses': ['gonige+ADVPred']}, {'word_form': ""gidaa-awi'"", 'fst_analyses': [""PVTense/daa+awi'+VTA+Ind+Pos+Neu+2SgSubj+1SgObj""]}, {'word_form': 'midaaswaabik', 'fst_analyses': ['midaaswaabik+NUM']}, {'word_form': '.', 'fst_analyses': []}]",nj
Gitwen igo odawi'aan zhooniyaan.,She lent him money even though she didn't want to.,"[{'word_form': 'gitwen', 'fst_analyses': ['gitwen+ADVMan']}, {'word_form': 'igo', 'fst_analyses': ['igo+PCEmph']}, {'word_form': ""odawi'aan"", 'fst_analyses': [""awi'+VTA+Ind+Pos+Neu+3SgProxSubj+3SgObvObj"", ""awi'+VTA+Ind+Pos+Neu+3SgProxSubj+3PlObvObj""]}, {'word_form': 'zhooniyaan', 'fst_analyses': ['zhooniyaa+NA+ObvPl', 'zhooniyaa+NA+ObvSg', 'zhooniyaa+NI+Pl']}, {'word_form': '.', 'fst_analyses': []}]",nj
Azhenamaagen ziinzibaakwad gaa-gii'-awi'igooyan.,Return the sugar they lent you.,"[{'word_form': 'azhenamaagen', 'fst_analyses': ['azhenamaage+VAI+Imp+Sim+2SgSubj']}, {'word_form': 'ziinzibaakwad', 'fst_analyses': ['ziinzibaakwad+NI+Sg']}, {'word_form': ""gaa-gii'-awi'igooyan"", 'fst_analyses': [""PVSub/gaa+PVTense/gii'+awi'+VTA+Cnj+Pos+Neu+XSubj+2SgObj"", ""PVSub/gaa+PVTense/gii'+awi'+VTA+Cnj+Pos+Neu+ExclSubj+2SgObj""]}, {'word_form': '.', 'fst_analyses': []}]",nj
Ozazegaatoon owaakaa'igan gii-gichi-anama'egiizhigak. Minwaateseni.,She decorates her house at Christmas. It is lit up with nice flashing lights.,"[{'word_form': 'ozazegaatoon', 'fst_analyses': ['zazegaatoon+VTI+Ind+Pos+Neu+3SgProxSubj+0SgObj']}, {'word_form': ""owaakaa'igan"", 'fst_analyses': [""waakaa'igan+NI+Sg+3SgProxPoss""]}, {'word_form': ""gii-gichi-anama'egiizhigak"", 'fst_analyses': []}, {'word_form': '.', 'fst_analyses': []}, {'word_form': 'minwaateseni', 'fst_analyses': ['minwaatese+VII+Ind+Pos+Neu+0SgObvSubj']}, {'word_form': '.', 'fst_analyses': []}]",nj
Mitakamig onji-zaagikweni akakojiishi.,A groundhog stuck his head up through (a hole in) the ground.,"[{'word_form': 'mitakamig', 'fst_analyses': ['mitakamig+ADVLoc']}, {'word_form': 'onji-zaagikweni', 'fst_analyses': ['PVRel/onji+zaagikweni+VAI+Ind+Pos+Neu+3SgProxSubj']}, {'word_form': 'akakojiishi', 'fst_analyses': ['akakojiishi+NA+ProxSg']}, {'word_form': '.', 'fst_analyses': []}]",nj
Bagoneyaanike akakojiishi waa'-onji-biindiged endaad.,The woodchuck digs a hole in the ground so he enter his home.,"[{'word_form': 'bagoneyaanike', 'fst_analyses': ['bagoneyaanike+VAI+Ind+Pos+Neu+3SgProxSubj']}, {'word_form': 'akakojiishi', 'fst_analyses': ['akakojiishi+NA+ProxSg']}, {'word_form': ""waa'-onji-biindiged"", 'fst_analyses': [""PVTense/wii'+PVRel/onji+biindige+VAI+Pcp+Pos+Neu+3SgProxSubj+3SgProxHead""]}, {'word_form': 'endaad', 'fst_analyses': ['daa+VAI+Pcp+Pos+Neu+3SgProxSubj+3SgProxHead']}, {'word_form': '.', 'fst_analyses': []}]",nj
Akakojiishi gii'-mookii.,A groundhog came to the surface.,"[{'word_form': 'akakojiishi', 'fst_analyses': ['akakojiishi+NA+ProxSg']}, {'word_form': ""gii'-mookii"", 'fst_analyses': [""PVTense/gii'+mookii+VAI+Ind+Pos+Neu+3SgProxSubj""]}, {'word_form': '.', 'fst_analyses': []}]",nj
Naawagaam madwe-agomo maang.,There's a loon right in the middle of the lake.,"[{'word_form': 'naawagaam', 'fst_analyses': ['naawagaam+ADVLoc']}, {'word_form': 'madwe-agomo', 'fst_analyses': ['PVLex/madwe+agomo+VAI+Ind+Pos+Neu+3SgProxSubj']}, {'word_form': 'maang', 'fst_analyses': ['maang+NA+ProxSg']}, {'word_form': '.', 'fst_analyses': []}]",nj
Mary miinawaa Rose nagaji'idiwag ezhichigewaad. Gikendamoog apii ge-nagishkodaadiwaad.,Mary and Rose are so familiar with each other. They know exactly when to meet.,"[{'word_form': 'mary', 'fst_analyses': []}, {'word_form': 'miinawaa', 'fst_analyses': ['miinawaa+ADVConj']}, {'word_form': 'rose', 'fst_analyses': []}, {'word_form': ""nagaji'idiwag"", 'fst_analyses': [""nagaji'+VTA+Recip/di+VAI+Ind+Pos+Neu+3PlProxSubj+3PlProxObj"", ""nagaji'idiwag+VAI+Ind+Pos+Neu+3PlProxSubj+3PlProxObj""]}, {'word_form': 'ezhichigewaad', 'fst_analyses': []}, {'word_form': '.', 'fst_analyses': []}, {'word_form': 'gikendamoog', 'fst_analyses': ['gikendam+VAI+Ind+Pos+Neu+3PlProxSubj']}, {'word_form': 'apii', 'fst_analyses': ['apii+ADVTmp']}, {'word_form': 'ge-nagishkodaadiwaad', 'fst_analyses': []}, {'word_form': '.', 'fst_analyses': []}]",nj
Agwaaweba'an zhinoodaagan anaamiindim gaa-agwindeg.,Flick out the rope that's under the water.,"[{'word_form': ""agwaaweba'an"", 'fst_analyses': [""agwaaweba'an+VTI+Imp+Sim+2SgSubj+0PlObj"", ""agwaaweba'an+VTI+Imp+Sim+2SgSubj+0SgObj""]}, {'word_form': 'zhinoodaagan', 'fst_analyses': ['zhinoodaagan+NI+Sg']}, {'word_form': 'anaamiindim', 'fst_analyses': ['anaamiindim+ADVLoc']}, {'word_form': 'gaa-agwindeg', 'fst_analyses': ['PVSub/gaa+agwinde+VII+Cnj+Pos+Neu+0SgSubj', 'PVSub/gaa+agwinde+VII+Cnj+Pos+Neu+0PlSubj', 'PVTense/gii+agwinde+VII+Pcp+Pos+Neu+0SgSubj+0SgHead']}, {'word_form': '.', 'fst_analyses': []}]",nj
Nitaa-giigoonyikewag zhedeg.,Pelicans are good fishermen.,"[{'word_form': 'nitaa-giigoonyikewag', 'fst_analyses': ['PVLex/nitaa+giigoonyike+VAI+Ind+Pos+Neu+3PlProxSubj']}, {'word_form': 'zhedeg', 'fst_analyses': ['zhede+NA+ProxPl']}, {'word_form': '.', 'fst_analyses': []}]",nj
Ogodaagaminaan nibi epiitaagamidenig. Owanakoninj odaabajitoon.,She tested the temperature of the water using the tip of her finger.,"[{'word_form': 'ogodaagaminaan', 'fst_analyses': ['godaagaminan+VTI+Ind+Pos+Neu+3SgProxSubj+0SgObj']}, {'word_form': 'nibi', 'fst_analyses': ['nibi+NI+Sg']}, {'word_form': 'epiitaagamidenig', 'fst_analyses': ['apiitaagamide+VII+Pcp+Pos+Neu+0SgObvSubj+0SgObvHead']}, {'word_form': '.', 'fst_analyses': []}, {'word_form': 'owanakoninj', 'fst_analyses': ['wanakoninj+NI+Sg+3SgProxPoss']}, {'word_form': 'odaabajitoon', 'fst_analyses': ['aabajitoon+VTI+Ind+Pos+Neu+3SgProxSubj+0SgObj']}, {'word_form': '.', 'fst_analyses': []}]",nj
Ashagi mamaajigwanebani'o wenji-naada'ogod giigoonya'. Mii dash ezhi-bazhiba'waad okoozh.,The heron wiggles his feathers. That's how he gets fish. Then he spears them with his beak.,"[{'word_form': 'ashagi', 'fst_analyses': ['ashagi+NA+ProxSg']}, {'word_form': ""mamaajigwanebani'o"", 'fst_analyses': []}, {'word_form': ""wenji-naada'ogod"", 'fst_analyses': []}, {'word_form': ""giigoonya'"", 'fst_analyses': ['giigoonh+NA+ObvPl']}, {'word_form': '.', 'fst_analyses': []}, {'word_form': 'mii', 'fst_analyses': ['mii+ADVPred']}, {'word_form': 'dash', 'fst_analyses': ['dash+ADVConj']}, {'word_form': ""ezhi-bazhiba'waad"", 'fst_analyses': []}, {'word_form': 'okoozh', 'fst_analyses': ['koozh+NID+Sg+3SgProxPoss']}, {'word_form': '.', 'fst_analyses': []}]",nj
Nindanoonig ji-ozhibii'igetamawag wii-kagwe-anokiid ji-mooshkinebii'amawag mazina'igan.,She's asking me to write for her and fill out the application for the job she's after.,"[{'word_form': 'nindanoonig', 'fst_analyses': ['anoozh+VTA+Ind+Pos+Neu+3SgProxSubj+1SgObj']}, {'word_form': ""ji-ozhibii'igetamawag"", 'fst_analyses': [""PVTense/daa+ozhibii'igetamaw+VTA+Cnj+Pos+Neu+1SgSubj+3SgProxObj"", ""PVTense/ga+ozhibii'igetamaw+VTA+Cnj+Pos+Neu+1SgSubj+3SgProxObj""]}, {'word_form': 'wii-kagwe-anokiid', 'fst_analyses': ['PVTense/wii+PVLex/gagwe+anokii+VAI+Cnj+Pos+Neu+3SgProxSubj']}, {'word_form': ""ji-mooshkinebii'amawag"", 'fst_analyses': [""PVTense/daa+mooshkinebii'amaw+VTA+Cnj+Pos+Neu+1SgSubj+3SgProxObj"", ""PVTense/ga+mooshkinebii'amaw+VTA+Cnj+Pos+Neu+1SgSubj+3SgProxObj""]}, {'word_form': ""mazina'igan"", 'fst_analyses': [""mazina'igan+NA+ProxSg"", ""mazina'igan+NI+Sg""]}, {'word_form': '.', 'fst_analyses': []}]",nj
Naawininj gidaa-atamawaa asemaan biindaakoonad.,Put the tobacco right in the middle of her palm when you honor her.,"[{'word_form': 'naawininj', 'fst_analyses': ['naawininj+NI+Sg', 'naawininj+ADVLoc']}, {'word_form': 'gidaa-atamawaa', 'fst_analyses': ['PVTense/daa+atamaw+VTA+Ind+Pos+Neu+2SgSubj+3SgProxObj']}, {'word_form': 'asemaan', 'fst_analyses': ['asemaa+NA+ObvPl', 'asemaa+NA+ObvSg']}, {'word_form': 'biindaakoonad', 'fst_analyses': ['biindaakoozh+VTA+Cnj+Pos+Neu+2SgSubj+3SgProxObj']}, {'word_form': '.', 'fst_analyses': []}]",nj
Atamaw ge-miijid gaazhagens.,Put something there for the kitty to eat.,"[{'word_form': 'atamaw', 'fst_analyses': ['atamaw+VTA+Imp+Sim+2SgSubj+3SgProxObj', 'atamaw+VTA+Imp+Sim+2SgSubj+3PlProxObj']}, {'word_form': 'ge-miijid', 'fst_analyses': []}, {'word_form': 'gaazhagens', 'fst_analyses': ['gaazhagens+NA+ProxSg']}, {'word_form': '.', 'fst_analyses': []}]",nj
Niizh niwii-kabaashimaag ininishibag. Bedaajiwanzwaanakik niwii'-aabaji'aa.,I'm going to cook two mallards. I'm going to use a crock pot.,"[{'word_form': 'niizh', 'fst_analyses': ['niizh+NUM']}, {'word_form': 'niwii-kabaashimaag', 'fst_analyses': ['PVTense/wii+gabaashim+VTA+Ind+Pos+Neu+1SgSubj+3PlProxObj']}, {'word_form': 'ininishibag', 'fst_analyses': ['ininishib+NA+ProxPl']}, {'word_form': '.', 'fst_analyses': []}, {'word_form': 'bedaajiwanzwaanakik', 'fst_analyses': ['bedaajiwanzwaanakik+NA+ProxSg']}, {'word_form': ""niwii'-aabaji'aa"", 'fst_analyses': [""PVTense/wii'+aabaji'+VTA+Ind+Pos+Neu+1SgSubj+3SgProxObj""]}, {'word_form': '.', 'fst_analyses': []}]",nj
Minomaate gijiibaakwaan. Waabooz ina gigabaashimaa.,Your stew smells so good. Is it a rabbit that you're cooking?,"[{'word_form': 'minomaate', 'fst_analyses': ['minomaate+VII+Ind+Pos+Neu+0SgSubj']}, {'word_form': 'gijiibaakwaan', 'fst_analyses': ['jiibaakwaan+NI+Sg+2SgPoss']}, {'word_form': '.', 'fst_analyses': []}, {'word_form': 'waabooz', 'fst_analyses': ['waabooz+NA+ProxSg']}, {'word_form': 'ina', 'fst_analyses': ['ina+PCDisc']}, {'word_form': 'gigabaashimaa', 'fst_analyses': ['gabaashim+VTA+Ind+Pos+Neu+2SgSubj+3SgProxObj']}, {'word_form': '.', 'fst_analyses': []}]",nj
Gaawiin memwech gidaa-boozi'isii. Ninga-bima'adoo.,You don't have to give me a ride. I'll walk.,"[{'word_form': 'gaawiin', 'fst_analyses': ['gaawiin+ADVNeg']}, {'word_form': 'memwech', 'fst_analyses': ['memwech+ADVMan']}, {'word_form': ""gidaa-boozi'isii"", 'fst_analyses': [""PVTense/daa+boozi'+VTA+Ind+Neg+Neu+2SgSubj+1SgObj""]}, {'word_form': '.', 'fst_analyses': []}, {'word_form': ""ninga-bima'adoo"", 'fst_analyses': [""PVTense/ga+bima'adoo+VAI+Ind+Pos+Neu+1SgSubj""]}, {'word_form': '.', 'fst_analyses': []}]",nj
Ozhiigizhan waa'-inigokwegakin gimakizinikaanan.,Cut out the pattern for how big you want your moccasins to be.,"[{'word_form': 'ozhiigizhan', 'fst_analyses': ['ozhiigizhan+VTI+Imp+Sim+2SgSubj+0PlObj', 'ozhiigizhan+VTI+Imp+Sim+2SgSubj+0SgObj']}, {'word_form': ""waa'-inigokwegakin"", 'fst_analyses': [""PVTense/wii'+inigokwegad+VII+Pcp+Pos+Neu+0PlSubj+0PlHead""]}, {'word_form': 'gimakizinikaanan', 'fst_analyses': ['makizinikaan+NI+Pl+2SgPoss']}, {'word_form': '.', 'fst_analyses': []}]",nj
Nayaag igo nindebaabamaa biidaadagaakod.,I spotted him right away coming across the ice.,"[{'word_form': 'nayaag', 'fst_analyses': ['nayaag+ADVTmp']}, {'word_form': 'igo', 'fst_analyses': ['igo+PCEmph']}, {'word_form': 'nindebaabamaa', 'fst_analyses': ['debaabam+VTA+Ind+Pos+Neu+1SgSubj+3SgProxObj']}, {'word_form': 'biidaadagaakod', 'fst_analyses': ['biidaadagaako+VAI+Cnj+Pos+Neu+3SgProxSubj']}, {'word_form': '.', 'fst_analyses': []}]",nj
Omaa inaatenan.,Shine a light on it here.,"[{'word_form': 'omaa', 'fst_analyses': ['omaa+ADVLoc']}, {'word_form': 'inaatenan', 'fst_analyses': ['inaatenan+VTI+Imp+Sim+2SgSubj+0PlObj', 'inaatenan+VTI+Imp+Sim+2SgSubj+0SgObj']}, {'word_form': '.', 'fst_analyses': []}]",nj
Odagaasaatenaan owaasakonenjigan waasa wii'-inaatenang.,He narrows the beam of his flashlight to shine it further.,"[{'word_form': 'odagaasaatenaan', 'fst_analyses': []}, {'word_form': 'owaasakonenjigan', 'fst_analyses': []}, {'word_form': 'waasa', 'fst_analyses': ['waasa+ADVLoc']}, {'word_form': ""wii'-inaatenang"", 'fst_analyses': [""PVTense/wii'+inaatenan+VTI+Cnj+Pos+Neu+3SgProxSubj+0PlObj"", ""PVTense/wii'+inaatenan+VTI+Cnj+Pos+Neu+3SgProxSubj+0SgObj""]}, {'word_form': '.', 'fst_analyses': []}]",nj
Bezhigwaabik geyaabi awashime nindachige.,I'm raising (my bet) to a dollar more.,"[{'word_form': 'bezhigwaabik', 'fst_analyses': ['bezhigwaabik+NA+ProxSg']}, {'word_form': 'geyaabi', 'fst_analyses': ['geyaabi+ADVTmp']}, {'word_form': 'awashime', 'fst_analyses': ['awashime+ADVDeg']}, {'word_form': 'nindachige', 'fst_analyses': ['achige+VAI+Ind+Pos+Neu+1SgSubj']}, {'word_form': '.', 'fst_analyses': []}]",nj
Mitikwam gidaa-agwana'aanan amikoganan.,You can cover up the beaver bones right on the ice.,"[{'word_form': 'mitikwam', 'fst_analyses': ['mitikwam+ADVLoc']}, {'word_form': ""gidaa-agwana'aanan"", 'fst_analyses': [""PVTense/daa+agwana'an+VTI+Ind+Pos+Neu+2SgSubj+0PlObj""]}, {'word_form': 'amikoganan', 'fst_analyses': ['amikogan+NI+Pl']}, {'word_form': '.', 'fst_analyses': []}]",nj
Gego mishawaateng namadabiken. Giga-makadewaas.,Don't sit out in the sun. You might get burned dark.,"[{'word_form': 'gego', 'fst_analyses': ['gego+ADVNeg']}, {'word_form': 'mishawaateng', 'fst_analyses': []}, {'word_form': 'namadabiken', 'fst_analyses': ['namadabi+VAI+Imp+Prb+2SgSubj']}, {'word_form': '.', 'fst_analyses': []}, {'word_form': 'giga-makadewaas', 'fst_analyses': []}, {'word_form': '.', 'fst_analyses': []}]",nj
Daga miizhishin bezhig.,Please give me one.,"[{'word_form': 'daga', 'fst_analyses': ['daga+PCDisc']}, {'word_form': 'miizhishin', 'fst_analyses': ['miizh+VTA+Imp+Sim+2SgSubj+1SgObj']}, {'word_form': 'bezhig', 'fst_analyses': ['bezhig+NUM']}, {'word_form': '.', 'fst_analyses': []}]",nj
Agaami-ziibi ondaagimikawe.,Her snowshoe tracks come from across the river.,"[{'word_form': 'agaami-ziibi', 'fst_analyses': ['PNLex/agaami+ziibi+NI+Sg', 'agaami-ziibi+ADVLoc']}, {'word_form': 'ondaagimikawe', 'fst_analyses': ['ondaagimikawe+VAI+Ind+Pos+Neu+3SgProxSubj']}, {'word_form': '.', 'fst_analyses': []}]",nj
Noopimiing ninoondawaa madwewe'od bine.,I hear a partridge in the bush drumming.,"[{'word_form': 'noopimiing', 'fst_analyses': ['noopimiing+ADVLoc']}, {'word_form': 'ninoondawaa', 'fst_analyses': ['noondaw+VTA+Ind+Pos+Neu+1SgSubj+3SgProxObj']}, {'word_form': ""madwewe'od"", 'fst_analyses': [""madwewe'o+VAI+Cnj+Pos+Neu+3SgProxSubj""]}, {'word_form': 'bine', 'fst_analyses': ['bine+NA+ProxSg']}, {'word_form': '.', 'fst_analyses': []}]",nj
Naniizaanendan epizoyan gi... gidoodaabaanens. Mookaagonasowag asiniig.,Be careful where you drive your skidoo. The rocks are coming out of the melting snow.,"[{'word_form': 'naniizaanendan', 'fst_analyses': ['naniizaanendan+VTI+Imp+Sim+2SgSubj+0PlObj', 'naniizaanendan+VTI+Imp+Sim+2SgSubj+0SgObj']}, {'word_form': 'epizoyan', 'fst_analyses': []}, {'word_form': 'gi...', 'fst_analyses': []}, {'word_form': 'gidoodaabaanens', 'fst_analyses': ['odaabaan+NI+Dim+Sg+2SgPoss', 'odaabaan+NA+Dim+ProxSg+2SgPoss']}, {'word_form': '.', 'fst_analyses': []}, {'word_form': 'mookaagonasowag', 'fst_analyses': ['mookaagonaso+VAI+Ind+Pos+Neu+3PlProxSubj']}, {'word_form': 'asiniig', 'fst_analyses': ['asin+NA+ProxPl']}, {'word_form': '.', 'fst_analyses': []}]",nj
Gii-pengode ninjiibaakwaan. Ningii'-waniike ji-aanji-mooshkinebadooyaan.,My stew boiled dry. I forgot to fill it back up (with some water).,"[{'word_form': 'gii-pengode', 'fst_analyses': ['PVTense/gii+bengode+VII+Ind+Pos+Neu+0SgSubj']}, {'word_form': 'ninjiibaakwaan', 'fst_analyses': ['jiibaakwaan+NI+Sg+1SgPoss']}, {'word_form': '.', 'fst_analyses': []}, {'word_form': ""ningii'-waniike"", 'fst_analyses': [""PVTense/gii'+waniiken+VAIO+Ind+Pos+Neu+1SgSubj"", ""PVTense/gii'+waniike+VAI+Ind+Pos+Neu+1SgSubj""]}, {'word_form': 'ji-aanji-mooshkinebadooyaan', 'fst_analyses': ['PVTense/daa+PVLex/aanji+mooshkinebadoon+VTI+Cnj+Pos+Neu+1SgSubj+0PlObj', 'PVTense/ga+PVLex/aanji+mooshkinebadoon+VTI+Cnj+Pos+Neu+1SgSubj+0PlObj', 'PVTense/daa+PVLex/aanji+mooshkinebadoon+VTI+Cnj+Pos+Neu+1SgSubj+0SgObj', 'PVTense/ga+PVLex/aanji+mooshkinebadoon+VTI+Cnj+Pos+Neu+1SgSubj+0SgObj']}, {'word_form': '.', 'fst_analyses': []}]",nj
Aandi dash gaa'-onji-noondaman i'iwe.,Where did you hear that from?,"[{'word_form': 'aandi', 'fst_analyses': ['aandi+ADVInter']}, {'word_form': 'dash', 'fst_analyses': ['dash+ADVConj']}, {'word_form': ""gaa'-onji-noondaman"", 'fst_analyses': []}, {'word_form': ""i'iwe"", 'fst_analyses': [""i'iwe+PRONDem+NI+Sg""]}, {'word_form': '.', 'fst_analyses': []}]",nj
Gego memwech ganoonaaken gimaamaa. Goshko-mawadishi.,You don't have to call your mum. Give her a surprise visit.,"[{'word_form': 'gego', 'fst_analyses': ['gego+ADVNeg']}, {'word_form': 'memwech', 'fst_analyses': ['memwech+ADVMan']}, {'word_form': 'ganoonaaken', 'fst_analyses': ['ganoozh+VTA+Imp+Prb+2SgSubj+3PlProxObj', 'ganoozh+VTA+Imp+Prb+2SgSubj+3SgProxObj']}, {'word_form': 'gimaamaa', 'fst_analyses': ['maamaay+NAD+ProxSg+2SgPoss', 'maamaa+NAD+ProxSg+2SgPoss']}, {'word_form': '.', 'fst_analyses': []}, {'word_form': 'goshko-mawadishi', 'fst_analyses': []}, {'word_form': '.', 'fst_analyses': []}]",nj
Awasi-dagwaagong ningii'-ozhi'aag nindaagimag.,The fall before last I made my snowshoes.,"[{'word_form': 'awasi-dagwaagong', 'fst_analyses': ['PVLex/awasi+dagwaagong+ADVTmp', 'awasi-dagwaagong+ADVTmp']}, {'word_form': ""ningii'-ozhi'aag"", 'fst_analyses': [""PVTense/gii'+ozhi'+VTA+Ind+Pos+Neu+1SgSubj+3PlProxObj""]}, {'word_form': 'nindaagimag', 'fst_analyses': ['aagim+NA+ProxPl+1SgPoss']}, {'word_form': '.', 'fst_analyses': []}]",nj
Bagidinisen. Gegaa go ani-dakate.,Put some wood on the fire. It's just about getting cold in here.,"[{'word_form': 'bagidinisen', 'fst_analyses': ['bagidinise+VAI+Imp+Sim+2SgSubj']}, {'word_form': '.', 'fst_analyses': []}, {'word_form': 'gegaa', 'fst_analyses': ['gegaa+ADVDeg']}, {'word_form': 'go', 'fst_analyses': ['go+PCDisc']}, {'word_form': 'ani-dakate', 'fst_analyses': ['PVDir/ani+dakate+VII+Ind+Pos+Neu+0SgSubj']}, {'word_form': '.', 'fst_analyses': []}]",nj
Awegwen igo odaa-noondawaan aandi eyaanid ininishiban gaa-initaagozid.,Anyone can tell it's a mallard duck by its sound.,"[{'word_form': 'awegwen', 'fst_analyses': ['awegwen+PRONDub+NA+ProxSg']}, {'word_form': 'igo', 'fst_analyses': ['igo+PCEmph']}, {'word_form': 'odaa-noondawaan', 'fst_analyses': ['PVTense/daa+noondaw+VTA+Ind+Pos+Neu+3SgProxSubj+3SgObvObj', 'PVTense/daa+noondaw+VTA+Ind+Pos+Neu+3SgProxSubj+3PlObvObj']}, {'word_form': 'aandi', 'fst_analyses': ['aandi+ADVInter']}, {'word_form': 'eyaanid', 'fst_analyses': []}, {'word_form': 'ininishiban', 'fst_analyses': ['ininishib+NA+ObvPl', 'ininishib+NA+ObvSg']}, {'word_form': 'gaa-initaagozid', 'fst_analyses': ['PVSub/gaa+initaagozi+VAI+Cnj+Pos+Neu+3SgProxSubj', 'PVTense/gii+initaagozi+VAI+Pcp+Pos+Neu+3SgProxSubj+3SgProxHead']}, {'word_form': '.', 'fst_analyses': []}]",nj
Awegwen igo gaa-mamadwetood agwajiing dibikong.,I wonder who was making that noise outside last night.,"[{'word_form': 'awegwen', 'fst_analyses': ['awegwen+PRONDub+NA+ProxSg']}, {'word_form': 'igo', 'fst_analyses': ['igo+PCEmph']}, {'word_form': 'gaa-mamadwetood', 'fst_analyses': ['PVSub/gaa+mamadwetoo+VAI+Cnj+Pos+Neu+3SgProxSubj', 'PVTense/gii+mamadwetoo+VAI+Pcp+Pos+Neu+3SgProxSubj+3SgProxHead']}, {'word_form': 'agwajiing', 'fst_analyses': ['agwajiing+ADVLoc']}, {'word_form': 'dibikong', 'fst_analyses': ['dibikong+ADVTmp']}, {'word_form': '.', 'fst_analyses': []}]",nj
Mako-bimide odapaabowen gaa-jiibaakwed.,She puts bear grease in her soup.,"[{'word_form': 'mako-bimide', 'fst_analyses': ['mako-bimide+NI+Sg']}, {'word_form': 'odapaabowen', 'fst_analyses': ['apaabowen+VAIO+Ind+Pos+Neu+3SgProxSubj+0SgObj']}, {'word_form': 'gaa-jiibaakwed', 'fst_analyses': ['PVSub/gaa+jiibaakwe+VAI+Cnj+Pos+Neu+3SgProxSubj', 'PVTense/gii+jiibaakwe+VAI+Pcp+Pos+Neu+3SgProxSubj+3SgProxHead']}, {'word_form': '.', 'fst_analyses': []}]",nj
Agaami-ziibi debinaagwad manoomin.,You can make out rice across the river.,"[{'word_form': 'agaami-ziibi', 'fst_analyses': ['PNLex/agaami+ziibi+NI+Sg', 'agaami-ziibi+ADVLoc']}, {'word_form': 'debinaagwad', 'fst_analyses': ['debinaagwad+VII+Ind+Pos+Neu+0SgSubj']}, {'word_form': 'manoomin', 'fst_analyses': ['manoomin+NI+Sg']}, {'word_form': '.', 'fst_analyses': []}]",nj
Naawi-minis debinaagwad migiziwazison.,You can see an eagle's nest at the middle of the island.,"[{'word_form': 'naawi-minis', 'fst_analyses': ['PNLex/naawi+minis+NI+Sg', 'naawi-minis+ADVLoc']}, {'word_form': 'debinaagwad', 'fst_analyses': ['debinaagwad+VII+Ind+Pos+Neu+0SgSubj']}, {'word_form': 'migiziwazison', 'fst_analyses': ['migiziwazison+NI+Sg']}, {'word_form': '.', 'fst_analyses': []}]",nj
Jiigi-ziibi dananjige amik.,A beaver eats by the river.,"[{'word_form': 'jiigi-ziibi', 'fst_analyses': ['PNLex/jiigi+ziibi+NI+Sg', 'jiigi-ziibi+ADVLoc']}, {'word_form': 'dananjige', 'fst_analyses': ['dananjige+VAI+Ind+Pos+Neu+3SgProxSubj']}, {'word_form': 'amik', 'fst_analyses': ['amik+NA+ProxSg']}, {'word_form': '.', 'fst_analyses': []}]",nj
Jiigitawag gidaa-ganoonaa. Nawaj igo gagiibishe,You'll have to talk close to his ear. He's getting deafer.,"[{'word_form': 'jiigitawag', 'fst_analyses': ['jiigitawag+ADVLoc']}, {'word_form': 'gidaa-ganoonaa', 'fst_analyses': ['PVTense/daa+ganoozh+VTA+Ind+Pos+Neu+2SgSubj+3SgProxObj']}, {'word_form': '.', 'fst_analyses': []}, {'word_form': 'nawaj', 'fst_analyses': ['nawaj+ADVDeg']}, {'word_form': 'igo', 'fst_analyses': ['igo+PCEmph']}, {'word_form': 'gagiibishe', 'fst_analyses': ['gagiibishe+VAI+Ind+Pos+Neu+3SgProxSubj']}]",nj
Andii ezhinizha'amawaad,Where does he send it to h/?,"[{'word_form': 'andii', 'fst_analyses': []}, {'word_form': ""ezhinizha'amawaad"", 'fst_analyses': []}]",nj
Zhooniyaan ningii-pi-izhinizha'amaag ningozis.,My son sent me some money.,"[{'word_form': 'zhooniyaan', 'fst_analyses': ['zhooniyaa+NA+ObvPl', 'zhooniyaa+NA+ObvSg', 'zhooniyaa+NI+Pl']}, {'word_form': ""ningii-pi-izhinizha'amaag"", 'fst_analyses': [""PVTense/gii+PVDir/bi+izhinizha'amaw+VTA+Ind+Pos+Neu+3SgProxSubj+1SgObj""]}, {'word_form': 'ningozis', 'fst_analyses': ['gozis+NAD+ProxSg+1SgPoss']}, {'word_form': '.', 'fst_analyses': []}]",nj
Ninjaaning apii akwaakwad nindabwi.,My paddle is up to my nose.,"[{'word_form': 'ninjaaning', 'fst_analyses': ['jaan+NID+Loc+1SgPoss']}, {'word_form': 'apii', 'fst_analyses': ['apii+ADVTmp']}, {'word_form': 'akwaakwad', 'fst_analyses': ['akwaakwad+VII+Ind+Pos+Neu+0SgSubj']}, {'word_form': 'nindabwi', 'fst_analyses': ['abwi+NI+Sg+1SgPoss']}, {'word_form': '.', 'fst_analyses': []}]",nj
Bakaan inaajimo awedi bezhig apiich idash wa'awe.,That one tells different story than this one.,"[{'word_form': 'bakaan', 'fst_analyses': ['bakaan+ADVMan']}, {'word_form': 'inaajimo', 'fst_analyses': ['inaajimo+VAI+Ind+Pos+Neu+3SgProxSubj']}, {'word_form': 'awedi', 'fst_analyses': ['awedi+PRONDem+NA+ProxSg']}, {'word_form': 'bezhig', 'fst_analyses': ['bezhig+NUM']}, {'word_form': 'apiich', 'fst_analyses': ['apiich+ADVGram']}, {'word_form': 'idash', 'fst_analyses': ['idash+ADVConj']}, {'word_form': ""wa'awe"", 'fst_analyses': [""wa'awe+PRONDem+NA+ProxSg""]}, {'word_form': '.', 'fst_analyses': []}]",nj
Debin awedi akik.,Reach for that pail over there.,"[{'word_form': 'debin', 'fst_analyses': ['debin+VTA+Imp+Sim+2SgSubj+3SgProxObj', 'debin+VTA+Imp+Sim+2SgSubj+3PlProxObj']}, {'word_form': 'awedi', 'fst_analyses': ['awedi+PRONDem+NA+ProxSg']}, {'word_form': 'akik', 'fst_analyses': ['akik+NA+ProxSg']}, {'word_form': '.', 'fst_analyses': []}]",nj
Anaamaabik nibaawag enigoonsag.,Ants sleep under rocks.,"[{'word_form': 'anaamaabik', 'fst_analyses': ['anaamaabik+ADVLoc']}, {'word_form': 'nibaawag', 'fst_analyses': ['nibaa+VAI+Ind+Pos+Neu+3PlProxSubj']}, {'word_form': 'enigoonsag', 'fst_analyses': ['enigoo+NA+Dim+ProxPl', 'enigoons+NA+ProxPl']}, {'word_form': '.', 'fst_analyses': []}]",nj
Aaniin dasing.,How many times?,"[{'word_form': 'aaniin', 'fst_analyses': ['aaniin+PCInterj', 'aaniin+ADVInter']}, {'word_form': 'dasing', 'fst_analyses': ['dasinoon+VII+Cnj+Pos+Neu+0SgSubj', 'dasin+VII+Cnj+Pos+Neu+0SgSubj', 'dasinoon+VII+Cnj+Pos+Neu+0PlSubj', 'dasin+VII+Cnj+Pos+Neu+0PlSubj', 'dasing+ADVTmp']}, {'word_form': '.', 'fst_analyses': []}]",nj
Ogii'-onzaami-zhiiwitaagana'aan onaboobiikaan.,She put too much salt in her soup.,"[{'word_form': ""ogii'-onzaami-zhiiwitaagana'aan"", 'fst_analyses': [""PVTense/gii'+PVLex/onzaami+zhiiwitaagana'an+VTI+Ind+Pos+Neu+3SgProxSubj+0SgObj""]}, {'word_form': 'onaboobiikaan', 'fst_analyses': []}, {'word_form': '.', 'fst_analyses': []}]",nj
Akawe gidaa-giigid jibwaa-gagwedweyan.,You should phone first before you ask.,"[{'word_form': 'akawe', 'fst_analyses': ['akawe+ADVTmp']}, {'word_form': 'gidaa-giigid', 'fst_analyses': ['PVTense/daa+giigido+VAI+Ind+Pos+Neu+2SgSubj']}, {'word_form': 'jibwaa-gagwedweyan', 'fst_analyses': ['PVTense/jibwaa+gagwedwe+VAI+Cnj+Pos+Neu+2SgSubj']}, {'word_form': '.', 'fst_analyses': []}]",nj
Zhebaa ningii-awi-waabamaa ozhibii'igewikwe. Niwii'-wiiji'ig gaa-gii-kagwedweyaan.,This morning I went to see the office worker. She is going to help me with my request.,"[{'word_form': 'zhebaa', 'fst_analyses': ['zhebaa+ADVTmp']}, {'word_form': 'ningii-awi-waabamaa', 'fst_analyses': ['PVTense/gii+PVDir/awi+waabam+VTA+Ind+Pos+Neu+1SgSubj+3SgProxObj']}, {'word_form': ""ozhibii'igewikwe"", 'fst_analyses': [""ozhibii'igewikwe+NA+ProxSg""]}, {'word_form': '.', 'fst_analyses': []}, {'word_form': ""niwii'-wiiji'ig"", 'fst_analyses': [""PVTense/wii'+wiiji'+VTA+Ind+Pos+Neu+3SgProxSubj+1SgObj""]}, {'word_form': 'gaa-gii-kagwedweyaan', 'fst_analyses': ['PVSub/gaa+PVTense/gii+gagwedwe+VAI+Cnj+Pos+Neu+1SgSubj']}, {'word_form': '.', 'fst_analyses': []}]",nj
Gaawiin ganabaj odaa-gashkitoosiin ji-bawishkang manoomin.,I don’t think he’s able to do the dancing on the rice.,"[{'word_form': 'gaawiin', 'fst_analyses': ['gaawiin+ADVNeg']}, {'word_form': 'ganabaj', 'fst_analyses': ['ganabaj+ADVMan']}, {'word_form': 'odaa-gashkitoosiin', 'fst_analyses': ['PVTense/daa+gashkitoon+VTI+Ind+Neg+Neu+3SgProxSubj+0SgObj']}, {'word_form': 'ji-bawishkang', 'fst_analyses': ['PVTense/daa+bawishkam+VAI+Cnj+Pos+Neu+3SgProxSubj', 'PVTense/ga+bawishkam+VAI+Cnj+Pos+Neu+3SgProxSubj', 'PVTense/daa+bawishkan+VTI+Cnj+Pos+Neu+3SgProxSubj+0PlObj', 'PVTense/ga+bawishkan+VTI+Cnj+Pos+Neu+3SgProxSubj+0PlObj', 'PVTense/daa+bawishkan+VTI+Cnj+Pos+Neu+3SgProxSubj+0SgObj', 'PVTense/ga+bawishkan+VTI+Cnj+Pos+Neu+3SgProxSubj+0SgObj']}, {'word_form': 'manoomin', 'fst_analyses': ['manoomin+NI+Sg']}, {'word_form': '.', 'fst_analyses': []}]",nj
Gii'-mikigaazo gaa-gii'-wanishing oshkiniigikwens. Mino-ayaa go.,They found the young woman that was lost. She's doing okay.,"[{'word_form': ""gii'-mikigaazo"", 'fst_analyses': [""PVTense/gii'+mikigaazo+VAI+Ind+Pos+Neu+3SgProxSubj""]}, {'word_form': ""gaa-gii'-wanishing"", 'fst_analyses': [""PVSub/gaa+PVTense/gii'+wanishin+VAI+Cnj+Pos+Neu+3SgProxSubj"", ""PVTense/gii+PVTense/gii'+wanishin+VAI+Pcp+Pos+Neu+3SgProxSubj+3SgProxHead""]}, {'word_form': 'oshkiniigikwens', 'fst_analyses': ['oshkiniigikwe+NA+Dim+ProxSg']}, {'word_form': '.', 'fst_analyses': []}, {'word_form': 'mino-ayaa', 'fst_analyses': ['mino-ayaa+VAI+Ind+Pos+Neu+3SgProxSubj', 'PVLex/mino+ayaa+VAI+Ind+Pos+Neu+3SgProxSubj', 'PVLex/mino+ayaa+VII+Ind+Pos+Neu+0SgSubj']}, {'word_form': 'go', 'fst_analyses': ['go+PCDisc']}, {'word_form': '.', 'fst_analyses': []}]",nj
Waasa ondaajimo.,Her story is from somewhere far away.,"[{'word_form': 'waasa', 'fst_analyses': ['waasa+ADVLoc']}, {'word_form': 'ondaajimo', 'fst_analyses': ['ondaajimo+VAI+Ind+Pos+Neu+3SgProxSubj']}, {'word_form': '.', 'fst_analyses': []}]",nj
Aaniin enaabadak o'owe zhaabonigan. / Mii owe ayaabajitoowaan gii-zhingibinagwaa amikwayaanag.,What is this needle used for? / This is the one I use for putting beaver hides on hoops.,"[{'word_form': 'aaniin', 'fst_analyses': ['aaniin+PCInterj', 'aaniin+ADVInter']}, {'word_form': 'enaabadak', 'fst_analyses': ['inaabadad+VII+Pcp+Pos+Neu+0SgSubj+0SgHead']}, {'word_form': ""o'owe"", 'fst_analyses': [""o'owe+PRONDem+NI+Sg""]}, {'word_form': 'zhaabonigan', 'fst_analyses': ['zhaabonigan+NI+Sg']}, {'word_form': '.', 'fst_analyses': []}, {'word_form': '/', 'fst_analyses': []}, {'word_form': 'mii', 'fst_analyses': ['mii+ADVPred']}, {'word_form': 'owe', 'fst_analyses': ['owe+PRONDem+NI+Sg']}, {'word_form': 'ayaabajitoowaan', 'fst_analyses': []}, {'word_form': 'gii-zhingibinagwaa', 'fst_analyses': ['PVTense/gii+zhingibizh+VTA+Cnj+Pos+Neu+1SgSubj+3PlProxObj']}, {'word_form': 'amikwayaanag', 'fst_analyses': ['amikwayaan+NA+ProxPl']}, {'word_form': '.', 'fst_analyses': []}]",nj
Gego baapitooken ezhinaagwak.,Don't laugh at how it looks.,"[{'word_form': 'gego', 'fst_analyses': ['gego+ADVNeg']}, {'word_form': 'baapitooken', 'fst_analyses': ['baapitoon+VTI+Imp+Prb+2SgSubj+0PlObj', 'baapitoon+VTI+Imp+Prb+2SgSubj+0SgObj']}, {'word_form': 'ezhinaagwak', 'fst_analyses': ['izhinaagwad+VII+Pcp+Pos+Neu+0SgSubj+0SgHead']}, {'word_form': '.', 'fst_analyses': []}]",nj
Ogii-paapitoon iinzan gaa-gii'-izhibii'amawag.,I guess she laughed at my letter when she read it.,"[{'word_form': 'ogii-paapitoon', 'fst_analyses': ['PVTense/gii+baapitoon+VTI+Ind+Pos+Neu+3SgProxSubj+0SgObj']}, {'word_form': 'iinzan', 'fst_analyses': ['iinzan+PCDisc']}, {'word_form': ""gaa-gii'-izhibii'amawag"", 'fst_analyses': [""PVSub/gaa+PVTense/gii'+izhibii'amaw+VTA+Cnj+Pos+Neu+1SgSubj+3SgProxObj""]}, {'word_form': '.', 'fst_analyses': []}]",nj
Otigwaanining ogii'-inaganaamaan gii-bishigwaganaandang bikwaakwad. Ganabaj ogii-kiiwashkweganaamaan.,He hit him in the head when he missed the ball. I think he knocked him unconscious.,"[{'word_form': 'otigwaanining', 'fst_analyses': ['tigwaan+NID+Loc+3PlObvPoss', 'otigwaan+NID+Loc+3PlObvPoss', 'tigwaan+NID+Loc+3SgObvPoss', 'otigwaan+NID+Loc+3SgObvPoss']}, {'word_form': ""ogii'-inaganaamaan"", 'fst_analyses': [""PVTense/gii'+inaganaam+VTA+Ind+Pos+Neu+3SgProxSubj+3SgObvObj"", ""PVTense/gii'+inaganaam+VTA+Ind+Pos+Neu+3SgProxSubj+3PlObvObj""]}, {'word_form': 'gii-bishigwaganaandang', 'fst_analyses': ['PVTense/gii+bishigwaganaandan+VTI+Cnj+Pos+Neu+3SgProxSubj+0PlObj', 'PVTense/gii+bishigwaganaandan+VTI+Cnj+Pos+Neu+3SgProxSubj+0SgObj']}, {'word_form': 'bikwaakwad', 'fst_analyses': ['bikwaakwad+NI+Sg']}, {'word_form': '.', 'fst_analyses': []}, {'word_form': 'ganabaj', 'fst_analyses': ['ganabaj+ADVMan']}, {'word_form': 'ogii-kiiwashkweganaamaan', 'fst_analyses': ['PVTense/gii+giiwashkweganaam+VTA+Ind+Pos+Neu+3SgProxSubj+3SgObvObj', 'PVTense/gii+giiwashkweganaam+VTA+Ind+Pos+Neu+3SgProxSubj+3PlObvObj']}, {'word_form': '.', 'fst_analyses': []}]",nj
Ishpi-dibikad. Ambe gidaa-gii-kawishimomin.,It's late. We should go lie down.,"[{'word_form': 'ishpi-dibikad', 'fst_analyses': ['ishpi-dibikad+VII+Ind+Pos+Neu+0SgSubj', 'PVLex/ishpi+dibikad+VII+Ind+Pos+Neu+0SgSubj']}, {'word_form': '.', 'fst_analyses': []}, {'word_form': 'ambe', 'fst_analyses': ['ambe+PCInterj']}, {'word_form': 'gidaa-gii-kawishimomin', 'fst_analyses': ['PVTense/daa+PVTense/gii+gawishimo+VAI+Ind+Pos+Neu+InclSubj']}, {'word_form': '.', 'fst_analyses': []}]",nj
Aandi ezhikawed.,Where do h/ tracks go?,"[{'word_form': 'aandi', 'fst_analyses': ['aandi+ADVInter']}, {'word_form': 'ezhikawed', 'fst_analyses': ['izhikawe+VAI+Pcp+Pos+Neu+3SgProxSubj+3SgProxHead']}, {'word_form': '.', 'fst_analyses': []}]",nj
Omaamaayan endaanid ani-izhikawe Sue.,Sue's tracks lead to her mother's place.,"[{'word_form': 'omaamaayan', 'fst_analyses': ['maamaa+NAD+ObvPl+3SgProxPoss', 'maamaay+NAD+ObvPl+3SgProxPoss', 'maamaa+NAD+ObvSg+3SgProxPoss', 'maamaay+NAD+ObvSg+3SgProxPoss']}, {'word_form': 'endaanid', 'fst_analyses': []}, {'word_form': 'ani-izhikawe', 'fst_analyses': ['PVDir/ani+izhikawe+VAI+Ind+Pos+Neu+3SgProxSubj']}, {'word_form': 'sue', 'fst_analyses': []}, {'word_form': '.', 'fst_analyses': []}]",nj
